route_id,direction,seq,stop_id,travel_min_from_start
bus_3,0,1,bus_dahighat,
bus_3,0,2,bus_khiderpur,
bus_3,0,3,bus_mominpur,
bus_3,0,4,bus_hazra,
bus_3,0,5,bus_elgin_road,
bus_3,0,6,bus_park_street,
bus_3,0,7,bus_esplanade,
bus_3,0,8,bus_subod_mallick_squre,
bus_3,0,9,bus_moulali,
bus_3,0,10,bus_sealdah,
bus_3,1,1,bus_sealdah,
bus_3,1,2,bus_moulali,
bus_3,1,3,bus_subod_mallick_squre,
bus_3,1,4,bus_esplanade,
bus_3,1,5,bus_park_street,
bus_3,1,6,bus_elgin_road,
bus_3,1,7,bus_hazra,
bus_3,1,8,bus_mominpur,
bus_3,1,9,bus_khiderpur,
bus_3,1,10,bus_dahighat,
bus_15,0,1,bus_ultadanga,
bus_15,0,2,bus_khanna,
bus_15,0,3,bus_hatibagan,
bus_15,0,4,bus_grey_st,
bus_15,0,5,bus_nimtala_ghat_st,
bus_15,0,6,bus_b_k_paul_ave,
bus_15,0,7,bus_howrah_bridge_east,
bus_15,0,8,bus_howrah_station,
bus_15,1,1,bus_howrah_station,
bus_15,1,2,bus_howrah_bridge_east,
bus_15,1,3,bus_b_k_paul_ave,
bus_15,1,4,bus_nimtala_ghat_st,
bus_15,1,5,bus_grey_st,
bus_15,1,6,bus_hatibagan,
bus_15,1,7,bus_khanna,
bus_15,1,8,bus_ultadanga,
bus_33,0,1,bus_chetla,
bus_33,0,2,bus_alipur_rd,
bus_33,0,3,bus_kalighat,
bus_33,0,4,bus_hazra,
bus_33,0,5,bus_bondel_gate,
bus_33,0,6,bus_darga_road,
bus_33,0,7,bus_padmapukur,
bus_33,0,8,bus_moulali,
bus_33,0,9,bus_sealdha,
bus_33,0,10,bus_manicktala,
bus_33,0,11,bus_khanna,
bus_33,0,12,bus_shyambazar,
bus_33,0,13,bus_paikpara,
bus_33,1,1,bus_paikpara,
bus_33,1,2,bus_shyambazar,
bus_33,1,3,bus_khanna,
bus_33,1,4,bus_manicktala,
bus_33,1,5,bus_sealdha,
bus_33,1,6,bus_moulali,
bus_33,1,7,bus_padmapukur,
bus_33,1,8,bus_darga_road,
bus_33,1,9,bus_bondel_gate,
bus_33,1,10,bus_hazra,
bus_33,1,11,bus_kalighat,
bus_33,1,12,bus_alipur_rd,
bus_33,1,13,bus_chetla,
bus_7a,0,1,bus_sarsuna_bus_terminus,
bus_7a,0,2,bus_bakultala,
bus_7a,0,3,bus_behala_chowrasta,
bus_7a,0,4,bus_manton,
bus_7a,0,5,bus_behala_14_number,
bus_7a,0,6,bus_taratala,
bus_7a,0,7,bus_majherhat,
bus_7a,0,8,bus_mominpur,
bus_7a,0,9,bus_ekbalpur,
bus_7a,0,10,bus_khiderpur,
bus_7a,0,11,bus_hastings,
bus_7a,0,12,bus_fort_william,
bus_7a,0,13,bus_esplanade,
bus_7a,0,14,bus_dalhousie,
bus_7a,0,15,bus_gpo,
bus_7a,0,16,bus_shipping_corporation,
bus_7a,0,17,bus_burrabazar,
bus_7a,0,18,bus_howrah_station,
bus_7a,1,1,bus_howrah_station,
bus_7a,1,2,bus_burrabazar,
bus_7a,1,3,bus_shipping_corporation,
bus_7a,1,4,bus_gpo,
bus_7a,1,5,bus_dalhousie,
bus_7a,1,6,bus_esplanade,
bus_7a,1,7,bus_fort_william,
bus_7a,1,8,bus_hastings,
bus_7a,1,9,bus_khiderpur,
bus_7a,1,10,bus_ekbalpur,
bus_7a,1,11,bus_mominpur,
bus_7a,1,12,bus_majherhat,
bus_7a,1,13,bus_taratala,
bus_7a,1,14,bus_behala_14_number,
bus_7a,1,15,bus_manton,
bus_7a,1,16,bus_behala_chowrasta,
bus_7a,1,17,bus_bakultala,
bus_7a,1,18,bus_sarsuna_bus_terminus,
bus_11a,0,1,bus_dum_dum,
bus_11a,0,2,bus_chria,
bus_11a,0,3,bus_shyambazar,
bus_11a,0,4,bus_manicktala,
bus_11a,0,5,bus_bedon_squre,
bus_11a,0,6,bus_howrah_bridge_east,
bus_11a,0,7,bus_barabazar,
bus_11a,0,8,bus_howrah_station,
bus_11a,1,1,bus_howrah_station,
bus_11a,1,2,bus_barabazar,
bus_11a,1,3,bus_howrah_bridge_east,
bus_11a,1,4,bus_bedon_squre,
bus_11a,1,5,bus_manicktala,
bus_11a,1,6,bus_shyambazar,
bus_11a,1,7,bus_chria,
bus_11a,1,8,bus_dum_dum,
bus_14a,0,1,bus_bichali_ghat,
bus_14a,0,2,bus_h_m_g_college,
bus_14a,0,3,bus_metiabruj,
bus_14a,0,4,bus_halder_para,
bus_14a,0,5,bus_abestors_more,
bus_14a,0,6,bus_ramnagar_more,
bus_14a,0,7,bus_dockyard,
bus_14a,0,8,bus_kidderpore,
bus_14a,0,9,bus_fancy_market,
bus_14a,0,10,bus_hastings,
bus_14a,0,11,bus_j_k_island,
bus_14a,0,12,bus_mayo_road,
bus_14a,0,13,bus_esplanade,
bus_14a,0,14,bus_s_k_mallick_rd,
bus_14a,0,15,bus_moulali,
bus_14a,0,16,bus_sealdah,
bus_14a,0,17,bus_cannel_bridge,
bus_14a,0,18,bus_rashmoni_bazar,
bus_14a,0,19,bus_joramandir,
bus_14a,0,20,bus_beliaghata_main_road,
bus_14a,0,21,bus_central_park,
bus_14a,0,22,bus_karunamoyee_unnayan_bhavan,
bus_14a,0,23,bus_bikash_bhawan,
bus_14a,1,1,bus_bikash_bhawan,
bus_14a,1,2,bus_karunamoyee_unnayan_bhavan,
bus_14a,1,3,bus_central_park,
bus_14a,1,4,bus_beliaghata_main_road,
bus_14a,1,5,bus_joramandir,
bus_14a,1,6,bus_rashmoni_bazar,
bus_14a,1,7,bus_cannel_bridge,
bus_14a,1,8,bus_sealdah,
bus_14a,1,9,bus_moulali,
bus_14a,1,10,bus_s_k_mallick_rd,
bus_14a,1,11,bus_esplanade,
bus_14a,1,12,bus_mayo_road,
bus_14a,1,13,bus_j_k_island,
bus_14a,1,14,bus_hastings,
bus_14a,1,15,bus_fancy_market,
bus_14a,1,16,bus_kidderpore,
bus_14a,1,17,bus_dockyard,
bus_14a,1,18,bus_ramnagar_more,
bus_14a,1,19,bus_abestors_more,
bus_14a,1,20,bus_halder_para,
bus_14a,1,21,bus_metiabruj,
bus_14a,1,22,bus_h_m_g_college,
bus_14a,1,23,bus_bichali_ghat,
bus_5_n,0,1,bus_garia,
bus_5_n,0,2,bus_ganguli_bagan,
bus_5_n,0,3,bus_baghajatin,
bus_5_n,0,4,bus_jadavpur,
bus_5_n,0,5,bus_dhakuria,
bus_5_n,0,6,bus_golpark,
bus_5_n,0,7,bus_d_park,
bus_5_n,0,8,bus_r_b_ave,
bus_5_n,0,9,bus_hazra,
bus_5_n,0,10,bus_elgin,
bus_5_n,0,11,bus_exide,
bus_5_n,0,12,bus_pts,
bus_5_n,0,13,bus_nabanna,
bus_5_n,1,1,bus_nabanna,
bus_5_n,1,2,bus_pts,
bus_5_n,1,3,bus_exide,
bus_5_n,1,4,bus_elgin,
bus_5_n,1,5,bus_hazra,
bus_5_n,1,6,bus_r_b_ave,
bus_5_n,1,7,bus_d_park,
bus_5_n,1,8,bus_golpark,
bus_5_n,1,9,bus_dhakuria,
bus_5_n,1,10,bus_jadavpur,
bus_5_n,1,11,bus_baghajatin,
bus_5_n,1,12,bus_ganguli_bagan,
bus_5_n,1,13,bus_garia,
bus_6_n,0,1,bus_garia,
bus_6_n,0,2,bus_naktala,
bus_6_n,0,3,bus_regentpark,
bus_6_n,0,4,bus_ranikuthi,
bus_6_n,0,5,bus_tollygunge_metro,
bus_6_n,0,6,bus_tollygunge_phari,
bus_6_n,0,7,bus_r_b_ave,
bus_6_n,0,8,bus_hazra,
bus_6_n,0,9,bus_elgin,
bus_6_n,0,10,bus_exide,
bus_6_n,0,11,bus_pts,
bus_6_n,0,12,bus_nabanna,
bus_6_n,1,1,bus_nabanna,
bus_6_n,1,2,bus_pts,
bus_6_n,1,3,bus_exide,
bus_6_n,1,4,bus_elgin,
bus_6_n,1,5,bus_hazra,
bus_6_n,1,6,bus_r_b_ave,
bus_6_n,1,7,bus_tollygunge_phari,
bus_6_n,1,8,bus_tollygunge_metro,
bus_6_n,1,9,bus_ranikuthi,
bus_6_n,1,10,bus_regentpark,
bus_6_n,1,11,bus_naktala,
bus_6_n,1,12,bus_garia,
bus_12n,0,1,bus_thakurpukur,
bus_12n,0,2,bus_thakurpukur_3a,
bus_12n,0,3,bus_d_h_road,
bus_12n,0,4,bus_taratala_xing,
bus_12n,0,5,bus_moninpor,
bus_12n,0,6,bus_kidderpore,
bus_12n,0,7,bus_hestings,
bus_12n,0,8,bus_vidhya_sagar_satu,
bus_12n,0,9,bus_nabanna,
bus_12n,1,1,bus_nabanna,
bus_12n,1,2,bus_vidhya_sagar_satu,
bus_12n,1,3,bus_hestings,
bus_12n,1,4,bus_kidderpore,
bus_12n,1,5,bus_moninpor,
bus_12n,1,6,bus_taratala_xing,
bus_12n,1,7,bus_d_h_road,
bus_12n,1,8,bus_thakurpukur_3a,
bus_12n,1,9,bus_thakurpukur,
bus_ac1,0,1,bus_jadavpur_8b,
bus_ac1,0,2,bus_south_city,
bus_ac1,0,3,bus_anwar_shah_road,
bus_ac1,0,4,bus_tollygunge_phari,
bus_ac1,0,5,bus_rashbihari,
bus_ac1,0,6,bus_kalighat,
bus_ac1,0,7,bus_hazra_more,
bus_ac1,0,8,bus_bhowanipore,
bus_ac1,0,9,bus_rabindra_sadan,
bus_ac1,0,10,bus_maidan,
bus_ac1,0,11,bus_park_street,
bus_ac1,0,12,bus_esplanade,
bus_ac1,0,13,bus_dalhousie,
bus_ac1,0,14,bus_burrabazar,
bus_ac1,0,15,bus_howrah_station,
bus_ac1,1,1,bus_howrah_station,
bus_ac1,1,2,bus_burrabazar,
bus_ac1,1,3,bus_dalhousie,
bus_ac1,1,4,bus_esplanade,
bus_ac1,1,5,bus_park_street,
bus_ac1,1,6,bus_maidan,
bus_ac1,1,7,bus_rabindra_sadan,
bus_ac1,1,8,bus_bhowanipore,
bus_ac1,1,9,bus_hazra_more,
bus_ac1,1,10,bus_kalighat,
bus_ac1,1,11,bus_rashbihari,
bus_ac1,1,12,bus_tollygunge_phari,
bus_ac1,1,13,bus_anwar_shah_road,
bus_ac1,1,14,bus_south_city,
bus_ac1,1,15,bus_jadavpur_8b,
bus_ac2,0,1,bus_barasat,
bus_ac2,0,2,bus_hridaypur,
bus_ac2,0,3,bus_madhyamgram_chowrasta_xing,
bus_ac2,0,4,bus_doltala,
bus_ac2,0,5,bus_new_barrackpur_b_t_college,
bus_ac2,0,6,bus_michael_nagar,
bus_ac2,0,7,bus_bankra_more,
bus_ac2,0,8,bus_birati_more,
bus_ac2,0,9,bus_airport_gate_no_1,
bus_ac2,0,10,bus_kaikhali,
bus_ac2,0,11,bus_haldiram,
bus_ac2,0,12,bus_teghoria,
bus_ac2,0,13,bus_kestopur,
bus_ac2,0,14,bus_baguihati,
bus_ac2,0,15,bus_bangur,
bus_ac2,0,16,bus_dumdum_park,
bus_ac2,0,17,bus_lake_town_xing,
bus_ac2,0,18,bus_hudco,
bus_ac2,0,19,bus_ultadanga,
bus_ac2,0,20,bus_kankurgachi,
bus_ac2,0,21,bus_manicktala,
bus_ac2,0,22,bus_girish_park,
bus_ac2,0,23,bus_c_r_avn_xing,
bus_ac2,0,24,bus_m_g_road_crossing,
bus_ac2,0,25,bus_satya_narayan_park,
bus_ac2,0,26,bus_howrah_bridge_east,
bus_ac2,0,27,bus_howrah_station,
bus_ac2,1,1,bus_howrah_station,
bus_ac2,1,2,bus_howrah_bridge_east,
bus_ac2,1,3,bus_satya_narayan_park,
bus_ac2,1,4,bus_m_g_road_crossing,
bus_ac2,1,5,bus_c_r_avn_xing,
bus_ac2,1,6,bus_girish_park,
bus_ac2,1,7,bus_manicktala,
bus_ac2,1,8,bus_kankurgachi,
bus_ac2,1,9,bus_ultadanga,
bus_ac2,1,10,bus_hudco,
bus_ac2,1,11,bus_lake_town_xing,
bus_ac2,1,12,bus_dumdum_park,
bus_ac2,1,13,bus_bangur,
bus_ac2,1,14,bus_baguihati,
bus_ac2,1,15,bus_kestopur,
bus_ac2,1,16,bus_teghoria,
bus_ac2,1,17,bus_haldiram,
bus_ac2,1,18,bus_kaikhali,
bus_ac2,1,19,bus_airport_gate_no_1,
bus_ac2,1,20,bus_birati_more,
bus_ac2,1,21,bus_bankra_more,
bus_ac2,1,22,bus_michael_nagar,
bus_ac2,1,23,bus_new_barrackpur_b_t_college,
bus_ac2,1,24,bus_doltala,
bus_ac2,1,25,bus_madhyamgram_chowrasta_xing,
bus_ac2,1,26,bus_hridaypur,
bus_ac2,1,27,bus_barasat,
bus_ac4,0,1,bus_parnashree,
bus_ac4,0,2,bus_taratala_xing,
bus_ac4,0,3,bus_mominpur,
bus_ac4,0,4,bus_khiddirpur,
bus_ac4,0,5,bus_hestings,
bus_ac4,0,6,bus_pts,
bus_ac4,0,7,bus_rabindra_sadan,
bus_ac4,0,8,bus_park_street,
bus_ac4,0,9,bus_esplanade,
bus_ac4,0,10,bus_bbd_bag,
bus_ac4,0,11,bus_howrah_bridge_south,
bus_ac4,0,12,bus_howrah,
bus_ac4,1,1,bus_howrah,
bus_ac4,1,2,bus_howrah_bridge_south,
bus_ac4,1,3,bus_bbd_bag,
bus_ac4,1,4,bus_esplanade,
bus_ac4,1,5,bus_park_street,
bus_ac4,1,6,bus_rabindra_sadan,
bus_ac4,1,7,bus_pts,
bus_ac4,1,8,bus_hestings,
bus_ac4,1,9,bus_khiddirpur,
bus_ac4,1,10,bus_mominpur,
bus_ac4,1,11,bus_taratala_xing,
bus_ac4,1,12,bus_parnashree,
bus_ac4a,0,1,bus_parnashree,
bus_ac4a,0,2,bus_t_depot,
bus_ac4a,0,3,bus_marine_college,
bus_ac4a,0,4,bus_t_t_xing,
bus_ac4a,0,5,bus_new_alipore,
bus_ac4a,0,6,bus_mahabirtala,
bus_ac4a,0,7,bus_p_a_sha_rd,
bus_ac4a,0,8,bus_lake_gardens,
bus_ac4a,0,9,bus_jadavpur_ps,
bus_ac4a,0,10,bus_sapuipara,
bus_ac4a,0,11,bus_kalikapur,
bus_ac4a,0,12,bus_ruby,
bus_ac4a,0,13,bus_s_city,
bus_ac4a,0,14,bus_chingrighata,
bus_ac4a,0,15,bus_sukanta_nagar,
bus_ac4a,0,16,bus_nicco_park,
bus_ac4a,0,17,bus_swastha_bhavan,
bus_ac4a,0,18,bus_college_more,
bus_ac4a,0,19,bus_techonopolis,
bus_ac4a,0,20,bus_newtown,
bus_ac4a,0,21,bus_home_town,
bus_ac4a,0,22,bus_narkelbagan,
bus_ac4a,0,23,bus_unitech,
bus_ac4a,0,24,bus_shapoorji,
bus_ac4a,1,1,bus_shapoorji,
bus_ac4a,1,2,bus_unitech,
bus_ac4a,1,3,bus_narkelbagan,
bus_ac4a,1,4,bus_home_town,
bus_ac4a,1,5,bus_newtown,
bus_ac4a,1,6,bus_techonopolis,
bus_ac4a,1,7,bus_college_more,
bus_ac4a,1,8,bus_swastha_bhavan,
bus_ac4a,1,9,bus_nicco_park,
bus_ac4a,1,10,bus_sukanta_nagar,
bus_ac4a,1,11,bus_chingrighata,
bus_ac4a,1,12,bus_s_city,
bus_ac4a,1,13,bus_ruby,
bus_ac4a,1,14,bus_kalikapur,
bus_ac4a,1,15,bus_sapuipara,
bus_ac4a,1,16,bus_jadavpur_ps,
bus_ac4a,1,17,bus_lake_gardens,
bus_ac4a,1,18,bus_p_a_sha_rd,
bus_ac4a,1,19,bus_mahabirtala,
bus_ac4a,1,20,bus_new_alipore,
bus_ac4a,1,21,bus_t_t_xing,
bus_ac4a,1,22,bus_marine_college,
bus_ac4a,1,23,bus_t_depot,
bus_ac4a,1,24,bus_parnashree,
bus_ac4b,0,1,bus_joka,
bus_ac4b,0,2,bus_thakurpukur,
bus_ac4b,0,3,bus_cancer_hospital,
bus_ac4b,0,4,bus_kabardanga,
bus_ac4b,0,5,bus_haridevpur_2,
bus_ac4b,0,6,bus_karunamoyee_2,
bus_ac4b,0,7,bus_tollygunge_metro,
bus_ac4b,0,8,bus_rashbehari_xing,
bus_ac4b,0,9,bus_gariahat,
bus_ac4b,0,10,bus_ruby,
bus_ac4b,0,11,bus_chingrihata,
bus_ac4b,0,12,bus_sdf,
bus_ac4b,0,13,bus_college_more,
bus_ac4b,0,14,bus_technopolis,
bus_ac4b,0,15,bus_newtown,
bus_ac4b,1,1,bus_newtown,
bus_ac4b,1,2,bus_technopolis,
bus_ac4b,1,3,bus_college_more,
bus_ac4b,1,4,bus_sdf,
bus_ac4b,1,5,bus_chingrihata,
bus_ac4b,1,6,bus_ruby,
bus_ac4b,1,7,bus_gariahat,
bus_ac4b,1,8,bus_rashbehari_xing,
bus_ac4b,1,9,bus_tollygunge_metro,
bus_ac4b,1,10,bus_karunamoyee_2,
bus_ac4b,1,11,bus_haridevpur_2,
bus_ac4b,1,12,bus_kabardanga,
bus_ac4b,1,13,bus_cancer_hospital,
bus_ac4b,1,14,bus_thakurpukur,
bus_ac4b,1,15,bus_joka,
bus_ac5,0,1,bus_garia_5no_bus_stand,
bus_ac5,0,2,bus_baishnabghata,
bus_ac5,0,3,bus_ramgarh,
bus_ac5,0,4,bus_baghajatin,
bus_ac5,0,5,bus_sulekha,
bus_ac5,0,6,bus_jadavpur_8b,
bus_ac5,0,7,bus_jadavpur_ps,
bus_ac5,0,8,bus_jodhpur_park,
bus_ac5,0,9,bus_dhakuria,
bus_ac5,0,10,bus_golpark,
bus_ac5,0,11,bus_gariahat,
bus_ac5,0,12,bus_deshoprio_park,
bus_ac5,0,13,bus_rashbehari,
bus_ac5,0,14,bus_kalighat,
bus_ac5,0,15,bus_hazra,
bus_ac5,0,16,bus_bhowanipur,
bus_ac5,0,17,bus_elgin_crossing,
bus_ac5,0,18,bus_exide,
bus_ac5,0,19,bus_rabindra_sadan,
bus_ac5,0,20,bus_maidan,
bus_ac5,0,21,bus_park_street,
bus_ac5,0,22,bus_mayo_road,
bus_ac5,0,23,bus_esplanade,
bus_ac5,0,24,bus_bbd_bag,
bus_ac5,0,25,bus_burrabazar,
bus_ac5,0,26,bus_howrah_station,
bus_ac5,1,1,bus_howrah_station,
bus_ac5,1,2,bus_burrabazar,
bus_ac5,1,3,bus_bbd_bag,
bus_ac5,1,4,bus_esplanade,
bus_ac5,1,5,bus_mayo_road,
bus_ac5,1,6,bus_park_street,
bus_ac5,1,7,bus_maidan,
bus_ac5,1,8,bus_rabindra_sadan,
bus_ac5,1,9,bus_exide,
bus_ac5,1,10,bus_elgin_crossing,
bus_ac5,1,11,bus_bhowanipur,
bus_ac5,1,12,bus_hazra,
bus_ac5,1,13,bus_kalighat,
bus_ac5,1,14,bus_rashbehari,
bus_ac5,1,15,bus_deshoprio_park,
bus_ac5,1,16,bus_gariahat,
bus_ac5,1,17,bus_golpark,
bus_ac5,1,18,bus_dhakuria,
bus_ac5,1,19,bus_jodhpur_park,
bus_ac5,1,20,bus_jadavpur_ps,
bus_ac5,1,21,bus_jadavpur_8b,
bus_ac5,1,22,bus_sulekha,
bus_ac5,1,23,bus_baghajatin,
bus_ac5,1,24,bus_ramgarh,
bus_ac5,1,25,bus_baishnabghata,
bus_ac5,1,26,bus_garia_5no_bus_stand,
bus_ac6,0,1,bus_garia_6no_bus_stand,
bus_ac6,0,2,bus_naktala,
bus_ac6,0,3,bus_bansdroni,
bus_ac6,0,4,bus_netaji_nagar,
bus_ac6,0,5,bus_ranikuthi,
bus_ac6,0,6,bus_malancha_2,
bus_ac6,0,7,bus_tollygunge_metro,
bus_ac6,0,8,bus_tollygunge_phari,
bus_ac6,0,9,bus_rashbehari_xing,
bus_ac6,0,10,bus_hazra_xing,
bus_ac6,0,11,bus_jadu_babu_r_bajar,
bus_ac6,0,12,bus_elgin_road,
bus_ac6,0,13,bus_exide,
bus_ac6,0,14,bus_maidan,
bus_ac6,0,15,bus_park_street,
bus_ac6,0,16,bus_raj_bhawan,
bus_ac6,0,17,bus_dalhousie,
bus_ac6,0,18,bus_gpo,
bus_ac6,0,19,bus_burrabazar,
bus_ac6,0,20,bus_howrah_station,
bus_ac6,1,1,bus_howrah_station,
bus_ac6,1,2,bus_burrabazar,
bus_ac6,1,3,bus_gpo,
bus_ac6,1,4,bus_dalhousie,
bus_ac6,1,5,bus_raj_bhawan,
bus_ac6,1,6,bus_park_street,
bus_ac6,1,7,bus_maidan,
bus_ac6,1,8,bus_exide,
bus_ac6,1,9,bus_elgin_road,
bus_ac6,1,10,bus_jadu_babu_r_bajar,
bus_ac6,1,11,bus_hazra_xing,
bus_ac6,1,12,bus_rashbehari_xing,
bus_ac6,1,13,bus_tollygunge_phari,
bus_ac6,1,14,bus_tollygunge_metro,
bus_ac6,1,15,bus_malancha_2,
bus_ac6,1,16,bus_ranikuthi,
bus_ac6,1,17,bus_netaji_nagar,
bus_ac6,1,18,bus_bansdroni,
bus_ac6,1,19,bus_naktala,
bus_ac6,1,20,bus_garia_6no_bus_stand,
bus_ac9,0,1,bus_jadavpur,
bus_ac9,0,2,bus_sulekha,
bus_ac9,0,3,bus_santoshpur,
bus_ac9,0,4,bus_ajaynagar,
bus_ac9,0,5,bus_mukundapur,
bus_ac9,0,6,bus_kalikapur,
bus_ac9,0,7,bus_ruby_crossing,
bus_ac9,0,8,bus_fortis,
bus_ac9,0,9,bus_uttar_panchannagram,
bus_ac9,0,10,bus_science_city,
bus_ac9,0,11,bus_chingrighata,
bus_ac9,0,12,bus_building_more,
bus_ac9,0,13,bus_stadium_island,
bus_ac9,0,14,bus_central_park,
bus_ac9,0,15,bus_city_centre,
bus_ac9,0,16,bus_bikash_bhawan,
bus_ac9,0,17,bus_mayukh_bhaban,
bus_ac9,0,18,bus_bidyut_bhawan,
bus_ac9,0,19,bus_saltlake_karunamoyee,
bus_ac9,1,1,bus_saltlake_karunamoyee,
bus_ac9,1,2,bus_bidyut_bhawan,
bus_ac9,1,3,bus_mayukh_bhaban,
bus_ac9,1,4,bus_bikash_bhawan,
bus_ac9,1,5,bus_city_centre,
bus_ac9,1,6,bus_central_park,
bus_ac9,1,7,bus_stadium_island,
bus_ac9,1,8,bus_building_more,
bus_ac9,1,9,bus_chingrighata,
bus_ac9,1,10,bus_science_city,
bus_ac9,1,11,bus_uttar_panchannagram,
bus_ac9,1,12,bus_fortis,
bus_ac9,1,13,bus_ruby_crossing,
bus_ac9,1,14,bus_kalikapur,
bus_ac9,1,15,bus_mukundapur,
bus_ac9,1,16,bus_ajaynagar,
bus_ac9,1,17,bus_santoshpur,
bus_ac9,1,18,bus_sulekha,
bus_ac9,1,19,bus_jadavpur,
bus_ac9b,0,1,bus_jadavpur,
bus_ac9b,0,2,bus_sulekha,
bus_ac9b,0,3,bus_santoshpur,
bus_ac9b,0,4,bus_ajaynagar,
bus_ac9b,0,5,bus_mukundapur,
bus_ac9b,0,6,bus_kalikapur,
bus_ac9b,0,7,bus_ruby_crossing,
bus_ac9b,0,8,bus_fortis,
bus_ac9b,0,9,bus_uttar_panchannagram,
bus_ac9b,0,10,bus_science_city,
bus_ac9b,0,11,bus_chingrighata,
bus_ac9b,0,12,bus_building_more,
bus_ac9b,0,13,bus_stadium_island,
bus_ac9b,0,14,bus_sushrut_eye_hospital,
bus_ac9b,0,15,bus_wipro,
bus_ac9b,0,16,bus_college_more,
bus_ac9b,0,17,bus_technopolis,
bus_ac9b,0,18,bus_dlf1,
bus_ac9b,0,19,bus_newtown_bus_stand,
bus_ac9b,0,20,bus_axis_mall,
bus_ac9b,0,21,bus_narkelbagan_biswa_bangla,
bus_ac9b,0,22,bus_tata_cancer_hospital,
bus_ac9b,0,23,bus_unitech_gate_2,
bus_ac9b,0,24,bus_tcs_gitanjali,
bus_ac9b,0,25,bus_ecospace,
bus_ac9b,0,26,bus_amity_university_ecospace,
bus_ac9b,1,1,bus_amity_university_ecospace,
bus_ac9b,1,2,bus_ecospace,
bus_ac9b,1,3,bus_tcs_gitanjali,
bus_ac9b,1,4,bus_unitech_gate_2,
bus_ac9b,1,5,bus_tata_cancer_hospital,
bus_ac9b,1,6,bus_narkelbagan_biswa_bangla,
bus_ac9b,1,7,bus_axis_mall,
bus_ac9b,1,8,bus_newtown_bus_stand,
bus_ac9b,1,9,bus_dlf1,
bus_ac9b,1,10,bus_technopolis,
bus_ac9b,1,11,bus_college_more,
bus_ac9b,1,12,bus_wipro,
bus_ac9b,1,13,bus_sushrut_eye_hospital,
bus_ac9b,1,14,bus_stadium_island,
bus_ac9b,1,15,bus_building_more,
bus_ac9b,1,16,bus_chingrighata,
bus_ac9b,1,17,bus_science_city,
bus_ac9b,1,18,bus_uttar_panchannagram,
bus_ac9b,1,19,bus_fortis,
bus_ac9b,1,20,bus_ruby_crossing,
bus_ac9b,1,21,bus_kalikapur,
bus_ac9b,1,22,bus_mukundapur,
bus_ac9b,1,23,bus_ajaynagar,
bus_ac9b,1,24,bus_santoshpur,
bus_ac9b,1,25,bus_sulekha,
bus_ac9b,1,26,bus_jadavpur,
bus_ac12,0,1,bus_shapooji_housing_sukho_brishti,
bus_ac12,0,2,bus_unitech_gate_1,
bus_ac12,0,3,bus_narkelbagan,
bus_ac12,0,4,bus_axis_mall,
bus_ac12,0,5,bus_newtown,
bus_ac12,0,6,bus_dlf1,
bus_ac12,0,7,bus_technopolis,
bus_ac12,0,8,bus_college_more,
bus_ac12,0,9,bus_sdf,
bus_ac12,0,10,bus_chingrighata,
bus_ac12,0,11,bus_science_city,
bus_ac12,0,12,bus_topsia,
bus_ac12,0,13,bus_park_circus_station,
bus_ac12,0,14,bus_park_circus_4_number_bridge,
bus_ac12,0,15,bus_7_point_crossing_park_circus,
bus_ac12,0,16,bus_beckbagan,
bus_ac12,0,17,bus_minto_park,
bus_ac12,0,18,bus_exide,
bus_ac12,0,19,bus_maidan,
bus_ac12,0,20,bus_park_street,
bus_ac12,0,21,bus_mayo_road,
bus_ac12,0,22,bus_bbd_bag,
bus_ac12,0,23,bus_gpo,
bus_ac12,0,24,bus_shipping_corporation,
bus_ac12,0,25,bus_burrabazar,
bus_ac12,0,26,bus_howrah_station,
bus_ac12,1,1,bus_howrah_station,
bus_ac12,1,2,bus_burrabazar,
bus_ac12,1,3,bus_shipping_corporation,
bus_ac12,1,4,bus_gpo,
bus_ac12,1,5,bus_bbd_bag,
bus_ac12,1,6,bus_mayo_road,
bus_ac12,1,7,bus_park_street,
bus_ac12,1,8,bus_maidan,
bus_ac12,1,9,bus_exide,
bus_ac12,1,10,bus_minto_park,
bus_ac12,1,11,bus_beckbagan,
bus_ac12,1,12,bus_7_point_crossing_park_circus,
bus_ac12,1,13,bus_park_circus_4_number_bridge,
bus_ac12,1,14,bus_park_circus_station,
bus_ac12,1,15,bus_topsia,
bus_ac12,1,16,bus_science_city,
bus_ac12,1,17,bus_chingrighata,
bus_ac12,1,18,bus_sdf,
bus_ac12,1,19,bus_college_more,
bus_ac12,1,20,bus_technopolis,
bus_ac12,1,21,bus_dlf1,
bus_ac12,1,22,bus_newtown,
bus_ac12,1,23,bus_axis_mall,
bus_ac12,1,24,bus_narkelbagan,
bus_ac12,1,25,bus_unitech_gate_1,
bus_ac12,1,26,bus_shapooji_housing_sukho_brishti,
bus_ac12d,0,1,bus_thakurpukur_3a_joka,
bus_ac12d,0,2,bus_thakurpukur_bazar,
bus_ac12d,0,3,bus_kadamtala,
bus_ac12d,0,4,bus_sakher_bazar,
bus_ac12d,0,5,bus_behala_chowrasta,
bus_ac12d,0,6,bus_manton,
bus_ac12d,0,7,bus_behala_p_s,
bus_ac12d,0,8,bus_taratala,
bus_ac12d,0,9,bus_majherhat,
bus_ac12d,0,10,bus_mominpur,
bus_ac12d,0,11,bus_ekbalpur,
bus_ac12d,0,12,bus_alipur_zoo,
bus_ac12d,0,13,bus_exide_crossing,
bus_ac12d,0,14,bus_park_street,
bus_ac12d,0,15,bus_mayo_road,
bus_ac12d,0,16,bus_bbd_bag,
bus_ac12d,0,17,bus_gpo,
bus_ac12d,0,18,bus_shipping_corporation,
bus_ac12d,0,19,bus_burrabazar,
bus_ac12d,0,20,bus_howrah_station,
bus_ac12d,1,1,bus_howrah_station,
bus_ac12d,1,2,bus_burrabazar,
bus_ac12d,1,3,bus_shipping_corporation,
bus_ac12d,1,4,bus_gpo,
bus_ac12d,1,5,bus_bbd_bag,
bus_ac12d,1,6,bus_mayo_road,
bus_ac12d,1,7,bus_park_street,
bus_ac12d,1,8,bus_exide_crossing,
bus_ac12d,1,9,bus_alipur_zoo,
bus_ac12d,1,10,bus_ekbalpur,
bus_ac12d,1,11,bus_mominpur,
bus_ac12d,1,12,bus_majherhat,
bus_ac12d,1,13,bus_taratala,
bus_ac12d,1,14,bus_behala_p_s,
bus_ac12d,1,15,bus_manton,
bus_ac12d,1,16,bus_behala_chowrasta,
bus_ac12d,1,17,bus_sakher_bazar,
bus_ac12d,1,18,bus_kadamtala,
bus_ac12d,1,19,bus_thakurpukur_bazar,
bus_ac12d,1,20,bus_thakurpukur_3a_joka,
bus_ac14,0,1,bus_baruipur_fultala,
bus_ac14,0,2,bus_puratan_bazar,
bus_ac14,0,3,bus_sibanipith,
bus_ac14,0,4,bus_baruipur_hospital,
bus_ac14,0,5,bus_baruipur_kachari_bazar,
bus_ac14,0,6,bus_padmapukur_more,
bus_ac14,0,7,bus_jogi_battala,
bus_ac14,0,8,bus_khasmallick,
bus_ac14,0,9,bus_antara_mental_hospital,
bus_ac14,0,10,bus_gobindopur,
bus_ac14,0,11,bus_malncha,
bus_ac14,0,12,bus_haritala,
bus_ac14,0,13,bus_harinavi,
bus_ac14,0,14,bus_chowhati,
bus_ac14,0,15,bus_rajpur,
bus_ac14,0,16,bus_narendrapur,
bus_ac14,0,17,bus_kamalgazi,
bus_ac14,0,18,bus_dhalai,
bus_ac14,0,19,bus_patuli,
bus_ac14,0,20,bus_hiland_park,
bus_ac14,0,21,bus_ajaynagar,
bus_ac14,0,22,bus_mukundapur,
bus_ac14,0,23,bus_kalikapur,
bus_ac14,0,24,bus_ruby_crossing,
bus_ac14,0,25,bus_fortis_hospital,
bus_ac14,0,26,bus_uttar_panchannagram,
bus_ac14,0,27,bus_science_city,
bus_ac14,0,28,bus_chingrighata,
bus_ac14,0,29,bus_building_more,
bus_ac14,0,30,bus_amri_hospital,
bus_ac14,0,31,bus_stadium_island,
bus_ac14,0,32,bus_gd_island,
bus_ac14,0,33,bus_fd_island,
bus_ac14,0,34,bus_central_park,
bus_ac14,0,35,bus_saltlake_karunamoyee,
bus_ac14,1,1,bus_saltlake_karunamoyee,
bus_ac14,1,2,bus_central_park,
bus_ac14,1,3,bus_fd_island,
bus_ac14,1,4,bus_gd_island,
bus_ac14,1,5,bus_stadium_island,
bus_ac14,1,6,bus_amri_hospital,
bus_ac14,1,7,bus_building_more,
bus_ac14,1,8,bus_chingrighata,
bus_ac14,1,9,bus_science_city,
bus_ac14,1,10,bus_uttar_panchannagram,
bus_ac14,1,11,bus_fortis_hospital,
bus_ac14,1,12,bus_ruby_crossing,
bus_ac14,1,13,bus_kalikapur,
bus_ac14,1,14,bus_mukundapur,
bus_ac14,1,15,bus_ajaynagar,
bus_ac14,1,16,bus_hiland_park,
bus_ac14,1,17,bus_patuli,
bus_ac14,1,18,bus_dhalai,
bus_ac14,1,19,bus_kamalgazi,
bus_ac14,1,20,bus_narendrapur,
bus_ac14,1,21,bus_rajpur,
bus_ac14,1,22,bus_chowhati,
bus_ac14,1,23,bus_harinavi,
bus_ac14,1,24,bus_haritala,
bus_ac14,1,25,bus_malncha,
bus_ac14,1,26,bus_gobindopur,
bus_ac14,1,27,bus_antara_mental_hospital,
bus_ac14,1,28,bus_khasmallick,
bus_ac14,1,29,bus_jogi_battala,
bus_ac14,1,30,bus_padmapukur_more,
bus_ac14,1,31,bus_baruipur_kachari_bazar,
bus_ac14,1,32,bus_baruipur_hospital,
bus_ac14,1,33,bus_sibanipith,
bus_ac14,1,34,bus_puratan_bazar,
bus_ac14,1,35,bus_baruipur_fultala,
bus_ac20,0,1,bus_barrackpore_chiriamore,
bus_ac20,0,2,bus_titagarh,
bus_ac20,0,3,bus_khardaha,
bus_ac20,0,4,bus_sukhchar,
bus_ac20,0,5,bus_sodepur,
bus_ac20,0,6,bus_panihati,
bus_ac20,0,7,bus_kamarhati,
bus_ac20,0,8,bus_rathtala,
bus_ac20,0,9,bus_dunlop,
bus_ac20,0,10,bus_tobin_road,
bus_ac20,0,11,bus_sinthi,
bus_ac20,0,12,bus_dumdum_chiriamore,
bus_ac20,0,13,bus_shyambazar,
bus_ac20,0,14,bus_sovabazar,
bus_ac20,0,15,bus_girish_park,
bus_ac20,0,16,bus_m_g_road_crossing,
bus_ac20,0,17,bus_central,
bus_ac20,0,18,bus_chadni,
bus_ac20,0,19,bus_esplanade,
bus_ac20,0,20,bus_park_street,
bus_ac20,0,21,bus_maidan,
bus_ac20,0,22,bus_exide,
bus_ac20,0,23,bus_pts,
bus_ac20,0,24,bus_hastings,
bus_ac20,0,25,bus_toll_tax,
bus_ac20,0,26,bus_carry_road,
bus_ac20,0,27,bus_santragachi_bus_terminus,
bus_ac20,1,1,bus_santragachi_bus_terminus,
bus_ac20,1,2,bus_carry_road,
bus_ac20,1,3,bus_toll_tax,
bus_ac20,1,4,bus_hastings,
bus_ac20,1,5,bus_pts,
bus_ac20,1,6,bus_exide,
bus_ac20,1,7,bus_maidan,
bus_ac20,1,8,bus_park_street,
bus_ac20,1,9,bus_esplanade,
bus_ac20,1,10,bus_chadni,
bus_ac20,1,11,bus_central,
bus_ac20,1,12,bus_m_g_road_crossing,
bus_ac20,1,13,bus_girish_park,
bus_ac20,1,14,bus_sovabazar,
bus_ac20,1,15,bus_shyambazar,
bus_ac20,1,16,bus_dumdum_chiriamore,
bus_ac20,1,17,bus_sinthi,
bus_ac20,1,18,bus_tobin_road,
bus_ac20,1,19,bus_dunlop,
bus_ac20,1,20,bus_rathtala,
bus_ac20,1,21,bus_kamarhati,
bus_ac20,1,22,bus_panihati,
bus_ac20,1,23,bus_sodepur,
bus_ac20,1,24,bus_sukhchar,
bus_ac20,1,25,bus_khardaha,
bus_ac20,1,26,bus_titagarh,
bus_ac20,1,27,bus_barrackpore_chiriamore,
bus_ac23a,0,1,bus_saltlake_karunamoyee,
bus_ac23a,0,2,bus_wipro,
bus_ac23a,0,3,bus_college_more,
bus_ac23a,0,4,bus_r_s_software,
bus_ac23a,0,5,bus_technopolis,
bus_ac23a,0,6,bus_dlf1,
bus_ac23a,0,7,bus_newtown,
bus_ac23a,0,8,bus_axis_mall,
bus_ac23a,0,9,bus_narkelbagan,
bus_ac23a,0,10,bus_tata_cancer_hospital,
bus_ac23a,0,11,bus_unitech_gate_2,
bus_ac23a,0,12,bus_tcs_gitanjali,
bus_ac23a,0,13,bus_aliah_university,
bus_ac23a,0,14,bus_westin,
bus_ac23a,0,15,bus_eco_park,
bus_ac23a,0,16,bus_city_centre_2,
bus_ac23a,0,17,bus_chinar_park,
bus_ac23a,0,18,bus_haldiram,
bus_ac23a,0,19,bus_airport,
bus_ac23a,0,20,bus_durganagar,
bus_ac23a,0,21,bus_mathkal,
bus_ac23a,0,22,bus_dunlop,
bus_ac23a,0,23,bus_dakshineswar,
bus_ac23a,0,24,bus_ballyghat,
bus_ac23a,0,25,bus_ballyhalt,
bus_ac23a,0,26,bus_jhilpar,
bus_ac23a,0,27,bus_rajchandrapur_ballyhalt,
bus_ac23a,1,1,bus_rajchandrapur_ballyhalt,
bus_ac23a,1,2,bus_jhilpar,
bus_ac23a,1,3,bus_ballyhalt,
bus_ac23a,1,4,bus_ballyghat,
bus_ac23a,1,5,bus_dakshineswar,
bus_ac23a,1,6,bus_dunlop,
bus_ac23a,1,7,bus_mathkal,
bus_ac23a,1,8,bus_durganagar,
bus_ac23a,1,9,bus_airport,
bus_ac23a,1,10,bus_haldiram,
bus_ac23a,1,11,bus_chinar_park,
bus_ac23a,1,12,bus_city_centre_2,
bus_ac23a,1,13,bus_eco_park,
bus_ac23a,1,14,bus_westin,
bus_ac23a,1,15,bus_aliah_university,
bus_ac23a,1,16,bus_tcs_gitanjali,
bus_ac23a,1,17,bus_unitech_gate_2,
bus_ac23a,1,18,bus_tata_cancer_hospital,
bus_ac23a,1,19,bus_narkelbagan,
bus_ac23a,1,20,bus_axis_mall,
bus_ac23a,1,21,bus_newtown,
bus_ac23a,1,22,bus_dlf1,
bus_ac23a,1,23,bus_technopolis,
bus_ac23a,1,24,bus_r_s_software,
bus_ac23a,1,25,bus_college_more,
bus_ac23a,1,26,bus_wipro,
bus_ac23a,1,27,bus_saltlake_karunamoyee,
bus_ac24,0,1,bus_patuli,
bus_ac24,0,2,bus_highland_park,
bus_ac24,0,3,bus_ajaynagar,
bus_ac24,0,4,bus_mukundapur,
bus_ac24,0,5,bus_kalikapur,
bus_ac24,0,6,bus_ruby_crossing,
bus_ac24,0,7,bus_acropolis_mall,
bus_ac24,0,8,bus_kasba,
bus_ac24,0,9,bus_ballygaunj_station,
bus_ac24,0,10,bus_gariahat,
bus_ac24,0,11,bus_deshoprio_park,
bus_ac24,0,12,bus_lake_mall,
bus_ac24,0,13,bus_rashbihari_crossing,
bus_ac24,0,14,bus_kalighat,
bus_ac24,0,15,bus_hazra,
bus_ac24,0,16,bus_bhawanipur,
bus_ac24,0,17,bus_elgin_crossing,
bus_ac24,0,18,bus_exide_crossing,
bus_ac24,0,19,bus_maidan,
bus_ac24,0,20,bus_park_street,
bus_ac24,0,21,bus_mayo_road_crossing,
bus_ac24,0,22,bus_bbd_bag,
bus_ac24,0,23,bus_gpo,
bus_ac24,0,24,bus_shipping_corporation,
bus_ac24,0,25,bus_burrabazar,
bus_ac24,0,26,bus_howrah_station,
bus_ac24,1,1,bus_howrah_station,
bus_ac24,1,2,bus_burrabazar,
bus_ac24,1,3,bus_shipping_corporation,
bus_ac24,1,4,bus_gpo,
bus_ac24,1,5,bus_bbd_bag,
bus_ac24,1,6,bus_mayo_road_crossing,
bus_ac24,1,7,bus_park_street,
bus_ac24,1,8,bus_maidan,
bus_ac24,1,9,bus_exide_crossing,
bus_ac24,1,10,bus_elgin_crossing,
bus_ac24,1,11,bus_bhawanipur,
bus_ac24,1,12,bus_hazra,
bus_ac24,1,13,bus_kalighat,
bus_ac24,1,14,bus_rashbihari_crossing,
bus_ac24,1,15,bus_lake_mall,
bus_ac24,1,16,bus_deshoprio_park,
bus_ac24,1,17,bus_gariahat,
bus_ac24,1,18,bus_ballygaunj_station,
bus_ac24,1,19,bus_kasba,
bus_ac24,1,20,bus_acropolis_mall,
bus_ac24,1,21,bus_ruby_crossing,
bus_ac24,1,22,bus_kalikapur,
bus_ac24,1,23,bus_mukundapur,
bus_ac24,1,24,bus_ajaynagar,
bus_ac24,1,25,bus_highland_park,
bus_ac24,1,26,bus_patuli,
bus_ac24a,0,1,bus_kamalgazi,
bus_ac24a,0,2,bus_dhalai_bridge,
bus_ac24a,0,3,bus_patuli,
bus_ac24a,0,4,bus_highland_park,
bus_ac24a,0,5,bus_ajaynagar,
bus_ac24a,0,6,bus_mukundapur,
bus_ac24a,0,7,bus_kalikapur,
bus_ac24a,0,8,bus_ruby_crossing,
bus_ac24a,0,9,bus_acropolis_mall,
bus_ac24a,0,10,bus_kasba,
bus_ac24a,0,11,bus_ballygaunj_station,
bus_ac24a,0,12,bus_gariahat,
bus_ac24a,0,13,bus_deshoprio_park,
bus_ac24a,0,14,bus_lake_mall,
bus_ac24a,0,15,bus_rashbihari_crossing,
bus_ac24a,0,16,bus_kalighat,
bus_ac24a,0,17,bus_hazra,
bus_ac24a,0,18,bus_bhawanipur,
bus_ac24a,0,19,bus_elgin_crossing,
bus_ac24a,0,20,bus_rabindra_sadan,
bus_ac24a,0,21,bus_maidan,
bus_ac24a,0,22,bus_park_street,
bus_ac24a,0,23,bus_mayo_road,
bus_ac24a,0,24,bus_bbd_bag,
bus_ac24a,0,25,bus_gpo,
bus_ac24a,0,26,bus_shipping_corporation,
bus_ac24a,0,27,bus_burrabazar,
bus_ac24a,0,28,bus_howrah_station,
bus_ac24a,1,1,bus_howrah_station,
bus_ac24a,1,2,bus_burrabazar,
bus_ac24a,1,3,bus_shipping_corporation,
bus_ac24a,1,4,bus_gpo,
bus_ac24a,1,5,bus_bbd_bag,
bus_ac24a,1,6,bus_mayo_road,
bus_ac24a,1,7,bus_park_street,
bus_ac24a,1,8,bus_maidan,
bus_ac24a,1,9,bus_rabindra_sadan,
bus_ac24a,1,10,bus_elgin_crossing,
bus_ac24a,1,11,bus_bhawanipur,
bus_ac24a,1,12,bus_hazra,
bus_ac24a,1,13,bus_kalighat,
bus_ac24a,1,14,bus_rashbihari_crossing,
bus_ac24a,1,15,bus_lake_mall,
bus_ac24a,1,16,bus_deshoprio_park,
bus_ac24a,1,17,bus_gariahat,
bus_ac24a,1,18,bus_ballygaunj_station,
bus_ac24a,1,19,bus_kasba,
bus_ac24a,1,20,bus_acropolis_mall,
bus_ac24a,1,21,bus_ruby_crossing,
bus_ac24a,1,22,bus_kalikapur,
bus_ac24a,1,23,bus_mukundapur,
bus_ac24a,1,24,bus_ajaynagar,
bus_ac24a,1,25,bus_highland_park,
bus_ac24a,1,26,bus_patuli,
bus_ac24a,1,27,bus_dhalai_bridge,
bus_ac24a,1,28,bus_kamalgazi,
bus_ac30,0,1,bus_lake_town_jaya_cinema,
bus_ac30,0,2,bus_hudco,
bus_ac30,0,3,bus_ultadanga,
bus_ac30,0,4,bus_kankurgachi,
bus_ac30,0,5,bus_manicktala,
bus_ac30,0,6,bus_girish_park,
bus_ac30,0,7,bus_c_r_avn_xing,
bus_ac30,0,8,bus_m_g_road_crossing,
bus_ac30,0,9,bus_barabazar,
bus_ac30,0,10,bus_howrah_station,
bus_ac30,1,1,bus_howrah_station,
bus_ac30,1,2,bus_barabazar,
bus_ac30,1,3,bus_m_g_road_crossing,
bus_ac30,1,4,bus_c_r_avn_xing,
bus_ac30,1,5,bus_girish_park,
bus_ac30,1,6,bus_manicktala,
bus_ac30,1,7,bus_kankurgachi,
bus_ac30,1,8,bus_ultadanga,
bus_ac30,1,9,bus_hudco,
bus_ac30,1,10,bus_lake_town_jaya_cinema,
bus_ac30s_it_spl,0,1,bus_bidhannagar_station,
bus_ac30s_it_spl,0,2,bus_hudco,
bus_ac30s_it_spl,0,3,bus_saltlake_gate,
bus_ac30s_it_spl,0,4,bus_bengal_chemical,
bus_ac30s_it_spl,0,5,bus_mani_square,
bus_ac30s_it_spl,0,6,bus_apollo_hospital,
bus_ac30s_it_spl,0,7,bus_swabhumi,
bus_ac30s_it_spl,0,8,bus_saltlake_stadium,
bus_ac30s_it_spl,0,9,bus_building_more,
bus_ac30s_it_spl,0,10,bus_chingrighata,
bus_ac30s_it_spl,0,11,bus_sukanta_nagar,
bus_ac30s_it_spl,0,12,bus_nicco_park,
bus_ac30s_it_spl,0,13,bus_wipro,
bus_ac30s_it_spl,0,14,bus_college_more,
bus_ac30s_it_spl,0,15,bus_technopolis,
bus_ac30s_it_spl,0,16,bus_dlf1,
bus_ac30s_it_spl,0,17,bus_newtown,
bus_ac30s_it_spl,0,18,bus_axis_mall,
bus_ac30s_it_spl,0,19,bus_narkelbagan,
bus_ac30s_it_spl,0,20,bus_tata_cancer_hospital,
bus_ac30s_it_spl,0,21,bus_unitech_gate_2,
bus_ac30s_it_spl,0,22,bus_tcs_gitanjali,
bus_ac30s_it_spl,0,23,bus_ecospace,
bus_ac30s_it_spl,1,1,bus_ecospace,
bus_ac30s_it_spl,1,2,bus_tcs_gitanjali,
bus_ac30s_it_spl,1,3,bus_unitech_gate_2,
bus_ac30s_it_spl,1,4,bus_tata_cancer_hospital,
bus_ac30s_it_spl,1,5,bus_narkelbagan,
bus_ac30s_it_spl,1,6,bus_axis_mall,
bus_ac30s_it_spl,1,7,bus_newtown,
bus_ac30s_it_spl,1,8,bus_dlf1,
bus_ac30s_it_spl,1,9,bus_technopolis,
bus_ac30s_it_spl,1,10,bus_college_more,
bus_ac30s_it_spl,1,11,bus_wipro,
bus_ac30s_it_spl,1,12,bus_nicco_park,
bus_ac30s_it_spl,1,13,bus_sukanta_nagar,
bus_ac30s_it_spl,1,14,bus_chingrighata,
bus_ac30s_it_spl,1,15,bus_building_more,
bus_ac30s_it_spl,1,16,bus_saltlake_stadium,
bus_ac30s_it_spl,1,17,bus_swabhumi,
bus_ac30s_it_spl,1,18,bus_apollo_hospital,
bus_ac30s_it_spl,1,19,bus_mani_square,
bus_ac30s_it_spl,1,20,bus_bengal_chemical,
bus_ac30s_it_spl,1,21,bus_saltlake_gate,
bus_ac30s_it_spl,1,22,bus_hudco,
bus_ac30s_it_spl,1,23,bus_bidhannagar_station,
bus_ac31,0,1,bus_behala_chowrasta,
bus_ac31,0,2,bus_janakalyan,
bus_ac31,0,3,bus_sakher_bazar,
bus_ac31,0,4,bus_james_long_crossing,
bus_ac31,0,5,bus_ramkrishna_math,
bus_ac31,0,6,bus_maiti_para,
bus_ac31,0,7,bus_tollygunj_karunamoyee,
bus_ac31,0,8,bus_tollygunge_metro,
bus_ac31,0,9,bus_m_r_bangur_hospital,
bus_ac31,0,10,bus_prince_anwar_shah_connector,
bus_ac31,0,11,bus_jogesh_chandra_college,
bus_ac31,0,12,bus_lords_more,
bus_ac31,0,13,bus_south_city,
bus_ac31,0,14,bus_jadavpur_ps,
bus_ac31,0,15,bus_jadavpur_university,
bus_ac31,0,16,bus_jadavpur_8b,
bus_ac31,1,1,bus_jadavpur_8b,
bus_ac31,1,2,bus_jadavpur_university,
bus_ac31,1,3,bus_jadavpur_ps,
bus_ac31,1,4,bus_south_city,
bus_ac31,1,5,bus_lords_more,
bus_ac31,1,6,bus_jogesh_chandra_college,
bus_ac31,1,7,bus_prince_anwar_shah_connector,
bus_ac31,1,8,bus_m_r_bangur_hospital,
bus_ac31,1,9,bus_tollygunge_metro,
bus_ac31,1,10,bus_tollygunj_karunamoyee,
bus_ac31,1,11,bus_maiti_para,
bus_ac31,1,12,bus_ramkrishna_math,
bus_ac31,1,13,bus_james_long_crossing,
bus_ac31,1,14,bus_sakher_bazar,
bus_ac31,1,15,bus_janakalyan,
bus_ac31,1,16,bus_behala_chowrasta,
bus_ac37,0,1,bus_barasat_champadali,
bus_ac37,0,2,bus_barasat_dak_bunglow,
bus_ac37,0,3,bus_hridaypur,
bus_ac37,0,4,bus_madhyamgram_chowmatha,
bus_ac37,0,5,bus_new_barrackpore,
bus_ac37,0,6,bus_doltola,
bus_ac37,0,7,bus_b_t_college,
bus_ac37,0,8,bus_sukanta_nagar_2,
bus_ac37,0,9,bus_birati,
bus_ac37,0,10,bus_airport,
bus_ac37,0,11,bus_haldiram,
bus_ac37,0,12,bus_teghoria,
bus_ac37,0,13,bus_baguihati,
bus_ac37,0,14,bus_kestopur,
bus_ac37,0,15,bus_dumdum_park,
bus_ac37,0,16,bus_laketown,
bus_ac37,0,17,bus_ultadanga_hudco,
bus_ac37,0,18,bus_saltlake_gate,
bus_ac37,0,19,bus_bengal_chemical,
bus_ac37,0,20,bus_mani_square,
bus_ac37,0,21,bus_apollo_hospital,
bus_ac37,0,22,bus_swabhumi,
bus_ac37,0,23,bus_building_more,
bus_ac37,0,24,bus_chingrighata,
bus_ac37,0,25,bus_dhapa_mathpukur,
bus_ac37,0,26,bus_science_city,
bus_ac37,0,27,bus_uttar_panchannagram,
bus_ac37,0,28,bus_vip_bazar,
bus_ac37,0,29,bus_fortis,
bus_ac37,0,30,bus_ruby_crossing,
bus_ac37,0,31,bus_kalikapur,
bus_ac37,0,32,bus_medica_hospital,
bus_ac37,0,33,bus_mukundapur,
bus_ac37,0,34,bus_ajaynagar,
bus_ac37,0,35,bus_hiland_park,
bus_ac37,0,36,bus_patuli,
bus_ac37,0,37,bus_45_bus_stand,
bus_ac37,0,38,bus_garia_bus_stand,
bus_ac37,1,1,bus_garia_bus_stand,
bus_ac37,1,2,bus_45_bus_stand,
bus_ac37,1,3,bus_patuli,
bus_ac37,1,4,bus_hiland_park,
bus_ac37,1,5,bus_ajaynagar,
bus_ac37,1,6,bus_mukundapur,
bus_ac37,1,7,bus_medica_hospital,
bus_ac37,1,8,bus_kalikapur,
bus_ac37,1,9,bus_ruby_crossing,
bus_ac37,1,10,bus_fortis,
bus_ac37,1,11,bus_vip_bazar,
bus_ac37,1,12,bus_uttar_panchannagram,
bus_ac37,1,13,bus_science_city,
bus_ac37,1,14,bus_dhapa_mathpukur,
bus_ac37,1,15,bus_chingrighata,
bus_ac37,1,16,bus_building_more,
bus_ac37,1,17,bus_swabhumi,
bus_ac37,1,18,bus_apollo_hospital,
bus_ac37,1,19,bus_mani_square,
bus_ac37,1,20,bus_bengal_chemical,
bus_ac37,1,21,bus_saltlake_gate,
bus_ac37,1,22,bus_ultadanga_hudco,
bus_ac37,1,23,bus_laketown,
bus_ac37,1,24,bus_dumdum_park,
bus_ac37,1,25,bus_kestopur,
bus_ac37,1,26,bus_baguihati,
bus_ac37,1,27,bus_teghoria,
bus_ac37,1,28,bus_haldiram,
bus_ac37,1,29,bus_airport,
bus_ac37,1,30,bus_birati,
bus_ac37,1,31,bus_sukanta_nagar_2,
bus_ac37,1,32,bus_b_t_college,
bus_ac37,1,33,bus_doltola,
bus_ac37,1,34,bus_new_barrackpore,
bus_ac37,1,35,bus_madhyamgram_chowmatha,
bus_ac37,1,36,bus_hridaypur,
bus_ac37,1,37,bus_barasat_dak_bunglow,
bus_ac37,1,38,bus_barasat_champadali,
bus_ac37a,0,1,bus_airport_domestic_terminus,
bus_ac37a,0,2,bus_kaikhali,
bus_ac37a,0,3,bus_haldiram,
bus_ac37a,0,4,bus_chinar_park,
bus_ac37a,0,5,bus_city_centre_2,
bus_ac37a,0,6,bus_eco_park,
bus_ac37a,0,7,bus_westin,
bus_ac37a,0,8,bus_jatragachi,
bus_ac37a,0,9,bus_narkelbagan,
bus_ac37a,0,10,bus_axis_mall,
bus_ac37a,0,11,bus_newtown,
bus_ac37a,0,12,bus_dlf1,
bus_ac37a,0,13,bus_technopolis,
bus_ac37a,0,14,bus_college_more,
bus_ac37a,0,15,bus_sdf,
bus_ac37a,0,16,bus_chingrighata,
bus_ac37a,0,17,bus_dhapa_mathpukur,
bus_ac37a,0,18,bus_science_city,
bus_ac37a,0,19,bus_uttar_panchannagram,
bus_ac37a,0,20,bus_vip_bazar,
bus_ac37a,0,21,bus_fortis_hospital,
bus_ac37a,0,22,bus_ruby_crossing,
bus_ac37a,0,23,bus_kalikapur,
bus_ac37a,0,24,bus_medica_hospital,
bus_ac37a,0,25,bus_mukundapur,
bus_ac37a,0,26,bus_ajaynagar,
bus_ac37a,0,27,bus_hiland_park,
bus_ac37a,0,28,bus_patuli,
bus_ac37a,0,29,bus_45_bus_stand,
bus_ac37a,0,30,bus_garia_bus_stand,
bus_ac37a,1,1,bus_garia_bus_stand,
bus_ac37a,1,2,bus_45_bus_stand,
bus_ac37a,1,3,bus_patuli,
bus_ac37a,1,4,bus_hiland_park,
bus_ac37a,1,5,bus_ajaynagar,
bus_ac37a,1,6,bus_mukundapur,
bus_ac37a,1,7,bus_medica_hospital,
bus_ac37a,1,8,bus_kalikapur,
bus_ac37a,1,9,bus_ruby_crossing,
bus_ac37a,1,10,bus_fortis_hospital,
bus_ac37a,1,11,bus_vip_bazar,
bus_ac37a,1,12,bus_uttar_panchannagram,
bus_ac37a,1,13,bus_science_city,
bus_ac37a,1,14,bus_dhapa_mathpukur,
bus_ac37a,1,15,bus_chingrighata,
bus_ac37a,1,16,bus_sdf,
bus_ac37a,1,17,bus_college_more,
bus_ac37a,1,18,bus_technopolis,
bus_ac37a,1,19,bus_dlf1,
bus_ac37a,1,20,bus_newtown,
bus_ac37a,1,21,bus_axis_mall,
bus_ac37a,1,22,bus_narkelbagan,
bus_ac37a,1,23,bus_jatragachi,
bus_ac37a,1,24,bus_westin,
bus_ac37a,1,25,bus_eco_park,
bus_ac37a,1,26,bus_city_centre_2,
bus_ac37a,1,27,bus_chinar_park,
bus_ac37a,1,28,bus_haldiram,
bus_ac37a,1,29,bus_kaikhali,
bus_ac37a,1,30,bus_airport_domestic_terminus,
bus_ac38,0,1,bus_dumdum_station,
bus_ac38,0,2,bus_nagerbazar,
bus_ac38,0,3,bus_ils_hospital,
bus_ac38,0,4,bus_central_jail,
bus_ac38,0,5,bus_airport_gate_1,
bus_ac38,0,6,bus_kaikhali,
bus_ac38,0,7,bus_haldiram,
bus_ac38,0,8,bus_chinar_park,
bus_ac38,0,9,bus_city_centre_2,
bus_ac38,0,10,bus_eco_park,
bus_ac38,0,11,bus_westin,
bus_ac38,0,12,bus_aliah_university,
bus_ac38,0,13,bus_ecospace,
bus_ac38,0,14,bus_tcs_gitanjali,
bus_ac38,0,15,bus_unitech_gate_2,
bus_ac38,0,16,bus_tata_cancer_hospital,
bus_ac38,0,17,bus_narkelbagan,
bus_ac38,0,18,bus_axis_mall,
bus_ac38,0,19,bus_newtown,
bus_ac38,0,20,bus_dlf1,
bus_ac38,0,21,bus_technopolis,
bus_ac38,0,22,bus_college_more,
bus_ac38,0,23,bus_wipro,
bus_ac38,0,24,bus_tank_10,
bus_ac38,0,25,bus_saltlake_karunamoyee,
bus_ac38,1,1,bus_saltlake_karunamoyee,
bus_ac38,1,2,bus_tank_10,
bus_ac38,1,3,bus_wipro,
bus_ac38,1,4,bus_college_more,
bus_ac38,1,5,bus_technopolis,
bus_ac38,1,6,bus_dlf1,
bus_ac38,1,7,bus_newtown,
bus_ac38,1,8,bus_axis_mall,
bus_ac38,1,9,bus_narkelbagan,
bus_ac38,1,10,bus_tata_cancer_hospital,
bus_ac38,1,11,bus_unitech_gate_2,
bus_ac38,1,12,bus_tcs_gitanjali,
bus_ac38,1,13,bus_ecospace,
bus_ac38,1,14,bus_aliah_university,
bus_ac38,1,15,bus_westin,
bus_ac38,1,16,bus_eco_park,
bus_ac38,1,17,bus_city_centre_2,
bus_ac38,1,18,bus_chinar_park,
bus_ac38,1,19,bus_haldiram,
bus_ac38,1,20,bus_kaikhali,
bus_ac38,1,21,bus_airport_gate_1,
bus_ac38,1,22,bus_central_jail,
bus_ac38,1,23,bus_ils_hospital,
bus_ac38,1,24,bus_nagerbazar,
bus_ac38,1,25,bus_dumdum_station,
bus_ac39,0,1,bus_airport_domestic_terminus,
bus_ac39,0,2,bus_kaikhali,
bus_ac39,0,3,bus_haldiram,
bus_ac39,0,4,bus_teghoria,
bus_ac39,0,5,bus_baguihati,
bus_ac39,0,6,bus_kestopur,
bus_ac39,0,7,bus_dumdum_park,
bus_ac39,0,8,bus_laketown,
bus_ac39,0,9,bus_ultadanga_hudco,
bus_ac39,0,10,bus_kankurgachi,
bus_ac39,0,11,bus_manicktala,
bus_ac39,0,12,bus_girish_park,
bus_ac39,0,13,bus_m_g_road_crossing,
bus_ac39,0,14,bus_central,
bus_ac39,0,15,bus_lal_bazar,
bus_ac39,0,16,bus_bbd_bag,
bus_ac39,0,17,bus_gpo,
bus_ac39,0,18,bus_shipping_corporation,
bus_ac39,0,19,bus_burrabazar,
bus_ac39,0,20,bus_howrah_station,
bus_ac39,1,1,bus_howrah_station,
bus_ac39,1,2,bus_burrabazar,
bus_ac39,1,3,bus_shipping_corporation,
bus_ac39,1,4,bus_gpo,
bus_ac39,1,5,bus_bbd_bag,
bus_ac39,1,6,bus_lal_bazar,
bus_ac39,1,7,bus_central,
bus_ac39,1,8,bus_m_g_road_crossing,
bus_ac39,1,9,bus_girish_park,
bus_ac39,1,10,bus_manicktala,
bus_ac39,1,11,bus_kankurgachi,
bus_ac39,1,12,bus_ultadanga_hudco,
bus_ac39,1,13,bus_laketown,
bus_ac39,1,14,bus_dumdum_park,
bus_ac39,1,15,bus_kestopur,
bus_ac39,1,16,bus_baguihati,
bus_ac39,1,17,bus_teghoria,
bus_ac39,1,18,bus_haldiram,
bus_ac39,1,19,bus_kaikhali,
bus_ac39,1,20,bus_airport_domestic_terminus,
bus_ac40,0,1,bus_airport_gate_1,
bus_ac40,0,2,bus_central_jail,
bus_ac40,0,3,bus_ils_hospital,
bus_ac40,0,4,bus_nagerbazar,
bus_ac40,0,5,bus_diamond_plaza_mall,
bus_ac40,0,6,bus_bangur,
bus_ac40,0,7,bus_laketown,
bus_ac40,0,8,bus_patipukur,
bus_ac40,0,9,bus_belgachia,
bus_ac40,0,10,bus_shyambazar,
bus_ac40,0,11,bus_girish_park,
bus_ac40,0,12,bus_m_g_road,
bus_ac40,0,13,bus_burrabazar,
bus_ac40,0,14,bus_howrah_station,
bus_ac40,0,15,bus_howrah_maidan,
bus_ac40,1,1,bus_howrah_maidan,
bus_ac40,1,2,bus_howrah_station,
bus_ac40,1,3,bus_burrabazar,
bus_ac40,1,4,bus_m_g_road,
bus_ac40,1,5,bus_girish_park,
bus_ac40,1,6,bus_shyambazar,
bus_ac40,1,7,bus_belgachia,
bus_ac40,1,8,bus_patipukur,
bus_ac40,1,9,bus_laketown,
bus_ac40,1,10,bus_bangur,
bus_ac40,1,11,bus_diamond_plaza_mall,
bus_ac40,1,12,bus_nagerbazar,
bus_ac40,1,13,bus_ils_hospital,
bus_ac40,1,14,bus_central_jail,
bus_ac40,1,15,bus_airport_gate_1,
bus_ac43,0,1,bus_golf_green,
bus_ac43,0,2,bus_lords_more,
bus_ac43,0,3,bus_south_city,
bus_ac43,0,4,bus_jadavpur_ps,
bus_ac43,0,5,bus_sapuipara,
bus_ac43,0,6,bus_kalikapur,
bus_ac43,0,7,bus_ruby_crossing,
bus_ac43,0,8,bus_fortis_hospital,
bus_ac43,0,9,bus_vip_bazar,
bus_ac43,0,10,bus_uttar_panchannagram,
bus_ac43,0,11,bus_science_city,
bus_ac43,0,12,bus_chingrighata,
bus_ac43,0,13,bus_building_more,
bus_ac43,0,14,bus_stadium_island,
bus_ac43,0,15,bus_sushrut_eye_hospital,
bus_ac43,0,16,bus_wipro,
bus_ac43,0,17,bus_college_more,
bus_ac43,0,18,bus_technopolis,
bus_ac43,0,19,bus_dlf1,
bus_ac43,0,20,bus_newtown,
bus_ac43,0,21,bus_axis_mall,
bus_ac43,0,22,bus_narkelbagan,
bus_ac43,0,23,bus_jatragachi,
bus_ac43,0,24,bus_westin,
bus_ac43,0,25,bus_eco_park,
bus_ac43,0,26,bus_nawabpur,
bus_ac43,0,27,bus_akankha,
bus_ac43,0,28,bus_city_centre_2,
bus_ac43,0,29,bus_chinar_park,
bus_ac43,0,30,bus_charnock_hospital,
bus_ac43,0,31,bus_kaikhali,
bus_ac43,0,32,bus_airport_gate_1,
bus_ac43,0,33,bus_airport_domestic_terminus,
bus_ac43,1,1,bus_airport_domestic_terminus,
bus_ac43,1,2,bus_airport_gate_1,
bus_ac43,1,3,bus_kaikhali,
bus_ac43,1,4,bus_charnock_hospital,
bus_ac43,1,5,bus_chinar_park,
bus_ac43,1,6,bus_city_centre_2,
bus_ac43,1,7,bus_akankha,
bus_ac43,1,8,bus_nawabpur,
bus_ac43,1,9,bus_eco_park,
bus_ac43,1,10,bus_westin,
bus_ac43,1,11,bus_jatragachi,
bus_ac43,1,12,bus_narkelbagan,
bus_ac43,1,13,bus_axis_mall,
bus_ac43,1,14,bus_newtown,
bus_ac43,1,15,bus_dlf1,
bus_ac43,1,16,bus_technopolis,
bus_ac43,1,17,bus_college_more,
bus_ac43,1,18,bus_wipro,
bus_ac43,1,19,bus_sushrut_eye_hospital,
bus_ac43,1,20,bus_stadium_island,
bus_ac43,1,21,bus_building_more,
bus_ac43,1,22,bus_chingrighata,
bus_ac43,1,23,bus_science_city,
bus_ac43,1,24,bus_uttar_panchannagram,
bus_ac43,1,25,bus_vip_bazar,
bus_ac43,1,26,bus_fortis_hospital,
bus_ac43,1,27,bus_ruby_crossing,
bus_ac43,1,28,bus_kalikapur,
bus_ac43,1,29,bus_sapuipara,
bus_ac43,1,30,bus_jadavpur_ps,
bus_ac43,1,31,bus_south_city,
bus_ac43,1,32,bus_lords_more,
bus_ac43,1,33,bus_golf_green,
bus_ac47,0,1,bus_kudghat_2,
bus_ac47,0,2,bus_unitech_gate_1,
bus_ac47,0,3,bus_tata_cancer_hospital,
bus_ac47,0,4,bus_narkelbagan,
bus_ac47,0,5,bus_axis_mall,
bus_ac47,0,6,bus_newtown,
bus_ac47,0,7,bus_dlf1,
bus_ac47,0,8,bus_technopolis,
bus_ac47,0,9,bus_college_more,
bus_ac47,0,10,bus_sdf,
bus_ac47,0,11,bus_chingrighata,
bus_ac47,0,12,bus_dhapa_mathpukur,
bus_ac47,0,13,bus_science_city,
bus_ac47,0,14,bus_uttar_panchannagram,
bus_ac47,0,15,bus_fortis_hospital,
bus_ac47,0,16,bus_ruby_crossing,
bus_ac47,0,17,bus_acropolis_mall,
bus_ac47,0,18,bus_kasba,
bus_ac47,0,19,bus_ballygaunj_station,
bus_ac47,0,20,bus_gariahat,
bus_ac47,0,21,bus_deshoprio_park,
bus_ac47,0,22,bus_lake_mall,
bus_ac47,0,23,bus_rashbihari_crossing,
bus_ac47,0,24,bus_mudiali,
bus_ac47,0,25,bus_rabindra_sarovar,
bus_ac47,0,26,bus_m_r_bangur_hospital,
bus_ac47,0,27,bus_tollygunge_metro,
bus_ac47,0,28,bus_nanu_babur_bazar,
bus_ac47,0,29,bus_shapooji_housing,
bus_ac47,1,1,bus_shapooji_housing,
bus_ac47,1,2,bus_nanu_babur_bazar,
bus_ac47,1,3,bus_tollygunge_metro,
bus_ac47,1,4,bus_m_r_bangur_hospital,
bus_ac47,1,5,bus_rabindra_sarovar,
bus_ac47,1,6,bus_mudiali,
bus_ac47,1,7,bus_rashbihari_crossing,
bus_ac47,1,8,bus_lake_mall,
bus_ac47,1,9,bus_deshoprio_park,
bus_ac47,1,10,bus_gariahat,
bus_ac47,1,11,bus_ballygaunj_station,
bus_ac47,1,12,bus_kasba,
bus_ac47,1,13,bus_acropolis_mall,
bus_ac47,1,14,bus_ruby_crossing,
bus_ac47,1,15,bus_fortis_hospital,
bus_ac47,1,16,bus_uttar_panchannagram,
bus_ac47,1,17,bus_science_city,
bus_ac47,1,18,bus_dhapa_mathpukur,
bus_ac47,1,19,bus_chingrighata,
bus_ac47,1,20,bus_sdf,
bus_ac47,1,21,bus_college_more,
bus_ac47,1,22,bus_technopolis,
bus_ac47,1,23,bus_dlf1,
bus_ac47,1,24,bus_newtown,
bus_ac47,1,25,bus_axis_mall,
bus_ac47,1,26,bus_narkelbagan,
bus_ac47,1,27,bus_tata_cancer_hospital,
bus_ac47,1,28,bus_unitech_gate_1,
bus_ac47,1,29,bus_kudghat_2,
bus_ac50a,0,1,bus_rajchandrapur_ballyhalt,
bus_ac50a,0,2,bus_ballyhalt,
bus_ac50a,0,3,bus_ballyghat,
bus_ac50a,0,4,bus_dakshineswar,
bus_ac50a,0,5,bus_dunlop,
bus_ac50a,0,6,bus_mathkal,
bus_ac50a,0,7,bus_durganagar,
bus_ac50a,0,8,bus_airport,
bus_ac50a,0,9,bus_kaikhali,
bus_ac50a,0,10,bus_haldiram,
bus_ac50a,0,11,bus_teghoria,
bus_ac50a,0,12,bus_baguihati,
bus_ac50a,0,13,bus_kestopur,
bus_ac50a,0,14,bus_dumdum_park,
bus_ac50a,0,15,bus_laketown,
bus_ac50a,0,16,bus_ultadanga_hudco,
bus_ac50a,0,17,bus_saltlake_gate,
bus_ac50a,0,18,bus_bengal_chemical,
bus_ac50a,0,19,bus_mani_square,
bus_ac50a,0,20,bus_apollo_hospital,
bus_ac50a,0,21,bus_swabhumi,
bus_ac50a,0,22,bus_saltlake_stadium,
bus_ac50a,0,23,bus_building_more,
bus_ac50a,0,24,bus_chingrighata,
bus_ac50a,0,25,bus_dhapa_mathpukur,
bus_ac50a,0,26,bus_science_city,
bus_ac50a,0,27,bus_uttar_panchannagram,
bus_ac50a,0,28,bus_vip_bazar,
bus_ac50a,0,29,bus_fortis_hospital,
bus_ac50a,0,30,bus_ruby_crossing,
bus_ac50a,0,31,bus_kalikapur,
bus_ac50a,0,32,bus_medica_hospital,
bus_ac50a,0,33,bus_mukundapur,
bus_ac50a,0,34,bus_ajaynagar,
bus_ac50a,0,35,bus_hiland_park,
bus_ac50a,0,36,bus_patuli,
bus_ac50a,0,37,bus_45_bus_stand,
bus_ac50a,0,38,bus_garia_bus_stand,
bus_ac50a,1,1,bus_garia_bus_stand,
bus_ac50a,1,2,bus_45_bus_stand,
bus_ac50a,1,3,bus_patuli,
bus_ac50a,1,4,bus_hiland_park,
bus_ac50a,1,5,bus_ajaynagar,
bus_ac50a,1,6,bus_mukundapur,
bus_ac50a,1,7,bus_medica_hospital,
bus_ac50a,1,8,bus_kalikapur,
bus_ac50a,1,9,bus_ruby_crossing,
bus_ac50a,1,10,bus_fortis_hospital,
bus_ac50a,1,11,bus_vip_bazar,
bus_ac50a,1,12,bus_uttar_panchannagram,
bus_ac50a,1,13,bus_science_city,
bus_ac50a,1,14,bus_dhapa_mathpukur,
bus_ac50a,1,15,bus_chingrighata,
bus_ac50a,1,16,bus_building_more,
bus_ac50a,1,17,bus_saltlake_stadium,
bus_ac50a,1,18,bus_swabhumi,
bus_ac50a,1,19,bus_apollo_hospital,
bus_ac50a,1,20,bus_mani_square,
bus_ac50a,1,21,bus_bengal_chemical,
bus_ac50a,1,22,bus_saltlake_gate,
bus_ac50a,1,23,bus_ultadanga_hudco,
bus_ac50a,1,24,bus_laketown,
bus_ac50a,1,25,bus_dumdum_park,
bus_ac50a,1,26,bus_kestopur,
bus_ac50a,1,27,bus_baguihati,
bus_ac50a,1,28,bus_teghoria,
bus_ac50a,1,29,bus_haldiram,
bus_ac50a,1,30,bus_kaikhali,
bus_ac50a,1,31,bus_airport,
bus_ac50a,1,32,bus_durganagar,
bus_ac50a,1,33,bus_mathkal,
bus_ac50a,1,34,bus_dunlop,
bus_ac50a,1,35,bus_dakshineswar,
bus_ac50a,1,36,bus_ballyghat,
bus_ac50a,1,37,bus_ballyhalt,
bus_ac50a,1,38,bus_rajchandrapur_ballyhalt,
bus_ac52,0,1,bus_amtala,
bus_ac52,0,2,bus_bishnupur_ps,
bus_ac52,0,3,bus_dhankal,
bus_ac52,0,4,bus_bagirhat,
bus_ac52,0,5,bus_khariberia,
bus_ac52,0,6,bus_bhasa_swami_narayan_temple,
bus_ac52,0,7,bus_pailan,
bus_ac52,0,8,bus_bharat_sevashram_hospital,
bus_ac52,0,9,bus_iim_joka,
bus_ac52,0,10,bus_joka_khalpole,
bus_ac52,0,11,bus_joka_esi,
bus_ac52,0,12,bus_thakurpukur_3a,
bus_ac52,0,13,bus_thakurpukur_bazar,
bus_ac52,0,14,bus_kadamtala,
bus_ac52,0,15,bus_sakher_bazar,
bus_ac52,0,16,bus_behala_chowrasta,
bus_ac52,0,17,bus_manton,
bus_ac52,0,18,bus_behala_14,
bus_ac52,0,19,bus_taratala,
bus_ac52,0,20,bus_majherhat,
bus_ac52,0,21,bus_mominpur,
bus_ac52,0,22,bus_ekbalpur,
bus_ac52,0,23,bus_khiderpur,
bus_ac52,0,24,bus_hastings,
bus_ac52,0,25,bus_fort_william,
bus_ac52,0,26,bus_esplanade,
bus_ac52,0,27,bus_dalhousie,
bus_ac52,0,28,bus_gpo,
bus_ac52,0,29,bus_shipping_corporation,
bus_ac52,0,30,bus_burrabazar,
bus_ac52,0,31,bus_howrah_station,
bus_ac52,1,1,bus_howrah_station,
bus_ac52,1,2,bus_burrabazar,
bus_ac52,1,3,bus_shipping_corporation,
bus_ac52,1,4,bus_gpo,
bus_ac52,1,5,bus_dalhousie,
bus_ac52,1,6,bus_esplanade,
bus_ac52,1,7,bus_fort_william,
bus_ac52,1,8,bus_hastings,
bus_ac52,1,9,bus_khiderpur,
bus_ac52,1,10,bus_ekbalpur,
bus_ac52,1,11,bus_mominpur,
bus_ac52,1,12,bus_majherhat,
bus_ac52,1,13,bus_taratala,
bus_ac52,1,14,bus_behala_14,
bus_ac52,1,15,bus_manton,
bus_ac52,1,16,bus_behala_chowrasta,
bus_ac52,1,17,bus_sakher_bazar,
bus_ac52,1,18,bus_kadamtala,
bus_ac52,1,19,bus_thakurpukur_bazar,
bus_ac52,1,20,bus_thakurpukur_3a,
bus_ac52,1,21,bus_joka_esi,
bus_ac52,1,22,bus_joka_khalpole,
bus_ac52,1,23,bus_iim_joka,
bus_ac52,1,24,bus_bharat_sevashram_hospital,
bus_ac52,1,25,bus_pailan,
bus_ac52,1,26,bus_bhasa_swami_narayan_temple,
bus_ac52,1,27,bus_khariberia,
bus_ac52,1,28,bus_bagirhat,
bus_ac52,1,29,bus_dhankal,
bus_ac52,1,30,bus_bishnupur_ps,
bus_ac52,1,31,bus_amtala,
bus_c2a,0,1,bus_tollygunge,
bus_c2a,0,2,bus_tollygunge_phari,
bus_c2a,0,3,bus_rabindra_sarovar,
bus_c2a,0,4,bus_rashbehari,
bus_c2a,0,5,bus_deshapriya_park,
bus_c2a,0,6,bus_gariahat,
bus_c2a,0,7,bus_ballygunge_station,
bus_c2a,0,8,bus_kasba_ps,
bus_c2a,0,9,bus_bosepukur,
bus_c2a,0,10,bus_ruby_hospital,
bus_c2a,0,11,bus_vip_bazar,
bus_c2a,0,12,bus_uttar_panchannagram,
bus_c2a,0,13,bus_science_city,
bus_c2a,0,14,bus_chowbaga,
bus_c2a,0,15,bus_bantala_bazar,
bus_c2a,0,16,bus_leather_complex,
bus_c2a,0,17,bus_kantatala,
bus_c2a,0,18,bus_bhojerhat,
bus_c2a,0,19,bus_paglarhat,
bus_c2a,0,20,bus_boralighat,
bus_c2a,0,21,bus_nalmuri,
bus_c2a,0,22,bus_ghatatkpukur,
bus_c2a,1,1,bus_ghatatkpukur,
bus_c2a,1,2,bus_nalmuri,
bus_c2a,1,3,bus_boralighat,
bus_c2a,1,4,bus_paglarhat,
bus_c2a,1,5,bus_bhojerhat,
bus_c2a,1,6,bus_kantatala,
bus_c2a,1,7,bus_leather_complex,
bus_c2a,1,8,bus_bantala_bazar,
bus_c2a,1,9,bus_chowbaga,
bus_c2a,1,10,bus_science_city,
bus_c2a,1,11,bus_uttar_panchannagram,
bus_c2a,1,12,bus_vip_bazar,
bus_c2a,1,13,bus_ruby_hospital,
bus_c2a,1,14,bus_bosepukur,
bus_c2a,1,15,bus_kasba_ps,
bus_c2a,1,16,bus_ballygunge_station,
bus_c2a,1,17,bus_gariahat,
bus_c2a,1,18,bus_deshapriya_park,
bus_c2a,1,19,bus_rashbehari,
bus_c2a,1,20,bus_rabindra_sarovar,
bus_c2a,1,21,bus_tollygunge_phari,
bus_c2a,1,22,bus_tollygunge,
bus_c7,0,1,bus_howrah,
bus_c7,0,2,bus_barabazar,
bus_c7,0,3,bus_dalhousie,
bus_c7,0,4,bus_esplanade,
bus_c7,0,5,bus_babughat,
bus_c7,0,6,bus_princep_ghat,
bus_c7,0,7,bus_hastings,
bus_c7,0,8,bus_kidderpore,
bus_c7,0,9,bus_babubazar,
bus_c7,0,10,bus_bnr_more,
bus_c7,0,11,bus_muduali,
bus_c7,0,12,bus_kachhi_sarab,
bus_c7,0,13,bus_garden_reach,
bus_c7,0,14,bus_ramnagar,
bus_c7,0,15,bus_fatehpur_2,
bus_c7,0,16,bus_h_m_ghosh_college,
bus_c7,1,1,bus_h_m_ghosh_college,
bus_c7,1,2,bus_fatehpur_2,
bus_c7,1,3,bus_ramnagar,
bus_c7,1,4,bus_garden_reach,
bus_c7,1,5,bus_kachhi_sarab,
bus_c7,1,6,bus_muduali,
bus_c7,1,7,bus_bnr_more,
bus_c7,1,8,bus_babubazar,
bus_c7,1,9,bus_kidderpore,
bus_c7,1,10,bus_hastings,
bus_c7,1,11,bus_princep_ghat,
bus_c7,1,12,bus_babughat,
bus_c7,1,13,bus_esplanade,
bus_c7,1,14,bus_dalhousie,
bus_c7,1,15,bus_barabazar,
bus_c7,1,16,bus_howrah,
bus_c8,0,1,bus_barasat_kazipara_depot,
bus_c8,0,2,bus_champadali,
bus_c8,0,3,bus_dakbunglow_more,
bus_c8,0,4,bus_hridaypur,
bus_c8,0,5,bus_madhyamgram,
bus_c8,0,6,bus_doltola,
bus_c8,0,7,bus_b_t_college,
bus_c8,0,8,bus_birati,
bus_c8,0,9,bus_airport_3_gate,
bus_c8,0,10,bus_airport_gate_no_1,
bus_c8,0,11,bus_haldiram,
bus_c8,0,12,bus_chinar_park,
bus_c8,0,13,bus_city_centre_2,
bus_c8,0,14,bus_eco_park,
bus_c8,0,15,bus_narkelbagan,
bus_c8,0,16,bus_axis_mall,
bus_c8,0,17,bus_newtown,
bus_c8,0,18,bus_dlf1,
bus_c8,0,19,bus_techonopolis,
bus_c8,0,20,bus_college_more,
bus_c8,0,21,bus_sdf,
bus_c8,0,22,bus_chingrighata,
bus_c8,0,23,bus_dhapa_mathpukur,
bus_c8,0,24,bus_science_city,
bus_c8,0,25,bus_uttar_panchannagram,
bus_c8,0,26,bus_vip_bazar,
bus_c8,0,27,bus_fortis_hospital,
bus_c8,0,28,bus_ruby,
bus_c8,0,29,bus_acropolis,
bus_c8,0,30,bus_kasba,
bus_c8,0,31,bus_ballygunge_station,
bus_c8,0,32,bus_gariahat,
bus_c8,0,33,bus_deshoprio_park,
bus_c8,0,34,bus_rashbihari_crossing,
bus_c8,0,35,bus_tollygunge_phari,
bus_c8,0,36,bus_bangur_hospital,
bus_c8,0,37,bus_tollygunj_tram_depot,
bus_c8,0,38,bus_tollygunj_karunamoyee,
bus_c8,0,39,bus_kabardanga,
bus_c8,0,40,bus_thakurpukur_cancer_hospital,
bus_c8,0,41,bus_thakurpukur_3a,
bus_c8,0,42,bus_joka_esi_hospital,
bus_c8,0,43,bus_joka_tram_depot,
bus_c8,1,1,bus_joka_tram_depot,
bus_c8,1,2,bus_joka_esi_hospital,
bus_c8,1,3,bus_thakurpukur_3a,
bus_c8,1,4,bus_thakurpukur_cancer_hospital,
bus_c8,1,5,bus_kabardanga,
bus_c8,1,6,bus_tollygunj_karunamoyee,
bus_c8,1,7,bus_tollygunj_tram_depot,
bus_c8,1,8,bus_bangur_hospital,
bus_c8,1,9,bus_tollygunge_phari,
bus_c8,1,10,bus_rashbihari_crossing,
bus_c8,1,11,bus_deshoprio_park,
bus_c8,1,12,bus_gariahat,
bus_c8,1,13,bus_ballygunge_station,
bus_c8,1,14,bus_kasba,
bus_c8,1,15,bus_acropolis,
bus_c8,1,16,bus_ruby,
bus_c8,1,17,bus_fortis_hospital,
bus_c8,1,18,bus_vip_bazar,
bus_c8,1,19,bus_uttar_panchannagram,
bus_c8,1,20,bus_science_city,
bus_c8,1,21,bus_dhapa_mathpukur,
bus_c8,1,22,bus_chingrighata,
bus_c8,1,23,bus_sdf,
bus_c8,1,24,bus_college_more,
bus_c8,1,25,bus_techonopolis,
bus_c8,1,26,bus_dlf1,
bus_c8,1,27,bus_newtown,
bus_c8,1,28,bus_axis_mall,
bus_c8,1,29,bus_narkelbagan,
bus_c8,1,30,bus_eco_park,
bus_c8,1,31,bus_city_centre_2,
bus_c8,1,32,bus_chinar_park,
bus_c8,1,33,bus_haldiram,
bus_c8,1,34,bus_airport_gate_no_1,
bus_c8,1,35,bus_airport_3_gate,
bus_c8,1,36,bus_birati,
bus_c8,1,37,bus_b_t_college,
bus_c8,1,38,bus_doltola,
bus_c8,1,39,bus_madhyamgram,
bus_c8,1,40,bus_hridaypur,
bus_c8,1,41,bus_dakbunglow_more,
bus_c8,1,42,bus_champadali,
bus_c8,1,43,bus_barasat_kazipara_depot,
bus_c23,0,1,bus_dankuni_housing,
bus_c23,0,2,bus_maiti_para,
bus_c23,0,3,bus_rajchandrapur,
bus_c23,0,4,bus_ballyhalt,
bus_c23,0,5,bus_ballyghat,
bus_c23,0,6,bus_dunlop,
bus_c23,0,7,bus_mathkal,
bus_c23,0,8,bus_airport_gate_3,
bus_c23,0,9,bus_airport_gate_1,
bus_c23,0,10,bus_haldiram,
bus_c23,0,11,bus_chinar_park,
bus_c23,0,12,bus_city_centre_2,
bus_c23,0,13,bus_eco_park,
bus_c23,0,14,bus_narkelbagan,
bus_c23,0,15,bus_axis_mall,
bus_c23,0,16,bus_newtown_bus_stand,
bus_c23,0,17,bus_dlf1,
bus_c23,0,18,bus_techonopolis,
bus_c23,0,19,bus_college_more,
bus_c23,0,20,bus_sdf,
bus_c23,0,21,bus_chingrighata,
bus_c23,0,22,bus_dhapa_mathpukur,
bus_c23,0,23,bus_science_city,
bus_c23,0,24,bus_topsia,
bus_c23,0,25,bus_park_circus_4_number_bridge,
bus_c23,0,26,bus_park_circus_station,
bus_c23,0,27,bus_park_circus_tram_depot,
bus_c23,1,1,bus_park_circus_tram_depot,
bus_c23,1,2,bus_park_circus_station,
bus_c23,1,3,bus_park_circus_4_number_bridge,
bus_c23,1,4,bus_topsia,
bus_c23,1,5,bus_science_city,
bus_c23,1,6,bus_dhapa_mathpukur,
bus_c23,1,7,bus_chingrighata,
bus_c23,1,8,bus_sdf,
bus_c23,1,9,bus_college_more,
bus_c23,1,10,bus_techonopolis,
bus_c23,1,11,bus_dlf1,
bus_c23,1,12,bus_newtown_bus_stand,
bus_c23,1,13,bus_axis_mall,
bus_c23,1,14,bus_narkelbagan,
bus_c23,1,15,bus_eco_park,
bus_c23,1,16,bus_city_centre_2,
bus_c23,1,17,bus_chinar_park,
bus_c23,1,18,bus_haldiram,
bus_c23,1,19,bus_airport_gate_1,
bus_c23,1,20,bus_airport_gate_3,
bus_c23,1,21,bus_mathkal,
bus_c23,1,22,bus_dunlop,
bus_c23,1,23,bus_ballyghat,
bus_c23,1,24,bus_ballyhalt,
bus_c23,1,25,bus_rajchandrapur,
bus_c23,1,26,bus_maiti_para,
bus_c23,1,27,bus_dankuni_housing,
bus_c24,0,1,bus_rajabazar,
bus_c24,0,2,bus_college_street,
bus_c24,0,3,bus_m_g_road,
bus_c24,0,4,bus_central,
bus_c24,0,5,bus_burrabazar,
bus_c24,0,6,bus_howrah,
bus_c24,1,1,bus_howrah,
bus_c24,1,2,bus_burrabazar,
bus_c24,1,3,bus_central,
bus_c24,1,4,bus_m_g_road,
bus_c24,1,5,bus_college_street,
bus_c24,1,6,bus_rajabazar,
bus_c26,0,1,bus_howrah_station,
bus_c26,0,2,bus_canning_street,
bus_c26,0,3,bus_tea_board,
bus_c26,0,4,bus_esplanade,
bus_c26,0,5,bus_chadni_chowk,
bus_c26,0,6,bus_wellington,
bus_c26,0,7,bus_moulali,
bus_c26,0,8,bus_entally,
bus_c26,0,9,bus_chittaranjan_hospital,
bus_c26,0,10,bus_park_circus_4_number,
bus_c26,0,11,bus_topsia,
bus_c26,0,12,bus_science_city,
bus_c26,0,13,bus_uttar_panchannagram,
bus_c26,0,14,bus_vip_bazar,
bus_c26,0,15,bus_fortis_hospital,
bus_c26,0,16,bus_ruby,
bus_c26,0,17,bus_kalikapur,
bus_c26,0,18,bus_mukundapur,
bus_c26,0,19,bus_ajoynagar,
bus_c26,0,20,bus_hiland_park,
bus_c26,0,21,bus_patuli,
bus_c26,0,22,bus_peerless_hosital,
bus_c26,0,23,bus_dhalai_bridge,
bus_c26,0,24,bus_kamalgazi,
bus_c26,0,25,bus_narendrapur_ramkrishna_mission,
bus_c26,0,26,bus_rajpur,
bus_c26,0,27,bus_chowhati,
bus_c26,0,28,bus_harinavi,
bus_c26,0,29,bus_haritala,
bus_c26,0,30,bus_malncha,
bus_c26,0,31,bus_gobindopur,
bus_c26,0,32,bus_antara_mental_hospital,
bus_c26,0,33,bus_khasmallick,
bus_c26,0,34,bus_jogi_battala,
bus_c26,0,35,bus_padmapukur_more,
bus_c26,0,36,bus_baruipur_station,
bus_c26,0,37,bus_kachari_bazar,
bus_c26,0,38,bus_baruipur_hospital,
bus_c26,0,39,bus_sibanipith,
bus_c26,0,40,bus_puratan_bazar,
bus_c26,0,41,bus_baruipur_fultala_central_terminus,
bus_c26,1,1,bus_baruipur_fultala_central_terminus,
bus_c26,1,2,bus_puratan_bazar,
bus_c26,1,3,bus_sibanipith,
bus_c26,1,4,bus_baruipur_hospital,
bus_c26,1,5,bus_kachari_bazar,
bus_c26,1,6,bus_baruipur_station,
bus_c26,1,7,bus_padmapukur_more,
bus_c26,1,8,bus_jogi_battala,
bus_c26,1,9,bus_khasmallick,
bus_c26,1,10,bus_antara_mental_hospital,
bus_c26,1,11,bus_gobindopur,
bus_c26,1,12,bus_malncha,
bus_c26,1,13,bus_haritala,
bus_c26,1,14,bus_harinavi,
bus_c26,1,15,bus_chowhati,
bus_c26,1,16,bus_rajpur,
bus_c26,1,17,bus_narendrapur_ramkrishna_mission,
bus_c26,1,18,bus_kamalgazi,
bus_c26,1,19,bus_dhalai_bridge,
bus_c26,1,20,bus_peerless_hosital,
bus_c26,1,21,bus_patuli,
bus_c26,1,22,bus_hiland_park,
bus_c26,1,23,bus_ajoynagar,
bus_c26,1,24,bus_mukundapur,
bus_c26,1,25,bus_kalikapur,
bus_c26,1,26,bus_ruby,
bus_c26,1,27,bus_fortis_hospital,
bus_c26,1,28,bus_vip_bazar,
bus_c26,1,29,bus_uttar_panchannagram,
bus_c26,1,30,bus_science_city,
bus_c26,1,31,bus_topsia,
bus_c26,1,32,bus_park_circus_4_number,
bus_c26,1,33,bus_chittaranjan_hospital,
bus_c26,1,34,bus_entally,
bus_c26,1,35,bus_moulali,
bus_c26,1,36,bus_wellington,
bus_c26,1,37,bus_chadni_chowk,
bus_c26,1,38,bus_esplanade,
bus_c26,1,39,bus_tea_board,
bus_c26,1,40,bus_canning_street,
bus_c26,1,41,bus_howrah_station,
bus_c28,0,1,bus_howrah_station,
bus_c28,0,2,bus_m_g_road,
bus_c28,0,3,bus_girish_park,
bus_c28,0,4,bus_sova_bajar_metro,
bus_c28,0,5,bus_shyambazar,
bus_c28,0,6,bus_chria_more_dumdum,
bus_c28,0,7,bus_sinthi,
bus_c28,0,8,bus_tobin_road,
bus_c28,0,9,bus_dunlop,
bus_c28,0,10,bus_rathtala,
bus_c28,0,11,bus_kamarhati,
bus_c28,0,12,bus_sodepur,
bus_c28,0,13,bus_khardaha,
bus_c28,0,14,bus_titagarh_bajar,
bus_c28,0,15,bus_barrackpore_talpukur,
bus_c28,0,16,bus_chiria_more_barrackpore,
bus_c28,0,17,bus_north_gate,
bus_c28,0,18,bus_mistry_gate,
bus_c28,0,19,bus_barrackpore_court,
bus_c28,1,1,bus_barrackpore_court,
bus_c28,1,2,bus_mistry_gate,
bus_c28,1,3,bus_north_gate,
bus_c28,1,4,bus_chiria_more_barrackpore,
bus_c28,1,5,bus_barrackpore_talpukur,
bus_c28,1,6,bus_titagarh_bajar,
bus_c28,1,7,bus_khardaha,
bus_c28,1,8,bus_sodepur,
bus_c28,1,9,bus_kamarhati,
bus_c28,1,10,bus_rathtala,
bus_c28,1,11,bus_dunlop,
bus_c28,1,12,bus_tobin_road,
bus_c28,1,13,bus_sinthi,
bus_c28,1,14,bus_chria_more_dumdum,
bus_c28,1,15,bus_shyambazar,
bus_c28,1,16,bus_sova_bajar_metro,
bus_c28,1,17,bus_girish_park,
bus_c28,1,18,bus_m_g_road,
bus_c28,1,19,bus_howrah_station,
bus_c29,0,1,bus_barrackpur,
bus_c29,0,2,bus_barrackpore_chiriamore,
bus_c29,0,3,bus_barrackpore_station,
bus_c29,0,4,bus_subhash_colony,
bus_c29,0,5,bus_wireless_more,
bus_c29,0,6,bus_mohanpur,
bus_c29,0,7,bus_debpukur,
bus_c29,0,8,bus_chapuria,
bus_c29,0,9,bus_mathrangi,
bus_c29,0,10,bus_neelgunge,
bus_c29,0,11,bus_rangapur,
bus_c29,0,12,bus_kokapur,
bus_c29,0,13,bus_jagannathpur,
bus_c29,0,14,bus_barbaria,
bus_c29,0,15,bus_barasat,
bus_c29,1,1,bus_barasat,
bus_c29,1,2,bus_barbaria,
bus_c29,1,3,bus_jagannathpur,
bus_c29,1,4,bus_kokapur,
bus_c29,1,5,bus_rangapur,
bus_c29,1,6,bus_neelgunge,
bus_c29,1,7,bus_mathrangi,
bus_c29,1,8,bus_chapuria,
bus_c29,1,9,bus_debpukur,
bus_c29,1,10,bus_mohanpur,
bus_c29,1,11,bus_wireless_more,
bus_c29,1,12,bus_subhash_colony,
bus_c29,1,13,bus_barrackpore_station,
bus_c29,1,14,bus_barrackpore_chiriamore,
bus_c29,1,15,bus_barrackpur,
bus_c31,0,1,bus_karunamoyee,
bus_c31,0,2,bus_sdf,
bus_c31,0,3,bus_technopolis,
bus_c31,0,4,bus_rabindra_tirtha,
bus_c31,0,5,bus_nawabpur,
bus_c31,0,6,bus_chiner_park,
bus_c31,0,7,bus_airport,
bus_c31,0,8,bus_durganagar,
bus_c31,0,9,bus_nimta,
bus_c31,0,10,bus_dakshineswar,
bus_c31,0,11,bus_ballyghat,
bus_c31,0,12,bus_belurmath,
bus_c31,0,13,bus_bhattanagar,
bus_c31,1,1,bus_bhattanagar,
bus_c31,1,2,bus_belurmath,
bus_c31,1,3,bus_ballyghat,
bus_c31,1,4,bus_dakshineswar,
bus_c31,1,5,bus_nimta,
bus_c31,1,6,bus_durganagar,
bus_c31,1,7,bus_airport,
bus_c31,1,8,bus_chiner_park,
bus_c31,1,9,bus_nawabpur,
bus_c31,1,10,bus_rabindra_tirtha,
bus_c31,1,11,bus_technopolis,
bus_c31,1,12,bus_sdf,
bus_c31,1,13,bus_karunamoyee,
bus_c36,0,1,bus_rajabazar_tram_depot,
bus_c36,0,2,bus_sealdah_station,
bus_c36,0,3,bus_bowbazar,
bus_c36,0,4,bus_central,
bus_c36,0,5,bus_lal_bazar,
bus_c36,0,6,bus_bbd_bag,
bus_c36,0,7,bus_esplanade,
bus_c36,0,8,bus_park_street,
bus_c36,0,9,bus_rabindra_sadan,
bus_c36,0,10,bus_pts,
bus_c36,0,11,bus_hastings,
bus_c36,0,12,bus_toll_tax,
bus_c36,0,13,bus_bakultala,
bus_c36,0,14,bus_hanskhali,
bus_c36,0,15,bus_chandmari,
bus_c36,1,1,bus_chandmari,
bus_c36,1,2,bus_hanskhali,
bus_c36,1,3,bus_bakultala,
bus_c36,1,4,bus_toll_tax,
bus_c36,1,5,bus_hastings,
bus_c36,1,6,bus_pts,
bus_c36,1,7,bus_rabindra_sadan,
bus_c36,1,8,bus_park_street,
bus_c36,1,9,bus_esplanade,
bus_c36,1,10,bus_bbd_bag,
bus_c36,1,11,bus_lal_bazar,
bus_c36,1,12,bus_central,
bus_c36,1,13,bus_bowbazar,
bus_c36,1,14,bus_sealdah_station,
bus_c36,1,15,bus_rajabazar_tram_depot,
bus_c37,0,1,bus_howrah_station,
bus_c37,0,2,bus_canning_street,
bus_c37,0,3,bus_tea_board,
bus_c37,0,4,bus_esplanade,
bus_c37,0,5,bus_babughat,
bus_c37,0,6,bus_princep_ghat,
bus_c37,0,7,bus_hastings,
bus_c37,0,8,bus_khiderpur,
bus_c37,0,9,bus_ekbalpur,
bus_c37,0,10,bus_mominpur,
bus_c37,0,11,bus_majherhat,
bus_c37,0,12,bus_taratala,
bus_c37,0,13,bus_behala_14_number,
bus_c37,0,14,bus_behala_chowrasta,
bus_c37,0,15,bus_sakherbzar,
bus_c37,0,16,bus_shilpara,
bus_c37,0,17,bus_thakurpukur_bazar_thakurpukur_3a,
bus_c37,0,18,bus_joka_tram_depot,
bus_c37,0,19,bus_joka_esi,
bus_c37,0,20,bus_joka_khalpole,
bus_c37,0,21,bus_iim_joka,
bus_c37,0,22,bus_bharat_sevashram_hospital,
bus_c37,0,23,bus_pailan,
bus_c37,0,24,bus_bhasa_swami_narayan_temple,
bus_c37,0,25,bus_bishnupur_ps,
bus_c37,0,26,bus_amtala,
bus_c37,1,1,bus_amtala,
bus_c37,1,2,bus_bishnupur_ps,
bus_c37,1,3,bus_bhasa_swami_narayan_temple,
bus_c37,1,4,bus_pailan,
bus_c37,1,5,bus_bharat_sevashram_hospital,
bus_c37,1,6,bus_iim_joka,
bus_c37,1,7,bus_joka_khalpole,
bus_c37,1,8,bus_joka_esi,
bus_c37,1,9,bus_joka_tram_depot,
bus_c37,1,10,bus_thakurpukur_bazar_thakurpukur_3a,
bus_c37,1,11,bus_shilpara,
bus_c37,1,12,bus_sakherbzar,
bus_c37,1,13,bus_behala_chowrasta,
bus_c37,1,14,bus_behala_14_number,
bus_c37,1,15,bus_taratala,
bus_c37,1,16,bus_majherhat,
bus_c37,1,17,bus_mominpur,
bus_c37,1,18,bus_ekbalpur,
bus_c37,1,19,bus_khiderpur,
bus_c37,1,20,bus_hastings,
bus_c37,1,21,bus_princep_ghat,
bus_c37,1,22,bus_babughat,
bus_c37,1,23,bus_esplanade,
bus_c37,1,24,bus_tea_board,
bus_c37,1,25,bus_canning_street,
bus_c37,1,26,bus_howrah_station,
bus_c42,0,1,bus_ganganagar,
bus_c42,0,2,bus_b_t_college,
bus_c42,0,3,bus_mickel_nagar,
bus_c42,0,4,bus_birati,
bus_c42,0,5,bus_airport_1_no_gate,
bus_c42,0,6,bus_kaikhali,
bus_c42,0,7,bus_baguiati,
bus_c42,0,8,bus_kestopur,
bus_c42,0,9,bus_laketown,
bus_c42,0,10,bus_ultadanga,
bus_c42,0,11,bus_kankurgachi,
bus_c42,0,12,bus_maniktala,
bus_c42,0,13,bus_rajabazar,
bus_c42,0,14,bus_sealdha,
bus_c42,0,15,bus_bank_of_india,
bus_c42,0,16,bus_bowbazar,
bus_c42,0,17,bus_central_avenue,
bus_c42,0,18,bus_bbd_bag,
bus_c42,0,19,bus_gpo,
bus_c42,0,20,bus_stand_road,
bus_c42,0,21,bus_howrah,
bus_c42,1,1,bus_howrah,
bus_c42,1,2,bus_stand_road,
bus_c42,1,3,bus_gpo,
bus_c42,1,4,bus_bbd_bag,
bus_c42,1,5,bus_central_avenue,
bus_c42,1,6,bus_bowbazar,
bus_c42,1,7,bus_bank_of_india,
bus_c42,1,8,bus_sealdha,
bus_c42,1,9,bus_rajabazar,
bus_c42,1,10,bus_maniktala,
bus_c42,1,11,bus_kankurgachi,
bus_c42,1,12,bus_ultadanga,
bus_c42,1,13,bus_laketown,
bus_c42,1,14,bus_kestopur,
bus_c42,1,15,bus_baguiati,
bus_c42,1,16,bus_kaikhali,
bus_c42,1,17,bus_airport_1_no_gate,
bus_c42,1,18,bus_birati,
bus_c42,1,19,bus_mickel_nagar,
bus_c42,1,20,bus_b_t_college,
bus_c42,1,21,bus_ganganagar,
bus_c43,0,1,bus_habra_wbtc_depot,
bus_c43,0,2,bus_habra_rail_station,
bus_c43,0,3,bus_ashoknagar,
bus_c43,0,4,bus_guma,
bus_c43,0,5,bus_bira,
bus_c43,0,6,bus_duttapukur,
bus_c43,0,7,bus_banungachi_station_road,
bus_c43,0,8,bus_barasat_champadali,
bus_c43,0,9,bus_hridaypur,
bus_c43,0,10,bus_madhyamgram,
bus_c43,0,11,bus_doltola,
bus_c43,0,12,bus_b_t_college,
bus_c43,0,13,bus_birati_more,
bus_c43,0,14,bus_airport_gate_3,
bus_c43,0,15,bus_airport_gate_1,
bus_c43,0,16,bus_haldiram,
bus_c43,0,17,bus_chinar_park,
bus_c43,0,18,bus_city_centre_2,
bus_c43,0,19,bus_eco_park,
bus_c43,0,20,bus_narkelbagan,
bus_c43,0,21,bus_newtown,
bus_c43,0,22,bus_dlf1,
bus_c43,0,23,bus_techonopolis,
bus_c43,0,24,bus_college_more,
bus_c43,0,25,bus_sdf,
bus_c43,0,26,bus_chingrighata,
bus_c43,0,27,bus_dhapa_mathpukur,
bus_c43,0,28,bus_science_city,
bus_c43,0,29,bus_uttar_panchannagram,
bus_c43,0,30,bus_fortis,
bus_c43,0,31,bus_ruby,
bus_c43,0,32,bus_kalikapur,
bus_c43,0,33,bus_mukundapur,
bus_c43,0,34,bus_ajoynagar,
bus_c43,0,35,bus_hiland_park,
bus_c43,0,36,bus_patuli,
bus_c43,0,37,bus_45_bus_stand,
bus_c43,0,38,bus_garia_bus_stand,
bus_c43,1,1,bus_garia_bus_stand,
bus_c43,1,2,bus_45_bus_stand,
bus_c43,1,3,bus_patuli,
bus_c43,1,4,bus_hiland_park,
bus_c43,1,5,bus_ajoynagar,
bus_c43,1,6,bus_mukundapur,
bus_c43,1,7,bus_kalikapur,
bus_c43,1,8,bus_ruby,
bus_c43,1,9,bus_fortis,
bus_c43,1,10,bus_uttar_panchannagram,
bus_c43,1,11,bus_science_city,
bus_c43,1,12,bus_dhapa_mathpukur,
bus_c43,1,13,bus_chingrighata,
bus_c43,1,14,bus_sdf,
bus_c43,1,15,bus_college_more,
bus_c43,1,16,bus_techonopolis,
bus_c43,1,17,bus_dlf1,
bus_c43,1,18,bus_newtown,
bus_c43,1,19,bus_narkelbagan,
bus_c43,1,20,bus_eco_park,
bus_c43,1,21,bus_city_centre_2,
bus_c43,1,22,bus_chinar_park,
bus_c43,1,23,bus_haldiram,
bus_c43,1,24,bus_airport_gate_1,
bus_c43,1,25,bus_airport_gate_3,
bus_c43,1,26,bus_birati_more,
bus_c43,1,27,bus_b_t_college,
bus_c43,1,28,bus_doltola,
bus_c43,1,29,bus_madhyamgram,
bus_c43,1,30,bus_hridaypur,
bus_c43,1,31,bus_barasat_champadali,
bus_c43,1,32,bus_banungachi_station_road,
bus_c43,1,33,bus_duttapukur,
bus_c43,1,34,bus_bira,
bus_c43,1,35,bus_guma,
bus_c43,1,36,bus_ashoknagar,
bus_c43,1,37,bus_habra_rail_station,
bus_c43,1,38,bus_habra_wbtc_depot,
bus_c46,0,1,bus_baruipur_2,
bus_c46,0,2,bus_hastings,
bus_c46,0,3,bus_watgangemore,
bus_c46,0,4,bus_taratala,
bus_c46,0,5,bus_behala_tram_depot,
bus_c46,0,6,bus_sakher_bazar,
bus_c46,0,7,bus_3a_bus_stand,
bus_c46,0,8,bus_pilan,
bus_c46,0,9,bus_kheriberia,
bus_c46,0,10,bus_amtala_3,
bus_c46,0,11,bus_rajarhat_2,
bus_c46,0,12,bus_tahelarampur_bazar,
bus_c46,0,13,bus_amratal,
bus_c46,0,14,bus_magurkhali_bridge,
bus_c46,0,15,bus_dhamua,
bus_c46,0,16,bus_basundharia,
bus_c46,0,17,bus_suryapur,
bus_c46,0,18,bus_ranabelia_ghat,
bus_c46,0,19,bus_nabanna,
bus_c46,1,1,bus_nabanna,
bus_c46,1,2,bus_ranabelia_ghat,
bus_c46,1,3,bus_suryapur,
bus_c46,1,4,bus_basundharia,
bus_c46,1,5,bus_dhamua,
bus_c46,1,6,bus_magurkhali_bridge,
bus_c46,1,7,bus_amratal,
bus_c46,1,8,bus_tahelarampur_bazar,
bus_c46,1,9,bus_rajarhat_2,
bus_c46,1,10,bus_amtala_3,
bus_c46,1,11,bus_kheriberia,
bus_c46,1,12,bus_pilan,
bus_c46,1,13,bus_3a_bus_stand,
bus_c46,1,14,bus_sakher_bazar,
bus_c46,1,15,bus_behala_tram_depot,
bus_c46,1,16,bus_taratala,
bus_c46,1,17,bus_watgangemore,
bus_c46,1,18,bus_hastings,
bus_c46,1,19,bus_baruipur_2,
bus_c48,0,1,bus_barasat_ecospace,
bus_c48,0,2,bus_madhyamgram,
bus_c48,0,3,bus_airport_1no,
bus_c48,0,4,bus_chinar_park,
bus_c48,0,5,bus_eco_park,
bus_c48,0,6,bus_aliah,
bus_c48,0,7,bus_ecospace,
bus_c48,0,8,bus_narkelbagan,
bus_c48,0,9,bus_newtown,
bus_c48,0,10,bus_sector_5,
bus_c48,0,11,bus_chingrighata,
bus_c48,0,12,bus_science_city,
bus_c48,0,13,bus_ruby,
bus_c48,0,14,bus_ajaynagar,
bus_c48,0,15,bus_peerless,
bus_c48,0,16,bus_patuli,
bus_c48,0,17,bus_garia,
bus_c48,0,18,bus_narendrapur,
bus_c48,0,19,bus_harinavi,
bus_c48,0,20,bus_padmapukur_2,
bus_c48,0,21,bus_baruipur,
bus_c48,1,1,bus_baruipur,
bus_c48,1,2,bus_padmapukur_2,
bus_c48,1,3,bus_harinavi,
bus_c48,1,4,bus_narendrapur,
bus_c48,1,5,bus_garia,
bus_c48,1,6,bus_patuli,
bus_c48,1,7,bus_peerless,
bus_c48,1,8,bus_ajaynagar,
bus_c48,1,9,bus_ruby,
bus_c48,1,10,bus_science_city,
bus_c48,1,11,bus_chingrighata,
bus_c48,1,12,bus_sector_5,
bus_c48,1,13,bus_newtown,
bus_c48,1,14,bus_narkelbagan,
bus_c48,1,15,bus_ecospace,
bus_c48,1,16,bus_aliah,
bus_c48,1,17,bus_eco_park,
bus_c48,1,18,bus_chinar_park,
bus_c48,1,19,bus_airport_1no,
bus_c48,1,20,bus_madhyamgram,
bus_c48,1,21,bus_barasat_ecospace,
bus_d17,0,1,bus_garia,
bus_d17,0,2,bus_jdavpur,
bus_d17,0,3,bus_anwar_shah_road,
bus_d17,0,4,bus_hazra_xing,
bus_d17,0,5,bus_rabindra_sadan,
bus_d17,0,6,bus_pts,
bus_d17,0,7,bus_toll_tax,
bus_d17,0,8,bus_carry_road,
bus_d17,0,9,bus_belepole,
bus_d17,0,10,bus_santragachi,
bus_d17,0,11,bus_kona_express,
bus_d17,0,12,bus_nh6,
bus_d17,0,13,bus_salap,
bus_d17,0,14,bus_kwic,
bus_d17,1,1,bus_kwic,
bus_d17,1,2,bus_salap,
bus_d17,1,3,bus_nh6,
bus_d17,1,4,bus_kona_express,
bus_d17,1,5,bus_santragachi,
bus_d17,1,6,bus_belepole,
bus_d17,1,7,bus_carry_road,
bus_d17,1,8,bus_toll_tax,
bus_d17,1,9,bus_pts,
bus_d17,1,10,bus_rabindra_sadan,
bus_d17,1,11,bus_hazra_xing,
bus_d17,1,12,bus_anwar_shah_road,
bus_d17,1,13,bus_jdavpur,
bus_d17,1,14,bus_garia,
bus_d1a,0,1,bus_barasat,
bus_d1a,0,2,bus_dackbanglow_more,
bus_d1a,0,3,bus_madhyamgram,
bus_d1a,0,4,bus_b_t_college,
bus_d1a,0,5,bus_airport,
bus_d1a,0,6,bus_baguiati,
bus_d1a,0,7,bus_birati_2,
bus_d1a,0,8,bus_kestopur,
bus_d1a,0,9,bus_laketown,
bus_d1a,0,10,bus_ultadanga,
bus_d1a,0,11,bus_em_byapss,
bus_d1a,0,12,bus_belaghata,
bus_d1a,0,13,bus_chingrighata,
bus_d1a,0,14,bus_science_city,
bus_d1a,0,15,bus_ruby,
bus_d1a,0,16,bus_gariahgat,
bus_d1a,0,17,bus_rashbihari,
bus_d1a,0,18,bus_tollygunge,
bus_d1a,1,1,bus_tollygunge,
bus_d1a,1,2,bus_rashbihari,
bus_d1a,1,3,bus_gariahgat,
bus_d1a,1,4,bus_ruby,
bus_d1a,1,5,bus_science_city,
bus_d1a,1,6,bus_chingrighata,
bus_d1a,1,7,bus_belaghata,
bus_d1a,1,8,bus_em_byapss,
bus_d1a,1,9,bus_ultadanga,
bus_d1a,1,10,bus_laketown,
bus_d1a,1,11,bus_kestopur,
bus_d1a,1,12,bus_birati_2,
bus_d1a,1,13,bus_baguiati,
bus_d1a,1,14,bus_airport,
bus_d1a,1,15,bus_b_t_college,
bus_d1a,1,16,bus_madhyamgram,
bus_d1a,1,17,bus_dackbanglow_more,
bus_d1a,1,18,bus_barasat,
bus_e1,0,1,bus_jadavpur_8b,
bus_e1,0,2,bus_jadavpur_university,
bus_e1,0,3,bus_dhakuria,
bus_e1,0,4,bus_golpark,
bus_e1,0,5,bus_southern_avenue,
bus_e1,0,6,bus_rashbihari,
bus_e1,0,7,bus_kalighat,
bus_e1,0,8,bus_hazra_more,
bus_e1,0,9,bus_bhowanipore,
bus_e1,0,10,bus_rabindra_sadan,
bus_e1,0,11,bus_maidan,
bus_e1,0,12,bus_park_street,
bus_e1,0,13,bus_esplanade,
bus_e1,0,14,bus_dalhousie,
bus_e1,0,15,bus_burrabazar,
bus_e1,0,16,bus_howrah_station,
bus_e1,1,1,bus_howrah_station,
bus_e1,1,2,bus_burrabazar,
bus_e1,1,3,bus_dalhousie,
bus_e1,1,4,bus_esplanade,
bus_e1,1,5,bus_park_street,
bus_e1,1,6,bus_maidan,
bus_e1,1,7,bus_rabindra_sadan,
bus_e1,1,8,bus_bhowanipore,
bus_e1,1,9,bus_hazra_more,
bus_e1,1,10,bus_kalighat,
bus_e1,1,11,bus_rashbihari,
bus_e1,1,12,bus_southern_avenue,
bus_e1,1,13,bus_golpark,
bus_e1,1,14,bus_dhakuria,
bus_e1,1,15,bus_jadavpur_university,
bus_e1,1,16,bus_jadavpur_8b,
bus_e4,0,1,bus_parnashree,
bus_e4,0,2,bus_taratala_depot,
bus_e4,0,3,bus_majherhat,
bus_e4,0,4,bus_mominpore,
bus_e4,0,5,bus_khiddirpur,
bus_e4,0,6,bus_hastings,
bus_e4,0,7,bus_fort_william,
bus_e4,0,8,bus_mayo_road,
bus_e4,0,9,bus_curzon_park,
bus_e4,0,10,bus_dalhousie,
bus_e4,0,11,bus_burrabazar,
bus_e4,0,12,bus_howrah_bus_stand_executive,
bus_e4,1,1,bus_howrah_bus_stand_executive,
bus_e4,1,2,bus_burrabazar,
bus_e4,1,3,bus_dalhousie,
bus_e4,1,4,bus_curzon_park,
bus_e4,1,5,bus_mayo_road,
bus_e4,1,6,bus_fort_william,
bus_e4,1,7,bus_hastings,
bus_e4,1,8,bus_khiddirpur,
bus_e4,1,9,bus_mominpore,
bus_e4,1,10,bus_majherhat,
bus_e4,1,11,bus_taratala_depot,
bus_e4,1,12,bus_parnashree,
bus_e32,0,1,bus_neilgunj,
bus_e32,0,2,bus_nilgunge_depot,
bus_e32,0,3,bus_mohanpur,
bus_e32,0,4,bus_lalkuthi,
bus_e32,0,5,bus_bkp,
bus_e32,0,6,bus_chiria_more_2,
bus_e32,0,7,bus_talpukur,
bus_e32,0,8,bus_titagarh_p_s,
bus_e32,0,9,bus_khardha,
bus_e32,0,10,bus_sukchar_manument,
bus_e32,0,11,bus_panihati,
bus_e32,0,12,bus_kamarhati,
bus_e32,0,13,bus_rathtala,
bus_e32,0,14,bus_dunlop,
bus_e32,0,15,bus_sinthee_more,
bus_e32,0,16,bus_shyambazar,
bus_e32,0,17,bus_gray_st,
bus_e32,0,18,bus_vivekananda_road,
bus_e32,0,19,bus_m_g_road,
bus_e32,0,20,bus_satya_narayan_park,
bus_e32,0,21,bus_howrah_bridge_east,
bus_e32,0,22,bus_howrah_station,
bus_e32,1,1,bus_howrah_station,
bus_e32,1,2,bus_howrah_bridge_east,
bus_e32,1,3,bus_satya_narayan_park,
bus_e32,1,4,bus_m_g_road,
bus_e32,1,5,bus_vivekananda_road,
bus_e32,1,6,bus_gray_st,
bus_e32,1,7,bus_shyambazar,
bus_e32,1,8,bus_sinthee_more,
bus_e32,1,9,bus_dunlop,
bus_e32,1,10,bus_rathtala,
bus_e32,1,11,bus_kamarhati,
bus_e32,1,12,bus_panihati,
bus_e32,1,13,bus_sukchar_manument,
bus_e32,1,14,bus_khardha,
bus_e32,1,15,bus_titagarh_p_s,
bus_e32,1,16,bus_talpukur,
bus_e32,1,17,bus_chiria_more_2,
bus_e32,1,18,bus_bkp,
bus_e32,1,19,bus_lalkuthi,
bus_e32,1,20,bus_mohanpur,
bus_e32,1,21,bus_nilgunge_depot,
bus_e32,1,22,bus_neilgunj,
bus_e36,0,1,bus_habra,
bus_e36,0,2,bus_ashoknagar,
bus_e36,0,3,bus_guma,
bus_e36,0,4,bus_bira,
bus_e36,0,5,bus_duttapukur,
bus_e36,0,6,bus_barasat,
bus_e36,0,7,bus_dackbanglow_more,
bus_e36,0,8,bus_madhyamgram,
bus_e36,0,9,bus_b_t_college,
bus_e36,0,10,bus_mickel_nagar,
bus_e36,0,11,bus_airport_1no,
bus_e36,0,12,bus_baguiati,
bus_e36,0,13,bus_kestopur,
bus_e36,0,14,bus_laketown,
bus_e36,0,15,bus_ultadanga,
bus_e36,0,16,bus_kankugachi,
bus_e36,0,17,bus_maniktala,
bus_e36,0,18,bus_girish_park,
bus_e36,0,19,bus_lal_bazar,
bus_e36,0,20,bus_esplanade,
bus_e36,0,21,bus_rabinrasadan,
bus_e36,0,22,bus_pts,
bus_e36,0,23,bus_toll_tax,
bus_e36,0,24,bus_carry_road,
bus_e36,0,25,bus_belepore,
bus_e36,0,26,bus_santragachi,
bus_e36,1,1,bus_santragachi,
bus_e36,1,2,bus_belepore,
bus_e36,1,3,bus_carry_road,
bus_e36,1,4,bus_toll_tax,
bus_e36,1,5,bus_pts,
bus_e36,1,6,bus_rabinrasadan,
bus_e36,1,7,bus_esplanade,
bus_e36,1,8,bus_lal_bazar,
bus_e36,1,9,bus_girish_park,
bus_e36,1,10,bus_maniktala,
bus_e36,1,11,bus_kankugachi,
bus_e36,1,12,bus_ultadanga,
bus_e36,1,13,bus_laketown,
bus_e36,1,14,bus_kestopur,
bus_e36,1,15,bus_baguiati,
bus_e36,1,16,bus_airport_1no,
bus_e36,1,17,bus_mickel_nagar,
bus_e36,1,18,bus_b_t_college,
bus_e36,1,19,bus_madhyamgram,
bus_e36,1,20,bus_dackbanglow_more,
bus_e36,1,21,bus_barasat,
bus_e36,1,22,bus_duttapukur,
bus_e36,1,23,bus_bira,
bus_e36,1,24,bus_guma,
bus_e36,1,25,bus_ashoknagar,
bus_e36,1,26,bus_habra,
bus_e_36_spl,0,1,bus_barasat,
bus_e_36_spl,0,2,bus_dackbanglow_more,
bus_e_36_spl,0,3,bus_madhyamgram,
bus_e_36_spl,0,4,bus_b_t_college,
bus_e_36_spl,0,5,bus_birati,
bus_e_36_spl,0,6,bus_airport,
bus_e_36_spl,0,7,bus_baguiati,
bus_e_36_spl,0,8,bus_kestopur,
bus_e_36_spl,0,9,bus_laketown,
bus_e_36_spl,0,10,bus_ultadanga,
bus_e_36_spl,0,11,bus_kankugachi,
bus_e_36_spl,0,12,bus_maniktala,
bus_e_36_spl,0,13,bus_girish_park,
bus_e_36_spl,0,14,bus_lal_bazar,
bus_e_36_spl,0,15,bus_esplanade,
bus_e_36_spl,0,16,bus_pts,
bus_e_36_spl,0,17,bus_carry_road,
bus_e_36_spl,0,18,bus_belepole,
bus_e_36_spl,0,19,bus_santragachi,
bus_e_36_spl,1,1,bus_santragachi,
bus_e_36_spl,1,2,bus_belepole,
bus_e_36_spl,1,3,bus_carry_road,
bus_e_36_spl,1,4,bus_pts,
bus_e_36_spl,1,5,bus_esplanade,
bus_e_36_spl,1,6,bus_lal_bazar,
bus_e_36_spl,1,7,bus_girish_park,
bus_e_36_spl,1,8,bus_maniktala,
bus_e_36_spl,1,9,bus_kankugachi,
bus_e_36_spl,1,10,bus_ultadanga,
bus_e_36_spl,1,11,bus_laketown,
bus_e_36_spl,1,12,bus_kestopur,
bus_e_36_spl,1,13,bus_baguiati,
bus_e_36_spl,1,14,bus_airport,
bus_e_36_spl,1,15,bus_birati,
bus_e_36_spl,1,16,bus_b_t_college,
bus_e_36_spl,1,17,bus_madhyamgram,
bus_e_36_spl,1,18,bus_dackbanglow_more,
bus_e_36_spl,1,19,bus_barasat,
bus_e_37a,0,1,bus_barasat,
bus_e_37a,0,2,bus_dackbanglow_more,
bus_e_37a,0,3,bus_madhyamgram,
bus_e_37a,0,4,bus_b_t_college,
bus_e_37a,0,5,bus_birati,
bus_e_37a,0,6,bus_airport,
bus_e_37a,0,7,bus_baguiati,
bus_e_37a,0,8,bus_kestopur,
bus_e_37a,0,9,bus_laketown,
bus_e_37a,0,10,bus_ultadanga,
bus_e_37a,0,11,bus_kankugachi,
bus_e_37a,0,12,bus_maniktala,
bus_e_37a,0,13,bus_girish_park,
bus_e_37a,0,14,bus_lal_bazar,
bus_e_37a,0,15,bus_esplanade,
bus_e_37a,1,1,bus_esplanade,
bus_e_37a,1,2,bus_lal_bazar,
bus_e_37a,1,3,bus_girish_park,
bus_e_37a,1,4,bus_maniktala,
bus_e_37a,1,5,bus_kankugachi,
bus_e_37a,1,6,bus_ultadanga,
bus_e_37a,1,7,bus_laketown,
bus_e_37a,1,8,bus_kestopur,
bus_e_37a,1,9,bus_baguiati,
bus_e_37a,1,10,bus_airport,
bus_e_37a,1,11,bus_birati,
bus_e_37a,1,12,bus_b_t_college,
bus_e_37a,1,13,bus_madhyamgram,
bus_e_37a,1,14,bus_dackbanglow_more,
bus_e_37a,1,15,bus_barasat,
bus_e43a,0,1,bus_howrah,
bus_e43a,0,2,bus_dalhousie,
bus_e43a,0,3,bus_esplanade,
bus_e43a,0,4,bus_moulali_more,
bus_e43a,0,5,bus_park_circus,
bus_e43a,0,6,bus_topsia_more,
bus_e43a,0,7,bus_science_city,
bus_e43a,0,8,bus_bantala,
bus_e43a,0,9,bus_katatala,
bus_e43a,0,10,bus_karidanga,
bus_e43a,0,11,bus_bhojerhat,
bus_e43a,0,12,bus_paglahat,
bus_e43a,0,13,bus_baralighat,
bus_e43a,0,14,bus_ghatakpukur,
bus_e43a,0,15,bus_chandipur,
bus_e43a,0,16,bus_bhushighata,
bus_e43a,0,17,bus_bamanpukur,
bus_e43a,0,18,bus_minakhan,
bus_e43a,0,19,bus_joypur,
bus_e43a,0,20,bus_malancha,
bus_e43a,0,21,bus_chaital,
bus_e43a,0,22,bus_battala,
bus_e43a,0,23,bus_nimchabari,
bus_e43a,0,24,bus_bhebia,
bus_e43a,1,1,bus_bhebia,
bus_e43a,1,2,bus_nimchabari,
bus_e43a,1,3,bus_battala,
bus_e43a,1,4,bus_chaital,
bus_e43a,1,5,bus_malancha,
bus_e43a,1,6,bus_joypur,
bus_e43a,1,7,bus_minakhan,
bus_e43a,1,8,bus_bamanpukur,
bus_e43a,1,9,bus_bhushighata,
bus_e43a,1,10,bus_chandipur,
bus_e43a,1,11,bus_ghatakpukur,
bus_e43a,1,12,bus_baralighat,
bus_e43a,1,13,bus_paglahat,
bus_e43a,1,14,bus_bhojerhat,
bus_e43a,1,15,bus_karidanga,
bus_e43a,1,16,bus_katatala,
bus_e43a,1,17,bus_bantala,
bus_e43a,1,18,bus_science_city,
bus_e43a,1,19,bus_topsia_more,
bus_e43a,1,20,bus_park_circus,
bus_e43a,1,21,bus_moulali_more,
bus_e43a,1,22,bus_esplanade,
bus_e43a,1,23,bus_dalhousie,
bus_e43a,1,24,bus_howrah,
bus_e75,0,1,bus_barasat,
bus_e75,0,2,bus_dackbalglow_more,
bus_e75,0,3,bus_madhyamgram,
bus_e75,0,4,bus_b_t_college,
bus_e75,0,5,bus_mickel_nagar,
bus_e75,0,6,bus_birati,
bus_e75,0,7,bus_airport,
bus_e75,0,8,bus_chinar_park,
bus_e75,0,9,bus_eco_park,
bus_e75,0,10,bus_narkelbagn,
bus_e75,0,11,bus_newtown,
bus_e75,0,12,bus_sec5,
bus_e75,0,13,bus_chingrighata,
bus_e75,0,14,bus_science_city,
bus_e75,0,15,bus_bantala,
bus_e75,0,16,bus_kantala,
bus_e75,0,17,bus_karaidanga,
bus_e75,0,18,bus_bhojerhat,
bus_e75,0,19,bus_paglahat,
bus_e75,0,20,bus_baralighat,
bus_e75,0,21,bus_ghatakpukur,
bus_e75,0,22,bus_bodra,
bus_e75,0,23,bus_champahati,
bus_e75,0,24,bus_baruipur,
bus_e75,1,1,bus_baruipur,
bus_e75,1,2,bus_champahati,
bus_e75,1,3,bus_bodra,
bus_e75,1,4,bus_ghatakpukur,
bus_e75,1,5,bus_baralighat,
bus_e75,1,6,bus_paglahat,
bus_e75,1,7,bus_bhojerhat,
bus_e75,1,8,bus_karaidanga,
bus_e75,1,9,bus_kantala,
bus_e75,1,10,bus_bantala,
bus_e75,1,11,bus_science_city,
bus_e75,1,12,bus_chingrighata,
bus_e75,1,13,bus_sec5,
bus_e75,1,14,bus_newtown,
bus_e75,1,15,bus_narkelbagn,
bus_e75,1,16,bus_eco_park,
bus_e75,1,17,bus_chinar_park,
bus_e75,1,18,bus_airport,
bus_e75,1,19,bus_birati,
bus_e75,1,20,bus_mickel_nagar,
bus_e75,1,21,bus_b_t_college,
bus_e75,1,22,bus_madhyamgram,
bus_e75,1,23,bus_dackbalglow_more,
bus_e75,1,24,bus_barasat,
bus_e77,0,1,bus_esplanade,
bus_e77,0,2,bus_rabindra_sadan,
bus_e77,0,3,bus_pts,
bus_e77,0,4,bus_toll_tax,
bus_e77,0,5,bus_carry_road,
bus_e77,0,6,bus_belepole,
bus_e77,0,7,bus_santragachi,
bus_e77,0,8,bus_6_crossing,
bus_e77,0,9,bus_salap_more,
bus_e77,0,10,bus_makardaha,
bus_e77,0,11,bus_domjur,
bus_e77,0,12,bus_rajapur,
bus_e77,0,13,bus_dakshinbari,
bus_e77,0,14,bus_bargachia,
bus_e77,0,15,bus_kalitala_bazar,
bus_e77,0,16,bus_ichanagari,
bus_e77,0,17,bus_jagatballavpur,
bus_e77,0,18,bus_dilakhash,
bus_e77,0,19,bus_sukanta_park,
bus_e77,1,1,bus_sukanta_park,
bus_e77,1,2,bus_dilakhash,
bus_e77,1,3,bus_jagatballavpur,
bus_e77,1,4,bus_ichanagari,
bus_e77,1,5,bus_kalitala_bazar,
bus_e77,1,6,bus_bargachia,
bus_e77,1,7,bus_dakshinbari,
bus_e77,1,8,bus_rajapur,
bus_e77,1,9,bus_domjur,
bus_e77,1,10,bus_makardaha,
bus_e77,1,11,bus_salap_more,
bus_e77,1,12,bus_6_crossing,
bus_e77,1,13,bus_santragachi,
bus_e77,1,14,bus_belepole,
bus_e77,1,15,bus_carry_road,
bus_e77,1,16,bus_toll_tax,
bus_e77,1,17,bus_pts,
bus_e77,1,18,bus_rabindra_sadan,
bus_e77,1,19,bus_esplanade,
bus_eb1,0,1,bus_nabanna,
bus_eb1,0,2,bus_mandirtala,
bus_eb1,0,3,bus_vidyasagar_setu,
bus_eb1,0,4,bus_p_t_s_more,
bus_eb1,0,5,bus_rabindra_sadan,
bus_eb1,0,6,bus_minto_park,
bus_eb1,0,7,bus_beckbagan,
bus_eb1,0,8,bus_park_circus,
bus_eb1,0,9,bus_science_city,
bus_eb1,0,10,bus_chingrighata,
bus_eb1,0,11,bus_wipro_more,
bus_eb1,0,12,bus_college_more,
bus_eb1,0,13,bus_dlf1,
bus_eb1,0,14,bus_newtown,
bus_eb1,1,1,bus_newtown,
bus_eb1,1,2,bus_dlf1,
bus_eb1,1,3,bus_college_more,
bus_eb1,1,4,bus_wipro_more,
bus_eb1,1,5,bus_chingrighata,
bus_eb1,1,6,bus_science_city,
bus_eb1,1,7,bus_park_circus,
bus_eb1,1,8,bus_beckbagan,
bus_eb1,1,9,bus_minto_park,
bus_eb1,1,10,bus_rabindra_sadan,
bus_eb1,1,11,bus_p_t_s_more,
bus_eb1,1,12,bus_vidyasagar_setu,
bus_eb1,1,13,bus_mandirtala,
bus_eb1,1,14,bus_nabanna,
bus_eb3,0,1,bus_tollygunge,
bus_eb3,0,2,bus_rashbehari,
bus_eb3,0,3,bus_deshapriya_park,
bus_eb3,0,4,bus_gariahat,
bus_eb3,0,5,bus_ruby_hospital,
bus_eb3,0,6,bus_science_city,
bus_eb3,0,7,bus_mathpukur,
bus_eb3,0,8,bus_chingrighata,
bus_eb3,0,9,bus_nicco_park,
bus_eb3,0,10,bus_wipro_more,
bus_eb3,0,11,bus_s_d_f_more,
bus_eb3,0,12,bus_college_more,
bus_eb3,0,13,bus_dlf1,
bus_eb3,0,14,bus_newtown,
bus_eb3,0,15,bus_axis_mall,
bus_eb3,0,16,bus_narkelbagan,
bus_eb3,0,17,bus_unitech_gate_2,
bus_eb3,0,18,bus_d_l_f_2,
bus_eb3,0,19,bus_ecospace,
bus_eb3,1,1,bus_ecospace,
bus_eb3,1,2,bus_d_l_f_2,
bus_eb3,1,3,bus_unitech_gate_2,
bus_eb3,1,4,bus_narkelbagan,
bus_eb3,1,5,bus_axis_mall,
bus_eb3,1,6,bus_newtown,
bus_eb3,1,7,bus_dlf1,
bus_eb3,1,8,bus_college_more,
bus_eb3,1,9,bus_s_d_f_more,
bus_eb3,1,10,bus_wipro_more,
bus_eb3,1,11,bus_nicco_park,
bus_eb3,1,12,bus_chingrighata,
bus_eb3,1,13,bus_mathpukur,
bus_eb3,1,14,bus_science_city,
bus_eb3,1,15,bus_ruby_hospital,
bus_eb3,1,16,bus_gariahat,
bus_eb3,1,17,bus_deshapriya_park,
bus_eb3,1,18,bus_rashbehari,
bus_eb3,1,19,bus_tollygunge,
bus_eb12,0,1,bus_barasat,
bus_eb12,0,2,bus_hridaypur,
bus_eb12,0,3,bus_madhyamgram_chowrasta,
bus_eb12,0,4,bus_new_barrackpur_b_t_college,
bus_eb12,0,5,bus_bankra_more,
bus_eb12,0,6,bus_airport_gate_1,
bus_eb12,0,7,bus_city_centre_ii,
bus_eb12,0,8,bus_eco_park,
bus_eb12,0,9,bus_aliah_university,
bus_eb12,0,10,bus_ecospace,
bus_eb12,0,11,bus_adibasi_bhavan,
bus_eb12,0,12,bus_shapoorji,
bus_eb12,1,1,bus_shapoorji,
bus_eb12,1,2,bus_adibasi_bhavan,
bus_eb12,1,3,bus_ecospace,
bus_eb12,1,4,bus_aliah_university,
bus_eb12,1,5,bus_eco_park,
bus_eb12,1,6,bus_city_centre_ii,
bus_eb12,1,7,bus_airport_gate_1,
bus_eb12,1,8,bus_bankra_more,
bus_eb12,1,9,bus_new_barrackpur_b_t_college,
bus_eb12,1,10,bus_madhyamgram_chowrasta,
bus_eb12,1,11,bus_hridaypur,
bus_eb12,1,12,bus_barasat,
bus_eb14,0,1,bus_santragachi,
bus_eb14,0,2,bus_betore_more,
bus_eb14,0,3,bus_mandirtala,
bus_eb14,0,4,bus_toll_plaza,
bus_eb14,0,5,bus_pts,
bus_eb14,0,6,bus_rabindra_sadan,
bus_eb14,0,7,bus_beckbagan,
bus_eb14,0,8,bus_topsia_road_xing,
bus_eb14,0,9,bus_sc_city_chingrihata,
bus_eb14,0,10,bus_nicco_park,
bus_eb14,0,11,bus_swastha_bhavan,
bus_eb14,0,12,bus_college_more,
bus_eb14,0,13,bus_technopolis,
bus_eb14,0,14,bus_newtown,
bus_eb14,0,15,bus_narkelbagan,
bus_eb14,0,16,bus_unitech,
bus_eb14,0,17,bus_ecospace,
bus_eb14,1,1,bus_ecospace,
bus_eb14,1,2,bus_unitech,
bus_eb14,1,3,bus_narkelbagan,
bus_eb14,1,4,bus_newtown,
bus_eb14,1,5,bus_technopolis,
bus_eb14,1,6,bus_college_more,
bus_eb14,1,7,bus_swastha_bhavan,
bus_eb14,1,8,bus_nicco_park,
bus_eb14,1,9,bus_sc_city_chingrihata,
bus_eb14,1,10,bus_topsia_road_xing,
bus_eb14,1,11,bus_beckbagan,
bus_eb14,1,12,bus_rabindra_sadan,
bus_eb14,1,13,bus_pts,
bus_eb14,1,14,bus_toll_plaza,
bus_eb14,1,15,bus_mandirtala,
bus_eb14,1,16,bus_betore_more,
bus_eb14,1,17,bus_santragachi,
bus_m7b,0,1,bus_shibrampur,
bus_m7b,0,2,bus_bakultala,
bus_m7b,0,3,bus_behala_chowrasta_2,
bus_m7b,0,4,bus_raja_rammohan_roy_rd,
bus_m7b,0,5,bus_karunamoyee_3,
bus_m7b,0,6,bus_tollygunge_metro,
bus_m7b,0,7,bus_rashbehari_xing,
bus_m7b,0,8,bus_exide,
bus_m7b,0,9,bus_park_street,
bus_m7b,0,10,bus_esplanade,
bus_m7b,0,11,bus_mission_row_xing,
bus_m7b,0,12,bus_bbd_bag,
bus_m7b,0,13,bus_howrah_station,
bus_m7b,1,1,bus_howrah_station,
bus_m7b,1,2,bus_bbd_bag,
bus_m7b,1,3,bus_mission_row_xing,
bus_m7b,1,4,bus_esplanade,
bus_m7b,1,5,bus_park_street,
bus_m7b,1,6,bus_exide,
bus_m7b,1,7,bus_rashbehari_xing,
bus_m7b,1,8,bus_tollygunge_metro,
bus_m7b,1,9,bus_karunamoyee_3,
bus_m7b,1,10,bus_raja_rammohan_roy_rd,
bus_m7b,1,11,bus_behala_chowrasta_2,
bus_m7b,1,12,bus_bakultala,
bus_m7b,1,13,bus_shibrampur,
bus_m7c,0,1,bus_sasthir_more,
bus_m7c,0,2,bus_bakultala,
bus_m7c,0,3,bus_chowrasta,
bus_m7c,0,4,bus_manton,
bus_m7c,0,5,bus_behala_p_s,
bus_m7c,0,6,bus_taratala_xing,
bus_m7c,0,7,bus_mominpur,
bus_m7c,0,8,bus_kidderpore,
bus_m7c,0,9,bus_casurina_ave,
bus_m7c,0,10,bus_esplanade,
bus_m7c,0,11,bus_bbd_bag,
bus_m7c,0,12,bus_howrah_bridge_east,
bus_m7c,0,13,bus_howrah_station,
bus_m7c,1,1,bus_howrah_station,
bus_m7c,1,2,bus_howrah_bridge_east,
bus_m7c,1,3,bus_bbd_bag,
bus_m7c,1,4,bus_esplanade,
bus_m7c,1,5,bus_casurina_ave,
bus_m7c,1,6,bus_kidderpore,
bus_m7c,1,7,bus_mominpur,
bus_m7c,1,8,bus_taratala_xing,
bus_m7c,1,9,bus_behala_p_s,
bus_m7c,1,10,bus_manton,
bus_m7c,1,11,bus_chowrasta,
bus_m7c,1,12,bus_bakultala,
bus_m7c,1,13,bus_sasthir_more,
bus_m7d,0,1,bus_sonamukhi_bazar,
bus_m7d,0,2,bus_sarsuna,
bus_m7d,0,3,bus_behala_chowrasta,
bus_m7d,0,4,bus_behala_tram_depot,
bus_m7d,0,5,bus_taratala_xing,
bus_m7d,0,6,bus_mint,
bus_m7d,0,7,bus_mominpur,
bus_m7d,0,8,bus_gopalnagar,
bus_m7d,0,9,bus_hazra,
bus_m7d,0,10,bus_elgin,
bus_m7d,0,11,bus_park_street,
bus_m7d,0,12,bus_esplanade,
bus_m7d,0,13,bus_s_c_mallick_square,
bus_m7d,0,14,bus_moulali,
bus_m7d,0,15,bus_sealdah,
bus_m7d,0,16,bus_canal_bridge_east,
bus_m7d,0,17,bus_rashmoni_bazar,
bus_m7d,0,18,bus_beliaghata,
bus_m7d,0,19,bus_citrd_xing,
bus_m7d,0,20,bus_phoolbagan,
bus_m7d,0,21,bus_kankurgachi,
bus_m7d,1,1,bus_kankurgachi,
bus_m7d,1,2,bus_phoolbagan,
bus_m7d,1,3,bus_citrd_xing,
bus_m7d,1,4,bus_beliaghata,
bus_m7d,1,5,bus_rashmoni_bazar,
bus_m7d,1,6,bus_canal_bridge_east,
bus_m7d,1,7,bus_sealdah,
bus_m7d,1,8,bus_moulali,
bus_m7d,1,9,bus_s_c_mallick_square,
bus_m7d,1,10,bus_esplanade,
bus_m7d,1,11,bus_park_street,
bus_m7d,1,12,bus_elgin,
bus_m7d,1,13,bus_hazra,
bus_m7d,1,14,bus_gopalnagar,
bus_m7d,1,15,bus_mominpur,
bus_m7d,1,16,bus_mint,
bus_m7d,1,17,bus_taratala_xing,
bus_m7d,1,18,bus_behala_tram_depot,
bus_m7d,1,19,bus_behala_chowrasta,
bus_m7d,1,20,bus_sarsuna,
bus_m7d,1,21,bus_sonamukhi_bazar,
bus_m7e,0,1,bus_bagpota,
bus_m7e,0,2,bus_kestor_more,
bus_m7e,0,3,bus_sarsuna,
bus_m7e,0,4,bus_behala,
bus_m7e,0,5,bus_taratala_xing,
bus_m7e,0,6,bus_mominpore,
bus_m7e,0,7,bus_khidirpore,
bus_m7e,0,8,bus_casurina_ave,
bus_m7e,0,9,bus_esplanade,
bus_m7e,0,10,bus_bbd_bag,
bus_m7e,0,11,bus_howrah_bridge_east,
bus_m7e,0,12,bus_howrah_station,
bus_m7e,1,1,bus_howrah_station,
bus_m7e,1,2,bus_howrah_bridge_east,
bus_m7e,1,3,bus_bbd_bag,
bus_m7e,1,4,bus_esplanade,
bus_m7e,1,5,bus_casurina_ave,
bus_m7e,1,6,bus_khidirpore,
bus_m7e,1,7,bus_mominpore,
bus_m7e,1,8,bus_taratala_xing,
bus_m7e,1,9,bus_behala,
bus_m7e,1,10,bus_sarsuna,
bus_m7e,1,11,bus_kestor_more,
bus_m7e,1,12,bus_bagpota,
bus_m7k,0,1,bus_khudiram_park_sarsuna,
bus_m7k,0,2,bus_sarsuna,
bus_m7k,0,3,bus_behala_chowrasta,
bus_m7k,0,4,bus_panchanantala,
bus_m7k,0,5,bus_muchipara_xing,
bus_m7k,0,6,bus_karunamoyee,
bus_m7k,0,7,bus_tollygunge_metro_stn,
bus_m7k,0,8,bus_rashbehari_avn,
bus_m7k,0,9,bus_park_street,
bus_m7k,0,10,bus_esplanade,
bus_m7k,0,11,bus_moulali,
bus_m7k,0,12,bus_sealdah_rajabazar_t_d,
bus_m7k,1,1,bus_sealdah_rajabazar_t_d,
bus_m7k,1,2,bus_moulali,
bus_m7k,1,3,bus_esplanade,
bus_m7k,1,4,bus_park_street,
bus_m7k,1,5,bus_rashbehari_avn,
bus_m7k,1,6,bus_tollygunge_metro_stn,
bus_m7k,1,7,bus_karunamoyee,
bus_m7k,1,8,bus_muchipara_xing,
bus_m7k,1,9,bus_panchanantala,
bus_m7k,1,10,bus_behala_chowrasta,
bus_m7k,1,11,bus_sarsuna,
bus_m7k,1,12,bus_khudiram_park_sarsuna,
bus_m14,0,1,bus_behala,
bus_m14,0,2,bus_roy_bahadur_road,
bus_m14,0,3,bus_burashibtala_main_road,
bus_m14,0,4,bus_new_alipore_petrol_pump,
bus_m14,0,5,bus_chetla,
bus_m14,0,6,bus_rashbehari_xing,
bus_m14,0,7,bus_gariahat,
bus_m14,0,8,bus_ruby,
bus_m14,0,9,bus_science_city,
bus_m14,0,10,bus_chingrihata_sdf,
bus_m14,0,11,bus_college_more,
bus_m14,0,12,bus_newtown,
bus_m14,1,1,bus_newtown,
bus_m14,1,2,bus_college_more,
bus_m14,1,3,bus_chingrihata_sdf,
bus_m14,1,4,bus_science_city,
bus_m14,1,5,bus_ruby,
bus_m14,1,6,bus_gariahat,
bus_m14,1,7,bus_rashbehari_xing,
bus_m14,1,8,bus_chetla,
bus_m14,1,9,bus_new_alipore_petrol_pump,
bus_m14,1,10,bus_burashibtala_main_road,
bus_m14,1,11,bus_roy_bahadur_road,
bus_m14,1,12,bus_behala,
bus_m24,0,1,bus_shibtala_math,
bus_m24,0,2,bus_c_i_t_road_xing,
bus_m24,0,3,bus_ananda_palit,
bus_m24,0,4,bus_moulali,
bus_m24,0,5,bus_sealdah,
bus_m24,0,6,bus_m_g_road,
bus_m24,0,7,bus_college_street_xing,
bus_m24,0,8,bus_burrabazar,
bus_m24,0,9,bus_howrah_station,
bus_m24,1,1,bus_howrah_station,
bus_m24,1,2,bus_burrabazar,
bus_m24,1,3,bus_college_street_xing,
bus_m24,1,4,bus_m_g_road,
bus_m24,1,5,bus_sealdah,
bus_m24,1,6,bus_moulali,
bus_m24,1,7,bus_ananda_palit,
bus_m24,1,8,bus_c_i_t_road_xing,
bus_m24,1,9,bus_shibtala_math,
bus_midi_1,0,1,bus_howrah_maidan,
bus_midi_1,0,2,bus_howrah_station,
bus_midi_1,0,3,bus_burrabazar,
bus_midi_1,0,4,bus_chitpur_crossing,
bus_midi_1,0,5,bus_m_g_road_crossing,
bus_midi_1,0,6,bus_college_street,
bus_midi_1,0,7,bus_sealdah,
bus_midi_1,0,8,bus_rajabazar_tram_depot,
bus_midi_1,1,1,bus_rajabazar_tram_depot,
bus_midi_1,1,2,bus_sealdah,
bus_midi_1,1,3,bus_college_street,
bus_midi_1,1,4,bus_m_g_road_crossing,
bus_midi_1,1,5,bus_chitpur_crossing,
bus_midi_1,1,6,bus_burrabazar,
bus_midi_1,1,7,bus_howrah_station,
bus_midi_1,1,8,bus_howrah_maidan,
bus_s2,0,1,bus_kudghat,
bus_s2,0,2,bus_tollygunge,
bus_s2,0,3,bus_rashbehari,
bus_s2,0,4,bus_kalighat,
bus_s2,0,5,bus_hazra_more,
bus_s2,0,6,bus_bhowanipore,
bus_s2,0,7,bus_rabindra_sadan,
bus_s2,0,8,bus_maidan,
bus_s2,0,9,bus_park_street,
bus_s2,0,10,bus_esplanade,
bus_s2,0,11,bus_dalhousie,
bus_s2,0,12,bus_barabazar,
bus_s2,0,13,bus_howrah_station,
bus_s2,1,1,bus_howrah_station,
bus_s2,1,2,bus_barabazar,
bus_s2,1,3,bus_dalhousie,
bus_s2,1,4,bus_esplanade,
bus_s2,1,5,bus_park_street,
bus_s2,1,6,bus_maidan,
bus_s2,1,7,bus_rabindra_sadan,
bus_s2,1,8,bus_bhowanipore,
bus_s2,1,9,bus_hazra_more,
bus_s2,1,10,bus_kalighat,
bus_s2,1,11,bus_rashbehari,
bus_s2,1,12,bus_tollygunge,
bus_s2,1,13,bus_kudghat,
bus_s3a,0,1,bus_thakurpukur,
bus_s3a,0,2,bus_thakurpukur_bazar,
bus_s3a,0,3,bus_shilpara,
bus_s3a,0,4,bus_sakher_bazar,
bus_s3a,0,5,bus_behala_chowrasta,
bus_s3a,0,6,bus_taratala,
bus_s3a,0,7,bus_mominpur,
bus_s3a,0,8,bus_ekbalpur,
bus_s3a,0,9,bus_khiderpur,
bus_s3a,0,10,bus_hastings,
bus_s3a,0,11,bus_princep_ghat,
bus_s3a,0,12,bus_babughat,
bus_s3a,0,13,bus_gpo,
bus_s3a,0,14,bus_tea_board,
bus_s3a,0,15,bus_central,
bus_s3a,0,16,bus_boubazar,
bus_s3a,0,17,bus_medical_college,
bus_s3a,0,18,bus_college_street,
bus_s3a,0,19,bus_suryasen_street,
bus_s3a,0,20,bus_jagat_cinema,
bus_s3a,0,21,bus_rajabazar_tram_depot,
bus_s3a,0,22,bus_sealdah_rajabajar,
bus_s3a,1,1,bus_sealdah_rajabajar,
bus_s3a,1,2,bus_rajabazar_tram_depot,
bus_s3a,1,3,bus_jagat_cinema,
bus_s3a,1,4,bus_suryasen_street,
bus_s3a,1,5,bus_college_street,
bus_s3a,1,6,bus_medical_college,
bus_s3a,1,7,bus_boubazar,
bus_s3a,1,8,bus_central,
bus_s3a,1,9,bus_tea_board,
bus_s3a,1,10,bus_gpo,
bus_s3a,1,11,bus_babughat,
bus_s3a,1,12,bus_princep_ghat,
bus_s3a,1,13,bus_hastings,
bus_s3a,1,14,bus_khiderpur,
bus_s3a,1,15,bus_ekbalpur,
bus_s3a,1,16,bus_mominpur,
bus_s3a,1,17,bus_taratala,
bus_s3a,1,18,bus_behala_chowrasta,
bus_s3a,1,19,bus_sakher_bazar,
bus_s3a,1,20,bus_shilpara,
bus_s3a,1,21,bus_thakurpukur_bazar,
bus_s3a,1,22,bus_thakurpukur,
bus_s3b,0,1,bus_behala_14_number,
bus_s3b,0,2,bus_taratala,
bus_s3b,0,3,bus_mominpur,
bus_s3b,0,4,bus_ekbalpur,
bus_s3b,0,5,bus_khiderpur,
bus_s3b,0,6,bus_hastings,
bus_s3b,0,7,bus_princep_ghat,
bus_s3b,0,8,bus_babughat,
bus_s3b,0,9,bus_bbd_bag,
bus_s3b,0,10,bus_lal_bazar,
bus_s3b,0,11,bus_central,
bus_s3b,0,12,bus_boubazar,
bus_s3b,0,13,bus_sealdah,
bus_s3b,0,14,bus_rajabazar,
bus_s3b,0,15,bus_manicktala,
bus_s3b,0,16,bus_bagmari_bazar,
bus_s3b,0,17,bus_kankurgachi,
bus_s3b,1,1,bus_kankurgachi,
bus_s3b,1,2,bus_bagmari_bazar,
bus_s3b,1,3,bus_manicktala,
bus_s3b,1,4,bus_rajabazar,
bus_s3b,1,5,bus_sealdah,
bus_s3b,1,6,bus_boubazar,
bus_s3b,1,7,bus_central,
bus_s3b,1,8,bus_lal_bazar,
bus_s3b,1,9,bus_bbd_bag,
bus_s3b,1,10,bus_babughat,
bus_s3b,1,11,bus_princep_ghat,
bus_s3b,1,12,bus_hastings,
bus_s3b,1,13,bus_khiderpur,
bus_s3b,1,14,bus_ekbalpur,
bus_s3b,1,15,bus_mominpur,
bus_s3b,1,16,bus_taratala,
bus_s3b,1,17,bus_behala_14_number,
bus_s3w,0,1,bus_thakurpukur_3a_bus_stand_joka,
bus_s3w,0,2,bus_thakurpukur_bazar,
bus_s3w,0,3,bus_kadamtala,
bus_s3w,0,4,bus_sakher_bazar,
bus_s3w,0,5,bus_behala_chowrasta,
bus_s3w,0,6,bus_manton,
bus_s3w,0,7,bus_behala_14_number,
bus_s3w,0,8,bus_taratala,
bus_s3w,0,9,bus_new_alipore,
bus_s3w,0,10,bus_chetla,
bus_s3w,0,11,bus_rashbihari,
bus_s3w,0,12,bus_deshoprio_park,
bus_s3w,0,13,bus_gariahat,
bus_s3w,0,14,bus_kasba,
bus_s3w,0,15,bus_acropolis_mall,
bus_s3w,0,16,bus_gst_bhawan,
bus_s3w,0,17,bus_ruby_crossing,
bus_s3w,0,18,bus_fortis,
bus_s3w,0,19,bus_uttar_panchannagram,
bus_s3w,0,20,bus_science_city,
bus_s3w,0,21,bus_dhapa_mathpukur,
bus_s3w,0,22,bus_chingrighata,
bus_s3w,0,23,bus_building_more,
bus_s3w,0,24,bus_stadium_island,
bus_s3w,0,25,bus_sushrut_eye_hospital,
bus_s3w,0,26,bus_wipro,
bus_s3w,0,27,bus_college_more,
bus_s3w,0,28,bus_technopolis,
bus_s3w,0,29,bus_dlf1,
bus_s3w,0,30,bus_newtown,
bus_s3w,0,31,bus_axis_mall,
bus_s3w,0,32,bus_narkelbagan,
bus_s3w,0,33,bus_tata_cancer_hospital,
bus_s3w,0,34,bus_unitech_gate_2,
bus_s3w,0,35,bus_tcs_gitanjali,
bus_s3w,0,36,bus_amity_university_ecospace,
bus_s3w,1,1,bus_amity_university_ecospace,
bus_s3w,1,2,bus_tcs_gitanjali,
bus_s3w,1,3,bus_unitech_gate_2,
bus_s3w,1,4,bus_tata_cancer_hospital,
bus_s3w,1,5,bus_narkelbagan,
bus_s3w,1,6,bus_axis_mall,
bus_s3w,1,7,bus_newtown,
bus_s3w,1,8,bus_dlf1,
bus_s3w,1,9,bus_technopolis,
bus_s3w,1,10,bus_college_more,
bus_s3w,1,11,bus_wipro,
bus_s3w,1,12,bus_sushrut_eye_hospital,
bus_s3w,1,13,bus_stadium_island,
bus_s3w,1,14,bus_building_more,
bus_s3w,1,15,bus_chingrighata,
bus_s3w,1,16,bus_dhapa_mathpukur,
bus_s3w,1,17,bus_science_city,
bus_s3w,1,18,bus_uttar_panchannagram,
bus_s3w,1,19,bus_fortis,
bus_s3w,1,20,bus_ruby_crossing,
bus_s3w,1,21,bus_gst_bhawan,
bus_s3w,1,22,bus_acropolis_mall,
bus_s3w,1,23,bus_kasba,
bus_s3w,1,24,bus_gariahat,
bus_s3w,1,25,bus_deshoprio_park,
bus_s3w,1,26,bus_rashbihari,
bus_s3w,1,27,bus_chetla,
bus_s3w,1,28,bus_new_alipore,
bus_s3w,1,29,bus_taratala,
bus_s3w,1,30,bus_behala_14_number,
bus_s3w,1,31,bus_manton,
bus_s3w,1,32,bus_behala_chowrasta,
bus_s3w,1,33,bus_sakher_bazar,
bus_s3w,1,34,bus_kadamtala,
bus_s3w,1,35,bus_thakurpukur_bazar,
bus_s3w,1,36,bus_thakurpukur_3a_bus_stand_joka,
bus_s4,0,1,bus_parnashree,
bus_s4,0,2,bus_taratala,
bus_s4,0,3,bus_new_alipore,
bus_s4,0,4,bus_mahabirtala,
bus_s4,0,5,bus_tollygunge_phari,
bus_s4,0,6,bus_rashbihari_crossing,
bus_s4,0,7,bus_deshoprio_park,
bus_s4,0,8,bus_gariahat,
bus_s4,0,9,bus_kasba,
bus_s4,0,10,bus_acropolis_mall,
bus_s4,0,11,bus_ruby_crossing,
bus_s4,0,12,bus_em_bypass,
bus_s4,0,13,bus_science_city,
bus_s4,0,14,bus_chingrighata,
bus_s4,0,15,bus_building_more,
bus_s4,0,16,bus_apollo,
bus_s4,0,17,bus_saltlake_gate,
bus_s4,0,18,bus_pnb,
bus_s4,0,19,bus_tank_no_4,
bus_s4,0,20,bus_quality,
bus_s4,0,21,bus_baisakhi,
bus_s4,0,22,bus_purta_bhawan,
bus_s4,0,23,bus_bidyut_bhawan,
bus_s4,0,24,bus_saltlake_karunamoyee,
bus_s4,1,1,bus_saltlake_karunamoyee,
bus_s4,1,2,bus_bidyut_bhawan,
bus_s4,1,3,bus_purta_bhawan,
bus_s4,1,4,bus_baisakhi,
bus_s4,1,5,bus_quality,
bus_s4,1,6,bus_tank_no_4,
bus_s4,1,7,bus_pnb,
bus_s4,1,8,bus_saltlake_gate,
bus_s4,1,9,bus_apollo,
bus_s4,1,10,bus_building_more,
bus_s4,1,11,bus_chingrighata,
bus_s4,1,12,bus_science_city,
bus_s4,1,13,bus_em_bypass,
bus_s4,1,14,bus_ruby_crossing,
bus_s4,1,15,bus_acropolis_mall,
bus_s4,1,16,bus_kasba,
bus_s4,1,17,bus_gariahat,
bus_s4,1,18,bus_deshoprio_park,
bus_s4,1,19,bus_rashbihari_crossing,
bus_s4,1,20,bus_tollygunge_phari,
bus_s4,1,21,bus_mahabirtala,
bus_s4,1,22,bus_new_alipore,
bus_s4,1,23,bus_taratala,
bus_s4,1,24,bus_parnashree,
bus_s4c,0,1,bus_haridevpur,
bus_s4c,0,2,bus_tollygunj_karunamoyee,
bus_s4c,0,3,bus_tollygunge_metro,
bus_s4c,0,4,bus_tollygunge_phari,
bus_s4c,0,5,bus_rashbehari_xing,
bus_s4c,0,6,bus_hazra_xing,
bus_s4c,0,7,bus_jadu_babu_r_bajar,
bus_s4c,0,8,bus_elgin_road,
bus_s4c,0,9,bus_exide,
bus_s4c,0,10,bus_maidan,
bus_s4c,0,11,bus_park_street,
bus_s4c,0,12,bus_raj_bhawan,
bus_s4c,0,13,bus_dalhousie,
bus_s4c,0,14,bus_gpo,
bus_s4c,0,15,bus_strand_road,
bus_s4c,0,16,bus_howrah_station,
bus_s4c,1,1,bus_howrah_station,
bus_s4c,1,2,bus_strand_road,
bus_s4c,1,3,bus_gpo,
bus_s4c,1,4,bus_dalhousie,
bus_s4c,1,5,bus_raj_bhawan,
bus_s4c,1,6,bus_park_street,
bus_s4c,1,7,bus_maidan,
bus_s4c,1,8,bus_exide,
bus_s4c,1,9,bus_elgin_road,
bus_s4c,1,10,bus_jadu_babu_r_bajar,
bus_s4c,1,11,bus_hazra_xing,
bus_s4c,1,12,bus_rashbehari_xing,
bus_s4c,1,13,bus_tollygunge_phari,
bus_s4c,1,14,bus_tollygunge_metro,
bus_s4c,1,15,bus_tollygunj_karunamoyee,
bus_s4c,1,16,bus_haridevpur,
bus_s4d,0,1,bus_parnashree,
bus_s4d,0,2,bus_state_garage,
bus_s4d,0,3,bus_taratala,
bus_s4d,0,4,bus_new_alipore,
bus_s4d,0,5,bus_mahabirtala,
bus_s4d,0,6,bus_tollygunge_phari,
bus_s4d,0,7,bus_prince_anwar_shah_connector,
bus_s4d,0,8,bus_lords_more,
bus_s4d,0,9,bus_jadavpur_ps,
bus_s4d,0,10,bus_sapuipara,
bus_s4d,0,11,bus_kalikapur,
bus_s4d,0,12,bus_ruby_crossing,
bus_s4d,0,13,bus_fortis,
bus_s4d,0,14,bus_uttar_panchannagram,
bus_s4d,0,15,bus_science_city,
bus_s4d,0,16,bus_dhapa_mathpukur,
bus_s4d,0,17,bus_chingrighata,
bus_s4d,0,18,bus_building_more,
bus_s4d,0,19,bus_stadium_island,
bus_s4d,0,20,bus_sushrut_eye_hospital,
bus_s4d,0,21,bus_wipro,
bus_s4d,0,22,bus_college_more,
bus_s4d,0,23,bus_technopolis,
bus_s4d,0,24,bus_dlf1,
bus_s4d,0,25,bus_newtown_bus_stand,
bus_s4d,1,1,bus_newtown_bus_stand,
bus_s4d,1,2,bus_dlf1,
bus_s4d,1,3,bus_technopolis,
bus_s4d,1,4,bus_college_more,
bus_s4d,1,5,bus_wipro,
bus_s4d,1,6,bus_sushrut_eye_hospital,
bus_s4d,1,7,bus_stadium_island,
bus_s4d,1,8,bus_building_more,
bus_s4d,1,9,bus_chingrighata,
bus_s4d,1,10,bus_dhapa_mathpukur,
bus_s4d,1,11,bus_science_city,
bus_s4d,1,12,bus_uttar_panchannagram,
bus_s4d,1,13,bus_fortis,
bus_s4d,1,14,bus_ruby_crossing,
bus_s4d,1,15,bus_kalikapur,
bus_s4d,1,16,bus_sapuipara,
bus_s4d,1,17,bus_jadavpur_ps,
bus_s4d,1,18,bus_lords_more,
bus_s4d,1,19,bus_prince_anwar_shah_connector,
bus_s4d,1,20,bus_tollygunge_phari,
bus_s4d,1,21,bus_mahabirtala,
bus_s4d,1,22,bus_new_alipore,
bus_s4d,1,23,bus_taratala,
bus_s4d,1,24,bus_state_garage,
bus_s4d,1,25,bus_parnashree,
bus_s5,0,1,bus_garia_5no_bus_stand,
bus_s5,0,2,bus_baishnabghata,
bus_s5,0,3,bus_ramgarh,
bus_s5,0,4,bus_baghajatin,
bus_s5,0,5,bus_sulekha,
bus_s5,0,6,bus_jadavpur_8b,
bus_s5,0,7,bus_jadavpur_ps,
bus_s5,0,8,bus_jodhpur_park,
bus_s5,0,9,bus_dhakuria,
bus_s5,0,10,bus_golpark,
bus_s5,0,11,bus_southern_avenue,
bus_s5,0,12,bus_rabindra_sarobar_stadium,
bus_s5,0,13,bus_rashbehari,
bus_s5,0,14,bus_kalighat,
bus_s5,0,15,bus_hazra,
bus_s5,0,16,bus_bhowanipur,
bus_s5,0,17,bus_elgin_crossing,
bus_s5,0,18,bus_exide,
bus_s5,0,19,bus_rabindra_sadan,
bus_s5,0,20,bus_maidan,
bus_s5,0,21,bus_park_street,
bus_s5,0,22,bus_mayo_road,
bus_s5,0,23,bus_esplanade,
bus_s5,0,24,bus_bbd_bag,
bus_s5,0,25,bus_burrabazar,
bus_s5,0,26,bus_howrah_station,
bus_s5,1,1,bus_howrah_station,
bus_s5,1,2,bus_burrabazar,
bus_s5,1,3,bus_bbd_bag,
bus_s5,1,4,bus_esplanade,
bus_s5,1,5,bus_mayo_road,
bus_s5,1,6,bus_park_street,
bus_s5,1,7,bus_maidan,
bus_s5,1,8,bus_rabindra_sadan,
bus_s5,1,9,bus_exide,
bus_s5,1,10,bus_elgin_crossing,
bus_s5,1,11,bus_bhowanipur,
bus_s5,1,12,bus_hazra,
bus_s5,1,13,bus_kalighat,
bus_s5,1,14,bus_rashbehari,
bus_s5,1,15,bus_rabindra_sarobar_stadium,
bus_s5,1,16,bus_southern_avenue,
bus_s5,1,17,bus_golpark,
bus_s5,1,18,bus_dhakuria,
bus_s5,1,19,bus_jodhpur_park,
bus_s5,1,20,bus_jadavpur_ps,
bus_s5,1,21,bus_jadavpur_8b,
bus_s5,1,22,bus_sulekha,
bus_s5,1,23,bus_baghajatin,
bus_s5,1,24,bus_ramgarh,
bus_s5,1,25,bus_baishnabghata,
bus_s5,1,26,bus_garia_5no_bus_stand,
bus_s7,0,1,bus_garia_6no_bus_stand,
bus_s7,0,2,bus_naktala,
bus_s7,0,3,bus_bansdroni,
bus_s7,0,4,bus_netaji_nagar,
bus_s7,0,5,bus_ranikuthi,
bus_s7,0,6,bus_malancha_2,
bus_s7,0,7,bus_tollygunge_metro,
bus_s7,0,8,bus_tollygunge_phari,
bus_s7,0,9,bus_rashbehari_xing,
bus_s7,0,10,bus_hazra_xing,
bus_s7,0,11,bus_jadu_babu_r_bajar,
bus_s7,0,12,bus_elgin_road,
bus_s7,0,13,bus_exide,
bus_s7,0,14,bus_maidan,
bus_s7,0,15,bus_park_street,
bus_s7,0,16,bus_raj_bhawan,
bus_s7,0,17,bus_dalhousie,
bus_s7,0,18,bus_gpo,
bus_s7,0,19,bus_burrabazar,
bus_s7,0,20,bus_howrah_station,
bus_s7,1,1,bus_howrah_station,
bus_s7,1,2,bus_burrabazar,
bus_s7,1,3,bus_gpo,
bus_s7,1,4,bus_dalhousie,
bus_s7,1,5,bus_raj_bhawan,
bus_s7,1,6,bus_park_street,
bus_s7,1,7,bus_maidan,
bus_s7,1,8,bus_exide,
bus_s7,1,9,bus_elgin_road,
bus_s7,1,10,bus_jadu_babu_r_bajar,
bus_s7,1,11,bus_hazra_xing,
bus_s7,1,12,bus_rashbehari_xing,
bus_s7,1,13,bus_tollygunge_phari,
bus_s7,1,14,bus_tollygunge_metro,
bus_s7,1,15,bus_malancha_2,
bus_s7,1,16,bus_ranikuthi,
bus_s7,1,17,bus_netaji_nagar,
bus_s7,1,18,bus_bansdroni,
bus_s7,1,19,bus_naktala,
bus_s7,1,20,bus_garia_6no_bus_stand,
bus_s9,0,1,bus_jadavpur,
bus_s9,0,2,bus_sulekha,
bus_s9,0,3,bus_santoshpur,
bus_s9,0,4,bus_ajaynagar,
bus_s9,0,5,bus_mukundapur,
bus_s9,0,6,bus_kalikapur,
bus_s9,0,7,bus_ruby_crossing,
bus_s9,0,8,bus_fortis,
bus_s9,0,9,bus_uttar_panchannagram,
bus_s9,0,10,bus_science_city,
bus_s9,0,11,bus_chingrighata,
bus_s9,0,12,bus_building_more,
bus_s9,0,13,bus_stadium_island,
bus_s9,0,14,bus_central_park,
bus_s9,0,15,bus_saltlake_karunamoyee,
bus_s9,1,1,bus_saltlake_karunamoyee,
bus_s9,1,2,bus_central_park,
bus_s9,1,3,bus_stadium_island,
bus_s9,1,4,bus_building_more,
bus_s9,1,5,bus_chingrighata,
bus_s9,1,6,bus_science_city,
bus_s9,1,7,bus_uttar_panchannagram,
bus_s9,1,8,bus_fortis,
bus_s9,1,9,bus_ruby_crossing,
bus_s9,1,10,bus_kalikapur,
bus_s9,1,11,bus_mukundapur,
bus_s9,1,12,bus_ajaynagar,
bus_s9,1,13,bus_santoshpur,
bus_s9,1,14,bus_sulekha,
bus_s9,1,15,bus_jadavpur,
bus_s9a,0,1,bus_dunlop,
bus_s9a,0,2,bus_bonhooghly,
bus_s9a,0,3,bus_sinthi,
bus_s9a,0,4,bus_chiria_more,
bus_s9a,0,5,bus_shyambazar,
bus_s9a,0,6,bus_girish_park,
bus_s9a,0,7,bus_m_g_road_crossing,
bus_s9a,0,8,bus_central,
bus_s9a,0,9,bus_chadni,
bus_s9a,0,10,bus_esplanade,
bus_s9a,0,11,bus_park_street,
bus_s9a,0,12,bus_maidan,
bus_s9a,0,13,bus_exide,
bus_s9a,0,14,bus_elgin_crossing,
bus_s9a,0,15,bus_bhawanipur,
bus_s9a,0,16,bus_hazra,
bus_s9a,0,17,bus_kalighat,
bus_s9a,0,18,bus_rashbihari_crossing,
bus_s9a,0,19,bus_lake_mall,
bus_s9a,0,20,bus_deshoprio_park,
bus_s9a,0,21,bus_gariahat,
bus_s9a,0,22,bus_ballygunge_station,
bus_s9a,1,1,bus_ballygunge_station,
bus_s9a,1,2,bus_gariahat,
bus_s9a,1,3,bus_deshoprio_park,
bus_s9a,1,4,bus_lake_mall,
bus_s9a,1,5,bus_rashbihari_crossing,
bus_s9a,1,6,bus_kalighat,
bus_s9a,1,7,bus_hazra,
bus_s9a,1,8,bus_bhawanipur,
bus_s9a,1,9,bus_elgin_crossing,
bus_s9a,1,10,bus_exide,
bus_s9a,1,11,bus_maidan,
bus_s9a,1,12,bus_park_street,
bus_s9a,1,13,bus_esplanade,
bus_s9a,1,14,bus_chadni,
bus_s9a,1,15,bus_central,
bus_s9a,1,16,bus_m_g_road_crossing,
bus_s9a,1,17,bus_girish_park,
bus_s9a,1,18,bus_shyambazar,
bus_s9a,1,19,bus_chiria_more,
bus_s9a,1,20,bus_sinthi,
bus_s9a,1,21,bus_bonhooghly,
bus_s9a,1,22,bus_dunlop,
bus_s9c,0,1,bus_kamalgazi,
bus_s9c,0,2,bus_dhalai_bridge,
bus_s9c,0,3,bus_patuli,
bus_s9c,0,4,bus_peerless_hospital,
bus_s9c,0,5,bus_hiland_park,
bus_s9c,0,6,bus_ajaynagar,
bus_s9c,0,7,bus_mukundapur,
bus_s9c,0,8,bus_kalikapur,
bus_s9c,0,9,bus_ruby_crossing,
bus_s9c,0,10,bus_fortis,
bus_s9c,0,11,bus_uttar_panchannagram,
bus_s9c,0,12,bus_science_city,
bus_s9c,0,13,bus_chingrighata,
bus_s9c,0,14,bus_building_more,
bus_s9c,0,15,bus_saltlake_stadium,
bus_s9c,0,16,bus_amri_hospital,
bus_s9c,0,17,bus_gd_island,
bus_s9c,0,18,bus_sushrut_eye_hospital,
bus_s9c,0,19,bus_wipro,
bus_s9c,0,20,bus_college_more,
bus_s9c,0,21,bus_technopolis,
bus_s9c,0,22,bus_dlf1,
bus_s9c,0,23,bus_newtown,
bus_s9c,0,24,bus_axis_mall,
bus_s9c,0,25,bus_narkelbagan,
bus_s9c,0,26,bus_tata_cancer_hospital,
bus_s9c,0,27,bus_unitech_gate_2,
bus_s9c,0,28,bus_ecospace,
bus_s9c,1,1,bus_ecospace,
bus_s9c,1,2,bus_unitech_gate_2,
bus_s9c,1,3,bus_tata_cancer_hospital,
bus_s9c,1,4,bus_narkelbagan,
bus_s9c,1,5,bus_axis_mall,
bus_s9c,1,6,bus_newtown,
bus_s9c,1,7,bus_dlf1,
bus_s9c,1,8,bus_technopolis,
bus_s9c,1,9,bus_college_more,
bus_s9c,1,10,bus_wipro,
bus_s9c,1,11,bus_sushrut_eye_hospital,
bus_s9c,1,12,bus_gd_island,
bus_s9c,1,13,bus_amri_hospital,
bus_s9c,1,14,bus_saltlake_stadium,
bus_s9c,1,15,bus_building_more,
bus_s9c,1,16,bus_chingrighata,
bus_s9c,1,17,bus_science_city,
bus_s9c,1,18,bus_uttar_panchannagram,
bus_s9c,1,19,bus_fortis,
bus_s9c,1,20,bus_ruby_crossing,
bus_s9c,1,21,bus_kalikapur,
bus_s9c,1,22,bus_mukundapur,
bus_s9c,1,23,bus_ajaynagar,
bus_s9c,1,24,bus_hiland_park,
bus_s9c,1,25,bus_peerless_hospital,
bus_s9c,1,26,bus_patuli,
bus_s9c,1,27,bus_dhalai_bridge,
bus_s9c,1,28,bus_kamalgazi,
bus_s10,0,1,bus_airport_gate_3,
bus_s10,0,2,bus_airport_gate_1,
bus_s10,0,3,bus_central_jail,
bus_s10,0,4,bus_ils_hospital,
bus_s10,0,5,bus_nagerbazar,
bus_s10,0,6,bus_diamond_plaza_mall,
bus_s10,0,7,bus_bangur,
bus_s10,0,8,bus_laketown,
bus_s10,0,9,bus_patipukur,
bus_s10,0,10,bus_belgachia,
bus_s10,0,11,bus_shyambazar,
bus_s10,0,12,bus_girish_park,
bus_s10,0,13,bus_m_g_road_crossing,
bus_s10,0,14,bus_central,
bus_s10,0,15,bus_esplanade,
bus_s10,0,16,bus_park_street,
bus_s10,0,17,bus_maidan,
bus_s10,0,18,bus_exide,
bus_s10,0,19,bus_pts,
bus_s10,0,20,bus_hastings,
bus_s10,0,21,bus_toll_tax,
bus_s10,0,22,bus_nabanna_bus_terminus,
bus_s10,1,1,bus_nabanna_bus_terminus,
bus_s10,1,2,bus_toll_tax,
bus_s10,1,3,bus_hastings,
bus_s10,1,4,bus_pts,
bus_s10,1,5,bus_exide,
bus_s10,1,6,bus_maidan,
bus_s10,1,7,bus_park_street,
bus_s10,1,8,bus_esplanade,
bus_s10,1,9,bus_central,
bus_s10,1,10,bus_m_g_road_crossing,
bus_s10,1,11,bus_girish_park,
bus_s10,1,12,bus_shyambazar,
bus_s10,1,13,bus_belgachia,
bus_s10,1,14,bus_patipukur,
bus_s10,1,15,bus_laketown,
bus_s10,1,16,bus_bangur,
bus_s10,1,17,bus_diamond_plaza_mall,
bus_s10,1,18,bus_nagerbazar,
bus_s10,1,19,bus_ils_hospital,
bus_s10,1,20,bus_central_jail,
bus_s10,1,21,bus_airport_gate_1,
bus_s10,1,22,bus_airport_gate_3,
bus_s10a,0,1,bus_ballygunge_station,
bus_s10a,0,2,bus_gariahat,
bus_s10a,0,3,bus_deshoprio_park,
bus_s10a,0,4,bus_rashbehari,
bus_s10a,0,5,bus_kalighat,
bus_s10a,0,6,bus_hazra,
bus_s10a,0,7,bus_bhowanipur,
bus_s10a,0,8,bus_elgin_crossing,
bus_s10a,0,9,bus_exide,
bus_s10a,0,10,bus_rabindra_sadan,
bus_s10a,0,11,bus_maidan,
bus_s10a,0,12,bus_park_street,
bus_s10a,0,13,bus_mayo_road,
bus_s10a,0,14,bus_esplanade,
bus_s10a,0,15,bus_bbd_bag,
bus_s10a,0,16,bus_burrabazar,
bus_s10a,0,17,bus_howrah_station,
bus_s10a,1,1,bus_howrah_station,
bus_s10a,1,2,bus_burrabazar,
bus_s10a,1,3,bus_bbd_bag,
bus_s10a,1,4,bus_esplanade,
bus_s10a,1,5,bus_mayo_road,
bus_s10a,1,6,bus_park_street,
bus_s10a,1,7,bus_maidan,
bus_s10a,1,8,bus_rabindra_sadan,
bus_s10a,1,9,bus_exide,
bus_s10a,1,10,bus_elgin_crossing,
bus_s10a,1,11,bus_bhowanipur,
bus_s10a,1,12,bus_hazra,
bus_s10a,1,13,bus_kalighat,
bus_s10a,1,14,bus_rashbehari,
bus_s10a,1,15,bus_deshoprio_park,
bus_s10a,1,16,bus_gariahat,
bus_s10a,1,17,bus_ballygunge_station,
bus_s11,0,1,bus_nilgaunj_depot,
bus_s11,0,2,bus_wireless_more,
bus_s11,0,3,bus_lalkuthi,
bus_s11,0,4,bus_barrackpore_station_2,
bus_s11,0,5,bus_chiria_more_2,
bus_s11,0,6,bus_titagarh_p_s,
bus_s11,0,7,bus_khardaha_municipality,
bus_s11,0,8,bus_sukhchar,
bus_s11,0,9,bus_sodepur,
bus_s11,0,10,bus_panihati,
bus_s11,0,11,bus_kamarhati,
bus_s11,0,12,bus_rathtala,
bus_s11,0,13,bus_dunlop,
bus_s11,0,14,bus_tobin_road,
bus_s11,0,15,bus_sinthi,
bus_s11,0,16,bus_chiriamore_dumdum,
bus_s11,0,17,bus_shyambazar,
bus_s11,0,18,bus_sovabazar,
bus_s11,0,19,bus_girish_park,
bus_s11,0,20,bus_m_g_road_crossing,
bus_s11,0,21,bus_central,
bus_s11,0,22,bus_chadni,
bus_s11,0,23,bus_esplanade_l20,
bus_s11,1,1,bus_esplanade_l20,
bus_s11,1,2,bus_chadni,
bus_s11,1,3,bus_central,
bus_s11,1,4,bus_m_g_road_crossing,
bus_s11,1,5,bus_girish_park,
bus_s11,1,6,bus_sovabazar,
bus_s11,1,7,bus_shyambazar,
bus_s11,1,8,bus_chiriamore_dumdum,
bus_s11,1,9,bus_sinthi,
bus_s11,1,10,bus_tobin_road,
bus_s11,1,11,bus_dunlop,
bus_s11,1,12,bus_rathtala,
bus_s11,1,13,bus_kamarhati,
bus_s11,1,14,bus_panihati,
bus_s11,1,15,bus_sodepur,
bus_s11,1,16,bus_sukhchar,
bus_s11,1,17,bus_khardaha_municipality,
bus_s11,1,18,bus_titagarh_p_s,
bus_s11,1,19,bus_chiria_more_2,
bus_s11,1,20,bus_barrackpore_station_2,
bus_s11,1,21,bus_lalkuthi,
bus_s11,1,22,bus_wireless_more,
bus_s11,1,23,bus_nilgaunj_depot,
bus_s12,0,1,bus_newtown_bus_stand,
bus_s12,0,2,bus_dlf1,
bus_s12,0,3,bus_mahishbathan,
bus_s12,0,4,bus_technopolis,
bus_s12,0,5,bus_r_s_software,
bus_s12,0,6,bus_college_more,
bus_s12,0,7,bus_sdf,
bus_s12,0,8,bus_nicco_park,
bus_s12,0,9,bus_chingrighata,
bus_s12,0,10,bus_building_more,
bus_s12,0,11,bus_beleghata_id_hospital,
bus_s12,0,12,bus_cit_more,
bus_s12,0,13,bus_sales_tax,
bus_s12,0,14,bus_sealdah_court,
bus_s12,0,15,bus_sealdah_station,
bus_s12,0,16,bus_nrs_hospital,
bus_s12,0,17,bus_moulali,
bus_s12,0,18,bus_esplanade,
bus_s12,0,19,bus_dalhousie,
bus_s12,0,20,bus_bbd_bag,
bus_s12,0,21,bus_burrabazar,
bus_s12,0,22,bus_howrah_station,
bus_s12,1,1,bus_howrah_station,
bus_s12,1,2,bus_burrabazar,
bus_s12,1,3,bus_bbd_bag,
bus_s12,1,4,bus_dalhousie,
bus_s12,1,5,bus_esplanade,
bus_s12,1,6,bus_moulali,
bus_s12,1,7,bus_nrs_hospital,
bus_s12,1,8,bus_sealdah_station,
bus_s12,1,9,bus_sealdah_court,
bus_s12,1,10,bus_sales_tax,
bus_s12,1,11,bus_cit_more,
bus_s12,1,12,bus_beleghata_id_hospital,
bus_s12,1,13,bus_building_more,
bus_s12,1,14,bus_chingrighata,
bus_s12,1,15,bus_nicco_park,
bus_s12,1,16,bus_sdf,
bus_s12,1,17,bus_college_more,
bus_s12,1,18,bus_r_s_software,
bus_s12,1,19,bus_technopolis,
bus_s12,1,20,bus_mahishbathan,
bus_s12,1,21,bus_dlf1,
bus_s12,1,22,bus_newtown_bus_stand,
bus_s12d,0,1,bus_thakurpukur_3a,
bus_s12d,0,2,bus_thakurpukur_bazar,
bus_s12d,0,3,bus_kadamtala,
bus_s12d,0,4,bus_sakher_bazar,
bus_s12d,0,5,bus_behala_chowrasta,
bus_s12d,0,6,bus_manton,
bus_s12d,0,7,bus_behala_p_s,
bus_s12d,0,8,bus_taratala,
bus_s12d,0,9,bus_majherhat,
bus_s12d,0,10,bus_mominpur,
bus_s12d,0,11,bus_ekbalpur,
bus_s12d,0,12,bus_khiderpur,
bus_s12d,0,13,bus_hastings,
bus_s12d,0,14,bus_fort_william,
bus_s12d,0,15,bus_esplanade,
bus_s12d,0,16,bus_dalhousie,
bus_s12d,0,17,bus_shipping_corporation,
bus_s12d,0,18,bus_burrabazar,
bus_s12d,0,19,bus_howrah_station,
bus_s12d,1,1,bus_howrah_station,
bus_s12d,1,2,bus_burrabazar,
bus_s12d,1,3,bus_shipping_corporation,
bus_s12d,1,4,bus_dalhousie,
bus_s12d,1,5,bus_esplanade,
bus_s12d,1,6,bus_fort_william,
bus_s12d,1,7,bus_hastings,
bus_s12d,1,8,bus_khiderpur,
bus_s12d,1,9,bus_ekbalpur,
bus_s12d,1,10,bus_mominpur,
bus_s12d,1,11,bus_majherhat,
bus_s12d,1,12,bus_taratala,
bus_s12d,1,13,bus_behala_p_s,
bus_s12d,1,14,bus_manton,
bus_s12d,1,15,bus_behala_chowrasta,
bus_s12d,1,16,bus_sakher_bazar,
bus_s12d,1,17,bus_kadamtala,
bus_s12d,1,18,bus_thakurpukur_bazar,
bus_s12d,1,19,bus_thakurpukur_3a,
bus_s12e,0,1,bus_amity_university_ecospace,
bus_s12e,0,2,bus_unitech_gate_2,
bus_s12e,0,3,bus_tata_cancer_hospital,
bus_s12e,0,4,bus_narkelbagan,
bus_s12e,0,5,bus_axis_mall,
bus_s12e,0,6,bus_newtown,
bus_s12e,0,7,bus_dlf1,
bus_s12e,0,8,bus_technopolis,
bus_s12e,0,9,bus_college_more,
bus_s12e,0,10,bus_karunamoyee,
bus_s12e,0,11,bus_central_park,
bus_s12e,0,12,bus_stadium_island,
bus_s12e,0,13,bus_building_more,
bus_s12e,0,14,bus_cit_more,
bus_s12e,0,15,bus_beleghata_sales_tax,
bus_s12e,0,16,bus_sealdah_station,
bus_s12e,0,17,bus_moulali,
bus_s12e,0,18,bus_esplanade,
bus_s12e,0,19,bus_dalhousie,
bus_s12e,0,20,bus_bbd_bag,
bus_s12e,0,21,bus_burrabazar,
bus_s12e,0,22,bus_howrah_station,
bus_s12e,1,1,bus_howrah_station,
bus_s12e,1,2,bus_burrabazar,
bus_s12e,1,3,bus_bbd_bag,
bus_s12e,1,4,bus_dalhousie,
bus_s12e,1,5,bus_esplanade,
bus_s12e,1,6,bus_moulali,
bus_s12e,1,7,bus_sealdah_station,
bus_s12e,1,8,bus_beleghata_sales_tax,
bus_s12e,1,9,bus_cit_more,
bus_s12e,1,10,bus_building_more,
bus_s12e,1,11,bus_stadium_island,
bus_s12e,1,12,bus_central_park,
bus_s12e,1,13,bus_karunamoyee,
bus_s12e,1,14,bus_college_more,
bus_s12e,1,15,bus_technopolis,
bus_s12e,1,16,bus_dlf1,
bus_s12e,1,17,bus_newtown,
bus_s12e,1,18,bus_axis_mall,
bus_s12e,1,19,bus_narkelbagan,
bus_s12e,1,20,bus_tata_cancer_hospital,
bus_s12e,1,21,bus_unitech_gate_2,
bus_s12e,1,22,bus_amity_university_ecospace,
bus_s14,0,1,bus_garia_bus_stand,
bus_s14,0,2,bus_45_bus_stand,
bus_s14,0,3,bus_patuli,
bus_s14,0,4,bus_peerless_hospital,
bus_s14,0,5,bus_hiland_park,
bus_s14,0,6,bus_ajaynagar,
bus_s14,0,7,bus_mukundapur,
bus_s14,0,8,bus_kalikapur,
bus_s14,0,9,bus_ruby_crossing,
bus_s14,0,10,bus_fortis_hospital,
bus_s14,0,11,bus_uttar_panchannagram,
bus_s14,0,12,bus_science_city,
bus_s14,0,13,bus_chingrighata,
bus_s14,0,14,bus_building_more,
bus_s14,0,15,bus_amri_hospital,
bus_s14,0,16,bus_stadium_island,
bus_s14,0,17,bus_kbkc,
bus_s14,0,18,bus_gd_island,
bus_s14,0,19,bus_fd_island,
bus_s14,0,20,bus_central_park,
bus_s14,0,21,bus_saltlake_karunamoyee,
bus_s14,1,1,bus_saltlake_karunamoyee,
bus_s14,1,2,bus_central_park,
bus_s14,1,3,bus_fd_island,
bus_s14,1,4,bus_gd_island,
bus_s14,1,5,bus_kbkc,
bus_s14,1,6,bus_stadium_island,
bus_s14,1,7,bus_amri_hospital,
bus_s14,1,8,bus_building_more,
bus_s14,1,9,bus_chingrighata,
bus_s14,1,10,bus_science_city,
bus_s14,1,11,bus_uttar_panchannagram,
bus_s14,1,12,bus_fortis_hospital,
bus_s14,1,13,bus_ruby_crossing,
bus_s14,1,14,bus_kalikapur,
bus_s14,1,15,bus_mukundapur,
bus_s14,1,16,bus_ajaynagar,
bus_s14,1,17,bus_hiland_park,
bus_s14,1,18,bus_peerless_hospital,
bus_s14,1,19,bus_patuli,
bus_s14,1,20,bus_45_bus_stand,
bus_s14,1,21,bus_garia_bus_stand,
bus_s16,0,1,bus_thakurpukur,
bus_s16,0,2,bus_thakurpukur_3a_bus_stand,
bus_s16,0,3,bus_thakurpukur_bazar,
bus_s16,0,4,bus_shilpara,
bus_s16,0,5,bus_chowrasta,
bus_s16,0,6,bus_menton,
bus_s16,0,7,bus_behala_tram_depot,
bus_s16,0,8,bus_taratala_more,
bus_s16,0,9,bus_mominpore,
bus_s16,0,10,bus_khiddirpor,
bus_s16,0,11,bus_water_gate,
bus_s16,0,12,bus_espl,
bus_s16,0,13,bus_subodh_mullick_square,
bus_s16,0,14,bus_moulali,
bus_s16,0,15,bus_sealdha,
bus_s16,0,16,bus_rajabazar,
bus_s16,0,17,bus_manicktala,
bus_s16,0,18,bus_kankurgachi,
bus_s16,0,19,bus_hudco,
bus_s16,0,20,bus_pnb,
bus_s16,0,21,bus_c_a_island,
bus_s16,0,22,bus_laboni,
bus_s16,0,23,bus_seva_hospital,
bus_s16,0,24,bus_baisakhi,
bus_s16,0,25,bus_bhavan,
bus_s16,0,26,bus_karunamoyee,
bus_s16,0,27,bus_saltlake,
bus_s16,1,1,bus_saltlake,
bus_s16,1,2,bus_karunamoyee,
bus_s16,1,3,bus_bhavan,
bus_s16,1,4,bus_baisakhi,
bus_s16,1,5,bus_seva_hospital,
bus_s16,1,6,bus_laboni,
bus_s16,1,7,bus_c_a_island,
bus_s16,1,8,bus_pnb,
bus_s16,1,9,bus_hudco,
bus_s16,1,10,bus_kankurgachi,
bus_s16,1,11,bus_manicktala,
bus_s16,1,12,bus_rajabazar,
bus_s16,1,13,bus_sealdha,
bus_s16,1,14,bus_moulali,
bus_s16,1,15,bus_subodh_mullick_square,
bus_s16,1,16,bus_espl,
bus_s16,1,17,bus_water_gate,
bus_s16,1,18,bus_khiddirpor,
bus_s16,1,19,bus_mominpore,
bus_s16,1,20,bus_taratala_more,
bus_s16,1,21,bus_behala_tram_depot,
bus_s16,1,22,bus_menton,
bus_s16,1,23,bus_chowrasta,
bus_s16,1,24,bus_shilpara,
bus_s16,1,25,bus_thakurpukur_bazar,
bus_s16,1,26,bus_thakurpukur_3a_bus_stand,
bus_s16,1,27,bus_thakurpukur,
bus_s17a,0,1,bus_ariadaha_dakshineswar,
bus_s17a,0,2,bus_dakshineswar,
bus_s17a,0,3,bus_alambazar,
bus_s17a,0,4,bus_baranagar_municipality,
bus_s17a,0,5,bus_baranagar_bazar,
bus_s17a,0,6,bus_cossipur_udyanbati,
bus_s17a,0,7,bus_cossipur,
bus_s17a,0,8,bus_galiff_street,
bus_s17a,0,9,bus_bagbazar,
bus_s17a,0,10,bus_sovabazar,
bus_s17a,0,11,bus_girish_park,
bus_s17a,0,12,bus_m_g_road_crossing,
bus_s17a,0,13,bus_central,
bus_s17a,0,14,bus_chadni,
bus_s17a,0,15,bus_esplanade,
bus_s17a,0,16,bus_park_street,
bus_s17a,0,17,bus_maidan,
bus_s17a,0,18,bus_exide,
bus_s17a,0,19,bus_elgin_crossing,
bus_s17a,0,20,bus_bhawanipur,
bus_s17a,0,21,bus_hazra,
bus_s17a,0,22,bus_rashbihari_crossing,
bus_s17a,0,23,bus_tollygunge_phari,
bus_s17a,0,24,bus_tollygunj_tram_depot,
bus_s17a,0,25,bus_nanu_babur_bazar,
bus_s17a,0,26,bus_kundghat,
bus_s17a,1,1,bus_kundghat,
bus_s17a,1,2,bus_nanu_babur_bazar,
bus_s17a,1,3,bus_tollygunj_tram_depot,
bus_s17a,1,4,bus_tollygunge_phari,
bus_s17a,1,5,bus_rashbihari_crossing,
bus_s17a,1,6,bus_hazra,
bus_s17a,1,7,bus_bhawanipur,
bus_s17a,1,8,bus_elgin_crossing,
bus_s17a,1,9,bus_exide,
bus_s17a,1,10,bus_maidan,
bus_s17a,1,11,bus_park_street,
bus_s17a,1,12,bus_esplanade,
bus_s17a,1,13,bus_chadni,
bus_s17a,1,14,bus_central,
bus_s17a,1,15,bus_m_g_road_crossing,
bus_s17a,1,16,bus_girish_park,
bus_s17a,1,17,bus_sovabazar,
bus_s17a,1,18,bus_bagbazar,
bus_s17a,1,19,bus_galiff_street,
bus_s17a,1,20,bus_cossipur,
bus_s17a,1,21,bus_cossipur_udyanbati,
bus_s17a,1,22,bus_baranagar_bazar,
bus_s17a,1,23,bus_baranagar_municipality,
bus_s17a,1,24,bus_alambazar,
bus_s17a,1,25,bus_dakshineswar,
bus_s17a,1,26,bus_ariadaha_dakshineswar,
bus_s21,0,1,bus_bagbazar,
bus_s21,0,2,bus_shyambazar,
bus_s21,0,3,bus_khanna,
bus_s21,0,4,bus_gouribari,
bus_s21,0,5,bus_muchibazar,
bus_s21,0,6,bus_bidhannagar_station,
bus_s21,0,7,bus_hudco,
bus_s21,0,8,bus_saltlake_gate,
bus_s21,0,9,bus_bengal_chemical,
bus_s21,0,10,bus_mani_square,
bus_s21,0,11,bus_apollo_hospital,
bus_s21,0,12,bus_swabhumi,
bus_s21,0,13,bus_saltlake_stadium,
bus_s21,0,14,bus_building_more,
bus_s21,0,15,bus_chingrighata,
bus_s21,0,16,bus_dhapa_mathpukur,
bus_s21,0,17,bus_science_city,
bus_s21,0,18,bus_uttar_panchannagram,
bus_s21,0,19,bus_fortis,
bus_s21,0,20,bus_ruby_hospital,
bus_s21,0,21,bus_kalikapur,
bus_s21,0,22,bus_medica_hospital,
bus_s21,0,23,bus_mukundapur,
bus_s21,0,24,bus_ajaynagar,
bus_s21,0,25,bus_hiland_park,
bus_s21,0,26,bus_patuli,
bus_s21,0,27,bus_45_bus_stand,
bus_s21,0,28,bus_garia_bus_stand,
bus_s21,1,1,bus_garia_bus_stand,
bus_s21,1,2,bus_45_bus_stand,
bus_s21,1,3,bus_patuli,
bus_s21,1,4,bus_hiland_park,
bus_s21,1,5,bus_ajaynagar,
bus_s21,1,6,bus_mukundapur,
bus_s21,1,7,bus_medica_hospital,
bus_s21,1,8,bus_kalikapur,
bus_s21,1,9,bus_ruby_hospital,
bus_s21,1,10,bus_fortis,
bus_s21,1,11,bus_uttar_panchannagram,
bus_s21,1,12,bus_science_city,
bus_s21,1,13,bus_dhapa_mathpukur,
bus_s21,1,14,bus_chingrighata,
bus_s21,1,15,bus_building_more,
bus_s21,1,16,bus_saltlake_stadium,
bus_s21,1,17,bus_swabhumi,
bus_s21,1,18,bus_apollo_hospital,
bus_s21,1,19,bus_mani_square,
bus_s21,1,20,bus_bengal_chemical,
bus_s21,1,21,bus_saltlake_gate,
bus_s21,1,22,bus_hudco,
bus_s21,1,23,bus_bidhannagar_station,
bus_s21,1,24,bus_muchibazar,
bus_s21,1,25,bus_gouribari,
bus_s21,1,26,bus_khanna,
bus_s21,1,27,bus_shyambazar,
bus_s21,1,28,bus_bagbazar,
bus_s22,0,1,bus_shakuntala_park,
bus_s22,0,2,bus_bakultala,
bus_s22,0,3,bus_behala_chowrasta,
bus_s22,0,4,bus_manton,
bus_s22,0,5,bus_behala_14_number,
bus_s22,0,6,bus_taratala,
bus_s22,0,7,bus_new_alipore,
bus_s22,0,8,bus_chetla,
bus_s22,0,9,bus_rashbihari,
bus_s22,0,10,bus_deshoprio_park,
bus_s22,0,11,bus_gariahat,
bus_s22,0,12,bus_kasba,
bus_s22,0,13,bus_acropolis_mall,
bus_s22,0,14,bus_gst_bhawan,
bus_s22,0,15,bus_ruby_crossing,
bus_s22,0,16,bus_fortis_hospital,
bus_s22,0,17,bus_uttar_panchannagram,
bus_s22,0,18,bus_science_city,
bus_s22,0,19,bus_chingrighata,
bus_s22,0,20,bus_building_more,
bus_s22,0,21,bus_amri_hospital,
bus_s22,0,22,bus_stadium_island,
bus_s22,0,23,bus_gd_island,
bus_s22,0,24,bus_sushrut_eye_hospital,
bus_s22,0,25,bus_wipro,
bus_s22,0,26,bus_techno_india,
bus_s22,0,27,bus_swasthya_bhawan,
bus_s22,0,28,bus_sdf,
bus_s22,0,29,bus_college_more,
bus_s22,0,30,bus_wipro,
bus_s22,0,31,bus_10_number_tank,
bus_s22,0,32,bus_saltlake_karunamoyee,
bus_s22,1,1,bus_saltlake_karunamoyee,
bus_s22,1,2,bus_10_number_tank,
bus_s22,1,3,bus_wipro,
bus_s22,1,4,bus_college_more,
bus_s22,1,5,bus_sdf,
bus_s22,1,6,bus_swasthya_bhawan,
bus_s22,1,7,bus_techno_india,
bus_s22,1,8,bus_wipro,
bus_s22,1,9,bus_sushrut_eye_hospital,
bus_s22,1,10,bus_gd_island,
bus_s22,1,11,bus_stadium_island,
bus_s22,1,12,bus_amri_hospital,
bus_s22,1,13,bus_building_more,
bus_s22,1,14,bus_chingrighata,
bus_s22,1,15,bus_science_city,
bus_s22,1,16,bus_uttar_panchannagram,
bus_s22,1,17,bus_fortis_hospital,
bus_s22,1,18,bus_ruby_crossing,
bus_s22,1,19,bus_gst_bhawan,
bus_s22,1,20,bus_acropolis_mall,
bus_s22,1,21,bus_kasba,
bus_s22,1,22,bus_gariahat,
bus_s22,1,23,bus_deshoprio_park,
bus_s22,1,24,bus_rashbihari,
bus_s22,1,25,bus_chetla,
bus_s22,1,26,bus_new_alipore,
bus_s22,1,27,bus_taratala,
bus_s22,1,28,bus_behala_14_number,
bus_s22,1,29,bus_manton,
bus_s22,1,30,bus_behala_chowrasta,
bus_s22,1,31,bus_bakultala,
bus_s22,1,32,bus_shakuntala_park,
bus_s23a,0,1,bus_saltlake_karunamoyee,
bus_s23a,0,2,bus_tank_no_10,
bus_s23a,0,3,bus_wipro,
bus_s23a,0,4,bus_techno_india,
bus_s23a,0,5,bus_college_more,
bus_s23a,0,6,bus_r_s_software,
bus_s23a,0,7,bus_philips_more,
bus_s23a,0,8,bus_technopolis,
bus_s23a,0,9,bus_dlf1,
bus_s23a,0,10,bus_newtown,
bus_s23a,0,11,bus_axis_mall,
bus_s23a,0,12,bus_narkelbagan_biswa_bangla,
bus_s23a,0,13,bus_jatragachi,
bus_s23a,0,14,bus_westin,
bus_s23a,0,15,bus_eco_park,
bus_s23a,0,16,bus_city_centre_2,
bus_s23a,0,17,bus_chinar_park,
bus_s23a,0,18,bus_charnock_hospital,
bus_s23a,0,19,bus_kaikhali,
bus_s23a,0,20,bus_airport_gate_1,
bus_s23a,0,21,bus_airport_gate_2_5,
bus_s23a,0,22,bus_airport_gate_3,
bus_s23a,0,23,bus_durganagar,
bus_s23a,0,24,bus_mathkal,
bus_s23a,0,25,bus_dunlop,
bus_s23a,0,26,bus_dakshineswar,
bus_s23a,0,27,bus_ballyghat,
bus_s23a,0,28,bus_ballyhalt,
bus_s23a,0,29,bus_jhilpar,
bus_s23a,0,30,bus_rajchandrapur_ballyhalt,
bus_s23a,1,1,bus_rajchandrapur_ballyhalt,
bus_s23a,1,2,bus_jhilpar,
bus_s23a,1,3,bus_ballyhalt,
bus_s23a,1,4,bus_ballyghat,
bus_s23a,1,5,bus_dakshineswar,
bus_s23a,1,6,bus_dunlop,
bus_s23a,1,7,bus_mathkal,
bus_s23a,1,8,bus_durganagar,
bus_s23a,1,9,bus_airport_gate_3,
bus_s23a,1,10,bus_airport_gate_2_5,
bus_s23a,1,11,bus_airport_gate_1,
bus_s23a,1,12,bus_kaikhali,
bus_s23a,1,13,bus_charnock_hospital,
bus_s23a,1,14,bus_chinar_park,
bus_s23a,1,15,bus_city_centre_2,
bus_s23a,1,16,bus_eco_park,
bus_s23a,1,17,bus_westin,
bus_s23a,1,18,bus_jatragachi,
bus_s23a,1,19,bus_narkelbagan_biswa_bangla,
bus_s23a,1,20,bus_axis_mall,
bus_s23a,1,21,bus_newtown,
bus_s23a,1,22,bus_dlf1,
bus_s23a,1,23,bus_technopolis,
bus_s23a,1,24,bus_philips_more,
bus_s23a,1,25,bus_r_s_software,
bus_s23a,1,26,bus_college_more,
bus_s23a,1,27,bus_techno_india,
bus_s23a,1,28,bus_wipro,
bus_s23a,1,29,bus_tank_no_10,
bus_s23a,1,30,bus_saltlake_karunamoyee,
bus_s24,0,1,bus_kamalgazi,
bus_s24,0,2,bus_dhalai_bridge,
bus_s24,0,3,bus_patuli,
bus_s24,0,4,bus_peerless_hospital,
bus_s24,0,5,bus_hiland_park,
bus_s24,0,6,bus_ajaynagar,
bus_s24,0,7,bus_mukundapur,
bus_s24,0,8,bus_kalikapur,
bus_s24,0,9,bus_ruby_crossing,
bus_s24,0,10,bus_fortis_hospital,
bus_s24,0,11,bus_uttar_panchannagram,
bus_s24,0,12,bus_science_city,
bus_s24,0,13,bus_topsia,
bus_s24,0,14,bus_park_circus_4_number_bridge,
bus_s24,0,15,bus_don_bosco_crossing,
bus_s24,0,16,bus_c_i_t_road,
bus_s24,0,17,bus_moulali,
bus_s24,0,18,bus_esplanade,
bus_s24,0,19,bus_r_n_mukherjee_street,
bus_s24,0,20,bus_gpo,
bus_s24,0,21,bus_shipping_corporation,
bus_s24,0,22,bus_burrabazar,
bus_s24,0,23,bus_howrah_station,
bus_s24,1,1,bus_howrah_station,
bus_s24,1,2,bus_burrabazar,
bus_s24,1,3,bus_shipping_corporation,
bus_s24,1,4,bus_gpo,
bus_s24,1,5,bus_r_n_mukherjee_street,
bus_s24,1,6,bus_esplanade,
bus_s24,1,7,bus_moulali,
bus_s24,1,8,bus_c_i_t_road,
bus_s24,1,9,bus_don_bosco_crossing,
bus_s24,1,10,bus_park_circus_4_number_bridge,
bus_s24,1,11,bus_topsia,
bus_s24,1,12,bus_science_city,
bus_s24,1,13,bus_uttar_panchannagram,
bus_s24,1,14,bus_fortis_hospital,
bus_s24,1,15,bus_ruby_crossing,
bus_s24,1,16,bus_kalikapur,
bus_s24,1,17,bus_mukundapur,
bus_s24,1,18,bus_ajaynagar,
bus_s24,1,19,bus_hiland_park,
bus_s24,1,20,bus_peerless_hospital,
bus_s24,1,21,bus_patuli,
bus_s24,1,22,bus_dhalai_bridge,
bus_s24,1,23,bus_kamalgazi,
bus_s24n,0,1,bus_patuli,
bus_s24n,0,2,bus_arabinda_pally,
bus_s24n,0,3,bus_peerless_hospital,
bus_s24n,0,4,bus_ajoynagar,
bus_s24n,0,5,bus_kalikapur,
bus_s24n,0,6,bus_ruby,
bus_s24n,0,7,bus_panchanan_gram,
bus_s24n,0,8,bus_em_byepass,
bus_s24n,0,9,bus_topsia_road_xing,
bus_s24n,0,10,bus_lohapoll,
bus_s24n,0,11,bus_middle_rd,
bus_s24n,0,12,bus_moulali,
bus_s24n,0,13,bus_s_n_banarjee_rd,
bus_s24n,0,14,bus_esplanade,
bus_s24n,0,15,bus_rabindra_sadan,
bus_s24n,0,16,bus_pts,
bus_s24n,0,17,bus_nabanna,
bus_s24n,1,1,bus_nabanna,
bus_s24n,1,2,bus_pts,
bus_s24n,1,3,bus_rabindra_sadan,
bus_s24n,1,4,bus_esplanade,
bus_s24n,1,5,bus_s_n_banarjee_rd,
bus_s24n,1,6,bus_moulali,
bus_s24n,1,7,bus_middle_rd,
bus_s24n,1,8,bus_lohapoll,
bus_s24n,1,9,bus_topsia_road_xing,
bus_s24n,1,10,bus_em_byepass,
bus_s24n,1,11,bus_panchanan_gram,
bus_s24n,1,12,bus_ruby,
bus_s24n,1,13,bus_kalikapur,
bus_s24n,1,14,bus_ajoynagar,
bus_s24n,1,15,bus_peerless_hospital,
bus_s24n,1,16,bus_arabinda_pally,
bus_s24n,1,17,bus_patuli,
bus_s30_it_spl,0,1,bus_bidhannagar_station,
bus_s30_it_spl,0,2,bus_hudco,
bus_s30_it_spl,0,3,bus_saltlake_gate,
bus_s30_it_spl,0,4,bus_bengal_chemical,
bus_s30_it_spl,0,5,bus_mani_square,
bus_s30_it_spl,0,6,bus_apollo_hospital,
bus_s30_it_spl,0,7,bus_swabhumi,
bus_s30_it_spl,0,8,bus_saltlake_stadium,
bus_s30_it_spl,0,9,bus_building_more,
bus_s30_it_spl,0,10,bus_chingrighata,
bus_s30_it_spl,0,11,bus_sukanta_nagar,
bus_s30_it_spl,0,12,bus_nicco_park,
bus_s30_it_spl,0,13,bus_wipro,
bus_s30_it_spl,0,14,bus_college_more,
bus_s30_it_spl,0,15,bus_technopolis,
bus_s30_it_spl,0,16,bus_dlf1,
bus_s30_it_spl,0,17,bus_newtown,
bus_s30_it_spl,0,18,bus_axis_mall,
bus_s30_it_spl,0,19,bus_narkelbagan,
bus_s30_it_spl,0,20,bus_tata_cancer_hospital,
bus_s30_it_spl,0,21,bus_unitech_gate_2,
bus_s30_it_spl,0,22,bus_tcs_gitanjali,
bus_s30_it_spl,0,23,bus_ecospace,
bus_s30_it_spl,1,1,bus_ecospace,
bus_s30_it_spl,1,2,bus_tcs_gitanjali,
bus_s30_it_spl,1,3,bus_unitech_gate_2,
bus_s30_it_spl,1,4,bus_tata_cancer_hospital,
bus_s30_it_spl,1,5,bus_narkelbagan,
bus_s30_it_spl,1,6,bus_axis_mall,
bus_s30_it_spl,1,7,bus_newtown,
bus_s30_it_spl,1,8,bus_dlf1,
bus_s30_it_spl,1,9,bus_technopolis,
bus_s30_it_spl,1,10,bus_college_more,
bus_s30_it_spl,1,11,bus_wipro,
bus_s30_it_spl,1,12,bus_nicco_park,
bus_s30_it_spl,1,13,bus_sukanta_nagar,
bus_s30_it_spl,1,14,bus_chingrighata,
bus_s30_it_spl,1,15,bus_building_more,
bus_s30_it_spl,1,16,bus_saltlake_stadium,
bus_s30_it_spl,1,17,bus_swabhumi,
bus_s30_it_spl,1,18,bus_apollo_hospital,
bus_s30_it_spl,1,19,bus_mani_square,
bus_s30_it_spl,1,20,bus_bengal_chemical,
bus_s30_it_spl,1,21,bus_saltlake_gate,
bus_s30_it_spl,1,22,bus_hudco,
bus_s30_it_spl,1,23,bus_bidhannagar_station,
bus_s30a,0,1,bus_ultadanga_salt_lake_ultadanga,
bus_s30a,0,2,bus_ultadanga_15_no_bus_stand,
bus_s30a,0,3,bus_hudco,
bus_s30a,0,4,bus_pnb,
bus_s30a,0,5,bus_c_a_island,
bus_s30a,0,6,bus_city_centre_ii,
bus_s30a,0,7,bus_4_no_tank,
bus_s30a,0,8,bus_ramkrishna_mission,
bus_s30a,0,9,bus_c_g_o_complex,
bus_s30a,0,10,bus_purta_bhawan,
bus_s30a,0,11,bus_unnayan_bhawan,
bus_s30a,0,12,bus_kanunamoyee,
bus_s30a,0,13,bus_wipro,
bus_s30a,0,14,bus_lock_gate,
bus_s30a,0,15,bus_technopolis,
bus_s30a,0,16,bus_philips,
bus_s30a,0,17,bus_r_s_software,
bus_s30a,0,18,bus_college_more,
bus_s30a,0,19,bus_sdg,
bus_s30a,0,20,bus_nicco_park,
bus_s30a,0,21,bus_police_camp,
bus_s30a,0,22,bus_gd_island,
bus_s30a,0,23,bus_falguni,
bus_s30a,0,24,bus_vidyasagar_island,
bus_s30a,0,25,bus_c_a_island,
bus_s30a,0,26,bus_pnb,
bus_s30a,0,27,bus_hudco,
bus_s30a,0,28,bus_ultadanga_15_no_bus_stand,
bus_s30a,0,29,bus_circuitous_service,
bus_s30a,1,1,bus_circuitous_service,
bus_s30a,1,2,bus_ultadanga_15_no_bus_stand,
bus_s30a,1,3,bus_hudco,
bus_s30a,1,4,bus_pnb,
bus_s30a,1,5,bus_c_a_island,
bus_s30a,1,6,bus_vidyasagar_island,
bus_s30a,1,7,bus_falguni,
bus_s30a,1,8,bus_gd_island,
bus_s30a,1,9,bus_police_camp,
bus_s30a,1,10,bus_nicco_park,
bus_s30a,1,11,bus_sdg,
bus_s30a,1,12,bus_college_more,
bus_s30a,1,13,bus_r_s_software,
bus_s30a,1,14,bus_philips,
bus_s30a,1,15,bus_technopolis,
bus_s30a,1,16,bus_lock_gate,
bus_s30a,1,17,bus_wipro,
bus_s30a,1,18,bus_kanunamoyee,
bus_s30a,1,19,bus_unnayan_bhawan,
bus_s30a,1,20,bus_purta_bhawan,
bus_s30a,1,21,bus_c_g_o_complex,
bus_s30a,1,22,bus_ramkrishna_mission,
bus_s30a,1,23,bus_4_no_tank,
bus_s30a,1,24,bus_city_centre_ii,
bus_s30a,1,25,bus_c_a_island,
bus_s30a,1,26,bus_pnb,
bus_s30a,1,27,bus_hudco,
bus_s30a,1,28,bus_ultadanga_15_no_bus_stand,
bus_s30a,1,29,bus_ultadanga_salt_lake_ultadanga,
bus_s31,0,1,bus_behala_chowrasta,
bus_s31,0,2,bus_janakalyan,
bus_s31,0,3,bus_sakher_bazar,
bus_s31,0,4,bus_james_long_crossing,
bus_s31,0,5,bus_ramkrishna_math,
bus_s31,0,6,bus_maiti_para,
bus_s31,0,7,bus_tollygunj_karunamoyee,
bus_s31,0,8,bus_tollygunge_metro,
bus_s31,0,9,bus_m_r_bangur_hospital,
bus_s31,0,10,bus_prince_anwar_shah_connector,
bus_s31,0,11,bus_jogesh_chandra_college,
bus_s31,0,12,bus_lords_more,
bus_s31,0,13,bus_south_city,
bus_s31,0,14,bus_jadavpur_ps,
bus_s31,0,15,bus_jadavpur_university,
bus_s31,0,16,bus_jadavpur_8b,
bus_s31,1,1,bus_jadavpur_8b,
bus_s31,1,2,bus_jadavpur_university,
bus_s31,1,3,bus_jadavpur_ps,
bus_s31,1,4,bus_south_city,
bus_s31,1,5,bus_lords_more,
bus_s31,1,6,bus_jogesh_chandra_college,
bus_s31,1,7,bus_prince_anwar_shah_connector,
bus_s31,1,8,bus_m_r_bangur_hospital,
bus_s31,1,9,bus_tollygunge_metro,
bus_s31,1,10,bus_tollygunj_karunamoyee,
bus_s31,1,11,bus_maiti_para,
bus_s31,1,12,bus_ramkrishna_math,
bus_s31,1,13,bus_james_long_crossing,
bus_s31,1,14,bus_sakher_bazar,
bus_s31,1,15,bus_janakalyan,
bus_s31,1,16,bus_behala_chowrasta,
bus_s32,0,1,bus_barrackpore,
bus_s32,0,2,bus_barrackpore_court,
bus_s32,0,3,bus_bakrakpur_college,
bus_s32,0,4,bus_barakpur_chiriamore,
bus_s32,0,5,bus_talpukur,
bus_s32,0,6,bus_titagarh_p_s,
bus_s32,0,7,bus_khardha_bazar,
bus_s32,0,8,bus_sukchar_manument,
bus_s32,0,9,bus_panihati,
bus_s32,0,10,bus_kamarhati,
bus_s32,0,11,bus_rathtala,
bus_s32,0,12,bus_dunlop_bridge,
bus_s32,0,13,bus_tobin_road,
bus_s32,0,14,bus_sinthee_more,
bus_s32,0,15,bus_chiria_more,
bus_s32,0,16,bus_shyambazar,
bus_s32,0,17,bus_grey_st,
bus_s32,0,18,bus_vivekananda_road,
bus_s32,0,19,bus_ranindra_sarani,
bus_s32,0,20,bus_howrah_bridge,
bus_s32,0,21,bus_howrah_station,
bus_s32,1,1,bus_howrah_station,
bus_s32,1,2,bus_howrah_bridge,
bus_s32,1,3,bus_ranindra_sarani,
bus_s32,1,4,bus_vivekananda_road,
bus_s32,1,5,bus_grey_st,
bus_s32,1,6,bus_shyambazar,
bus_s32,1,7,bus_chiria_more,
bus_s32,1,8,bus_sinthee_more,
bus_s32,1,9,bus_tobin_road,
bus_s32,1,10,bus_dunlop_bridge,
bus_s32,1,11,bus_rathtala,
bus_s32,1,12,bus_kamarhati,
bus_s32,1,13,bus_panihati,
bus_s32,1,14,bus_sukchar_manument,
bus_s32,1,15,bus_khardha_bazar,
bus_s32,1,16,bus_titagarh_p_s,
bus_s32,1,17,bus_talpukur,
bus_s32,1,18,bus_barakpur_chiriamore,
bus_s32,1,19,bus_bakrakpur_college,
bus_s32,1,20,bus_barrackpore_court,
bus_s32,1,21,bus_barrackpore,
bus_s32a,0,1,bus_dunlop,
bus_s32a,0,2,bus_dakshineswar,
bus_s32a,0,3,bus_vivekananda_bridge,
bus_s32a,0,4,bus_bally_bazar,
bus_s32a,0,5,bus_municipality,
bus_s32a,0,6,bus_belurmath,
bus_s32a,0,7,bus_liluah,
bus_s32a,0,8,bus_salkia_chowrasta,
bus_s32a,0,9,bus_howrah_maidan,
bus_s32a,0,10,bus_howrah_station,
bus_s32a,1,1,bus_howrah_station,
bus_s32a,1,2,bus_howrah_maidan,
bus_s32a,1,3,bus_salkia_chowrasta,
bus_s32a,1,4,bus_liluah,
bus_s32a,1,5,bus_belurmath,
bus_s32a,1,6,bus_municipality,
bus_s32a,1,7,bus_bally_bazar,
bus_s32a,1,8,bus_vivekananda_bridge,
bus_s32a,1,9,bus_dakshineswar,
bus_s32a,1,10,bus_dunlop,
bus_s34b,0,1,bus_barrackpur_court,
bus_s34b,0,2,bus_chiria_more_2,
bus_s34b,0,3,bus_lalkuthi,
bus_s34b,0,4,bus_mohanpur,
bus_s34b,0,5,bus_nilgunge_bazar,
bus_s34b,0,6,bus_kazibari_more,
bus_s34b,0,7,bus_narayanpur_more,
bus_s34b,0,8,bus_w_b_state_university_barasat,
bus_s34b,1,1,bus_w_b_state_university_barasat,
bus_s34b,1,2,bus_narayanpur_more,
bus_s34b,1,3,bus_kazibari_more,
bus_s34b,1,4,bus_nilgunge_bazar,
bus_s34b,1,5,bus_mohanpur,
bus_s34b,1,6,bus_lalkuthi,
bus_s34b,1,7,bus_chiria_more_2,
bus_s34b,1,8,bus_barrackpur_court,
bus_s34c,0,1,bus_state_university,
bus_s34c,0,2,bus_kazibari,
bus_s34c,0,3,bus_nilgunge_depot,
bus_s34c,0,4,bus_barrackpore_station,
bus_s34c,0,5,bus_dunlop,
bus_s34c,0,6,bus_sinthi,
bus_s34c,0,7,bus_dumdum_chiriamore,
bus_s34c,0,8,bus_dumdum_station,
bus_s34c,0,9,bus_nagerbazar,
bus_s34c,1,1,bus_nagerbazar,
bus_s34c,1,2,bus_dumdum_station,
bus_s34c,1,3,bus_dumdum_chiriamore,
bus_s34c,1,4,bus_sinthi,
bus_s34c,1,5,bus_dunlop,
bus_s34c,1,6,bus_barrackpore_station,
bus_s34c,1,7,bus_nilgunge_depot,
bus_s34c,1,8,bus_kazibari,
bus_s34c,1,9,bus_state_university,
bus_s_37,0,1,bus_barasat_kazipara,
bus_s_37,0,2,bus_barasat_dak_bunglow,
bus_s_37,0,3,bus_hridaypur,
bus_s_37,0,4,bus_madhyamgram_chowmatha,
bus_s_37,0,5,bus_new_barrackpore,
bus_s_37,0,6,bus_doltola,
bus_s_37,0,7,bus_b_t_college,
bus_s_37,0,8,bus_sukanta_nagar_3,
bus_s_37,0,9,bus_birati,
bus_s_37,0,10,bus_airport,
bus_s_37,0,11,bus_haldiram,
bus_s_37,0,12,bus_teghoria,
bus_s_37,0,13,bus_baguihati,
bus_s_37,0,14,bus_kestopur,
bus_s_37,0,15,bus_dumdum_park,
bus_s_37,0,16,bus_laketown,
bus_s_37,0,17,bus_ultadanga_hudco,
bus_s_37,0,18,bus_saltlake_gate,
bus_s_37,0,19,bus_bengal_chemical,
bus_s_37,0,20,bus_mani_square,
bus_s_37,0,21,bus_apollo_hospital,
bus_s_37,0,22,bus_hyatt_regency,
bus_s_37,0,23,bus_swabhumi,
bus_s_37,0,24,bus_building_more,
bus_s_37,0,25,bus_chingrighata,
bus_s_37,0,26,bus_dhapa_mathpukur,
bus_s_37,0,27,bus_science_city,
bus_s_37,0,28,bus_uttar_panchannagram,
bus_s_37,0,29,bus_vip_bazar,
bus_s_37,0,30,bus_fortis,
bus_s_37,0,31,bus_ruby_crossing,
bus_s_37,0,32,bus_kalikapur,
bus_s_37,0,33,bus_medica_hospital,
bus_s_37,0,34,bus_mukundapur,
bus_s_37,0,35,bus_ajaynagar,
bus_s_37,0,36,bus_hiland_park,
bus_s_37,0,37,bus_patuli,
bus_s_37,0,38,bus_45_bus_stand,
bus_s_37,0,39,bus_garia_bus_stand,
bus_s_37,1,1,bus_garia_bus_stand,
bus_s_37,1,2,bus_45_bus_stand,
bus_s_37,1,3,bus_patuli,
bus_s_37,1,4,bus_hiland_park,
bus_s_37,1,5,bus_ajaynagar,
bus_s_37,1,6,bus_mukundapur,
bus_s_37,1,7,bus_medica_hospital,
bus_s_37,1,8,bus_kalikapur,
bus_s_37,1,9,bus_ruby_crossing,
bus_s_37,1,10,bus_fortis,
bus_s_37,1,11,bus_vip_bazar,
bus_s_37,1,12,bus_uttar_panchannagram,
bus_s_37,1,13,bus_science_city,
bus_s_37,1,14,bus_dhapa_mathpukur,
bus_s_37,1,15,bus_chingrighata,
bus_s_37,1,16,bus_building_more,
bus_s_37,1,17,bus_swabhumi,
bus_s_37,1,18,bus_hyatt_regency,
bus_s_37,1,19,bus_apollo_hospital,
bus_s_37,1,20,bus_mani_square,
bus_s_37,1,21,bus_bengal_chemical,
bus_s_37,1,22,bus_saltlake_gate,
bus_s_37,1,23,bus_ultadanga_hudco,
bus_s_37,1,24,bus_laketown,
bus_s_37,1,25,bus_dumdum_park,
bus_s_37,1,26,bus_kestopur,
bus_s_37,1,27,bus_baguihati,
bus_s_37,1,28,bus_teghoria,
bus_s_37,1,29,bus_haldiram,
bus_s_37,1,30,bus_airport,
bus_s_37,1,31,bus_birati,
bus_s_37,1,32,bus_sukanta_nagar_3,
bus_s_37,1,33,bus_b_t_college,
bus_s_37,1,34,bus_doltola,
bus_s_37,1,35,bus_new_barrackpore,
bus_s_37,1,36,bus_madhyamgram_chowmatha,
bus_s_37,1,37,bus_hridaypur,
bus_s_37,1,38,bus_barasat_dak_bunglow,
bus_s_37,1,39,bus_barasat_kazipara,
bus_s45,0,1,bus_shakuntala_park,
bus_s45,0,2,bus_raidighi,
bus_s45,0,3,bus_bakultala,
bus_s45,0,4,bus_nutan_para,
bus_s45,0,5,bus_chowrasta,
bus_s45,0,6,bus_manton,
bus_s45,0,7,bus_behala_p_s,
bus_s45,0,8,bus_taratala_xing,
bus_s45,0,9,bus_mominpur,
bus_s45,0,10,bus_alipore_zoo,
bus_s45,0,11,bus_pts,
bus_s45,0,12,bus_rabindra_sadan,
bus_s45,0,13,bus_jeevan_deep,
bus_s45,0,14,bus_park_street,
bus_s45,0,15,bus_esplanade,
bus_s45,0,16,bus_welington_sq,
bus_s45,0,17,bus_moulali,
bus_s45,0,18,bus_sealdah,
bus_s45,0,19,bus_rajabazar,
bus_s45,0,20,bus_manicktala,
bus_s45,0,21,bus_khanna,
bus_s45,0,22,bus_shyambazar,
bus_s45,0,23,bus_r_g_kar_hospital,
bus_s45,0,24,bus_kolkata_station,
bus_s45,1,1,bus_kolkata_station,
bus_s45,1,2,bus_r_g_kar_hospital,
bus_s45,1,3,bus_shyambazar,
bus_s45,1,4,bus_khanna,
bus_s45,1,5,bus_manicktala,
bus_s45,1,6,bus_rajabazar,
bus_s45,1,7,bus_sealdah,
bus_s45,1,8,bus_moulali,
bus_s45,1,9,bus_welington_sq,
bus_s45,1,10,bus_esplanade,
bus_s45,1,11,bus_park_street,
bus_s45,1,12,bus_jeevan_deep,
bus_s45,1,13,bus_rabindra_sadan,
bus_s45,1,14,bus_pts,
bus_s45,1,15,bus_alipore_zoo,
bus_s45,1,16,bus_mominpur,
bus_s45,1,17,bus_taratala_xing,
bus_s45,1,18,bus_behala_p_s,
bus_s45,1,19,bus_manton,
bus_s45,1,20,bus_chowrasta,
bus_s45,1,21,bus_nutan_para,
bus_s45,1,22,bus_bakultala,
bus_s45,1,23,bus_raidighi,
bus_s45,1,24,bus_shakuntala_park,
bus_s46,0,1,bus_akra_rabindra_nagar,
bus_s46,0,2,bus_santoshpur,
bus_s46,0,3,bus_paharpur,
bus_s46,0,4,bus_nature_park,
bus_s46,0,5,bus_jhinjhira_bazar,
bus_s46,0,6,bus_state_garage,
bus_s46,0,7,bus_taratala,
bus_s46,0,8,bus_new_alipore,
bus_s46,0,9,bus_chetla,
bus_s46,0,10,bus_rashbihari,
bus_s46,0,11,bus_deshoprio_park,
bus_s46,0,12,bus_gariahat,
bus_s46,0,13,bus_kasba,
bus_s46,0,14,bus_acropolis_mall,
bus_s46,0,15,bus_gst_bhawan,
bus_s46,0,16,bus_ruby_crossing,
bus_s46,0,17,bus_fortis_hospital,
bus_s46,0,18,bus_vip_bazar,
bus_s46,0,19,bus_uttar_panchannagram,
bus_s46,0,20,bus_science_city,
bus_s46,0,21,bus_dhapa_mathpukur,
bus_s46,0,22,bus_chingrighata,
bus_s46,0,23,bus_building_more,
bus_s46,0,24,bus_amri_hospital,
bus_s46,0,25,bus_stadium_island,
bus_s46,0,26,bus_gd_island,
bus_s46,0,27,bus_fd_island,
bus_s46,0,28,bus_central_park,
bus_s46,0,29,bus_saltlake_karunamoyee,
bus_s46,1,1,bus_saltlake_karunamoyee,
bus_s46,1,2,bus_central_park,
bus_s46,1,3,bus_fd_island,
bus_s46,1,4,bus_gd_island,
bus_s46,1,5,bus_stadium_island,
bus_s46,1,6,bus_amri_hospital,
bus_s46,1,7,bus_building_more,
bus_s46,1,8,bus_chingrighata,
bus_s46,1,9,bus_dhapa_mathpukur,
bus_s46,1,10,bus_science_city,
bus_s46,1,11,bus_uttar_panchannagram,
bus_s46,1,12,bus_vip_bazar,
bus_s46,1,13,bus_fortis_hospital,
bus_s46,1,14,bus_ruby_crossing,
bus_s46,1,15,bus_gst_bhawan,
bus_s46,1,16,bus_acropolis_mall,
bus_s46,1,17,bus_kasba,
bus_s46,1,18,bus_gariahat,
bus_s46,1,19,bus_deshoprio_park,
bus_s46,1,20,bus_rashbihari,
bus_s46,1,21,bus_chetla,
bus_s46,1,22,bus_new_alipore,
bus_s46,1,23,bus_taratala,
bus_s46,1,24,bus_state_garage,
bus_s46,1,25,bus_jhinjhira_bazar,
bus_s46,1,26,bus_nature_park,
bus_s46,1,27,bus_paharpur,
bus_s46,1,28,bus_santoshpur,
bus_s46,1,29,bus_akra_rabindra_nagar,
bus_s47,0,1,bus_eden_city,
bus_s47,0,2,bus_eden_city_gate,
bus_s47,0,3,bus_nungi_more,
bus_s47,0,4,bus_bata_more,
bus_s47,0,5,bus_dakghar,
bus_s47,0,6,bus_jalkol,
bus_s47,0,7,bus_mollargate,
bus_s47,0,8,bus_rampur,
bus_s47,0,9,bus_jingira_bazar,
bus_s47,0,10,bus_taratala_depot,
bus_s47,0,11,bus_taratala_xing,
bus_s47,0,12,bus_momonpore,
bus_s47,0,13,bus_khidirpore,
bus_s47,0,14,bus_casurina_ave,
bus_s47,0,15,bus_espl,
bus_s47,0,16,bus_bbd_bag,
bus_s47,0,17,bus_howrah_bridge_east,
bus_s47,0,18,bus_howrah_station,
bus_s47,1,1,bus_howrah_station,
bus_s47,1,2,bus_howrah_bridge_east,
bus_s47,1,3,bus_bbd_bag,
bus_s47,1,4,bus_espl,
bus_s47,1,5,bus_casurina_ave,
bus_s47,1,6,bus_khidirpore,
bus_s47,1,7,bus_momonpore,
bus_s47,1,8,bus_taratala_xing,
bus_s47,1,9,bus_taratala_depot,
bus_s47,1,10,bus_jingira_bazar,
bus_s47,1,11,bus_rampur,
bus_s47,1,12,bus_mollargate,
bus_s47,1,13,bus_jalkol,
bus_s47,1,14,bus_dakghar,
bus_s47,1,15,bus_bata_more,
bus_s47,1,16,bus_nungi_more,
bus_s47,1,17,bus_eden_city_gate,
bus_s47,1,18,bus_eden_city,
bus_s47a,0,1,bus_behala_airport,
bus_s47a,0,2,bus_jhinjhira_bazar,
bus_s47a,0,3,bus_state_garage,
bus_s47a,0,4,bus_taratala,
bus_s47a,0,5,bus_majherhat,
bus_s47a,0,6,bus_mominpur,
bus_s47a,0,7,bus_ekbalpur,
bus_s47a,0,8,bus_khiderpur,
bus_s47a,0,9,bus_hastings,
bus_s47a,0,10,bus_fort_william,
bus_s47a,0,11,bus_esplanade,
bus_s47a,0,12,bus_dalhousie,
bus_s47a,0,13,bus_gpo,
bus_s47a,0,14,bus_shipping_corporation,
bus_s47a,0,15,bus_burrabazar,
bus_s47a,0,16,bus_howrah_station,
bus_s47a,1,1,bus_howrah_station,
bus_s47a,1,2,bus_burrabazar,
bus_s47a,1,3,bus_shipping_corporation,
bus_s47a,1,4,bus_gpo,
bus_s47a,1,5,bus_dalhousie,
bus_s47a,1,6,bus_esplanade,
bus_s47a,1,7,bus_fort_william,
bus_s47a,1,8,bus_hastings,
bus_s47a,1,9,bus_khiderpur,
bus_s47a,1,10,bus_ekbalpur,
bus_s47a,1,11,bus_mominpur,
bus_s47a,1,12,bus_majherhat,
bus_s47a,1,13,bus_taratala,
bus_s47a,1,14,bus_state_garage,
bus_s47a,1,15,bus_jhinjhira_bazar,
bus_s47a,1,16,bus_behala_airport,
bus_s57,0,1,bus_ariadaha,
bus_s57,0,2,bus_dakshineswar,
bus_s57,0,3,bus_dunlop,
bus_s57,0,4,bus_tobin_road,
bus_s57,0,5,bus_sinthi,
bus_s57,0,6,bus_dumdum_chiriamore,
bus_s57,0,7,bus_shyambazar,
bus_s57,0,8,bus_sovabazar,
bus_s57,0,9,bus_girish_park,
bus_s57,0,10,bus_m_g_road_crossing,
bus_s57,0,11,bus_central,
bus_s57,0,12,bus_lal_bazar,
bus_s57,0,13,bus_bbd_bag,
bus_s57,0,14,bus_esplanade,
bus_s57,0,15,bus_park_street,
bus_s57,0,16,bus_maidan,
bus_s57,0,17,bus_exide_crossing,
bus_s57,0,18,bus_pg_hospital,
bus_s57,0,19,bus_pts,
bus_s57,0,20,bus_hastings,
bus_s57,0,21,bus_toll_tax,
bus_s57,0,22,bus_nabanna_bus_terminus,
bus_s57,1,1,bus_nabanna_bus_terminus,
bus_s57,1,2,bus_toll_tax,
bus_s57,1,3,bus_hastings,
bus_s57,1,4,bus_pts,
bus_s57,1,5,bus_pg_hospital,
bus_s57,1,6,bus_exide_crossing,
bus_s57,1,7,bus_maidan,
bus_s57,1,8,bus_park_street,
bus_s57,1,9,bus_esplanade,
bus_s57,1,10,bus_bbd_bag,
bus_s57,1,11,bus_lal_bazar,
bus_s57,1,12,bus_central,
bus_s57,1,13,bus_m_g_road_crossing,
bus_s57,1,14,bus_girish_park,
bus_s57,1,15,bus_sovabazar,
bus_s57,1,16,bus_shyambazar,
bus_s57,1,17,bus_dumdum_chiriamore,
bus_s57,1,18,bus_sinthi,
bus_s57,1,19,bus_tobin_road,
bus_s57,1,20,bus_dunlop,
bus_s57,1,21,bus_dakshineswar,
bus_s57,1,22,bus_ariadaha,
bus_s58,0,1,bus_barrackpore_court,
bus_s58,0,2,bus_barrackpore_chiriamore,
bus_s58,0,3,bus_titagarh,
bus_s58,0,4,bus_khardaha,
bus_s58,0,5,bus_sukhchar,
bus_s58,0,6,bus_sodepur,
bus_s58,0,7,bus_panihati,
bus_s58,0,8,bus_kamarhati,
bus_s58,0,9,bus_rathtala,
bus_s58,0,10,bus_dunlop,
bus_s58,0,11,bus_tobin_road,
bus_s58,0,12,bus_sinthi,
bus_s58,0,13,bus_dumdum_chiriamore,
bus_s58,0,14,bus_shyambazar,
bus_s58,0,15,bus_khanna,
bus_s58,0,16,bus_gouribari,
bus_s58,0,17,bus_muchibazar,
bus_s58,0,18,bus_bidhannagar_station,
bus_s58,0,19,bus_hudco,
bus_s58,0,20,bus_pnb,
bus_s58,0,21,bus_c_a_island,
bus_s58,0,22,bus_city_centre_1,
bus_s58,0,23,bus_central_park,
bus_s58,0,24,bus_saltlake_karunamoyee,
bus_s58,1,1,bus_saltlake_karunamoyee,
bus_s58,1,2,bus_central_park,
bus_s58,1,3,bus_city_centre_1,
bus_s58,1,4,bus_c_a_island,
bus_s58,1,5,bus_pnb,
bus_s58,1,6,bus_hudco,
bus_s58,1,7,bus_bidhannagar_station,
bus_s58,1,8,bus_muchibazar,
bus_s58,1,9,bus_gouribari,
bus_s58,1,10,bus_khanna,
bus_s58,1,11,bus_shyambazar,
bus_s58,1,12,bus_dumdum_chiriamore,
bus_s58,1,13,bus_sinthi,
bus_s58,1,14,bus_tobin_road,
bus_s58,1,15,bus_dunlop,
bus_s58,1,16,bus_rathtala,
bus_s58,1,17,bus_kamarhati,
bus_s58,1,18,bus_panihati,
bus_s58,1,19,bus_sodepur,
bus_s58,1,20,bus_sukhchar,
bus_s58,1,21,bus_khardaha,
bus_s58,1,22,bus_titagarh,
bus_s58,1,23,bus_barrackpore_chiriamore,
bus_s58,1,24,bus_barrackpore_court,
bus_s5c,0,1,bus_nayabad,
bus_s5c,0,2,bus_garia_station,
bus_s5c,0,3,bus_panchasayar,
bus_s5c,0,4,bus_peerless_hospital,
bus_s5c,0,5,bus_ajoynagar,
bus_s5c,0,6,bus_sukanta_setu,
bus_s5c,0,7,bus_jadavpore,
bus_s5c,0,8,bus_dhakuria,
bus_s5c,0,9,bus_gariahat,
bus_s5c,0,10,bus_d_park,
bus_s5c,0,11,bus_r_b_ave,
bus_s5c,0,12,bus_hazra,
bus_s5c,0,13,bus_elgin_road,
bus_s5c,0,14,bus_pk_st,
bus_s5c,0,15,bus_esplanade,
bus_s5c,0,16,bus_bbd_bag,
bus_s5c,0,17,bus_howrah_bridge_east,
bus_s5c,0,18,bus_howrah_station,
bus_s5c,1,1,bus_howrah_station,
bus_s5c,1,2,bus_howrah_bridge_east,
bus_s5c,1,3,bus_bbd_bag,
bus_s5c,1,4,bus_esplanade,
bus_s5c,1,5,bus_pk_st,
bus_s5c,1,6,bus_elgin_road,
bus_s5c,1,7,bus_hazra,
bus_s5c,1,8,bus_r_b_ave,
bus_s5c,1,9,bus_d_park,
bus_s5c,1,10,bus_gariahat,
bus_s5c,1,11,bus_dhakuria,
bus_s5c,1,12,bus_jadavpore,
bus_s5c,1,13,bus_sukanta_setu,
bus_s5c,1,14,bus_ajoynagar,
bus_s5c,1,15,bus_peerless_hospital,
bus_s5c,1,16,bus_panchasayar,
bus_s5c,1,17,bus_garia_station,
bus_s5c,1,18,bus_nayabad,
bus_s61,0,1,bus_taratala,
bus_s61,0,2,bus_jingira_bazar,
bus_s61,0,3,bus_mollargate,
bus_s61,0,4,bus_dakghar,
bus_s61,0,5,bus_nungi,
bus_s61,0,6,bus_eden_city,
bus_s61,0,7,bus_budge_budge_hospital,
bus_s61,0,8,bus_charial,
bus_s61,0,9,bus_pujali_cesc_plant,
bus_s61,0,10,bus_achipur,
bus_s61,1,1,bus_achipur,
bus_s61,1,2,bus_pujali_cesc_plant,
bus_s61,1,3,bus_charial,
bus_s61,1,4,bus_budge_budge_hospital,
bus_s61,1,5,bus_eden_city,
bus_s61,1,6,bus_nungi,
bus_s61,1,7,bus_dakghar,
bus_s61,1,8,bus_mollargate,
bus_s61,1,9,bus_jingira_bazar,
bus_s61,1,10,bus_taratala,
bus_s_62,0,1,bus_patuli,
bus_s_62,0,2,bus_hiland_park,
bus_s_62,0,3,bus_ajaynagar,
bus_s_62,0,4,bus_mukundapur,
bus_s_62,0,5,bus_medica_hospital,
bus_s_62,0,6,bus_kalikapur,
bus_s_62,0,7,bus_ruby_crossing,
bus_s_62,0,8,bus_acropolis_mall,
bus_s_62,0,9,bus_kasba,
bus_s_62,0,10,bus_ballygaunj_station,
bus_s_62,0,11,bus_gariahat,
bus_s_62,0,12,bus_deshoprio_park,
bus_s_62,0,13,bus_rashbihari_crossing,
bus_s_62,0,14,bus_chetla,
bus_s_62,0,15,bus_mominpur,
bus_s_62,0,16,bus_ekbalpur,
bus_s_62,0,17,bus_khiderpur,
bus_s_62,0,18,bus_khiderpur_tram_depot,
bus_s_62,0,19,bus_hide_road,
bus_s_62,0,20,bus_ramnagar,
bus_s_62,0,21,bus_bichali_ghat,
bus_s_62,1,1,bus_bichali_ghat,
bus_s_62,1,2,bus_ramnagar,
bus_s_62,1,3,bus_hide_road,
bus_s_62,1,4,bus_khiderpur_tram_depot,
bus_s_62,1,5,bus_khiderpur,
bus_s_62,1,6,bus_ekbalpur,
bus_s_62,1,7,bus_mominpur,
bus_s_62,1,8,bus_chetla,
bus_s_62,1,9,bus_rashbihari_crossing,
bus_s_62,1,10,bus_deshoprio_park,
bus_s_62,1,11,bus_gariahat,
bus_s_62,1,12,bus_ballygaunj_station,
bus_s_62,1,13,bus_kasba,
bus_s_62,1,14,bus_acropolis_mall,
bus_s_62,1,15,bus_ruby_crossing,
bus_s_62,1,16,bus_kalikapur,
bus_s_62,1,17,bus_medica_hospital,
bus_s_62,1,18,bus_mukundapur,
bus_s_62,1,19,bus_ajaynagar,
bus_s_62,1,20,bus_hiland_park,
bus_s_62,1,21,bus_patuli,
bus_s63,0,1,bus_behala_14no,
bus_s63,0,2,bus_taratala,
bus_s63,0,3,bus_brace_bridge,
bus_s63,0,4,bus_jhinjhira_bazar,
bus_s63,0,5,bus_nature_park,
bus_s63,0,6,bus_paharpur,
bus_s63,0,7,bus_santoshpur_rail_station,
bus_s63,0,8,bus_panchur_college,
bus_s63,0,9,bus_karbala,
bus_s63,0,10,bus_metiabruz_rail_line_more,
bus_s63,0,11,bus_nadial,
bus_s63,0,12,bus_metiabruz_super_speciality_hospital,
bus_s63,1,1,bus_metiabruz_super_speciality_hospital,
bus_s63,1,2,bus_nadial,
bus_s63,1,3,bus_metiabruz_rail_line_more,
bus_s63,1,4,bus_karbala,
bus_s63,1,5,bus_panchur_college,
bus_s63,1,6,bus_santoshpur_rail_station,
bus_s63,1,7,bus_paharpur,
bus_s63,1,8,bus_nature_park,
bus_s63,1,9,bus_jhinjhira_bazar,
bus_s63,1,10,bus_brace_bridge,
bus_s63,1,11,bus_taratala,
bus_s63,1,12,bus_behala_14no,
bus_s64,0,1,bus_naihati_bus_terminus,
bus_s64,0,2,bus_rajendrapur,
bus_s64,0,3,bus_saheb_colony,
bus_s64,0,4,bus_panpur_more,
bus_s64,0,5,bus_basudebpur,
bus_s64,0,6,bus_paltapara,
bus_s64,0,7,bus_wireless_more,
bus_s64,0,8,bus_nilgaunj,
bus_s64,0,9,bus_jagannathpur,
bus_s64,0,10,bus_barasat_university,
bus_s64,0,11,bus_colony_more,
bus_s64,0,12,bus_champadali,
bus_s64,0,13,bus_madhyamgram,
bus_s64,0,14,bus_b_t_college,
bus_s64,0,15,bus_airport,
bus_s64,0,16,bus_haldiram,
bus_s64,0,17,bus_teghoria,
bus_s64,0,18,bus_baguihati,
bus_s64,0,19,bus_kestopur,
bus_s64,0,20,bus_dumdum_park,
bus_s64,0,21,bus_laketown,
bus_s64,0,22,bus_ultadanga_hudco,
bus_s64,0,23,bus_saltlake_gate,
bus_s64,0,24,bus_bengal_chemical,
bus_s64,0,25,bus_mani_square,
bus_s64,0,26,bus_apollo_hospital,
bus_s64,0,27,bus_swabhumi,
bus_s64,0,28,bus_building_more,
bus_s64,0,29,bus_chingrighata,
bus_s64,0,30,bus_sukanta_nagar,
bus_s64,0,31,bus_nicco_park,
bus_s64,0,32,bus_wipro,
bus_s64,0,33,bus_college_more,
bus_s64,0,34,bus_technopolis,
bus_s64,0,35,bus_dlf1,
bus_s64,0,36,bus_new_bus_stand,
bus_s64,1,1,bus_new_bus_stand,
bus_s64,1,2,bus_dlf1,
bus_s64,1,3,bus_technopolis,
bus_s64,1,4,bus_college_more,
bus_s64,1,5,bus_wipro,
bus_s64,1,6,bus_nicco_park,
bus_s64,1,7,bus_sukanta_nagar,
bus_s64,1,8,bus_chingrighata,
bus_s64,1,9,bus_building_more,
bus_s64,1,10,bus_swabhumi,
bus_s64,1,11,bus_apollo_hospital,
bus_s64,1,12,bus_mani_square,
bus_s64,1,13,bus_bengal_chemical,
bus_s64,1,14,bus_saltlake_gate,
bus_s64,1,15,bus_ultadanga_hudco,
bus_s64,1,16,bus_laketown,
bus_s64,1,17,bus_dumdum_park,
bus_s64,1,18,bus_kestopur,
bus_s64,1,19,bus_baguihati,
bus_s64,1,20,bus_teghoria,
bus_s64,1,21,bus_haldiram,
bus_s64,1,22,bus_airport,
bus_s64,1,23,bus_b_t_college,
bus_s64,1,24,bus_madhyamgram,
bus_s64,1,25,bus_champadali,
bus_s64,1,26,bus_colony_more,
bus_s64,1,27,bus_barasat_university,
bus_s64,1,28,bus_jagannathpur,
bus_s64,1,29,bus_nilgaunj,
bus_s64,1,30,bus_wireless_more,
bus_s64,1,31,bus_paltapara,
bus_s64,1,32,bus_basudebpur,
bus_s64,1,33,bus_panpur_more,
bus_s64,1,34,bus_saheb_colony,
bus_s64,1,35,bus_rajendrapur,
bus_s64,1,36,bus_naihati_bus_terminus,
bus_s65,0,1,bus_sealdah,
bus_s65,0,2,bus_esplanade,
bus_s65,0,3,bus_rabindra_sadan,
bus_s65,0,4,bus_p_t_s_danersekh_lane,
bus_s65,0,5,bus_bakultala,
bus_s65,0,6,bus_podra,
bus_s65,0,7,bus_champatala,
bus_s65,0,8,bus_sankrail_station,
bus_s65,0,9,bus_sankrail_bharat_co_op,
bus_s65,1,1,bus_sankrail_bharat_co_op,
bus_s65,1,2,bus_sankrail_station,
bus_s65,1,3,bus_champatala,
bus_s65,1,4,bus_podra,
bus_s65,1,5,bus_bakultala,
bus_s65,1,6,bus_p_t_s_danersekh_lane,
bus_s65,1,7,bus_rabindra_sadan,
bus_s65,1,8,bus_esplanade,
bus_s65,1,9,bus_sealdah,
bus_st16,0,1,bus_shapooji_housing,
bus_st16,0,2,bus_unitech_gate_1,
bus_st16,0,3,bus_tata_cancer_hospital,
bus_st16,0,4,bus_narkelbagan,
bus_st16,0,5,bus_newtown,
bus_st16,0,6,bus_dlf1,
bus_st16,0,7,bus_techonopolis,
bus_st16,0,8,bus_college_more,
bus_st16,0,9,bus_sdf,
bus_st16,0,10,bus_chingrighata,
bus_st16,0,11,bus_dhapa_mathpukur,
bus_st16,0,12,bus_science_city,
bus_st16,0,13,bus_uttar_panchannagram,
bus_st16,0,14,bus_fortis_hospital,
bus_st16,0,15,bus_ruby,
bus_st16,0,16,bus_kalikapur,
bus_st16,0,17,bus_mukundapur,
bus_st16,0,18,bus_ajoynagar,
bus_st16,0,19,bus_hiland_park,
bus_st16,0,20,bus_patuli,
bus_st16,0,21,bus_45_bus_stand,
bus_st16,0,22,bus_garia_bus_stand,
bus_st16,0,23,bus_garia_metro,
bus_st16,0,24,bus_jainpur,
bus_st16,1,1,bus_jainpur,
bus_st16,1,2,bus_garia_metro,
bus_st16,1,3,bus_garia_bus_stand,
bus_st16,1,4,bus_45_bus_stand,
bus_st16,1,5,bus_patuli,
bus_st16,1,6,bus_hiland_park,
bus_st16,1,7,bus_ajoynagar,
bus_st16,1,8,bus_mukundapur,
bus_st16,1,9,bus_kalikapur,
bus_st16,1,10,bus_ruby,
bus_st16,1,11,bus_fortis_hospital,
bus_st16,1,12,bus_uttar_panchannagram,
bus_st16,1,13,bus_science_city,
bus_st16,1,14,bus_dhapa_mathpukur,
bus_st16,1,15,bus_chingrighata,
bus_st16,1,16,bus_sdf,
bus_st16,1,17,bus_college_more,
bus_st16,1,18,bus_techonopolis,
bus_st16,1,19,bus_dlf1,
bus_st16,1,20,bus_newtown,
bus_st16,1,21,bus_narkelbagan,
bus_st16,1,22,bus_tata_cancer_hospital,
bus_st16,1,23,bus_unitech_gate_1,
bus_st16,1,24,bus_shapooji_housing,
bus_st6,0,1,bus_techonopolis,
bus_st6,0,2,bus_college_more,
bus_st6,0,3,bus_sdf,
bus_st6,0,4,bus_sukanta_nagar,
bus_st6,0,5,bus_chingrighata,
bus_st6,0,6,bus_dhapa_mathpukur,
bus_st6,0,7,bus_science_city,
bus_st6,0,8,bus_uttar_panchannagram,
bus_st6,0,9,bus_fortis,
bus_st6,0,10,bus_ruby,
bus_st6,0,11,bus_kalikapur,
bus_st6,0,12,bus_sapuipara,
bus_st6,0,13,bus_jadavpur_ps,
bus_st6,0,14,bus_south_city,
bus_st6,0,15,bus_lords_more,
bus_st6,0,16,bus_prince_anwar_sha_connector,
bus_st6,0,17,bus_bangur_hospital,
bus_st6,0,18,bus_tollygunge_metro,
bus_st6,0,19,bus_tollygunge,
bus_st6,1,1,bus_tollygunge,
bus_st6,1,2,bus_tollygunge_metro,
bus_st6,1,3,bus_bangur_hospital,
bus_st6,1,4,bus_prince_anwar_sha_connector,
bus_st6,1,5,bus_lords_more,
bus_st6,1,6,bus_south_city,
bus_st6,1,7,bus_jadavpur_ps,
bus_st6,1,8,bus_sapuipara,
bus_st6,1,9,bus_kalikapur,
bus_st6,1,10,bus_ruby,
bus_st6,1,11,bus_fortis,
bus_st6,1,12,bus_uttar_panchannagram,
bus_st6,1,13,bus_science_city,
bus_st6,1,14,bus_dhapa_mathpukur,
bus_st6,1,15,bus_chingrighata,
bus_st6,1,16,bus_sukanta_nagar,
bus_st6,1,17,bus_sdf,
bus_st6,1,18,bus_college_more,
bus_st6,1,19,bus_techonopolis,
bus_t12,0,1,bus_howrah,
bus_t12,0,2,bus_dalhousie,
bus_t12,0,3,bus_esplanade,
bus_t12,0,4,bus_moulali_more,
bus_t12,0,5,bus_park_circus,
bus_t12,0,6,bus_topsia_more,
bus_t12,0,7,bus_science_city,
bus_t12,0,8,bus_bantala,
bus_t12,0,9,bus_katatala,
bus_t12,0,10,bus_karidanga,
bus_t12,0,11,bus_bhojerhat,
bus_t12,0,12,bus_paglahat,
bus_t12,0,13,bus_baralighat,
bus_t12,0,14,bus_ghatakpukur,
bus_t12,0,15,bus_chandipur,
bus_t12,0,16,bus_bhushighata,
bus_t12,0,17,bus_bamanpukur,
bus_t12,0,18,bus_minakhan,
bus_t12,0,19,bus_joypur,
bus_t12,0,20,bus_malancha,
bus_t12,1,1,bus_malancha,
bus_t12,1,2,bus_joypur,
bus_t12,1,3,bus_minakhan,
bus_t12,1,4,bus_bamanpukur,
bus_t12,1,5,bus_bhushighata,
bus_t12,1,6,bus_chandipur,
bus_t12,1,7,bus_ghatakpukur,
bus_t12,1,8,bus_baralighat,
bus_t12,1,9,bus_paglahat,
bus_t12,1,10,bus_bhojerhat,
bus_t12,1,11,bus_karidanga,
bus_t12,1,12,bus_katatala,
bus_t12,1,13,bus_bantala,
bus_t12,1,14,bus_science_city,
bus_t12,1,15,bus_topsia_more,
bus_t12,1,16,bus_park_circus,
bus_t12,1,17,bus_moulali_more,
bus_t12,1,18,bus_esplanade,
bus_t12,1,19,bus_dalhousie,
bus_t12,1,20,bus_howrah,
bus_t2,0,1,bus_bbd_bag,
bus_t2,0,2,bus_esplanade,
bus_t2,0,3,bus_park_street,
bus_t2,0,4,bus_maidan_metro,
bus_t2,0,5,bus_rabindra_sadan,
bus_t2,0,6,bus_p_t_s_more,
bus_t2,0,7,bus_hastings,
bus_t2,0,8,bus_vidyasagar_setu,
bus_t2,0,9,bus_madirtala,
bus_t2,1,1,bus_madirtala,
bus_t2,1,2,bus_vidyasagar_setu,
bus_t2,1,3,bus_hastings,
bus_t2,1,4,bus_p_t_s_more,
bus_t2,1,5,bus_rabindra_sadan,
bus_t2,1,6,bus_maidan_metro,
bus_t2,1,7,bus_park_street,
bus_t2,1,8,bus_esplanade,
bus_t2,1,9,bus_bbd_bag,
bus_t8,0,1,bus_tikiapara,
bus_t8,0,2,bus_esplanade,
bus_t8,0,3,bus_park_street,
bus_t8,0,4,bus_maidan_metro,
bus_t8,0,5,bus_rabindra_sadan,
bus_t8,0,6,bus_p_t_s_more,
bus_t8,0,7,bus_toll_tax,
bus_t8,0,8,bus_carry_road,
bus_t8,0,9,bus_belepore,
bus_t8,0,10,bus_telecom,
bus_t8,0,11,bus_bbd_bag,
bus_t8,1,1,bus_bbd_bag,
bus_t8,1,2,bus_telecom,
bus_t8,1,3,bus_belepore,
bus_t8,1,4,bus_carry_road,
bus_t8,1,5,bus_toll_tax,
bus_t8,1,6,bus_p_t_s_more,
bus_t8,1,7,bus_rabindra_sadan,
bus_t8,1,8,bus_maidan_metro,
bus_t8,1,9,bus_park_street,
bus_t8,1,10,bus_esplanade,
bus_t8,1,11,bus_tikiapara,
bus_v1,0,1,bus_tollygunge,
bus_v1,0,2,bus_rashbehari,
bus_v1,0,3,bus_gariahat,
bus_v1,0,4,bus_ballygunge_station,
bus_v1,0,5,bus_ruby_hospital,
bus_v1,0,6,bus_science_city,
bus_v1,0,7,bus_chingrighata,
bus_v1,0,8,bus_ultadanga,
bus_v1,0,9,bus_laketown,
bus_v1,0,10,bus_kestopur,
bus_v1,0,11,bus_baguiati,
bus_v1,0,12,bus_tegharia,
bus_v1,0,13,bus_kaikhali,
bus_v1,0,14,bus_airport,
bus_v1,1,1,bus_airport,
bus_v1,1,2,bus_kaikhali,
bus_v1,1,3,bus_tegharia,
bus_v1,1,4,bus_baguiati,
bus_v1,1,5,bus_kestopur,
bus_v1,1,6,bus_laketown,
bus_v1,1,7,bus_ultadanga,
bus_v1,1,8,bus_chingrighata,
bus_v1,1,9,bus_science_city,
bus_v1,1,10,bus_ruby_hospital,
bus_v1,1,11,bus_ballygunge_station,
bus_v1,1,12,bus_gariahat,
bus_v1,1,13,bus_rashbehari,
bus_v1,1,14,bus_tollygunge,
bus_v1_l,0,1,bus_tollygunge,
bus_v1_l,0,2,bus_tollygunge_phari,
bus_v1_l,0,3,bus_rashbehari_xing,
bus_v1_l,0,4,bus_gariahat,
bus_v1_l,0,5,bus_ruby,
bus_v1_l,0,6,bus_vip_bazar,
bus_v1_l,0,7,bus_science_city,
bus_v1_l,0,8,bus_chingrihata,
bus_v1_l,0,9,bus_apollo_hospital,
bus_v1_l,0,10,bus_bengal_chemical,
bus_v1_l,0,11,bus_hudco,
bus_v1_l,0,12,bus_bangur,
bus_v1_l,0,13,bus_raghunathpur,
bus_v1_l,0,14,bus_kaikhali,
bus_v1_l,0,15,bus_airport_terminal,
bus_v1_l,1,1,bus_airport_terminal,
bus_v1_l,1,2,bus_kaikhali,
bus_v1_l,1,3,bus_raghunathpur,
bus_v1_l,1,4,bus_bangur,
bus_v1_l,1,5,bus_hudco,
bus_v1_l,1,6,bus_bengal_chemical,
bus_v1_l,1,7,bus_apollo_hospital,
bus_v1_l,1,8,bus_chingrihata,
bus_v1_l,1,9,bus_science_city,
bus_v1_l,1,10,bus_vip_bazar,
bus_v1_l,1,11,bus_ruby,
bus_v1_l,1,12,bus_gariahat,
bus_v1_l,1,13,bus_rashbehari_xing,
bus_v1_l,1,14,bus_tollygunge_phari,
bus_v1_l,1,15,bus_tollygunge,
bus_vs1,0,1,bus_airport_domestic_terminus,
bus_vs1,0,2,bus_kaikhali,
bus_vs1,0,3,bus_haldiram,
bus_vs1,0,4,bus_teghoria,
bus_vs1,0,5,bus_baguihati,
bus_vs1,0,6,bus_kestopur,
bus_vs1,0,7,bus_dumdum_park,
bus_vs1,0,8,bus_laketown,
bus_vs1,0,9,bus_ultadanga_hudco,
bus_vs1,0,10,bus_kankurgachi,
bus_vs1,0,11,bus_manicktala,
bus_vs1,0,12,bus_girish_park,
bus_vs1,0,13,bus_m_g_road_crossing,
bus_vs1,0,14,bus_central,
bus_vs1,0,15,bus_chadni_chowk,
bus_vs1,0,16,bus_esplanade_l20,
bus_vs1,1,1,bus_esplanade_l20,
bus_vs1,1,2,bus_chadni_chowk,
bus_vs1,1,3,bus_central,
bus_vs1,1,4,bus_m_g_road_crossing,
bus_vs1,1,5,bus_girish_park,
bus_vs1,1,6,bus_manicktala,
bus_vs1,1,7,bus_kankurgachi,
bus_vs1,1,8,bus_ultadanga_hudco,
bus_vs1,1,9,bus_laketown,
bus_vs1,1,10,bus_dumdum_park,
bus_vs1,1,11,bus_kestopur,
bus_vs1,1,12,bus_baguihati,
bus_vs1,1,13,bus_teghoria,
bus_vs1,1,14,bus_haldiram,
bus_vs1,1,15,bus_kaikhali,
bus_vs1,1,16,bus_airport_domestic_terminus,
bus_vs12,0,1,bus_saltlake_karunamoyee,
bus_vs12,0,2,bus_central_park,
bus_vs12,0,3,bus_amri_hospital,
bus_vs12,0,4,bus_stadium_island,
bus_vs12,0,5,bus_building_more,
bus_vs12,0,6,bus_chingrighata,
bus_vs12,0,7,bus_dhapa_mathpukur,
bus_vs12,0,8,bus_science_city,
bus_vs12,0,9,bus_topsia,
bus_vs12,0,10,bus_park_circus_station,
bus_vs12,0,11,bus_park_circus_4_number_bridge,
bus_vs12,0,12,bus_park_circus_7_point,
bus_vs12,0,13,bus_beckbagan,
bus_vs12,0,14,bus_minto_park,
bus_vs12,0,15,bus_camac_street,
bus_vs12,0,16,bus_exide_crossing,
bus_vs12,0,17,bus_pts,
bus_vs12,0,18,bus_hastings,
bus_vs12,0,19,bus_toll_tax,
bus_vs12,0,20,bus_betore,
bus_vs12,0,21,bus_santragachi,
bus_vs12,1,1,bus_santragachi,
bus_vs12,1,2,bus_betore,
bus_vs12,1,3,bus_toll_tax,
bus_vs12,1,4,bus_hastings,
bus_vs12,1,5,bus_pts,
bus_vs12,1,6,bus_exide_crossing,
bus_vs12,1,7,bus_camac_street,
bus_vs12,1,8,bus_minto_park,
bus_vs12,1,9,bus_beckbagan,
bus_vs12,1,10,bus_park_circus_7_point,
bus_vs12,1,11,bus_park_circus_4_number_bridge,
bus_vs12,1,12,bus_park_circus_station,
bus_vs12,1,13,bus_topsia,
bus_vs12,1,14,bus_science_city,
bus_vs12,1,15,bus_dhapa_mathpukur,
bus_vs12,1,16,bus_chingrighata,
bus_vs12,1,17,bus_building_more,
bus_vs12,1,18,bus_stadium_island,
bus_vs12,1,19,bus_amri_hospital,
bus_vs12,1,20,bus_central_park,
bus_vs12,1,21,bus_saltlake_karunamoyee,
bus_vs2,0,1,bus_airport_domestic_terminus,
bus_vs2,0,2,bus_kaikhali,
bus_vs2,0,3,bus_haldiram,
bus_vs2,0,4,bus_teghoria,
bus_vs2,0,5,bus_baguihati,
bus_vs2,0,6,bus_kestopur,
bus_vs2,0,7,bus_dumdum_park,
bus_vs2,0,8,bus_laketown,
bus_vs2,0,9,bus_ultadanga_hudco,
bus_vs2,0,10,bus_kankurgachi,
bus_vs2,0,11,bus_manicktala,
bus_vs2,0,12,bus_girish_park,
bus_vs2,0,13,bus_m_g_road,
bus_vs2,0,14,bus_burrabazar,
bus_vs2,0,15,bus_howrah_station,
bus_vs2,1,1,bus_howrah_station,
bus_vs2,1,2,bus_burrabazar,
bus_vs2,1,3,bus_m_g_road,
bus_vs2,1,4,bus_girish_park,
bus_vs2,1,5,bus_manicktala,
bus_vs2,1,6,bus_kankurgachi,
bus_vs2,1,7,bus_ultadanga_hudco,
bus_vs2,1,8,bus_laketown,
bus_vs2,1,9,bus_dumdum_park,
bus_vs2,1,10,bus_kestopur,
bus_vs2,1,11,bus_baguihati,
bus_vs2,1,12,bus_teghoria,
bus_vs2,1,13,bus_haldiram,
bus_vs2,1,14,bus_kaikhali,
bus_vs2,1,15,bus_airport_domestic_terminus,
bus_1,0,1,bus_ramnagar,
bus_1,0,2,bus_bnr,
bus_1,0,3,bus_kidderpore,
bus_1,0,4,bus_bhawani_bhawan,
bus_1,0,5,bus_alipore_zoo,
bus_1,0,6,bus_hazra,
bus_1,0,7,bus_rashbehari,
bus_1,0,8,bus_gariahat,
bus_1,0,9,bus_kasba_post_office,
bus_1,0,10,bus_haltu,
bus_1,0,11,bus_safuipara,
bus_1,0,12,bus_em_bypass,
bus_1,0,13,bus_mukundapur,
bus_1,1,1,bus_mukundapur,
bus_1,1,2,bus_em_bypass,
bus_1,1,3,bus_safuipara,
bus_1,1,4,bus_haltu,
bus_1,1,5,bus_kasba_post_office,
bus_1,1,6,bus_gariahat,
bus_1,1,7,bus_rashbehari,
bus_1,1,8,bus_hazra,
bus_1,1,9,bus_alipore_zoo,
bus_1,1,10,bus_bhawani_bhawan,
bus_1,1,11,bus_kidderpore,
bus_1,1,12,bus_bnr,
bus_1,1,13,bus_ramnagar,
bus_1a,0,1,bus_ramnagar,
bus_1a,0,2,bus_kidderpore,
bus_1a,0,3,bus_alipore_zoo,
bus_1a,0,4,bus_bhabani_bhawan_hazra,
bus_1a,0,5,bus_rashbehari,
bus_1a,0,6,bus_tollygunge_phari,
bus_1a,0,7,bus_jadavpur_ps,
bus_1a,0,8,bus_santoshpur,
bus_1a,0,9,bus_ajoynagar,
bus_1a,0,10,bus_em_bypass,
bus_1a,0,11,bus_mukundapur,
bus_1a,1,1,bus_mukundapur,
bus_1a,1,2,bus_em_bypass,
bus_1a,1,3,bus_ajoynagar,
bus_1a,1,4,bus_santoshpur,
bus_1a,1,5,bus_jadavpur_ps,
bus_1a,1,6,bus_tollygunge_phari,
bus_1a,1,7,bus_rashbehari,
bus_1a,1,8,bus_bhabani_bhawan_hazra,
bus_1a,1,9,bus_alipore_zoo,
bus_1a,1,10,bus_kidderpore,
bus_1a,1,11,bus_ramnagar,
bus_1b,0,1,bus_ramnagar,
bus_1b,0,2,bus_nature_park,
bus_1b,0,3,bus_taratala,
bus_1b,0,4,bus_tollygunge_phari,
bus_1b,0,5,bus_rashbehari,
bus_1b,0,6,bus_deshapriya_park,
bus_1b,0,7,bus_golpark,
bus_1b,0,8,bus_dhakuria,
bus_1b,0,9,bus_jadavpur_8b,
bus_1b,0,10,bus_santoshpur,
bus_1b,0,11,bus_ajoynagar,
bus_1b,0,12,bus_em_bypass_new_garia,
bus_1b,0,13,bus_garia_station,
bus_1b,0,14,bus_nayabad,
bus_1b,1,1,bus_nayabad,
bus_1b,1,2,bus_garia_station,
bus_1b,1,3,bus_em_bypass_new_garia,
bus_1b,1,4,bus_ajoynagar,
bus_1b,1,5,bus_santoshpur,
bus_1b,1,6,bus_jadavpur_8b,
bus_1b,1,7,bus_dhakuria,
bus_1b,1,8,bus_golpark,
bus_1b,1,9,bus_deshapriya_park,
bus_1b,1,10,bus_rashbehari,
bus_1b,1,11,bus_tollygunge_phari,
bus_1b,1,12,bus_taratala,
bus_1b,1,13,bus_nature_park,
bus_1b,1,14,bus_ramnagar,
bus_3b,0,1,bus_new_alipore,
bus_3b,0,2,bus_durgapur_bridge,
bus_3b,0,3,bus_rashbehari,
bus_3b,0,4,bus_kalighat,
bus_3b,0,5,bus_hazra,
bus_3b,0,6,bus_bhawanipur,
bus_3b,0,7,bus_rabindra_sadan,
bus_3b,0,8,bus_maidan,
bus_3b,0,9,bus_park_street,
bus_3b,0,10,bus_esplanade,
bus_3b,0,11,bus_chandni_chowk,
bus_3b,0,12,bus_central,
bus_3b,0,13,bus_medical_college,
bus_3b,0,14,bus_mg_road_metro,
bus_3b,0,15,bus_girish_park,
bus_3b,0,16,bus_sovabazar,
bus_3b,0,17,bus_shyambazar_5_point,
bus_3b,0,18,bus_rg_kar,
bus_3b,0,19,bus_belgachia_metro,
bus_3b,0,20,bus_milk_colony,
bus_3b,1,1,bus_milk_colony,
bus_3b,1,2,bus_belgachia_metro,
bus_3b,1,3,bus_rg_kar,
bus_3b,1,4,bus_shyambazar_5_point,
bus_3b,1,5,bus_sovabazar,
bus_3b,1,6,bus_girish_park,
bus_3b,1,7,bus_mg_road_metro,
bus_3b,1,8,bus_medical_college,
bus_3b,1,9,bus_central,
bus_3b,1,10,bus_chandni_chowk,
bus_3b,1,11,bus_esplanade,
bus_3b,1,12,bus_park_street,
bus_3b,1,13,bus_maidan,
bus_3b,1,14,bus_rabindra_sadan,
bus_3b,1,15,bus_bhawanipur,
bus_3b,1,16,bus_hazra,
bus_3b,1,17,bus_kalighat,
bus_3b,1,18,bus_rashbehari,
bus_3b,1,19,bus_durgapur_bridge,
bus_3b,1,20,bus_new_alipore,
bus_3c_1,0,1,bus_anandapur,
bus_3c_1,0,2,bus_ruby,
bus_3c_1,0,3,bus_kasba,
bus_3c_1,0,4,bus_ballygunge_station,
bus_3c_1,0,5,bus_gariahat,
bus_3c_1,0,6,bus_rashbehari,
bus_3c_1,0,7,bus_kalighat,
bus_3c_1,0,8,bus_hazra,
bus_3c_1,0,9,bus_bhawanipur,
bus_3c_1,0,10,bus_rabindra_sadan,
bus_3c_1,0,11,bus_maidan,
bus_3c_1,0,12,bus_park_street,
bus_3c_1,0,13,bus_esplanade,
bus_3c_1,0,14,bus_wellington,
bus_3c_1,0,15,bus_moulali,
bus_3c_1,0,16,bus_sealdah,
bus_3c_1,0,17,bus_rajabazar,
bus_3c_1,0,18,bus_maniktala,
bus_3c_1,0,19,bus_khanna,
bus_3c_1,0,20,bus_shyambazar_5_point,
bus_3c_1,0,21,bus_rg_kar,
bus_3c_1,0,22,bus_belgachia_metro,
bus_3c_1,0,23,bus_bangur_avenue,
bus_3c_1,0,24,bus_diamond_plaza,
bus_3c_1,0,25,bus_nagerbazar,
bus_3c_1,1,1,bus_nagerbazar,
bus_3c_1,1,2,bus_diamond_plaza,
bus_3c_1,1,3,bus_bangur_avenue,
bus_3c_1,1,4,bus_belgachia_metro,
bus_3c_1,1,5,bus_rg_kar,
bus_3c_1,1,6,bus_shyambazar_5_point,
bus_3c_1,1,7,bus_khanna,
bus_3c_1,1,8,bus_maniktala,
bus_3c_1,1,9,bus_rajabazar,
bus_3c_1,1,10,bus_sealdah,
bus_3c_1,1,11,bus_moulali,
bus_3c_1,1,12,bus_wellington,
bus_3c_1,1,13,bus_esplanade,
bus_3c_1,1,14,bus_park_street,
bus_3c_1,1,15,bus_maidan,
bus_3c_1,1,16,bus_rabindra_sadan,
bus_3c_1,1,17,bus_bhawanipur,
bus_3c_1,1,18,bus_hazra,
bus_3c_1,1,19,bus_kalighat,
bus_3c_1,1,20,bus_rashbehari,
bus_3c_1,1,21,bus_gariahat,
bus_3c_1,1,22,bus_ballygunge_station,
bus_3c_1,1,23,bus_kasba,
bus_3c_1,1,24,bus_ruby,
bus_3c_1,1,25,bus_anandapur,
bus_3c_2,0,1,bus_anandapur,
bus_3c_2,0,2,bus_ruby,
bus_3c_2,0,3,bus_kasba,
bus_3c_2,0,4,bus_ballygunge_station,
bus_3c_2,0,5,bus_gariahat,
bus_3c_2,0,6,bus_deshapriya_park,
bus_3c_2,0,7,bus_sishu_mangal,
bus_3c_2,0,8,bus_minto_park,
bus_3c_2,0,9,bus_rabindra_sadan,
bus_3c_2,0,10,bus_maidan,
bus_3c_2,0,11,bus_park_street,
bus_3c_2,0,12,bus_esplanade,
bus_3c_2,0,13,bus_wellington,
bus_3c_2,0,14,bus_college_street,
bus_3c_2,0,15,bus_hatibagan,
bus_3c_2,0,16,bus_shyambazar_5_point,
bus_3c_2,0,17,bus_rg_kar,
bus_3c_2,0,18,bus_belgachia_metro,
bus_3c_2,0,19,bus_bangur_avenue,
bus_3c_2,0,20,bus_diamond_plaza,
bus_3c_2,0,21,bus_nagerbazar,
bus_3c_2,1,1,bus_nagerbazar,
bus_3c_2,1,2,bus_diamond_plaza,
bus_3c_2,1,3,bus_bangur_avenue,
bus_3c_2,1,4,bus_belgachia_metro,
bus_3c_2,1,5,bus_rg_kar,
bus_3c_2,1,6,bus_shyambazar_5_point,
bus_3c_2,1,7,bus_hatibagan,
bus_3c_2,1,8,bus_college_street,
bus_3c_2,1,9,bus_wellington,
bus_3c_2,1,10,bus_esplanade,
bus_3c_2,1,11,bus_park_street,
bus_3c_2,1,12,bus_maidan,
bus_3c_2,1,13,bus_rabindra_sadan,
bus_3c_2,1,14,bus_minto_park,
bus_3c_2,1,15,bus_sishu_mangal,
bus_3c_2,1,16,bus_deshapriya_park,
bus_3c_2,1,17,bus_gariahat,
bus_3c_2,1,18,bus_ballygunge_station,
bus_3c_2,1,19,bus_kasba,
bus_3c_2,1,20,bus_ruby,
bus_3c_2,1,21,bus_anandapur,
bus_3d,0,1,bus_sakherbazar_behala,
bus_3d,0,2,bus_behala_14no,
bus_3d,0,3,bus_taratala,
bus_3d,0,4,bus_mominpore,
bus_3d,0,5,bus_ekbalpur,
bus_3d,0,6,bus_kidderpore,
bus_3d,0,7,bus_hastings,
bus_3d,0,8,bus_pts,
bus_3d,0,9,bus_rabindra_sadan,
bus_3d,0,10,bus_maidan,
bus_3d,0,11,bus_park_street,
bus_3d,0,12,bus_esplanade,
bus_3d,0,13,bus_wellington,
bus_3d,0,14,bus_moulali,
bus_3d,0,15,bus_sealdah,
bus_3d,0,16,bus_rajabazar,
bus_3d,0,17,bus_maniktala,
bus_3d,0,18,bus_khanna,
bus_3d,0,19,bus_shyambazar_5_point,
bus_3d,0,20,bus_rg_kar,
bus_3d,0,21,bus_belgachia_metro,
bus_3d,0,22,bus_milk_colony,
bus_3d,1,1,bus_milk_colony,
bus_3d,1,2,bus_belgachia_metro,
bus_3d,1,3,bus_rg_kar,
bus_3d,1,4,bus_shyambazar_5_point,
bus_3d,1,5,bus_khanna,
bus_3d,1,6,bus_maniktala,
bus_3d,1,7,bus_rajabazar,
bus_3d,1,8,bus_sealdah,
bus_3d,1,9,bus_moulali,
bus_3d,1,10,bus_wellington,
bus_3d,1,11,bus_esplanade,
bus_3d,1,12,bus_park_street,
bus_3d,1,13,bus_maidan,
bus_3d,1,14,bus_rabindra_sadan,
bus_3d,1,15,bus_pts,
bus_3d,1,16,bus_hastings,
bus_3d,1,17,bus_kidderpore,
bus_3d,1,18,bus_ekbalpur,
bus_3d,1,19,bus_mominpore,
bus_3d,1,20,bus_taratala,
bus_3d,1,21,bus_behala_14no,
bus_3d,1,22,bus_sakherbazar_behala,
bus_12,0,1,bus_badartala,
bus_12,0,2,bus_metiabruz,
bus_12,0,3,bus_ramnagar,
bus_12,0,4,bus_taratala,
bus_12,0,5,bus_bnr,
bus_12,0,6,bus_kidderpore,
bus_12,0,7,bus_hastings,
bus_12,0,8,bus_babughat,
bus_12,0,9,bus_esplanade,
bus_12,0,10,bus_wellington,
bus_12,0,11,bus_moulali,
bus_12,0,12,bus_sealdah,
bus_12,0,13,bus_rajabazar,
bus_12,1,1,bus_rajabazar,
bus_12,1,2,bus_sealdah,
bus_12,1,3,bus_moulali,
bus_12,1,4,bus_wellington,
bus_12,1,5,bus_esplanade,
bus_12,1,6,bus_babughat,
bus_12,1,7,bus_hastings,
bus_12,1,8,bus_kidderpore,
bus_12,1,9,bus_bnr,
bus_12,1,10,bus_taratala,
bus_12,1,11,bus_ramnagar,
bus_12,1,12,bus_metiabruz,
bus_12,1,13,bus_badartala,
bus_12_shuttle,0,1,bus_badartala,
bus_12_shuttle,0,2,bus_metiabruz,
bus_12_shuttle,0,3,bus_bichali_ghat,
bus_12_shuttle,0,4,bus_fatehpur_28_no,
bus_12_shuttle,0,5,bus_ramnagar,
bus_12_shuttle,0,6,bus_kidderpore,
bus_12_shuttle,0,7,bus_hastings,
bus_12_shuttle,0,8,bus_babughat,
bus_12_shuttle,0,9,bus_esplanade,
bus_12_shuttle,1,1,bus_esplanade,
bus_12_shuttle,1,2,bus_babughat,
bus_12_shuttle,1,3,bus_hastings,
bus_12_shuttle,1,4,bus_kidderpore,
bus_12_shuttle,1,5,bus_ramnagar,
bus_12_shuttle,1,6,bus_fatehpur_28_no,
bus_12_shuttle,1,7,bus_bichali_ghat,
bus_12_shuttle,1,8,bus_metiabruz,
bus_12_shuttle,1,9,bus_badartala,
bus_12a,0,1,bus_badartala,
bus_12a,0,2,bus_rajabagan,
bus_12a,0,3,bus_metiabruz,
bus_12a,0,4,bus_bichali_ghar,
bus_12a,0,5,bus_mudiali_more,
bus_12a,0,6,bus_h_m_g_college,
bus_12a,0,7,bus_fatehpur_2,
bus_12a,0,8,bus_ramnagar,
bus_12a,0,9,bus_garden_reach,
bus_12a,0,10,bus_babubazar,
bus_12a,0,11,bus_kidderpore,
bus_12a,0,12,bus_hastings,
bus_12a,0,13,bus_princep_ghat,
bus_12a,0,14,bus_babughat,
bus_12a,0,15,bus_esplanade,
bus_12a,0,16,bus_barabazar,
bus_12a,0,17,bus_howrah_station,
bus_12a,1,1,bus_howrah_station,
bus_12a,1,2,bus_barabazar,
bus_12a,1,3,bus_esplanade,
bus_12a,1,4,bus_babughat,
bus_12a,1,5,bus_princep_ghat,
bus_12a,1,6,bus_hastings,
bus_12a,1,7,bus_kidderpore,
bus_12a,1,8,bus_babubazar,
bus_12a,1,9,bus_garden_reach,
bus_12a,1,10,bus_ramnagar,
bus_12a,1,11,bus_fatehpur_2,
bus_12a,1,12,bus_h_m_g_college,
bus_12a,1,13,bus_mudiali_more,
bus_12a,1,14,bus_bichali_ghar,
bus_12a,1,15,bus_metiabruz,
bus_12a,1,16,bus_rajabagan,
bus_12a,1,17,bus_badartala,
bus_12ad,0,1,bus_akra_fatak,
bus_12ad,0,2,bus_santoshpur_station,
bus_12ad,0,3,bus_nature_park,
bus_12ad,0,4,bus_jhinjhira_bazar,
bus_12ad,0,5,bus_brace_bridge,
bus_12ad,0,6,bus_taratala,
bus_12ad,0,7,bus_majherhat,
bus_12ad,0,8,bus_mominpore,
bus_12ad,0,9,bus_ekbalpur,
bus_12ad,0,10,bus_kidderpore,
bus_12ad,0,11,bus_hastings,
bus_12ad,0,12,bus_fort_william,
bus_12ad,0,13,bus_esplanade,
bus_12ad,0,14,bus_dalhousie,
bus_12ad,0,15,bus_barabazar,
bus_12ad,0,16,bus_howrah_station,
bus_12ad,1,1,bus_howrah_station,
bus_12ad,1,2,bus_barabazar,
bus_12ad,1,3,bus_dalhousie,
bus_12ad,1,4,bus_esplanade,
bus_12ad,1,5,bus_fort_william,
bus_12ad,1,6,bus_hastings,
bus_12ad,1,7,bus_kidderpore,
bus_12ad,1,8,bus_ekbalpur,
bus_12ad,1,9,bus_mominpore,
bus_12ad,1,10,bus_majherhat,
bus_12ad,1,11,bus_taratala,
bus_12ad,1,12,bus_brace_bridge,
bus_12ad,1,13,bus_jhinjhira_bazar,
bus_12ad,1,14,bus_nature_park,
bus_12ad,1,15,bus_santoshpur_station,
bus_12ad,1,16,bus_akra_fatak,
bus_12b_shuttle,0,1,bus_kamal_talkies,
bus_12b_shuttle,0,2,bus_ramnagar,
bus_12b_shuttle,0,3,bus_garden_reach,
bus_12b_shuttle,0,4,bus_babubazar,
bus_12b_shuttle,0,5,bus_kidderpore,
bus_12b_shuttle,0,6,bus_hastings,
bus_12b_shuttle,0,7,bus_fort_william,
bus_12b_shuttle,0,8,bus_esplanade,
bus_12b_shuttle,1,1,bus_esplanade,
bus_12b_shuttle,1,2,bus_fort_william,
bus_12b_shuttle,1,3,bus_hastings,
bus_12b_shuttle,1,4,bus_kidderpore,
bus_12b_shuttle,1,5,bus_babubazar,
bus_12b_shuttle,1,6,bus_garden_reach,
bus_12b_shuttle,1,7,bus_ramnagar,
bus_12b_shuttle,1,8,bus_kamal_talkies,
bus_12c,0,1,bus_pailan,
bus_12c,0,2,bus_joka_bridge,
bus_12c,0,3,bus_thakurpukur,
bus_12c,0,4,bus_shilpara,
bus_12c,0,5,bus_sakher_bazar,
bus_12c,0,6,bus_behala_chowrasta,
bus_12c,0,7,bus_behala_14no,
bus_12c,0,8,bus_taratala,
bus_12c,0,9,bus_brace_bridge,
bus_12c,0,10,bus_hide_road,
bus_12c,0,11,bus_b_n_r_hospital,
bus_12c,0,12,bus_babubazar,
bus_12c,0,13,bus_kidderpore,
bus_12c,0,14,bus_hastings,
bus_12c,0,15,bus_fort_william,
bus_12c,0,16,bus_esplanade,
bus_12c,0,17,bus_dalhousie,
bus_12c,0,18,bus_barabazar,
bus_12c,0,19,bus_howrah_station,
bus_12c,1,1,bus_howrah_station,
bus_12c,1,2,bus_barabazar,
bus_12c,1,3,bus_dalhousie,
bus_12c,1,4,bus_esplanade,
bus_12c,1,5,bus_fort_william,
bus_12c,1,6,bus_hastings,
bus_12c,1,7,bus_kidderpore,
bus_12c,1,8,bus_babubazar,
bus_12c,1,9,bus_b_n_r_hospital,
bus_12c,1,10,bus_hide_road,
bus_12c,1,11,bus_brace_bridge,
bus_12c,1,12,bus_taratala,
bus_12c,1,13,bus_behala_14no,
bus_12c,1,14,bus_behala_chowrasta,
bus_12c,1,15,bus_sakher_bazar,
bus_12c,1,16,bus_shilpara,
bus_12c,1,17,bus_thakurpukur,
bus_12c,1,18,bus_joka_bridge,
bus_12c,1,19,bus_pailan,
bus_12c_1,0,1,bus_shibrampur,
bus_12c_1,0,2,bus_shakuntala_park,
bus_12c_1,0,3,bus_bakultala,
bus_12c_1,0,4,bus_behala_chowrasta,
bus_12c_1,0,5,bus_behala_14no,
bus_12c_1,0,6,bus_majherhat,
bus_12c_1,0,7,bus_mominpore,
bus_12c_1,0,8,bus_ekbalpur,
bus_12c_1,0,9,bus_kidderpore,
bus_12c_1,0,10,bus_hastings,
bus_12c_1,0,11,bus_p_t_s_more,
bus_12c_1,0,12,bus_rabindra_sadan,
bus_12c_1,0,13,bus_maidan_metro,
bus_12c_1,0,14,bus_park_street,
bus_12c_1,0,15,bus_esplanade,
bus_12c_1,0,16,bus_dalhousie,
bus_12c_1,0,17,bus_barabazar,
bus_12c_1,0,18,bus_howrah_station,
bus_12c_1,1,1,bus_howrah_station,
bus_12c_1,1,2,bus_barabazar,
bus_12c_1,1,3,bus_dalhousie,
bus_12c_1,1,4,bus_esplanade,
bus_12c_1,1,5,bus_park_street,
bus_12c_1,1,6,bus_maidan_metro,
bus_12c_1,1,7,bus_rabindra_sadan,
bus_12c_1,1,8,bus_p_t_s_more,
bus_12c_1,1,9,bus_hastings,
bus_12c_1,1,10,bus_kidderpore,
bus_12c_1,1,11,bus_ekbalpur,
bus_12c_1,1,12,bus_mominpore,
bus_12c_1,1,13,bus_majherhat,
bus_12c_1,1,14,bus_behala_14no,
bus_12c_1,1,15,bus_behala_chowrasta,
bus_12c_1,1,16,bus_bakultala,
bus_12c_1,1,17,bus_shakuntala_park,
bus_12c_1,1,18,bus_shibrampur,
bus_12c_2,0,1,bus_aquatica,
bus_12c_2,0,2,bus_thakdari,
bus_12c_2,0,3,bus_kestopur_bazar,
bus_12c_2,0,4,bus_dumdum_park,
bus_12c_2,0,5,bus_laketown,
bus_12c_2,0,6,bus_sreebhumi,
bus_12c_2,0,7,bus_ultadanga,
bus_12c_2,0,8,bus_khanna_cinema,
bus_12c_2,0,9,bus_maniktala,
bus_12c_2,0,10,bus_rajabazar,
bus_12c_2,0,11,bus_sealdah_station,
bus_12c_2,0,12,bus_college_street,
bus_12c_2,0,13,bus_medical_college,
bus_12c_2,0,14,bus_bowbazar,
bus_12c_2,0,15,bus_central_metro,
bus_12c_2,0,16,bus_dalhousie,
bus_12c_2,0,17,bus_barabazar,
bus_12c_2,0,18,bus_howrah_station,
bus_12c_2,1,1,bus_howrah_station,
bus_12c_2,1,2,bus_barabazar,
bus_12c_2,1,3,bus_dalhousie,
bus_12c_2,1,4,bus_central_metro,
bus_12c_2,1,5,bus_bowbazar,
bus_12c_2,1,6,bus_medical_college,
bus_12c_2,1,7,bus_college_street,
bus_12c_2,1,8,bus_sealdah_station,
bus_12c_2,1,9,bus_rajabazar,
bus_12c_2,1,10,bus_maniktala,
bus_12c_2,1,11,bus_khanna_cinema,
bus_12c_2,1,12,bus_ultadanga,
bus_12c_2,1,13,bus_sreebhumi,
bus_12c_2,1,14,bus_laketown,
bus_12c_2,1,15,bus_dumdum_park,
bus_12c_2,1,16,bus_kestopur_bazar,
bus_12c_2,1,17,bus_thakdari,
bus_12c_2,1,18,bus_aquatica,
bus_12c_1a,0,1,bus_pailan,
bus_12c_1a,0,2,bus_joka_bridge,
bus_12c_1a,0,3,bus_thakurpukur,
bus_12c_1a,0,4,bus_shilpara,
bus_12c_1a,0,5,bus_sakher_bazar,
bus_12c_1a,0,6,bus_behala_chowrasta,
bus_12c_1a,0,7,bus_behala_14no,
bus_12c_1a,0,8,bus_majherhat,
bus_12c_1a,0,9,bus_mominpore,
bus_12c_1a,0,10,bus_ekbalpur,
bus_12c_1a,0,11,bus_kidderpore,
bus_12c_1a,0,12,bus_hastings,
bus_12c_1a,0,13,bus_fort_william,
bus_12c_1a,0,14,bus_esplanade,
bus_12c_1a,0,15,bus_dalhousie,
bus_12c_1a,0,16,bus_barabazar,
bus_12c_1a,0,17,bus_howrah_station,
bus_12c_1a,1,1,bus_howrah_station,
bus_12c_1a,1,2,bus_barabazar,
bus_12c_1a,1,3,bus_dalhousie,
bus_12c_1a,1,4,bus_esplanade,
bus_12c_1a,1,5,bus_fort_william,
bus_12c_1a,1,6,bus_hastings,
bus_12c_1a,1,7,bus_kidderpore,
bus_12c_1a,1,8,bus_ekbalpur,
bus_12c_1a,1,9,bus_mominpore,
bus_12c_1a,1,10,bus_majherhat,
bus_12c_1a,1,11,bus_behala_14no,
bus_12c_1a,1,12,bus_behala_chowrasta,
bus_12c_1a,1,13,bus_sakher_bazar,
bus_12c_1a,1,14,bus_shilpara,
bus_12c_1a,1,15,bus_thakurpukur,
bus_12c_1a,1,16,bus_joka_bridge,
bus_12c_1a,1,17,bus_pailan,
bus_12c_1b,0,1,bus_pailan,
bus_12c_1b,0,2,bus_joka_bridge,
bus_12c_1b,0,3,bus_thakurpukur_3a,
bus_12c_1b,0,4,bus_cancer_hospital,
bus_12c_1b,0,5,bus_kalitala_housing,
bus_12c_1b,0,6,bus_kabardanga,
bus_12c_1b,0,7,bus_keorapukur,
bus_12c_1b,0,8,bus_haridevpur,
bus_12c_1b,0,9,bus_tollygunge,
bus_12c_1b,0,10,bus_rabindra_sarovar,
bus_12c_1b,0,11,bus_rashbehari,
bus_12c_1b,0,12,bus_kalighat,
bus_12c_1b,0,13,bus_hazra_more,
bus_12c_1b,0,14,bus_bhowanipore,
bus_12c_1b,0,15,bus_rabindra_sadan,
bus_12c_1b,0,16,bus_maidan_metro,
bus_12c_1b,0,17,bus_park_street,
bus_12c_1b,0,18,bus_esplanade,
bus_12c_1b,0,19,bus_dalhousie,
bus_12c_1b,0,20,bus_barabazar,
bus_12c_1b,0,21,bus_howrah_station,
bus_12c_1b,1,1,bus_howrah_station,
bus_12c_1b,1,2,bus_barabazar,
bus_12c_1b,1,3,bus_dalhousie,
bus_12c_1b,1,4,bus_esplanade,
bus_12c_1b,1,5,bus_park_street,
bus_12c_1b,1,6,bus_maidan_metro,
bus_12c_1b,1,7,bus_rabindra_sadan,
bus_12c_1b,1,8,bus_bhowanipore,
bus_12c_1b,1,9,bus_hazra_more,
bus_12c_1b,1,10,bus_kalighat,
bus_12c_1b,1,11,bus_rashbehari,
bus_12c_1b,1,12,bus_rabindra_sarovar,
bus_12c_1b,1,13,bus_tollygunge,
bus_12c_1b,1,14,bus_haridevpur,
bus_12c_1b,1,15,bus_keorapukur,
bus_12c_1b,1,16,bus_kabardanga,
bus_12c_1b,1,17,bus_kalitala_housing,
bus_12c_1b,1,18,bus_cancer_hospital,
bus_12c_1b,1,19,bus_thakurpukur_3a,
bus_12c_1b,1,20,bus_joka_bridge,
bus_12c_1b,1,21,bus_pailan,
bus_13,0,1,bus_parnashree,
bus_13,0,2,bus_jhinjhira_bazar,
bus_13,0,3,bus_brace_bridge,
bus_13,0,4,bus_taratala,
bus_13,0,5,bus_majherhat,
bus_13,0,6,bus_mominpore,
bus_13,0,7,bus_ekbalpur,
bus_13,0,8,bus_kidderpore,
bus_13,0,9,bus_hastings,
bus_13,0,10,bus_fort_william,
bus_13,0,11,bus_esplanade,
bus_13,0,12,bus_dalhousie,
bus_13,0,13,bus_central_metro,
bus_13,0,14,bus_bowbazar,
bus_13,0,15,bus_medical_college,
bus_13,0,16,bus_college_street,
bus_13,0,17,bus_sealdah_station,
bus_13,1,1,bus_sealdah_station,
bus_13,1,2,bus_college_street,
bus_13,1,3,bus_medical_college,
bus_13,1,4,bus_bowbazar,
bus_13,1,5,bus_central_metro,
bus_13,1,6,bus_dalhousie,
bus_13,1,7,bus_esplanade,
bus_13,1,8,bus_fort_william,
bus_13,1,9,bus_hastings,
bus_13,1,10,bus_kidderpore,
bus_13,1,11,bus_ekbalpur,
bus_13,1,12,bus_mominpore,
bus_13,1,13,bus_majherhat,
bus_13,1,14,bus_taratala,
bus_13,1,15,bus_brace_bridge,
bus_13,1,16,bus_jhinjhira_bazar,
bus_13,1,17,bus_parnashree,
bus_13a,0,1,bus_s_m_nagar,
bus_13a,0,2,bus_sarkarpool,
bus_13a,0,3,bus_jhinjhira_bazar,
bus_13a,0,4,bus_brace_bridge,
bus_13a,0,5,bus_taratala,
bus_13a,0,6,bus_majherhat,
bus_13a,0,7,bus_mominpore,
bus_13a,0,8,bus_alipore_court,
bus_13a,0,9,bus_kalighat,
bus_13a,0,10,bus_hazra_more,
bus_13a,0,11,bus_bhowanipore,
bus_13a,0,12,bus_rabindra_sadan,
bus_13a,0,13,bus_maidan_metro,
bus_13a,0,14,bus_park_street,
bus_13a,0,15,bus_esplanade,
bus_13a,0,16,bus_bbd_bag,
bus_13a,1,1,bus_bbd_bag,
bus_13a,1,2,bus_esplanade,
bus_13a,1,3,bus_park_street,
bus_13a,1,4,bus_maidan_metro,
bus_13a,1,5,bus_rabindra_sadan,
bus_13a,1,6,bus_bhowanipore,
bus_13a,1,7,bus_hazra_more,
bus_13a,1,8,bus_kalighat,
bus_13a,1,9,bus_alipore_court,
bus_13a,1,10,bus_mominpore,
bus_13a,1,11,bus_majherhat,
bus_13a,1,12,bus_taratala,
bus_13a,1,13,bus_brace_bridge,
bus_13a,1,14,bus_jhinjhira_bazar,
bus_13a,1,15,bus_sarkarpool,
bus_13a,1,16,bus_s_m_nagar,
bus_13c,0,1,bus_old_dakghar,
bus_13c,0,2,bus_mollargate,
bus_13c,0,3,bus_rampur_quarter,
bus_13c,0,4,bus_s_m_nagar,
bus_13c,0,5,bus_sarkarpool,
bus_13c,0,6,bus_jhinjhira_bazar,
bus_13c,0,7,bus_brace_bridge,
bus_13c,0,8,bus_taratala,
bus_13c,0,9,bus_majherhat,
bus_13c,0,10,bus_mominpore,
bus_13c,0,11,bus_alipore_court,
bus_13c,0,12,bus_hazra_more,
bus_13c,0,13,bus_kalighat,
bus_13c,0,14,bus_rashbehari,
bus_13c,0,15,bus_deshapriya_park,
bus_13c,0,16,bus_gariahat,
bus_13c,0,17,bus_golpark,
bus_13c,0,18,bus_dhakuria,
bus_13c,0,19,bus_jadavpur_8b,
bus_13c,0,20,bus_baghajatin,
bus_13c,1,1,bus_baghajatin,
bus_13c,1,2,bus_jadavpur_8b,
bus_13c,1,3,bus_dhakuria,
bus_13c,1,4,bus_golpark,
bus_13c,1,5,bus_gariahat,
bus_13c,1,6,bus_deshapriya_park,
bus_13c,1,7,bus_rashbehari,
bus_13c,1,8,bus_kalighat,
bus_13c,1,9,bus_hazra_more,
bus_13c,1,10,bus_alipore_court,
bus_13c,1,11,bus_mominpore,
bus_13c,1,12,bus_majherhat,
bus_13c,1,13,bus_taratala,
bus_13c,1,14,bus_brace_bridge,
bus_13c,1,15,bus_jhinjhira_bazar,
bus_13c,1,16,bus_sarkarpool,
bus_13c,1,17,bus_s_m_nagar,
bus_13c,1,18,bus_rampur_quarter,
bus_13c,1,19,bus_mollargate,
bus_13c,1,20,bus_old_dakghar,
bus_17,0,1,bus_chetla,
bus_17,0,2,bus_rashbehari,
bus_17,0,3,bus_kalighat,
bus_17,0,4,bus_hazra_more,
bus_17,0,5,bus_alipore_court,
bus_17,0,6,bus_mominpore,
bus_17,0,7,bus_ekbalpur,
bus_17,0,8,bus_kidderpore,
bus_17,0,9,bus_hastings,
bus_17,0,10,bus_fort_william,
bus_17,0,11,bus_esplanade,
bus_17,0,12,bus_dalhousie,
bus_17,0,13,bus_barabazar,
bus_17,0,14,bus_howrah_station,
bus_17,1,1,bus_howrah_station,
bus_17,1,2,bus_barabazar,
bus_17,1,3,bus_dalhousie,
bus_17,1,4,bus_esplanade,
bus_17,1,5,bus_fort_william,
bus_17,1,6,bus_hastings,
bus_17,1,7,bus_kidderpore,
bus_17,1,8,bus_ekbalpur,
bus_17,1,9,bus_mominpore,
bus_17,1,10,bus_alipore_court,
bus_17,1,11,bus_hazra_more,
bus_17,1,12,bus_kalighat,
bus_17,1,13,bus_rashbehari,
bus_17,1,14,bus_chetla,
bus_18a,0,1,bus_greenfield_city,
bus_18a,0,2,bus_shibrampur,
bus_18a,0,3,bus_shakuntala_park,
bus_18a,0,4,bus_bakultala,
bus_18a,0,5,bus_behala_chowrasta,
bus_18a,0,6,bus_behala_14no,
bus_18a,0,7,bus_majherhat,
bus_18a,0,8,bus_mominpore,
bus_18a,0,9,bus_ekbalpur,
bus_18a,0,10,bus_kidderpore,
bus_18a,0,11,bus_hastings,
bus_18a,0,12,bus_fort_william,
bus_18a,0,13,bus_esplanade,
bus_18a,0,14,bus_dalhousie,
bus_18a,0,15,bus_barabazar,
bus_18a,0,16,bus_howrah_station,
bus_18a,1,1,bus_howrah_station,
bus_18a,1,2,bus_barabazar,
bus_18a,1,3,bus_dalhousie,
bus_18a,1,4,bus_esplanade,
bus_18a,1,5,bus_fort_william,
bus_18a,1,6,bus_hastings,
bus_18a,1,7,bus_kidderpore,
bus_18a,1,8,bus_ekbalpur,
bus_18a,1,9,bus_mominpore,
bus_18a,1,10,bus_majherhat,
bus_18a,1,11,bus_behala_14no,
bus_18a,1,12,bus_behala_chowrasta,
bus_18a,1,13,bus_bakultala,
bus_18a,1,14,bus_shakuntala_park,
bus_18a,1,15,bus_shibrampur,
bus_18a,1,16,bus_greenfield_city,
bus_18b_1,0,1,bus_dakghar_bagmari,
bus_18b_1,0,2,bus_moynagarh,
bus_18b_1,0,3,bus_sarada_park,
bus_18b_1,0,4,bus_shibrampur,
bus_18b_1,0,5,bus_shakuntala_park,
bus_18b_1,0,6,bus_bakultala,
bus_18b_1,0,7,bus_behala_chowrasta,
bus_18b_1,0,8,bus_behala_14no,
bus_18b_1,0,9,bus_majherhat,
bus_18b_1,0,10,bus_mominpore,
bus_18b_1,0,11,bus_alipore_court,
bus_18b_1,0,12,bus_hazra_more,
bus_18b_1,0,13,bus_kalighat,
bus_18b_1,0,14,bus_rashbehari,
bus_18b_1,0,15,bus_deshapriya_park,
bus_18b_1,0,16,bus_gariahat,
bus_18b_1,0,17,bus_ballygunge_station,
bus_18b_1,0,18,bus_kasba_ps,
bus_18b_1,0,19,bus_bosepukur,
bus_18b_1,0,20,bus_acropolis_mall,
bus_18b_1,0,21,bus_ruby_hospital,
bus_18b_1,0,22,bus_china_mandir,
bus_18b_1,1,1,bus_china_mandir,
bus_18b_1,1,2,bus_ruby_hospital,
bus_18b_1,1,3,bus_acropolis_mall,
bus_18b_1,1,4,bus_bosepukur,
bus_18b_1,1,5,bus_kasba_ps,
bus_18b_1,1,6,bus_ballygunge_station,
bus_18b_1,1,7,bus_gariahat,
bus_18b_1,1,8,bus_deshapriya_park,
bus_18b_1,1,9,bus_rashbehari,
bus_18b_1,1,10,bus_kalighat,
bus_18b_1,1,11,bus_hazra_more,
bus_18b_1,1,12,bus_alipore_court,
bus_18b_1,1,13,bus_mominpore,
bus_18b_1,1,14,bus_majherhat,
bus_18b_1,1,15,bus_behala_14no,
bus_18b_1,1,16,bus_behala_chowrasta,
bus_18b_1,1,17,bus_bakultala,
bus_18b_1,1,18,bus_shakuntala_park,
bus_18b_1,1,19,bus_shibrampur,
bus_18b_1,1,20,bus_sarada_park,
bus_18b_1,1,21,bus_moynagarh,
bus_18b_1,1,22,bus_dakghar_bagmari,
bus_18c,0,1,bus_kestor_more,
bus_18c,0,2,bus_sarsuna,
bus_18c,0,3,bus_bakultala,
bus_18c,0,4,bus_behala_chowrasta,
bus_18c,0,5,bus_behala_14no,
bus_18c,0,6,bus_majherhat,
bus_18c,0,7,bus_mominpore,
bus_18c,0,8,bus_alipore_court,
bus_18c,0,9,bus_hazra_more,
bus_18c,0,10,bus_kalighat,
bus_18c,0,11,bus_rashbehari,
bus_18c,0,12,bus_deshapriya_park,
bus_18c,0,13,bus_gariahat,
bus_18c,0,14,bus_ballygunge_station,
bus_18c,0,15,bus_kasba_ps,
bus_18c,0,16,bus_bosepukur,
bus_18c,0,17,bus_acropolis_mall,
bus_18c,0,18,bus_ruby_hospital,
bus_18c,0,19,bus_anandapur,
bus_18c,1,1,bus_anandapur,
bus_18c,1,2,bus_ruby_hospital,
bus_18c,1,3,bus_acropolis_mall,
bus_18c,1,4,bus_bosepukur,
bus_18c,1,5,bus_kasba_ps,
bus_18c,1,6,bus_ballygunge_station,
bus_18c,1,7,bus_gariahat,
bus_18c,1,8,bus_deshapriya_park,
bus_18c,1,9,bus_rashbehari,
bus_18c,1,10,bus_kalighat,
bus_18c,1,11,bus_hazra_more,
bus_18c,1,12,bus_alipore_court,
bus_18c,1,13,bus_mominpore,
bus_18c,1,14,bus_majherhat,
bus_18c,1,15,bus_behala_14no,
bus_18c,1,16,bus_behala_chowrasta,
bus_18c,1,17,bus_bakultala,
bus_18c,1,18,bus_sarsuna,
bus_18c,1,19,bus_kestor_more,
bus_18d,0,1,bus_suryasen_nagar,
bus_18d,0,2,bus_sarsuna,
bus_18d,0,3,bus_bakultala,
bus_18d,0,4,bus_behala_chowrasta,
bus_18d,0,5,bus_behala_14no,
bus_18d,0,6,bus_majherhat,
bus_18d,0,7,bus_mominpore,
bus_18d,0,8,bus_ekbalpur,
bus_18d,0,9,bus_kidderpore,
bus_18d,0,10,bus_hastings,
bus_18d,0,11,bus_fort_william,
bus_18d,0,12,bus_esplanade,
bus_18d,0,13,bus_dalhousie,
bus_18d,0,14,bus_barabazar,
bus_18d,0,15,bus_howrah_station,
bus_18d,1,1,bus_howrah_station,
bus_18d,1,2,bus_barabazar,
bus_18d,1,3,bus_dalhousie,
bus_18d,1,4,bus_esplanade,
bus_18d,1,5,bus_fort_william,
bus_18d,1,6,bus_hastings,
bus_18d,1,7,bus_kidderpore,
bus_18d,1,8,bus_ekbalpur,
bus_18d,1,9,bus_mominpore,
bus_18d,1,10,bus_majherhat,
bus_18d,1,11,bus_behala_14no,
bus_18d,1,12,bus_behala_chowrasta,
bus_18d,1,13,bus_bakultala,
bus_18d,1,14,bus_sarsuna,
bus_18d,1,15,bus_suryasen_nagar,
bus_21,0,1,bus_barisha,
bus_21,0,2,bus_shilpara,
bus_21,0,3,bus_sakher_bazar,
bus_21,0,4,bus_m_l_gupta_road,
bus_21,0,5,bus_muchipara,
bus_21,0,6,bus_siriti_more,
bus_21,0,7,bus_n_s_h_m_campus,
bus_21,0,8,bus_mahabirtala,
bus_21,0,9,bus_tollygunge_phari,
bus_21,0,10,bus_rabindra_sarovar,
bus_21,0,11,bus_rashbehari,
bus_21,0,12,bus_kalighat,
bus_21,0,13,bus_hazra_more,
bus_21,0,14,bus_bhowanipore,
bus_21,0,15,bus_rabindra_sadan,
bus_21,0,16,bus_minto_park,
bus_21,0,17,bus_beckbagan,
bus_21,0,18,bus_mallick_bazar,
bus_21,0,19,bus_moulali_more,
bus_21,0,20,bus_sealdah_station,
bus_21,1,1,bus_sealdah_station,
bus_21,1,2,bus_moulali_more,
bus_21,1,3,bus_mallick_bazar,
bus_21,1,4,bus_beckbagan,
bus_21,1,5,bus_minto_park,
bus_21,1,6,bus_rabindra_sadan,
bus_21,1,7,bus_bhowanipore,
bus_21,1,8,bus_hazra_more,
bus_21,1,9,bus_kalighat,
bus_21,1,10,bus_rashbehari,
bus_21,1,11,bus_rabindra_sarovar,
bus_21,1,12,bus_tollygunge_phari,
bus_21,1,13,bus_mahabirtala,
bus_21,1,14,bus_n_s_h_m_campus,
bus_21,1,15,bus_siriti_more,
bus_21,1,16,bus_muchipara,
bus_21,1,17,bus_m_l_gupta_road,
bus_21,1,18,bus_sakher_bazar,
bus_21,1,19,bus_shilpara,
bus_21,1,20,bus_barisha,
bus_21_1,0,1,bus_barisha,
bus_21_1,0,2,bus_shilpara,
bus_21_1,0,3,bus_sakher_bazar,
bus_21_1,0,4,bus_behala_chowrasta,
bus_21_1,0,5,bus_behala_14no,
bus_21_1,0,6,bus_taratala,
bus_21_1,0,7,bus_new_alipore,
bus_21_1,0,8,bus_mahabirtala,
bus_21_1,0,9,bus_tollygunge_phari,
bus_21_1,0,10,bus_rabindra_sarovar,
bus_21_1,0,11,bus_rashbehari,
bus_21_1,0,12,bus_kalighat,
bus_21_1,0,13,bus_hazra_more,
bus_21_1,0,14,bus_bhowanipore,
bus_21_1,0,15,bus_rabindra_sadan,
bus_21_1,0,16,bus_minto_park,
bus_21_1,0,17,bus_beckbagan,
bus_21_1,0,18,bus_mallick_bazar,
bus_21_1,0,19,bus_moulali_more,
bus_21_1,0,20,bus_sealdah_station,
bus_21_1,1,1,bus_sealdah_station,
bus_21_1,1,2,bus_moulali_more,
bus_21_1,1,3,bus_mallick_bazar,
bus_21_1,1,4,bus_beckbagan,
bus_21_1,1,5,bus_minto_park,
bus_21_1,1,6,bus_rabindra_sadan,
bus_21_1,1,7,bus_bhowanipore,
bus_21_1,1,8,bus_hazra_more,
bus_21_1,1,9,bus_kalighat,
bus_21_1,1,10,bus_rashbehari,
bus_21_1,1,11,bus_rabindra_sarovar,
bus_21_1,1,12,bus_tollygunge_phari,
bus_21_1,1,13,bus_mahabirtala,
bus_21_1,1,14,bus_new_alipore,
bus_21_1,1,15,bus_taratala,
bus_21_1,1,16,bus_behala_14no,
bus_21_1,1,17,bus_behala_chowrasta,
bus_21_1,1,18,bus_sakher_bazar,
bus_21_1,1,19,bus_shilpara,
bus_21_1,1,20,bus_barisha,
bus_23,0,1,bus_barasat,
bus_23,0,2,bus_chapadali_more,
bus_23,0,3,bus_kazipara_depot,
bus_23,0,4,bus_kadambagachi,
bus_23,0,5,bus_goakhali_more,
bus_23,0,6,bus_golabari_more,
bus_23,0,7,bus_pakdaha,
bus_23,0,8,bus_aminpur,
bus_23,0,9,bus_paltadanga,
bus_23,0,10,bus_shasan_bazar,
bus_23,0,11,bus_mithpukuria,
bus_23,0,12,bus_majlishpur,
bus_23,0,13,bus_boalghata,
bus_23,1,1,bus_boalghata,
bus_23,1,2,bus_majlishpur,
bus_23,1,3,bus_mithpukuria,
bus_23,1,4,bus_shasan_bazar,
bus_23,1,5,bus_paltadanga,
bus_23,1,6,bus_aminpur,
bus_23,1,7,bus_pakdaha,
bus_23,1,8,bus_golabari_more,
bus_23,1,9,bus_goakhali_more,
bus_23,1,10,bus_kadambagachi,
bus_23,1,11,bus_kazipara_depot,
bus_23,1,12,bus_chapadali_more,
bus_23,1,13,bus_barasat,
bus_24,0,1,bus_topsia,
bus_24,0,2,bus_christopher_road,
bus_24,0,3,bus_panchkari_more,
bus_24,0,4,bus_tangra_more,
bus_24,0,5,bus_r_n_chowdhury_road,
bus_24,0,6,bus_palmer_bazar,
bus_24,0,7,bus_sealdah_station,
bus_24,0,8,bus_college_street,
bus_24,0,9,bus_m_g_road,
bus_24,0,10,bus_barabazar,
bus_24,0,11,bus_howrah_station,
bus_24,0,12,bus_howrah_maidan,
bus_24,0,13,bus_pilkhana_more,
bus_24,0,14,bus_salkia_chowrasta,
bus_24,0,15,bus_bandha_ghat,
bus_24,1,1,bus_bandha_ghat,
bus_24,1,2,bus_salkia_chowrasta,
bus_24,1,3,bus_pilkhana_more,
bus_24,1,4,bus_howrah_maidan,
bus_24,1,5,bus_howrah_station,
bus_24,1,6,bus_barabazar,
bus_24,1,7,bus_m_g_road,
bus_24,1,8,bus_college_street,
bus_24,1,9,bus_sealdah_station,
bus_24,1,10,bus_palmer_bazar,
bus_24,1,11,bus_r_n_chowdhury_road,
bus_24,1,12,bus_tangra_more,
bus_24,1,13,bus_panchkari_more,
bus_24,1,14,bus_christopher_road,
bus_24,1,15,bus_topsia,
bus_24a,0,1,bus_topsia,
bus_24a,0,2,bus_christopher_road,
bus_24a,0,3,bus_panchkari_more,
bus_24a,0,4,bus_tangra_more,
bus_24a,0,5,bus_r_n_chowdhury_road,
bus_24a,0,6,bus_palmer_bazar,
bus_24a,0,7,bus_sealdah_station,
bus_24a,0,8,bus_moulali_more,
bus_24a,0,9,bus_wellington,
bus_24a,0,10,bus_chandni_market,
bus_24a,0,11,bus_esplanade,
bus_24a,0,12,bus_dalhousie,
bus_24a,0,13,bus_barabazar,
bus_24a,0,14,bus_howrah_station,
bus_24a,0,15,bus_howrah_maidan,
bus_24a,0,16,bus_pilkhana_more,
bus_24a,0,17,bus_salkia_chowrasta,
bus_24a,0,18,bus_bandha_ghat,
bus_24a,1,1,bus_bandha_ghat,
bus_24a,1,2,bus_salkia_chowrasta,
bus_24a,1,3,bus_pilkhana_more,
bus_24a,1,4,bus_howrah_maidan,
bus_24a,1,5,bus_howrah_station,
bus_24a,1,6,bus_barabazar,
bus_24a,1,7,bus_dalhousie,
bus_24a,1,8,bus_esplanade,
bus_24a,1,9,bus_chandni_market,
bus_24a,1,10,bus_wellington,
bus_24a,1,11,bus_moulali_more,
bus_24a,1,12,bus_sealdah_station,
bus_24a,1,13,bus_palmer_bazar,
bus_24a,1,14,bus_r_n_chowdhury_road,
bus_24a,1,15,bus_tangra_more,
bus_24a,1,16,bus_panchkari_more,
bus_24a,1,17,bus_christopher_road,
bus_24a,1,18,bus_topsia,
bus_24a_1,0,1,bus_mukundapur,
bus_24a_1,0,2,bus_em_bypass,
bus_24a_1,0,3,bus_kalikapur,
bus_24a_1,0,4,bus_ruby_hospital,
bus_24a_1,0,5,bus_vip_bazar,
bus_24a_1,0,6,bus_science_city,
bus_24a_1,0,7,bus_topsia_more,
bus_24a_1,0,8,bus_4no_bridge,
bus_24a_1,0,9,bus_chittaranjan_hospital,
bus_24a_1,0,10,bus_c_i_t_road,
bus_24a_1,0,11,bus_moulali_more,
bus_24a_1,0,12,bus_wellington,
bus_24a_1,0,13,bus_chandni_market,
bus_24a_1,0,14,bus_esplanade,
bus_24a_1,0,15,bus_dalhousie,
bus_24a_1,0,16,bus_barabazar,
bus_24a_1,0,17,bus_howrah_station,
bus_24a_1,0,18,bus_howrah_fire_station,
bus_24a_1,1,1,bus_howrah_fire_station,
bus_24a_1,1,2,bus_howrah_station,
bus_24a_1,1,3,bus_barabazar,
bus_24a_1,1,4,bus_dalhousie,
bus_24a_1,1,5,bus_esplanade,
bus_24a_1,1,6,bus_chandni_market,
bus_24a_1,1,7,bus_wellington,
bus_24a_1,1,8,bus_moulali_more,
bus_24a_1,1,9,bus_c_i_t_road,
bus_24a_1,1,10,bus_chittaranjan_hospital,
bus_24a_1,1,11,bus_4no_bridge,
bus_24a_1,1,12,bus_topsia_more,
bus_24a_1,1,13,bus_science_city,
bus_24a_1,1,14,bus_vip_bazar,
bus_24a_1,1,15,bus_ruby_hospital,
bus_24a_1,1,16,bus_kalikapur,
bus_24a_1,1,17,bus_em_bypass,
bus_24a_1,1,18,bus_mukundapur,
bus_24b,0,1,bus_sealdah_station,
bus_24b,0,2,bus_college_street,
bus_24b,0,3,bus_m_g_road,
bus_24b,0,4,bus_barabazar,
bus_24b,0,5,bus_howrah_station,
bus_24b,1,1,bus_howrah_station,
bus_24b,1,2,bus_barabazar,
bus_24b,1,3,bus_m_g_road,
bus_24b,1,4,bus_college_street,
bus_24b,1,5,bus_sealdah_station,
bus_28,0,1,bus_sealdah_station,
bus_28,0,2,bus_college_street,
bus_28,0,3,bus_m_g_road,
bus_28,0,4,bus_barabazar,
bus_28,0,5,bus_howrah_station,
bus_28,1,1,bus_howrah_station,
bus_28,1,2,bus_barabazar,
bus_28,1,3,bus_m_g_road,
bus_28,1,4,bus_college_street,
bus_28,1,5,bus_sealdah_station,
bus_30a,0,1,bus_sinthi,
bus_30a,0,2,bus_chiria_more,
bus_30a,0,3,bus_shyambazar,
bus_30a,0,4,bus_rajballavpara,
bus_30a,0,5,bus_sovabazar,
bus_30a,0,6,bus_girish_park,
bus_30a,0,7,bus_m_g_road,
bus_30a,0,8,bus_central_metro,
bus_30a,0,9,bus_chandni_market,
bus_30a,0,10,bus_esplanade,
bus_30a,1,1,bus_esplanade,
bus_30a,1,2,bus_chandni_market,
bus_30a,1,3,bus_central_metro,
bus_30a,1,4,bus_m_g_road,
bus_30a,1,5,bus_girish_park,
bus_30a,1,6,bus_sovabazar,
bus_30a,1,7,bus_rajballavpara,
bus_30a,1,8,bus_shyambazar,
bus_30a,1,9,bus_chiria_more,
bus_30a,1,10,bus_sinthi,
bus_30b,0,1,bus_gouripur,
bus_30b,0,2,bus_birati_more,
bus_30b,0,3,bus_airport_3no,
bus_30b,0,4,bus_airport_1no,
bus_30b,0,5,bus_central_jail,
bus_30b,0,6,bus_nagerbazar,
bus_30b,0,7,bus_diamond_plaza,
bus_30b,0,8,bus_bangur_avenue,
bus_30b,0,9,bus_kalindi_more,
bus_30b,0,10,bus_patipukur,
bus_30b,0,11,bus_belgachia,
bus_30b,0,12,bus_r_g_kar_hospital,
bus_30b,0,13,bus_shyambazar,
bus_30b,0,14,bus_khanna_cinema,
bus_30b,0,15,bus_maniktala,
bus_30b,0,16,bus_rajabazar,
bus_30b,0,17,bus_sealdah_station_moulali_more,
bus_30b,0,18,bus_wellington,
bus_30b,0,19,bus_chandni_market,
bus_30b,0,20,bus_esplanade,
bus_30b,0,21,bus_babughat,
bus_30b,1,1,bus_babughat,
bus_30b,1,2,bus_esplanade,
bus_30b,1,3,bus_chandni_market,
bus_30b,1,4,bus_wellington,
bus_30b,1,5,bus_sealdah_station_moulali_more,
bus_30b,1,6,bus_rajabazar,
bus_30b,1,7,bus_maniktala,
bus_30b,1,8,bus_khanna_cinema,
bus_30b,1,9,bus_shyambazar,
bus_30b,1,10,bus_r_g_kar_hospital,
bus_30b,1,11,bus_belgachia,
bus_30b,1,12,bus_patipukur,
bus_30b,1,13,bus_kalindi_more,
bus_30b,1,14,bus_bangur_avenue,
bus_30b,1,15,bus_diamond_plaza,
bus_30b,1,16,bus_nagerbazar,
bus_30b,1,17,bus_central_jail,
bus_30b,1,18,bus_airport_1no,
bus_30b,1,19,bus_airport_3no,
bus_30b,1,20,bus_birati_more,
bus_30b,1,21,bus_gouripur,
bus_30c,0,1,bus_hatiara,
bus_30c,0,2,bus_hela_battala,
bus_30c,0,3,bus_jyangra,
bus_30c,0,4,bus_ashwini_nagar,
bus_30c,0,5,bus_baguiati,
bus_30c,0,6,bus_kestopur,
bus_30c,0,7,bus_dumdum_park,
bus_30c,0,8,bus_laketown,
bus_30c,0,9,bus_kalindi_more,
bus_30c,0,10,bus_patipukur,
bus_30c,0,11,bus_belgachia,
bus_30c,0,12,bus_r_g_kar_hospital,
bus_30c,0,13,bus_shyambazar,
bus_30c,0,14,bus_rajballavpara,
bus_30c,0,15,bus_sovabazar,
bus_30c,0,16,bus_girish_park,
bus_30c,0,17,bus_m_g_road,
bus_30c,0,18,bus_central_metro,
bus_30c,0,19,bus_chandni_market,
bus_30c,0,20,bus_esplanade,
bus_30c,0,21,bus_babughat,
bus_30c,1,1,bus_babughat,
bus_30c,1,2,bus_esplanade,
bus_30c,1,3,bus_chandni_market,
bus_30c,1,4,bus_central_metro,
bus_30c,1,5,bus_m_g_road,
bus_30c,1,6,bus_girish_park,
bus_30c,1,7,bus_sovabazar,
bus_30c,1,8,bus_rajballavpara,
bus_30c,1,9,bus_shyambazar,
bus_30c,1,10,bus_r_g_kar_hospital,
bus_30c,1,11,bus_belgachia,
bus_30c,1,12,bus_patipukur,
bus_30c,1,13,bus_kalindi_more,
bus_30c,1,14,bus_laketown,
bus_30c,1,15,bus_dumdum_park,
bus_30c,1,16,bus_kestopur,
bus_30c,1,17,bus_baguiati,
bus_30c,1,18,bus_ashwini_nagar,
bus_30c,1,19,bus_jyangra,
bus_30c,1,20,bus_hela_battala,
bus_30c,1,21,bus_hatiara,
bus_30c_1,0,1,bus_hatiara,
bus_30c_1,0,2,bus_hela_battala,
bus_30c_1,0,3,bus_jyangra,
bus_30c_1,0,4,bus_ashwini_nagar,
bus_30c_1,0,5,bus_baguiati,
bus_30c_1,0,6,bus_kestopur,
bus_30c_1,0,7,bus_dumdum_park,
bus_30c_1,0,8,bus_laketown,
bus_30c_1,0,9,bus_sreebhumi,
bus_30c_1,0,10,bus_ultadanga,
bus_30c_1,0,11,bus_khanna_cinema,
bus_30c_1,0,12,bus_maniktala,
bus_30c_1,0,13,bus_rajabazar,
bus_30c_1,0,14,bus_sealdah_station,
bus_30c_1,0,15,bus_moulali_more,
bus_30c_1,0,16,bus_wellington,
bus_30c_1,0,17,bus_chandni_market,
bus_30c_1,0,18,bus_esplanade,
bus_30c_1,0,19,bus_babughat,
bus_30c_1,1,1,bus_babughat,
bus_30c_1,1,2,bus_esplanade,
bus_30c_1,1,3,bus_chandni_market,
bus_30c_1,1,4,bus_wellington,
bus_30c_1,1,5,bus_moulali_more,
bus_30c_1,1,6,bus_sealdah_station,
bus_30c_1,1,7,bus_rajabazar,
bus_30c_1,1,8,bus_maniktala,
bus_30c_1,1,9,bus_khanna_cinema,
bus_30c_1,1,10,bus_ultadanga,
bus_30c_1,1,11,bus_sreebhumi,
bus_30c_1,1,12,bus_laketown,
bus_30c_1,1,13,bus_dumdum_park,
bus_30c_1,1,14,bus_kestopur,
bus_30c_1,1,15,bus_baguiati,
bus_30c_1,1,16,bus_ashwini_nagar,
bus_30c_1,1,17,bus_jyangra,
bus_30c_1,1,18,bus_hela_battala,
bus_30c_1,1,19,bus_hatiara,
bus_30d,0,1,bus_dumdum_canton,
bus_30d,0,2,bus_central_jail,
bus_30d,0,3,bus_nagerbazar,
bus_30d,0,4,bus_diamond_plaza,
bus_30d,0,5,bus_bangur_avenue,
bus_30d,0,6,bus_kalindi_more,
bus_30d,0,7,bus_patipukur,
bus_30d,0,8,bus_belgachia,
bus_30d,0,9,bus_r_g_kar_hospital,
bus_30d,0,10,bus_shyambazar,
bus_30d,0,11,bus_khanna_cinema,
bus_30d,0,12,bus_maniktala,
bus_30d,0,13,bus_rajabazar,
bus_30d,0,14,bus_sealdah_station,
bus_30d,0,15,bus_moulali_more,
bus_30d,0,16,bus_wellington,
bus_30d,0,17,bus_chandni_market,
bus_30d,0,18,bus_esplanade,
bus_30d,0,19,bus_babughat,
bus_30d,1,1,bus_babughat,
bus_30d,1,2,bus_esplanade,
bus_30d,1,3,bus_chandni_market,
bus_30d,1,4,bus_wellington,
bus_30d,1,5,bus_moulali_more,
bus_30d,1,6,bus_sealdah_station,
bus_30d,1,7,bus_rajabazar,
bus_30d,1,8,bus_maniktala,
bus_30d,1,9,bus_khanna_cinema,
bus_30d,1,10,bus_shyambazar,
bus_30d,1,11,bus_r_g_kar_hospital,
bus_30d,1,12,bus_belgachia,
bus_30d,1,13,bus_patipukur,
bus_30d,1,14,bus_kalindi_more,
bus_30d,1,15,bus_bangur_avenue,
bus_30d,1,16,bus_diamond_plaza,
bus_30d,1,17,bus_nagerbazar,
bus_30d,1,18,bus_central_jail,
bus_30d,1,19,bus_dumdum_canton,
bus_32a,0,1,bus_dakshineswar,
bus_32a,0,2,bus_dunlop_more,
bus_32a,0,3,bus_bonhooghly,
bus_32a,0,4,bus_tobin_road,
bus_32a,0,5,bus_sinthee_more,
bus_32a,0,6,bus_chiria_more,
bus_32a,0,7,bus_shyambazar,
bus_32a,0,8,bus_khanna_cinema,
bus_32a,0,9,bus_ultadanga,
bus_32a,0,10,bus_saltlake_p_n_b,
bus_32a,0,11,bus_saltlake_c_a_block,
bus_32a,0,12,bus_labony_estate,
bus_32a,0,13,bus_saltlake_13no_tank,
bus_32a,0,14,bus_saltlake_stadium,
bus_32a,0,15,bus_saltlake_14no_tank,
bus_32a,0,16,bus_sushrut_hospital,
bus_32a,0,17,bus_wipro_more,
bus_32a,0,18,bus_s_d_f_more,
bus_32a,0,19,bus_college_more,
bus_32a,0,20,bus_sector_v_saltlake,
bus_32a,1,1,bus_sector_v_saltlake,
bus_32a,1,2,bus_college_more,
bus_32a,1,3,bus_s_d_f_more,
bus_32a,1,4,bus_wipro_more,
bus_32a,1,5,bus_sushrut_hospital,
bus_32a,1,6,bus_saltlake_14no_tank,
bus_32a,1,7,bus_saltlake_stadium,
bus_32a,1,8,bus_saltlake_13no_tank,
bus_32a,1,9,bus_labony_estate,
bus_32a,1,10,bus_saltlake_c_a_block,
bus_32a,1,11,bus_saltlake_p_n_b,
bus_32a,1,12,bus_ultadanga,
bus_32a,1,13,bus_khanna_cinema,
bus_32a,1,14,bus_shyambazar,
bus_32a,1,15,bus_chiria_more,
bus_32a,1,16,bus_sinthee_more,
bus_32a,1,17,bus_tobin_road,
bus_32a,1,18,bus_bonhooghly,
bus_32a,1,19,bus_dunlop_more,
bus_32a,1,20,bus_dakshineswar,
bus_34b,0,1,bus_dunlop,
bus_34b,0,2,bus_bonhooghly,
bus_34b,0,3,bus_baranagar_bazar,
bus_34b,0,4,bus_sinthee_more,
bus_34b,0,5,bus_chiria_more,
bus_34b,0,6,bus_shyambazar,
bus_34b,0,7,bus_hatibagan,
bus_34b,0,8,bus_hedua_more,
bus_34b,0,9,bus_vivekananda_road,
bus_34b,0,10,bus_college_street,
bus_34b,0,11,bus_medical_college,
bus_34b,0,12,bus_bowbazar,
bus_34b,0,13,bus_hind_cinema,
bus_34b,0,14,bus_wellington,
bus_34b,0,15,bus_chandni_market,
bus_34b,0,16,bus_esplanade,
bus_34b,1,1,bus_esplanade,
bus_34b,1,2,bus_chandni_market,
bus_34b,1,3,bus_wellington,
bus_34b,1,4,bus_hind_cinema,
bus_34b,1,5,bus_bowbazar,
bus_34b,1,6,bus_medical_college,
bus_34b,1,7,bus_college_street,
bus_34b,1,8,bus_vivekananda_road,
bus_34b,1,9,bus_hedua_more,
bus_34b,1,10,bus_hatibagan,
bus_34b,1,11,bus_shyambazar,
bus_34b,1,12,bus_chiria_more,
bus_34b,1,13,bus_sinthee_more,
bus_34b,1,14,bus_baranagar_bazar,
bus_34b,1,15,bus_bonhooghly,
bus_34b,1,16,bus_dunlop,
bus_34c,0,1,bus_noapara,
bus_34c,0,2,bus_tobin_road,
bus_34c,0,3,bus_sinthee_more,
bus_34c,0,4,bus_chiria_more,
bus_34c,0,5,bus_shyambazar,
bus_34c,0,6,bus_khanna_cinema,
bus_34c,0,7,bus_maniktala,
bus_34c,0,8,bus_rajabazar,
bus_34c,0,9,bus_sealdah_station,
bus_34c,0,10,bus_moulali_more,
bus_34c,0,11,bus_wellington,
bus_34c,0,12,bus_chandni_market,
bus_34c,0,13,bus_esplanade,
bus_34c,1,1,bus_esplanade,
bus_34c,1,2,bus_chandni_market,
bus_34c,1,3,bus_wellington,
bus_34c,1,4,bus_moulali_more,
bus_34c,1,5,bus_sealdah_station,
bus_34c,1,6,bus_rajabazar,
bus_34c,1,7,bus_maniktala,
bus_34c,1,8,bus_khanna_cinema,
bus_34c,1,9,bus_shyambazar,
bus_34c,1,10,bus_chiria_more,
bus_34c,1,11,bus_sinthee_more,
bus_34c,1,12,bus_tobin_road,
bus_34c,1,13,bus_noapara,
bus_37,0,1,bus_dhakuria,
bus_37,0,2,bus_jadavpur_ps,
bus_37,0,3,bus_south_city,
bus_37,0,4,bus_lake_gardens,
bus_37,0,5,bus_anwar_shah_road,
bus_37,0,6,bus_tollygunge_phari,
bus_37,0,7,bus_mahabirtala,
bus_37,0,8,bus_new_alipore,
bus_37,0,9,bus_taratala,
bus_37,0,10,bus_majherhat,
bus_37,0,11,bus_mominpore,
bus_37,0,12,bus_ekbalpur,
bus_37,0,13,bus_kidderpore,
bus_37,0,14,bus_hastings,
bus_37,0,15,bus_fort_william,
bus_37,0,16,bus_esplanade,
bus_37,0,17,bus_dalhousie,
bus_37,0,18,bus_barabazar,
bus_37,0,19,bus_howrah_station,
bus_37,1,1,bus_howrah_station,
bus_37,1,2,bus_barabazar,
bus_37,1,3,bus_dalhousie,
bus_37,1,4,bus_esplanade,
bus_37,1,5,bus_fort_william,
bus_37,1,6,bus_hastings,
bus_37,1,7,bus_kidderpore,
bus_37,1,8,bus_ekbalpur,
bus_37,1,9,bus_mominpore,
bus_37,1,10,bus_majherhat,
bus_37,1,11,bus_taratala,
bus_37,1,12,bus_new_alipore,
bus_37,1,13,bus_mahabirtala,
bus_37,1,14,bus_tollygunge_phari,
bus_37,1,15,bus_anwar_shah_road,
bus_37,1,16,bus_lake_gardens,
bus_37,1,17,bus_south_city,
bus_37,1,18,bus_jadavpur_ps,
bus_37,1,19,bus_dhakuria,
bus_37a,0,1,bus_dhakuria,
bus_37a,0,2,bus_golpark,
bus_37a,0,3,bus_gariahat,
bus_37a,0,4,bus_deshapriya_park,
bus_37a,0,5,bus_rashbehari,
bus_37a,0,6,bus_kalighat,
bus_37a,0,7,bus_hazra_more,
bus_37a,0,8,bus_bhowanipore,
bus_37a,0,9,bus_rabindra_sadan,
bus_37a,0,10,bus_maidan_metro,
bus_37a,0,11,bus_park_street,
bus_37a,0,12,bus_esplanade,
bus_37a,0,13,bus_dalhousie,
bus_37a,0,14,bus_barabazar,
bus_37a,0,15,bus_howrah_station,
bus_37a,1,1,bus_howrah_station,
bus_37a,1,2,bus_barabazar,
bus_37a,1,3,bus_dalhousie,
bus_37a,1,4,bus_esplanade,
bus_37a,1,5,bus_park_street,
bus_37a,1,6,bus_maidan_metro,
bus_37a,1,7,bus_rabindra_sadan,
bus_37a,1,8,bus_bhowanipore,
bus_37a,1,9,bus_hazra_more,
bus_37a,1,10,bus_kalighat,
bus_37a,1,11,bus_rashbehari,
bus_37a,1,12,bus_deshapriya_park,
bus_37a,1,13,bus_gariahat,
bus_37a,1,14,bus_golpark,
bus_37a,1,15,bus_dhakuria,
bus_39,0,1,bus_picnic_garden,
bus_39,0,2,bus_colony_bazar,
bus_39,0,3,bus_kustia_more,
bus_39,0,4,bus_bondel_gate,
bus_39,0,5,bus_4no_bridge,
bus_39,0,6,bus_chittaranjan_hospital,
bus_39,0,7,bus_c_i_t_road,
bus_39,0,8,bus_moulali_more,
bus_39,0,9,bus_wellington,
bus_39,0,10,bus_chandni_market,
bus_39,0,11,bus_esplanade,
bus_39,0,12,bus_dalhousie,
bus_39,0,13,bus_high_court,
bus_39,1,1,bus_high_court,
bus_39,1,2,bus_dalhousie,
bus_39,1,3,bus_esplanade,
bus_39,1,4,bus_chandni_market,
bus_39,1,5,bus_wellington,
bus_39,1,6,bus_moulali_more,
bus_39,1,7,bus_c_i_t_road,
bus_39,1,8,bus_chittaranjan_hospital,
bus_39,1,9,bus_4no_bridge,
bus_39,1,10,bus_bondel_gate,
bus_39,1,11,bus_kustia_more,
bus_39,1,12,bus_colony_bazar,
bus_39,1,13,bus_picnic_garden,
bus_39a_2,0,1,bus_vip_bazar,
bus_39a_2,0,2,bus_colony_bazar,
bus_39a_2,0,3,bus_kustia_more,
bus_39a_2,0,4,bus_bondel_gate,
bus_39a_2,0,5,bus_park_circus,
bus_39a_2,0,6,bus_mallick_bazar,
bus_39a_2,0,7,bus_moulali_more,
bus_39a_2,0,8,bus_sealdah_station,
bus_39a_2,0,9,bus_college_street,
bus_39a_2,0,10,bus_m_g_road,
bus_39a_2,0,11,bus_barabazar,
bus_39a_2,0,12,bus_howrah_station,
bus_39a_2,1,1,bus_howrah_station,
bus_39a_2,1,2,bus_barabazar,
bus_39a_2,1,3,bus_m_g_road,
bus_39a_2,1,4,bus_college_street,
bus_39a_2,1,5,bus_sealdah_station,
bus_39a_2,1,6,bus_moulali_more,
bus_39a_2,1,7,bus_mallick_bazar,
bus_39a_2,1,8,bus_park_circus,
bus_39a_2,1,9,bus_bondel_gate,
bus_39a_2,1,10,bus_kustia_more,
bus_39a_2,1,11,bus_colony_bazar,
bus_39a_2,1,12,bus_vip_bazar,
bus_40a,0,1,bus_julpia,
bus_40a,0,2,bus_nepalgunge,
bus_40a,0,3,bus_bakeshwar,
bus_40a,0,4,bus_mallickpur,
bus_40a,0,5,bus_sajnaberia,
bus_40a,0,6,bus_mittirchak,
bus_40a,0,7,bus_kabardanga,
bus_40a,0,8,bus_keorapukur,
bus_40a,0,9,bus_haridevpur,
bus_40a,0,10,bus_siriti_more,
bus_40a,0,11,bus_n_s_h_m_campus,
bus_40a,0,12,bus_mahabirtala,
bus_40a,0,13,bus_tollygunge_phari,
bus_40a,0,14,bus_rabindra_sarovar,
bus_40a,0,15,bus_rashbehari,
bus_40a,0,16,bus_kalighat,
bus_40a,0,17,bus_hazra_more,
bus_40a,0,18,bus_bhowanipore,
bus_40a,0,19,bus_rabindra_sadan,
bus_40a,0,20,bus_maidan_metro,
bus_40a,0,21,bus_park_street,
bus_40a,0,22,bus_esplanade,
bus_40a,0,23,bus_babughat,
bus_40a,1,1,bus_babughat,
bus_40a,1,2,bus_esplanade,
bus_40a,1,3,bus_park_street,
bus_40a,1,4,bus_maidan_metro,
bus_40a,1,5,bus_rabindra_sadan,
bus_40a,1,6,bus_bhowanipore,
bus_40a,1,7,bus_hazra_more,
bus_40a,1,8,bus_kalighat,
bus_40a,1,9,bus_rashbehari,
bus_40a,1,10,bus_rabindra_sarovar,
bus_40a,1,11,bus_tollygunge_phari,
bus_40a,1,12,bus_mahabirtala,
bus_40a,1,13,bus_n_s_h_m_campus,
bus_40a,1,14,bus_siriti_more,
bus_40a,1,15,bus_haridevpur,
bus_40a,1,16,bus_keorapukur,
bus_40a,1,17,bus_kabardanga,
bus_40a,1,18,bus_mittirchak,
bus_40a,1,19,bus_sajnaberia,
bus_40a,1,20,bus_mallickpur,
bus_40a,1,21,bus_bakeshwar,
bus_40a,1,22,bus_nepalgunge,
bus_40a,1,23,bus_julpia,
bus_40b,0,1,bus_thakurpukur,
bus_40b,0,2,bus_cancer_hospital,
bus_40b,0,3,bus_kalitala_housing,
bus_40b,0,4,bus_kabardanga,
bus_40b,0,5,bus_keorapukur,
bus_40b,0,6,bus_haridevpur,
bus_40b,0,7,bus_tollygunge,
bus_40b,0,8,bus_rabindra_sarovar,
bus_40b,0,9,bus_rashbehari,
bus_40b,0,10,bus_kalighat,
bus_40b,0,11,bus_hazra_more,
bus_40b,0,12,bus_bhowanipore,
bus_40b,0,13,bus_rabindra_sadan,
bus_40b,0,14,bus_maidan_metro,
bus_40b,0,15,bus_park_street,
bus_40b,0,16,bus_esplanade,
bus_40b,0,17,bus_babughat,
bus_40b,1,1,bus_babughat,
bus_40b,1,2,bus_esplanade,
bus_40b,1,3,bus_park_street,
bus_40b,1,4,bus_maidan_metro,
bus_40b,1,5,bus_rabindra_sadan,
bus_40b,1,6,bus_bhowanipore,
bus_40b,1,7,bus_hazra_more,
bus_40b,1,8,bus_kalighat,
bus_40b,1,9,bus_rashbehari,
bus_40b,1,10,bus_rabindra_sarovar,
bus_40b,1,11,bus_tollygunge,
bus_40b,1,12,bus_haridevpur,
bus_40b,1,13,bus_keorapukur,
bus_40b,1,14,bus_kabardanga,
bus_40b,1,15,bus_kalitala_housing,
bus_40b,1,16,bus_cancer_hospital,
bus_40b,1,17,bus_thakurpukur,
bus_41,0,1,bus_layalka,
bus_41,0,2,bus_bijoygarh,
bus_41,0,3,bus_gandhi_colony,
bus_41,0,4,bus_netaji_nagar,
bus_41,0,5,bus_ranikuthi,
bus_41,0,6,bus_malancha_cinema,
bus_41,0,7,bus_tollygunge,
bus_41,0,8,bus_rabindra_sarovar,
bus_41,0,9,bus_rashbehari,
bus_41,0,10,bus_kalighat,
bus_41,0,11,bus_hazra_more,
bus_41,0,12,bus_bhowanipore,
bus_41,0,13,bus_rabindra_sadan,
bus_41,0,14,bus_maidan_metro,
bus_41,0,15,bus_park_street,
bus_41,0,16,bus_esplanade,
bus_41,0,17,bus_dalhousie,
bus_41,0,18,bus_barabazar,
bus_41,0,19,bus_howrah_station,
bus_41,1,1,bus_howrah_station,
bus_41,1,2,bus_barabazar,
bus_41,1,3,bus_dalhousie,
bus_41,1,4,bus_esplanade,
bus_41,1,5,bus_park_street,
bus_41,1,6,bus_maidan_metro,
bus_41,1,7,bus_rabindra_sadan,
bus_41,1,8,bus_bhowanipore,
bus_41,1,9,bus_hazra_more,
bus_41,1,10,bus_kalighat,
bus_41,1,11,bus_rashbehari,
bus_41,1,12,bus_rabindra_sarovar,
bus_41,1,13,bus_tollygunge,
bus_41,1,14,bus_malancha_cinema,
bus_41,1,15,bus_ranikuthi,
bus_41,1,16,bus_netaji_nagar,
bus_41,1,17,bus_gandhi_colony,
bus_41,1,18,bus_bijoygarh,
bus_41,1,19,bus_layalka,
bus_41b,0,1,bus_netaji_nagar,
bus_41b,0,2,bus_ranikuthi,
bus_41b,0,3,bus_malancha_cinema,
bus_41b,0,4,bus_tollygunge,
bus_41b,0,5,bus_rabindra_sarovar,
bus_41b,0,6,bus_rashbehari,
bus_41b,0,7,bus_kalighat,
bus_41b,0,8,bus_hazra_more,
bus_41b,0,9,bus_bhowanipore,
bus_41b,0,10,bus_rabindra_sadan,
bus_41b,0,11,bus_maidan_metro,
bus_41b,0,12,bus_park_street,
bus_41b,0,13,bus_esplanade,
bus_41b,0,14,bus_dalhousie,
bus_41b,0,15,bus_barabazar,
bus_41b,0,16,bus_howrah_station,
bus_41b,1,1,bus_howrah_station,
bus_41b,1,2,bus_barabazar,
bus_41b,1,3,bus_dalhousie,
bus_41b,1,4,bus_esplanade,
bus_41b,1,5,bus_park_street,
bus_41b,1,6,bus_maidan_metro,
bus_41b,1,7,bus_rabindra_sadan,
bus_41b,1,8,bus_bhowanipore,
bus_41b,1,9,bus_hazra_more,
bus_41b,1,10,bus_kalighat,
bus_41b,1,11,bus_rashbehari,
bus_41b,1,12,bus_rabindra_sarovar,
bus_41b,1,13,bus_tollygunge,
bus_41b,1,14,bus_malancha_cinema,
bus_41b,1,15,bus_ranikuthi,
bus_41b,1,16,bus_netaji_nagar,
bus_42a,0,1,bus_picnic_garden,
bus_42a,0,2,bus_kustia_more,
bus_42a,0,3,bus_bondel_gate,
bus_42a,0,4,bus_ballygunge_phari,
bus_42a,0,5,bus_garcha_road,
bus_42a,0,6,bus_sishu_mangal,
bus_42a,0,7,bus_hazra_more,
bus_42a,0,8,bus_kalighat,
bus_42a,0,9,bus_alipore_court,
bus_42a,0,10,bus_mominpore,
bus_42a,0,11,bus_ekbalpur,
bus_42a,0,12,bus_kidderpore,
bus_42a,0,13,bus_babubazar,
bus_42a,0,14,bus_garden_reach,
bus_42a,0,15,bus_ramnagar,
bus_42a,0,16,bus_fatehpur_2,
bus_42a,0,17,bus_h_m_g_college,
bus_42a,0,18,bus_mudiali_more,
bus_42a,0,19,bus_bichali_ghat,
bus_42a,1,1,bus_bichali_ghat,
bus_42a,1,2,bus_mudiali_more,
bus_42a,1,3,bus_h_m_g_college,
bus_42a,1,4,bus_fatehpur_2,
bus_42a,1,5,bus_ramnagar,
bus_42a,1,6,bus_garden_reach,
bus_42a,1,7,bus_babubazar,
bus_42a,1,8,bus_kidderpore,
bus_42a,1,9,bus_ekbalpur,
bus_42a,1,10,bus_mominpore,
bus_42a,1,11,bus_alipore_court,
bus_42a,1,12,bus_kalighat,
bus_42a,1,13,bus_hazra_more,
bus_42a,1,14,bus_sishu_mangal,
bus_42a,1,15,bus_garcha_road,
bus_42a,1,16,bus_ballygunge_phari,
bus_42a,1,17,bus_bondel_gate,
bus_42a,1,18,bus_kustia_more,
bus_42a,1,19,bus_picnic_garden,
bus_42b,0,1,bus_anandapur,
bus_42b,0,2,bus_ruby_hospital,
bus_42b,0,3,bus_acropolis_mall,
bus_42b,0,4,bus_bosepukur,
bus_42b,0,5,bus_kasba_ps,
bus_42b,0,6,bus_ballygunge_station,
bus_42b,0,7,bus_gariahat,
bus_42b,0,8,bus_deshapriya_park,
bus_42b,0,9,bus_rashbehari,
bus_42b,0,10,bus_rabindra_sarovar,
bus_42b,0,11,bus_tollygunge_phari,
bus_42b,0,12,bus_mahabirtala,
bus_42b,0,13,bus_new_alipore,
bus_42b,0,14,bus_taratala,
bus_42b,0,15,bus_brace_bridge,
bus_42b,0,16,bus_jhinjhira_bazar,
bus_42b,0,17,bus_nature_park,
bus_42b,0,18,bus_ramnagar,
bus_42b,0,19,bus_kamal_talkies,
bus_42b,0,20,bus_bichali_ghat,
bus_42b,1,1,bus_bichali_ghat,
bus_42b,1,2,bus_kamal_talkies,
bus_42b,1,3,bus_ramnagar,
bus_42b,1,4,bus_nature_park,
bus_42b,1,5,bus_jhinjhira_bazar,
bus_42b,1,6,bus_brace_bridge,
bus_42b,1,7,bus_taratala,
bus_42b,1,8,bus_new_alipore,
bus_42b,1,9,bus_mahabirtala,
bus_42b,1,10,bus_tollygunge_phari,
bus_42b,1,11,bus_rabindra_sarovar,
bus_42b,1,12,bus_rashbehari,
bus_42b,1,13,bus_deshapriya_park,
bus_42b,1,14,bus_gariahat,
bus_42b,1,15,bus_ballygunge_station,
bus_42b,1,16,bus_kasba_ps,
bus_42b,1,17,bus_bosepukur,
bus_42b,1,18,bus_acropolis_mall,
bus_42b,1,19,bus_ruby_hospital,
bus_42b,1,20,bus_anandapur,
bus_43,0,1,bus_dakshineswar,
bus_43,0,2,bus_alambazar,
bus_43,0,3,bus_deshbandhu_road,
bus_43,0,4,bus_bonhooghly,
bus_43,0,5,bus_baranagar_bazar,
bus_43,0,6,bus_cossipore,
bus_43,0,7,bus_bibibazar,
bus_43,0,8,bus_chitpur_bridge,
bus_43,0,9,bus_bagbazar,
bus_43,0,10,bus_rajballavpara,
bus_43,0,11,bus_sovabazar,
bus_43,0,12,bus_girish_park,
bus_43,0,13,bus_m_g_road,
bus_43,0,14,bus_central_metro,
bus_43,0,15,bus_chandni_market,
bus_43,0,16,bus_esplanade,
bus_43,1,1,bus_esplanade,
bus_43,1,2,bus_chandni_market,
bus_43,1,3,bus_central_metro,
bus_43,1,4,bus_m_g_road,
bus_43,1,5,bus_girish_park,
bus_43,1,6,bus_sovabazar,
bus_43,1,7,bus_rajballavpara,
bus_43,1,8,bus_bagbazar,
bus_43,1,9,bus_chitpur_bridge,
bus_43,1,10,bus_bibibazar,
bus_43,1,11,bus_cossipore,
bus_43,1,12,bus_baranagar_bazar,
bus_43,1,13,bus_bonhooghly,
bus_43,1,14,bus_deshbandhu_road,
bus_43,1,15,bus_alambazar,
bus_43,1,16,bus_dakshineswar,
bus_44,0,1,bus_baguiati,
bus_44,0,2,bus_kestopur,
bus_44,0,3,bus_dumdum_park,
bus_44,0,4,bus_laketown,
bus_44,0,5,bus_sreebhumi,
bus_44,0,6,bus_ultadanga,
bus_44,0,7,bus_kankurgachi,
bus_44,0,8,bus_phoolbagan,
bus_44,0,9,bus_rajabazar,
bus_44,0,10,bus_sealdah_station,
bus_44,0,11,bus_college_street,
bus_44,0,12,bus_m_g_road,
bus_44,0,13,bus_barabazar,
bus_44,0,14,bus_howrah_station,
bus_44,1,1,bus_howrah_station,
bus_44,1,2,bus_barabazar,
bus_44,1,3,bus_m_g_road,
bus_44,1,4,bus_college_street,
bus_44,1,5,bus_sealdah_station,
bus_44,1,6,bus_rajabazar,
bus_44,1,7,bus_phoolbagan,
bus_44,1,8,bus_kankurgachi,
bus_44,1,9,bus_ultadanga,
bus_44,1,10,bus_sreebhumi,
bus_44,1,11,bus_laketown,
bus_44,1,12,bus_dumdum_park,
bus_44,1,13,bus_kestopur,
bus_44,1,14,bus_baguiati,
bus_44_1,0,1,bus_baguiati,
bus_44_1,0,2,bus_kestopur,
bus_44_1,0,3,bus_dumdum_park,
bus_44_1,0,4,bus_laketown,
bus_44_1,0,5,bus_sreebhumi,
bus_44_1,0,6,bus_ultadanga,
bus_44_1,0,7,bus_kankurgachi,
bus_44_1,0,8,bus_phoolbagan,
bus_44_1,0,9,bus_beleghata,
bus_44_1,0,10,bus_sealdah_station,
bus_44_1,0,11,bus_college_street,
bus_44_1,0,12,bus_m_g_road,
bus_44_1,0,13,bus_barabazar,
bus_44_1,0,14,bus_howrah_station,
bus_44_1,1,1,bus_howrah_station,
bus_44_1,1,2,bus_barabazar,
bus_44_1,1,3,bus_m_g_road,
bus_44_1,1,4,bus_college_street,
bus_44_1,1,5,bus_sealdah_station,
bus_44_1,1,6,bus_beleghata,
bus_44_1,1,7,bus_phoolbagan,
bus_44_1,1,8,bus_kankurgachi,
bus_44_1,1,9,bus_ultadanga,
bus_44_1,1,10,bus_sreebhumi,
bus_44_1,1,11,bus_laketown,
bus_44_1,1,12,bus_dumdum_park,
bus_44_1,1,13,bus_kestopur,
bus_44_1,1,14,bus_baguiati,
bus_44a,0,1,bus_sector_v_saltlake,
bus_44a,0,2,bus_s_d_f_more,
bus_44a,0,3,bus_college_more,
bus_44a,0,4,bus_wipro_more,
bus_44a,0,5,bus_karunamoyee,
bus_44a,0,6,bus_bikash_bhawan,
bus_44a,0,7,bus_city_center_1,
bus_44a,0,8,bus_saltlake_c_a_block,
bus_44a,0,9,bus_saltlake_p_n_b,
bus_44a,0,10,bus_ultadanga,
bus_44a,0,11,bus_khanna_cinema,
bus_44a,0,12,bus_maniktala,
bus_44a,0,13,bus_rajabazar,
bus_44a,0,14,bus_sealdah_station,
bus_44a,0,15,bus_college_street,
bus_44a,0,16,bus_m_g_road,
bus_44a,0,17,bus_barabazar,
bus_44a,0,18,bus_howrah_station,
bus_44a,1,1,bus_howrah_station,
bus_44a,1,2,bus_barabazar,
bus_44a,1,3,bus_m_g_road,
bus_44a,1,4,bus_college_street,
bus_44a,1,5,bus_sealdah_station,
bus_44a,1,6,bus_rajabazar,
bus_44a,1,7,bus_maniktala,
bus_44a,1,8,bus_khanna_cinema,
bus_44a,1,9,bus_ultadanga,
bus_44a,1,10,bus_saltlake_p_n_b,
bus_44a,1,11,bus_saltlake_c_a_block,
bus_44a,1,12,bus_city_center_1,
bus_44a,1,13,bus_bikash_bhawan,
bus_44a,1,14,bus_karunamoyee,
bus_44a,1,15,bus_wipro_more,
bus_44a,1,16,bus_college_more,
bus_44a,1,17,bus_s_d_f_more,
bus_44a,1,18,bus_sector_v_saltlake,
bus_45,0,1,bus_airport_1no,
bus_45,0,2,bus_kaikhali,
bus_45,0,3,bus_haldirams,
bus_45,0,4,bus_baguiati,
bus_45,0,5,bus_kestopur,
bus_45,0,6,bus_dumdum_park,
bus_45,0,7,bus_laketown,
bus_45,0,8,bus_sreebhumi,
bus_45,0,9,bus_ultadanga,
bus_45,0,10,bus_kankurgachi,
bus_45,0,11,bus_phoolbagan,
bus_45,0,12,bus_beleghata,
bus_45,0,13,bus_sealdah_station,
bus_45,0,14,bus_moulali_more,
bus_45,0,15,bus_c_i_t_road,
bus_45,0,16,bus_chittaranjan_hospital,
bus_45,0,17,bus_park_circus,
bus_45,0,18,bus_quest_mall,
bus_45,0,19,bus_ballygunge_phari,
bus_45,0,20,bus_gariahat,
bus_45,0,21,bus_golpark,
bus_45,0,22,bus_dhakuria,
bus_45,0,23,bus_jadavpur_8b,
bus_45,0,24,bus_baghajatin,
bus_45,0,25,bus_ramgarh,
bus_45,0,26,bus_baishnabghata,
bus_45,1,1,bus_baishnabghata,
bus_45,1,2,bus_ramgarh,
bus_45,1,3,bus_baghajatin,
bus_45,1,4,bus_jadavpur_8b,
bus_45,1,5,bus_dhakuria,
bus_45,1,6,bus_golpark,
bus_45,1,7,bus_gariahat,
bus_45,1,8,bus_ballygunge_phari,
bus_45,1,9,bus_quest_mall,
bus_45,1,10,bus_park_circus,
bus_45,1,11,bus_chittaranjan_hospital,
bus_45,1,12,bus_c_i_t_road,
bus_45,1,13,bus_moulali_more,
bus_45,1,14,bus_sealdah_station,
bus_45,1,15,bus_beleghata,
bus_45,1,16,bus_phoolbagan,
bus_45,1,17,bus_kankurgachi,
bus_45,1,18,bus_ultadanga,
bus_45,1,19,bus_sreebhumi,
bus_45,1,20,bus_laketown,
bus_45,1,21,bus_dumdum_park,
bus_45,1,22,bus_kestopur,
bus_45,1,23,bus_baguiati,
bus_45,1,24,bus_haldirams,
bus_45,1,25,bus_kaikhali,
bus_45,1,26,bus_airport_1no,
bus_45a,0,1,bus_airport_1no,
bus_45a,0,2,bus_kaikhali,
bus_45a,0,3,bus_haldirams,
bus_45a,0,4,bus_baguiati,
bus_45a,0,5,bus_kestopur,
bus_45a,0,6,bus_dumdum_park,
bus_45a,0,7,bus_laketown,
bus_45a,0,8,bus_sreebhumi,
bus_45a,0,9,bus_ultadanga,
bus_45a,0,10,bus_kankurgachi,
bus_45a,0,11,bus_phoolbagan,
bus_45a,0,12,bus_beleghata,
bus_45a,0,13,bus_sealdah_station,
bus_45a,0,14,bus_moulali_more,
bus_45a,0,15,bus_c_i_t_road,
bus_45a,0,16,bus_chittaranjan_hospital,
bus_45a,0,17,bus_park_circus,
bus_45a,0,18,bus_quest_mall,
bus_45a,0,19,bus_ballygunge_phari,
bus_45a,0,20,bus_gariahat,
bus_45a,0,21,bus_golpark,
bus_45a,0,22,bus_dhakuria,
bus_45a,0,23,bus_jadavpur_8b,
bus_45a,0,24,bus_baghajatin,
bus_45a,0,25,bus_ramgarh,
bus_45a,0,26,bus_garia_metro,
bus_45a,0,27,bus_dhalai_bridge,
bus_45a,0,28,bus_garia_station,
bus_45a,1,1,bus_garia_station,
bus_45a,1,2,bus_dhalai_bridge,
bus_45a,1,3,bus_garia_metro,
bus_45a,1,4,bus_ramgarh,
bus_45a,1,5,bus_baghajatin,
bus_45a,1,6,bus_jadavpur_8b,
bus_45a,1,7,bus_dhakuria,
bus_45a,1,8,bus_golpark,
bus_45a,1,9,bus_gariahat,
bus_45a,1,10,bus_ballygunge_phari,
bus_45a,1,11,bus_quest_mall,
bus_45a,1,12,bus_park_circus,
bus_45a,1,13,bus_chittaranjan_hospital,
bus_45a,1,14,bus_c_i_t_road,
bus_45a,1,15,bus_moulali_more,
bus_45a,1,16,bus_sealdah_station,
bus_45a,1,17,bus_beleghata,
bus_45a,1,18,bus_phoolbagan,
bus_45a,1,19,bus_kankurgachi,
bus_45a,1,20,bus_ultadanga,
bus_45a,1,21,bus_sreebhumi,
bus_45a,1,22,bus_laketown,
bus_45a,1,23,bus_dumdum_park,
bus_45a,1,24,bus_kestopur,
bus_45a,1,25,bus_baguiati,
bus_45a,1,26,bus_haldirams,
bus_45a,1,27,bus_kaikhali,
bus_45a,1,28,bus_airport_1no,
bus_45b,0,1,bus_building_more,
bus_45b,0,2,bus_beleghata,
bus_45b,0,3,bus_sealdah_station,
bus_45b,0,4,bus_moulali_more,
bus_45b,0,5,bus_mallick_bazar,
bus_45b,0,6,bus_beckbagan,
bus_45b,0,7,bus_minto_park,
bus_45b,0,8,bus_lansdowne,
bus_45b,0,9,bus_sishu_mangal,
bus_45b,0,10,bus_hazra_more,
bus_45b,0,11,bus_kalighat,
bus_45b,0,12,bus_rashbehari,
bus_45b,0,13,bus_rabindra_sarovar,
bus_45b,0,14,bus_tollygunge_phari,
bus_45b,0,15,bus_anwar_shah_road,
bus_45b,0,16,bus_lake_gardens,
bus_45b,0,17,bus_south_city,
bus_45b,0,18,bus_jadavpur_8b,
bus_45b,0,19,bus_baghajatin,
bus_45b,0,20,bus_ramgarh,
bus_45b,0,21,bus_baishnabghata,
bus_45b,0,22,bus_patuli_more,
bus_45b,0,23,bus_dhalai_bridge,
bus_45b,0,24,bus_garia_station,
bus_45b,1,1,bus_garia_station,
bus_45b,1,2,bus_dhalai_bridge,
bus_45b,1,3,bus_patuli_more,
bus_45b,1,4,bus_baishnabghata,
bus_45b,1,5,bus_ramgarh,
bus_45b,1,6,bus_baghajatin,
bus_45b,1,7,bus_jadavpur_8b,
bus_45b,1,8,bus_south_city,
bus_45b,1,9,bus_lake_gardens,
bus_45b,1,10,bus_anwar_shah_road,
bus_45b,1,11,bus_tollygunge_phari,
bus_45b,1,12,bus_rabindra_sarovar,
bus_45b,1,13,bus_rashbehari,
bus_45b,1,14,bus_kalighat,
bus_45b,1,15,bus_hazra_more,
bus_45b,1,16,bus_sishu_mangal,
bus_45b,1,17,bus_lansdowne,
bus_45b,1,18,bus_minto_park,
bus_45b,1,19,bus_beckbagan,
bus_45b,1,20,bus_mallick_bazar,
bus_45b,1,21,bus_moulali_more,
bus_45b,1,22,bus_sealdah_station,
bus_45b,1,23,bus_beleghata,
bus_45b,1,24,bus_building_more,
bus_46,0,1,bus_airport_1no,
bus_46,0,2,bus_kaikhali,
bus_46,0,3,bus_haldirams,
bus_46,0,4,bus_baguiati,
bus_46,0,5,bus_kestopur,
bus_46,0,6,bus_dumdum_park,
bus_46,0,7,bus_laketown,
bus_46,0,8,bus_sreebhumi,
bus_46,0,9,bus_ultadanga,
bus_46,0,10,bus_kankurgachi,
bus_46,0,11,bus_maniktala,
bus_46,0,12,bus_vivekananda_road,
bus_46,0,13,bus_college_street,
bus_46,0,14,bus_medical_college,
bus_46,0,15,bus_bowbazar,
bus_46,0,16,bus_wellington,
bus_46,0,17,bus_chandni_market,
bus_46,0,18,bus_esplanade,
bus_46,1,1,bus_esplanade,
bus_46,1,2,bus_chandni_market,
bus_46,1,3,bus_wellington,
bus_46,1,4,bus_bowbazar,
bus_46,1,5,bus_medical_college,
bus_46,1,6,bus_college_street,
bus_46,1,7,bus_vivekananda_road,
bus_46,1,8,bus_maniktala,
bus_46,1,9,bus_kankurgachi,
bus_46,1,10,bus_ultadanga,
bus_46,1,11,bus_sreebhumi,
bus_46,1,12,bus_laketown,
bus_46,1,13,bus_dumdum_park,
bus_46,1,14,bus_kestopur,
bus_46,1,15,bus_baguiati,
bus_46,1,16,bus_haldirams,
bus_46,1,17,bus_kaikhali,
bus_46,1,18,bus_airport_1no,
bus_46b,0,1,bus_moonbeam,
bus_46b,0,2,bus_akankha_more,
bus_46b,0,3,bus_city_center_2,
bus_46b,0,4,bus_chinar_park,
bus_46b,0,5,bus_lokenath_mandir,
bus_46b,0,6,bus_baguiati,
bus_46b,0,7,bus_kestopur,
bus_46b,0,8,bus_dumdum_park,
bus_46b,0,9,bus_laketown,
bus_46b,0,10,bus_sreebhumi,
bus_46b,0,11,bus_ultadanga,
bus_46b,0,12,bus_kankurgachi,
bus_46b,0,13,bus_maniktala,
bus_46b,0,14,bus_rajabazar,
bus_46b,0,15,bus_sealdah_station,
bus_46b,0,16,bus_moulali_more,
bus_46b,0,17,bus_wellington,
bus_46b,0,18,bus_chandni_market,
bus_46b,0,19,bus_esplanade,
bus_46b,1,1,bus_esplanade,
bus_46b,1,2,bus_chandni_market,
bus_46b,1,3,bus_wellington,
bus_46b,1,4,bus_moulali_more,
bus_46b,1,5,bus_sealdah_station,
bus_46b,1,6,bus_rajabazar,
bus_46b,1,7,bus_maniktala,
bus_46b,1,8,bus_kankurgachi,
bus_46b,1,9,bus_ultadanga,
bus_46b,1,10,bus_sreebhumi,
bus_46b,1,11,bus_laketown,
bus_46b,1,12,bus_dumdum_park,
bus_46b,1,13,bus_kestopur,
bus_46b,1,14,bus_baguiati,
bus_46b,1,15,bus_lokenath_mandir,
bus_46b,1,16,bus_chinar_park,
bus_46b,1,17,bus_city_center_2,
bus_46b,1,18,bus_akankha_more,
bus_46b,1,19,bus_moonbeam,
bus_47_1,0,1,bus_tollygunge,
bus_47_1,0,2,bus_rabindra_sarovar,
bus_47_1,0,3,bus_rashbehari,
bus_47_1,0,4,bus_kalighat,
bus_47_1,0,5,bus_hazra_more,
bus_47_1,0,6,bus_bhowanipore,
bus_47_1,0,7,bus_rabindra_sadan,
bus_47_1,0,8,bus_maidan_metro,
bus_47_1,0,9,bus_park_street,
bus_47_1,0,10,bus_esplanade,
bus_47_1,0,11,bus_dalhousie,
bus_47_1,0,12,bus_central_metro,
bus_47_1,0,13,bus_bowbazar,
bus_47_1,0,14,bus_medical_college,
bus_47_1,0,15,bus_college_street,
bus_47_1,0,16,bus_sealdah_station,
bus_47_1,0,17,bus_rajabazar_saltlake,
bus_47_1,1,1,bus_rajabazar_saltlake,
bus_47_1,1,2,bus_sealdah_station,
bus_47_1,1,3,bus_college_street,
bus_47_1,1,4,bus_medical_college,
bus_47_1,1,5,bus_bowbazar,
bus_47_1,1,6,bus_central_metro,
bus_47_1,1,7,bus_dalhousie,
bus_47_1,1,8,bus_esplanade,
bus_47_1,1,9,bus_park_street,
bus_47_1,1,10,bus_maidan_metro,
bus_47_1,1,11,bus_rabindra_sadan,
bus_47_1,1,12,bus_bhowanipore,
bus_47_1,1,13,bus_hazra_more,
bus_47_1,1,14,bus_kalighat,
bus_47_1,1,15,bus_rashbehari,
bus_47_1,1,16,bus_rabindra_sarovar,
bus_47_1,1,17,bus_tollygunge,
bus_47b,0,1,bus_laketown,
bus_47b,0,2,bus_kalindi_more,
bus_47b,0,3,bus_patipukur,
bus_47b,0,4,bus_belgachia,
bus_47b,0,5,bus_r_g_kar_hospital,
bus_47b,0,6,bus_shyambazar,
bus_47b,0,7,bus_rajballavpara,
bus_47b,0,8,bus_sovabazar,
bus_47b,0,9,bus_girish_park,
bus_47b,0,10,bus_m_g_road,
bus_47b,0,11,bus_central_metro,
bus_47b,0,12,bus_chandni_market,
bus_47b,0,13,bus_esplanade,
bus_47b,0,14,bus_park_street,
bus_47b,0,15,bus_maidan_metro,
bus_47b,0,16,bus_rabindra_sadan,
bus_47b,0,17,bus_bhowanipore,
bus_47b,0,18,bus_hazra_more,
bus_47b,0,19,bus_kalighat,
bus_47b,0,20,bus_rashbehari,
bus_47b,0,21,bus_rabindra_sarovar,
bus_47b,0,22,bus_tollygunge_phari,
bus_47b,0,23,bus_anwar_shah_road,
bus_47b,0,24,bus_lake_gardens,
bus_47b,0,25,bus_south_city,
bus_47b,0,26,bus_jadavpur_ps,
bus_47b,0,27,bus_saheed_nagar,
bus_47b,0,28,bus_sapuipara,
bus_47b,0,29,bus_kalikapur,
bus_47b,0,30,bus_em_bypass,
bus_47b,0,31,bus_ruby_hospital,
bus_47b,0,32,bus_acropolis_mall,
bus_47b,0,33,bus_dhanmath,
bus_47b,1,1,bus_dhanmath,
bus_47b,1,2,bus_acropolis_mall,
bus_47b,1,3,bus_ruby_hospital,
bus_47b,1,4,bus_em_bypass,
bus_47b,1,5,bus_kalikapur,
bus_47b,1,6,bus_sapuipara,
bus_47b,1,7,bus_saheed_nagar,
bus_47b,1,8,bus_jadavpur_ps,
bus_47b,1,9,bus_south_city,
bus_47b,1,10,bus_lake_gardens,
bus_47b,1,11,bus_anwar_shah_road,
bus_47b,1,12,bus_tollygunge_phari,
bus_47b,1,13,bus_rabindra_sarovar,
bus_47b,1,14,bus_rashbehari,
bus_47b,1,15,bus_kalighat,
bus_47b,1,16,bus_hazra_more,
bus_47b,1,17,bus_bhowanipore,
bus_47b,1,18,bus_rabindra_sadan,
bus_47b,1,19,bus_maidan_metro,
bus_47b,1,20,bus_park_street,
bus_47b,1,21,bus_esplanade,
bus_47b,1,22,bus_chandni_market,
bus_47b,1,23,bus_central_metro,
bus_47b,1,24,bus_m_g_road,
bus_47b,1,25,bus_girish_park,
bus_47b,1,26,bus_sovabazar,
bus_47b,1,27,bus_rajballavpara,
bus_47b,1,28,bus_shyambazar,
bus_47b,1,29,bus_r_g_kar_hospital,
bus_47b,1,30,bus_belgachia,
bus_47b,1,31,bus_patipukur,
bus_47b,1,32,bus_kalindi_more,
bus_47b,1,33,bus_laketown,
bus_51,0,1,bus_pardankuni,
bus_51,0,2,bus_delhi_road,
bus_51,0,3,bus_dankuni_housing,
bus_51,0,4,bus_rajchandrapur,
bus_51,0,5,bus_ballyhalt,
bus_51,0,6,bus_ballykhal,
bus_51,0,7,bus_belurmath,
bus_51,0,8,bus_don_bosco,
bus_51,0,9,bus_bandha_ghat,
bus_51,0,10,bus_salkia_chowrasta,
bus_51,0,11,bus_golabarai_ps,
bus_51,0,12,bus_pilkhana_more,
bus_51,0,13,bus_howrah_station,
bus_51,1,1,bus_howrah_station,
bus_51,1,2,bus_pilkhana_more,
bus_51,1,3,bus_golabarai_ps,
bus_51,1,4,bus_salkia_chowrasta,
bus_51,1,5,bus_bandha_ghat,
bus_51,1,6,bus_don_bosco,
bus_51,1,7,bus_belurmath,
bus_51,1,8,bus_ballykhal,
bus_51,1,9,bus_ballyhalt,
bus_51,1,10,bus_rajchandrapur,
bus_51,1,11,bus_dankuni_housing,
bus_51,1,12,bus_delhi_road,
bus_51,1,13,bus_pardankuni,
bus_52,0,1,bus_ramrajatala,
bus_52,0,2,bus_natun_rasta,
bus_52,0,3,bus_dalalpukur,
bus_52,0,4,bus_surkikal,
bus_52,0,5,bus_shyamasree,
bus_52,0,6,bus_kalibabu_bazar,
bus_52,0,7,bus_mallick_fatak,
bus_52,0,8,bus_kadamtala,
bus_52,0,9,bus_howrah_maidan,
bus_52,0,10,bus_howrah_station,
bus_52,0,11,bus_barabazar,
bus_52,0,12,bus_dalhousie,
bus_52,0,13,bus_esplanade,
bus_52,1,1,bus_esplanade,
bus_52,1,2,bus_dalhousie,
bus_52,1,3,bus_barabazar,
bus_52,1,4,bus_howrah_station,
bus_52,1,5,bus_howrah_maidan,
bus_52,1,6,bus_kadamtala,
bus_52,1,7,bus_mallick_fatak,
bus_52,1,8,bus_kalibabu_bazar,
bus_52,1,9,bus_shyamasree,
bus_52,1,10,bus_surkikal,
bus_52,1,11,bus_dalalpukur,
bus_52,1,12,bus_natun_rasta,
bus_52,1,13,bus_ramrajatala,
bus_54,0,1,bus_ballykhal,
bus_54,0,2,bus_belurmath,
bus_54,0,3,bus_don_bosco,
bus_54,0,4,bus_bandha_ghat,
bus_54,0,5,bus_salkia_chowrasta,
bus_54,0,6,bus_golabarai_ps,
bus_54,0,7,bus_pilkhana_more,
bus_54,0,8,bus_howrah_station,
bus_54,0,9,bus_barabazar,
bus_54,0,10,bus_dalhousie,
bus_54,0,11,bus_esplanade,
bus_54,1,1,bus_esplanade,
bus_54,1,2,bus_dalhousie,
bus_54,1,3,bus_barabazar,
bus_54,1,4,bus_howrah_station,
bus_54,1,5,bus_pilkhana_more,
bus_54,1,6,bus_golabarai_ps,
bus_54,1,7,bus_salkia_chowrasta,
bus_54,1,8,bus_bandha_ghat,
bus_54,1,9,bus_don_bosco,
bus_54,1,10,bus_belurmath,
bus_54,1,11,bus_ballykhal,
bus_55,0,1,bus_b_garden,
bus_55,0,2,bus_shalimar_station,
bus_55,0,3,bus_bataitala_phari,
bus_55,0,4,bus_kazipara_more,
bus_55,0,5,bus_avani_mall,
bus_55,0,6,bus_shibpur_bazar,
bus_55,0,7,bus_mallick_fatak,
bus_55,0,8,bus_howrah_maidan,
bus_55,0,9,bus_howrah_station,
bus_55,0,10,bus_barabazar,
bus_55,0,11,bus_dalhousie,
bus_55,0,12,bus_esplanade,
bus_55,1,1,bus_esplanade,
bus_55,1,2,bus_dalhousie,
bus_55,1,3,bus_barabazar,
bus_55,1,4,bus_howrah_station,
bus_55,1,5,bus_howrah_maidan,
bus_55,1,6,bus_mallick_fatak,
bus_55,1,7,bus_shibpur_bazar,
bus_55,1,8,bus_avani_mall,
bus_55,1,9,bus_kazipara_more,
bus_55,1,10,bus_bataitala_phari,
bus_55,1,11,bus_shalimar_station,
bus_55,1,12,bus_b_garden,
bus_55a,0,1,bus_shibpur_td,
bus_55a,0,2,bus_mallick_fatak,
bus_55a,0,3,bus_howrah_maidan,
bus_55a,0,4,bus_howrah_station,
bus_55a,0,5,bus_barabazar,
bus_55a,0,6,bus_dalhousie,
bus_55a,0,7,bus_esplanade,
bus_55a,1,1,bus_esplanade,
bus_55a,1,2,bus_dalhousie,
bus_55a,1,3,bus_barabazar,
bus_55a,1,4,bus_howrah_station,
bus_55a,1,5,bus_howrah_maidan,
bus_55a,1,6,bus_mallick_fatak,
bus_55a,1,7,bus_shibpur_td,
bus_56,0,1,bus_ruiya_purbapara,
bus_56,0,2,bus_doperia,
bus_56,0,3,bus_kalyan_nagar,
bus_56,0,4,bus_rashmoni_more,
bus_56,0,5,bus_sodepur_station,
bus_56,0,6,bus_kamarhati,
bus_56,0,7,bus_rathtala_more,
bus_56,0,8,bus_dunlop_more,
bus_56,0,9,bus_dakshineswar,
bus_56,0,10,bus_ballykhal,
bus_56,0,11,bus_belurmath,
bus_56,0,12,bus_don_bosco,
bus_56,0,13,bus_bandha_ghat,
bus_56,0,14,bus_salkia_chowrasta,
bus_56,0,15,bus_golabarai_ps,
bus_56,0,16,bus_pilkhana_more,
bus_56,0,17,bus_howrah_station,
bus_56,1,1,bus_howrah_station,
bus_56,1,2,bus_pilkhana_more,
bus_56,1,3,bus_golabarai_ps,
bus_56,1,4,bus_salkia_chowrasta,
bus_56,1,5,bus_bandha_ghat,
bus_56,1,6,bus_don_bosco,
bus_56,1,7,bus_belurmath,
bus_56,1,8,bus_ballykhal,
bus_56,1,9,bus_dakshineswar,
bus_56,1,10,bus_dunlop_more,
bus_56,1,11,bus_rathtala_more,
bus_56,1,12,bus_kamarhati,
bus_56,1,13,bus_sodepur_station,
bus_56,1,14,bus_rashmoni_more,
bus_56,1,15,bus_kalyan_nagar,
bus_56,1,16,bus_doperia,
bus_56,1,17,bus_ruiya_purbapara,
bus_57,0,1,bus_kona_more,
bus_57,0,2,bus_biradingi_more,
bus_57,0,3,bus_belgachia,
bus_57,0,4,bus_tikiapara,
bus_57,0,5,bus_belilious_road,
bus_57,0,6,bus_howrah_maidan,
bus_57,0,7,bus_howrah_station,
bus_57,0,8,bus_barabazar,
bus_57,0,9,bus_dalhousie,
bus_57,0,10,bus_esplanade,
bus_57,1,1,bus_esplanade,
bus_57,1,2,bus_dalhousie,
bus_57,1,3,bus_barabazar,
bus_57,1,4,bus_howrah_station,
bus_57,1,5,bus_howrah_maidan,
bus_57,1,6,bus_belilious_road,
bus_57,1,7,bus_tikiapara,
bus_57,1,8,bus_belgachia,
bus_57,1,9,bus_biradingi_more,
bus_57,1,10,bus_kona_more,
bus_57a,0,1,bus_chanditala,
bus_57a,0,2,bus_kalipur_more,
bus_57a,0,3,bus_jagadishpur,
bus_57a,0,4,bus_chamrail,
bus_57a,0,5,bus_eksara_more,
bus_57a,0,6,bus_kona_more,
bus_57a,0,7,bus_biradingi_more,
bus_57a,0,8,bus_belgachia,
bus_57a,0,9,bus_bamangachi_2,
bus_57a,0,10,bus_salkia_chowrasta,
bus_57a,0,11,bus_bandha_ghat,
bus_57a,0,12,bus_golabarai_ps,
bus_57a,0,13,bus_pilkhana_more,
bus_57a,0,14,bus_howrah_station,
bus_57a,1,1,bus_howrah_station,
bus_57a,1,2,bus_pilkhana_more,
bus_57a,1,3,bus_golabarai_ps,
bus_57a,1,4,bus_bandha_ghat,
bus_57a,1,5,bus_salkia_chowrasta,
bus_57a,1,6,bus_bamangachi_2,
bus_57a,1,7,bus_belgachia,
bus_57a,1,8,bus_biradingi_more,
bus_57a,1,9,bus_kona_more,
bus_57a,1,10,bus_eksara_more,
bus_57a,1,11,bus_chamrail,
bus_57a,1,12,bus_jagadishpur,
bus_57a,1,13,bus_kalipur_more,
bus_57a,1,14,bus_chanditala,
bus_59,0,1,bus_bakultala,
bus_59,0,2,bus_danesh_shaikh_lane,
bus_59,0,3,bus_amtala_phari,
bus_59,0,4,bus_narayana_hospital,
bus_59,0,5,bus_bataitala_phari,
bus_59,0,6,bus_kazipara_more,
bus_59,0,7,bus_avani_mall,
bus_59,0,8,bus_shibpur_bazar,
bus_59,0,9,bus_mallick_fatak,
bus_59,0,10,bus_howrah_maidan,
bus_59,0,11,bus_howrah_station,
bus_59,0,12,bus_barabazar,
bus_59,0,13,bus_dalhousie,
bus_59,0,14,bus_esplanade,
bus_59,1,1,bus_esplanade,
bus_59,1,2,bus_dalhousie,
bus_59,1,3,bus_barabazar,
bus_59,1,4,bus_howrah_station,
bus_59,1,5,bus_howrah_maidan,
bus_59,1,6,bus_mallick_fatak,
bus_59,1,7,bus_shibpur_bazar,
bus_59,1,8,bus_avani_mall,
bus_59,1,9,bus_kazipara_more,
bus_59,1,10,bus_bataitala_phari,
bus_59,1,11,bus_narayana_hospital,
bus_59,1,12,bus_amtala_phari,
bus_59,1,13,bus_danesh_shaikh_lane,
bus_59,1,14,bus_bakultala,
bus_61,0,1,bus_alampur,
bus_61,0,2,bus_argori_more,
bus_61,0,3,bus_andul_bazar,
bus_61,0,4,bus_mourigram,
bus_61,0,5,bus_chunavati,
bus_61,0,6,bus_hanskhali_pole,
bus_61,0,7,bus_bakultala,
bus_61,0,8,bus_danesh_shaikh_lane,
bus_61,0,9,bus_amtala_phari,
bus_61,0,10,bus_narayana_hospital,
bus_61,0,11,bus_bataitala_phari,
bus_61,0,12,bus_kazipara_more,
bus_61,0,13,bus_avani_mall,
bus_61,0,14,bus_shibpur_bazar,
bus_61,0,15,bus_mallick_fatak,
bus_61,0,16,bus_howrah_maidan,
bus_61,0,17,bus_howrah_station,
bus_61,1,1,bus_howrah_station,
bus_61,1,2,bus_howrah_maidan,
bus_61,1,3,bus_mallick_fatak,
bus_61,1,4,bus_shibpur_bazar,
bus_61,1,5,bus_avani_mall,
bus_61,1,6,bus_kazipara_more,
bus_61,1,7,bus_bataitala_phari,
bus_61,1,8,bus_narayana_hospital,
bus_61,1,9,bus_amtala_phari,
bus_61,1,10,bus_danesh_shaikh_lane,
bus_61,1,11,bus_bakultala,
bus_61,1,12,bus_hanskhali_pole,
bus_61,1,13,bus_chunavati,
bus_61,1,14,bus_mourigram,
bus_61,1,15,bus_andul_bazar,
bus_61,1,16,bus_argori_more,
bus_61,1,17,bus_alampur,
bus_63,0,1,bus_domjur,
bus_63,0,2,bus_makardaha,
bus_63,0,3,bus_katlia_more,
bus_63,0,4,bus_salap_more,
bus_63,0,5,bus_bankra_bazar,
bus_63,0,6,bus_japani_gate,
bus_63,0,7,bus_baltikuri,
bus_63,0,8,bus_dasnagar,
bus_63,0,9,bus_shanpur_more,
bus_63,0,10,bus_tikiapara,
bus_63,0,11,bus_belilious_road,
bus_63,0,12,bus_howrah_maidan,
bus_63,0,13,bus_howrah_station,
bus_63,1,1,bus_howrah_station,
bus_63,1,2,bus_howrah_maidan,
bus_63,1,3,bus_belilious_road,
bus_63,1,4,bus_tikiapara,
bus_63,1,5,bus_shanpur_more,
bus_63,1,6,bus_dasnagar,
bus_63,1,7,bus_baltikuri,
bus_63,1,8,bus_japani_gate,
bus_63,1,9,bus_bankra_bazar,
bus_63,1,10,bus_salap_more,
bus_63,1,11,bus_katlia_more,
bus_63,1,12,bus_makardaha,
bus_63,1,13,bus_domjur,
bus_64,0,1,bus_tulshiberia,
bus_64,0,2,bus_kamina_more,
bus_64,0,3,bus_mahishrekha,
bus_64,0,4,bus_kulgachia,
bus_64,1,1,bus_kulgachia,
bus_64,1,2,bus_mahishrekha,
bus_64,1,3,bus_kamina_more,
bus_64,1,4,bus_tulshiberia,
bus_67,0,1,bus_bagnan,
bus_67,0,2,bus_khalore_more,
bus_67,0,3,bus_antila_bridge,
bus_67,0,4,bus_bantul_more,
bus_67,0,5,bus_nuntia_more,
bus_67,0,6,bus_mugkalyan,
bus_67,0,7,bus_noul_bazar,
bus_67,0,8,bus_deorah_more,
bus_67,0,9,bus_shasati_more,
bus_67,0,10,bus_belpukur,
bus_67,0,11,bus_hoglashi_more,
bus_67,0,12,bus_kanthalibar,
bus_67,0,13,bus_shyampur,
bus_67,0,14,bus_narikelabar,
bus_67,0,15,bus_bhagabanpur_2,
bus_67,0,16,bus_shibgunge,
bus_67,1,1,bus_shibgunge,
bus_67,1,2,bus_bhagabanpur_2,
bus_67,1,3,bus_narikelabar,
bus_67,1,4,bus_shyampur,
bus_67,1,5,bus_kanthalibar,
bus_67,1,6,bus_hoglashi_more,
bus_67,1,7,bus_belpukur,
bus_67,1,8,bus_shasati_more,
bus_67,1,9,bus_deorah_more,
bus_67,1,10,bus_noul_bazar,
bus_67,1,11,bus_mugkalyan,
bus_67,1,12,bus_nuntia_more,
bus_67,1,13,bus_bantul_more,
bus_67,1,14,bus_antila_bridge,
bus_67,1,15,bus_khalore_more,
bus_67,1,16,bus_bagnan,
bus_67b,0,1,bus_bagnan,
bus_67b,0,2,bus_khalore_more,
bus_67b,0,3,bus_antila_bridge,
bus_67b,0,4,bus_bantul_more,
bus_67b,0,5,bus_nuntia_more,
bus_67b,0,6,bus_mugkalyan,
bus_67b,0,7,bus_noul_bazar,
bus_67b,0,8,bus_deorah_more,
bus_67b,0,9,bus_shasati_more,
bus_67b,0,10,bus_belpukur,
bus_67b,0,11,bus_hoglashi_more,
bus_67b,0,12,bus_kanthalibar,
bus_67b,0,13,bus_shyampur,
bus_67b,0,14,bus_kharuberia,
bus_67b,0,15,bus_garchumuk,
bus_67b,0,16,bus_58_gate,
bus_67b,1,1,bus_58_gate,
bus_67b,1,2,bus_garchumuk,
bus_67b,1,3,bus_kharuberia,
bus_67b,1,4,bus_shyampur,
bus_67b,1,5,bus_kanthalibar,
bus_67b,1,6,bus_hoglashi_more,
bus_67b,1,7,bus_belpukur,
bus_67b,1,8,bus_shasati_more,
bus_67b,1,9,bus_deorah_more,
bus_67b,1,10,bus_noul_bazar,
bus_67b,1,11,bus_mugkalyan,
bus_67b,1,12,bus_nuntia_more,
bus_67b,1,13,bus_bantul_more,
bus_67b,1,14,bus_antila_bridge,
bus_67b,1,15,bus_khalore_more,
bus_67b,1,16,bus_bagnan,
bus_68,0,1,bus_bagnan,
bus_68,0,2,bus_khalore_more,
bus_68,0,3,bus_antila_bridge,
bus_68,0,4,bus_bantul_more,
bus_68,0,5,bus_nuntia_more,
bus_68,0,6,bus_mugkalyan,
bus_68,0,7,bus_noul_bazar,
bus_68,0,8,bus_deorah_more,
bus_68,0,9,bus_shasati_more,
bus_68,0,10,bus_belpukur,
bus_68,0,11,bus_hoglashi_more,
bus_68,0,12,bus_shrikole_more,
bus_68,0,13,bus_radhapur,
bus_68,0,14,bus_kamalpur,
bus_68,1,1,bus_kamalpur,
bus_68,1,2,bus_radhapur,
bus_68,1,3,bus_shrikole_more,
bus_68,1,4,bus_hoglashi_more,
bus_68,1,5,bus_belpukur,
bus_68,1,6,bus_shasati_more,
bus_68,1,7,bus_deorah_more,
bus_68,1,8,bus_noul_bazar,
bus_68,1,9,bus_mugkalyan,
bus_68,1,10,bus_nuntia_more,
bus_68,1,11,bus_bantul_more,
bus_68,1,12,bus_antila_bridge,
bus_68,1,13,bus_khalore_more,
bus_68,1,14,bus_bagnan,
bus_69,0,1,bus_sankrail,
bus_69,0,2,bus_chapatala,
bus_69,0,3,bus_rajgunge,
bus_69,0,4,bus_radhadashi,
bus_69,0,5,bus_podra_bazar,
bus_69,0,6,bus_nazirgunge,
bus_69,0,7,bus_bakultala,
bus_69,0,8,bus_danesh_shaikh_lane,
bus_69,0,9,bus_amtala_phari,
bus_69,0,10,bus_narayana_hospital,
bus_69,0,11,bus_bataitala_phari,
bus_69,0,12,bus_kazipara_more,
bus_69,0,13,bus_avani_mall,
bus_69,0,14,bus_shibpur_bazar,
bus_69,0,15,bus_mallick_fatak,
bus_69,0,16,bus_howrah_maidan,
bus_69,0,17,bus_howrah_station,
bus_69,1,1,bus_howrah_station,
bus_69,1,2,bus_howrah_maidan,
bus_69,1,3,bus_mallick_fatak,
bus_69,1,4,bus_shibpur_bazar,
bus_69,1,5,bus_avani_mall,
bus_69,1,6,bus_kazipara_more,
bus_69,1,7,bus_bataitala_phari,
bus_69,1,8,bus_narayana_hospital,
bus_69,1,9,bus_amtala_phari,
bus_69,1,10,bus_danesh_shaikh_lane,
bus_69,1,11,bus_bakultala,
bus_69,1,12,bus_nazirgunge,
bus_69,1,13,bus_podra_bazar,
bus_69,1,14,bus_radhadashi,
bus_69,1,15,bus_rajgunge,
bus_69,1,16,bus_chapatala,
bus_69,1,17,bus_sankrail,
bus_70,0,1,bus_amta,
bus_70,0,2,bus_vandergacha,
bus_70,0,3,bus_panpur_more,
bus_70,0,4,bus_shiberhana,
bus_70,0,5,bus_bargram_more,
bus_70,0,6,bus_karatberia,
bus_70,0,7,bus_nimdighi,
bus_70,0,8,bus_uluberia,
bus_70,1,1,bus_uluberia,
bus_70,1,2,bus_nimdighi,
bus_70,1,3,bus_karatberia,
bus_70,1,4,bus_bargram_more,
bus_70,1,5,bus_shiberhana,
bus_70,1,6,bus_panpur_more,
bus_70,1,7,bus_vandergacha,
bus_70,1,8,bus_amta,
bus_71,0,1,bus_howrah_maidan,
bus_71,0,2,bus_howrah_station,
bus_71,0,3,bus_barabazar,
bus_71,0,4,bus_m_g_road,
bus_71,0,5,bus_college_street,
bus_71,0,6,bus_sealdah_station,
bus_71,0,7,bus_rajabazar_saltlake,
bus_71,1,1,bus_rajabazar_saltlake,
bus_71,1,2,bus_sealdah_station,
bus_71,1,3,bus_college_street,
bus_71,1,4,bus_m_g_road,
bus_71,1,5,bus_barabazar,
bus_71,1,6,bus_howrah_station,
bus_71,1,7,bus_howrah_maidan,
bus_72,0,1,bus_dumurjola,
bus_72,0,2,bus_ichapur_more,
bus_72,0,3,bus_shanpur_more,
bus_72,0,4,bus_tikiapara,
bus_72,0,5,bus_belilious_road,
bus_72,0,6,bus_howrah_maidan,
bus_72,0,7,bus_howrah_station,
bus_72,0,8,bus_barabazar,
bus_72,0,9,bus_m_g_road,
bus_72,0,10,bus_college_street,
bus_72,0,11,bus_sealdah_station,
bus_72,0,12,bus_moulali_more,
bus_72,0,13,bus_c_i_t_road,
bus_72,0,14,bus_chittaranjan_hospital,
bus_72,0,15,bus_park_circus,
bus_72,1,1,bus_park_circus,
bus_72,1,2,bus_chittaranjan_hospital,
bus_72,1,3,bus_c_i_t_road,
bus_72,1,4,bus_moulali_more,
bus_72,1,5,bus_sealdah_station,
bus_72,1,6,bus_college_street,
bus_72,1,7,bus_m_g_road,
bus_72,1,8,bus_barabazar,
bus_72,1,9,bus_howrah_station,
bus_72,1,10,bus_howrah_maidan,
bus_72,1,11,bus_belilious_road,
bus_72,1,12,bus_tikiapara,
bus_72,1,13,bus_shanpur_more,
bus_72,1,14,bus_ichapur_more,
bus_72,1,15,bus_dumurjola,
bus_72_2,0,1,bus_basirhat,
bus_72_2,0,2,bus_bhabla_station,
bus_72_2,0,3,bus_pifa_bazar,
bus_72_2,0,4,bus_bhebia_chowrasta,
bus_72_2,0,5,bus_rajapur,
bus_72_2,0,6,bus_kharampur,
bus_72_2,0,7,bus_akhratala,
bus_72_2,0,8,bus_metekhali,
bus_72_2,0,9,bus_nazat,
bus_72_2,1,1,bus_nazat,
bus_72_2,1,2,bus_metekhali,
bus_72_2,1,3,bus_akhratala,
bus_72_2,1,4,bus_kharampur,
bus_72_2,1,5,bus_rajapur,
bus_72_2,1,6,bus_bhebia_chowrasta,
bus_72_2,1,7,bus_pifa_bazar,
bus_72_2,1,8,bus_bhabla_station,
bus_72_2,1,9,bus_basirhat,
bus_72a,0,1,bus_basirhat,
bus_72a,0,2,bus_bhabla_station,
bus_72a,0,3,bus_pifa_bazar,
bus_72a,0,4,bus_bhebia_chowrasta,
bus_72a,0,5,bus_nimchi_bazar,
bus_72a,0,6,bus_chaital_ghat,
bus_72a,0,7,bus_malancha,
bus_72a,0,8,bus_boyermari,
bus_72a,0,9,bus_agarhati,
bus_72a,0,10,bus_sarberia,
bus_72a,0,11,bus_dhamakhali,
bus_72a,1,1,bus_dhamakhali,
bus_72a,1,2,bus_sarberia,
bus_72a,1,3,bus_agarhati,
bus_72a,1,4,bus_boyermari,
bus_72a,1,5,bus_malancha,
bus_72a,1,6,bus_chaital_ghat,
bus_72a,1,7,bus_nimchi_bazar,
bus_72a,1,8,bus_bhebia_chowrasta,
bus_72a,1,9,bus_pifa_bazar,
bus_72a,1,10,bus_bhabla_station,
bus_72a,1,11,bus_basirhat,
bus_73,0,1,bus_dasnagar,
bus_73,0,2,bus_shanpur_more,
bus_73,0,3,bus_tikiapara,
bus_73,0,4,bus_belilious_road,
bus_73,0,5,bus_howrah_maidan,
bus_73,0,6,bus_howrah_station,
bus_73,0,7,bus_barabazar,
bus_73,0,8,bus_dalhousie,
bus_73,0,9,bus_esplanade,
bus_73,1,1,bus_esplanade,
bus_73,1,2,bus_dalhousie,
bus_73,1,3,bus_barabazar,
bus_73,1,4,bus_howrah_station,
bus_73,1,5,bus_howrah_maidan,
bus_73,1,6,bus_belilious_road,
bus_73,1,7,bus_tikiapara,
bus_73,1,8,bus_shanpur_more,
bus_73,1,9,bus_dasnagar,
bus_73_2,0,1,bus_habra,
bus_73_2,0,2,bus_kalyangarh,
bus_73_2,0,3,bus_kachua_more,
bus_73_2,0,4,bus_8no_kalibari,
bus_73_2,0,5,bus_magurkhali,
bus_73_2,0,6,bus_iswarigacha,
bus_73_2,0,7,bus_awalsiddhi,
bus_73_2,0,8,bus_adhata_more,
bus_73_2,0,9,bus_shikra_more,
bus_73_2,0,10,bus_dariapur,
bus_73_2,0,11,bus_nima_terasta,
bus_73_2,0,12,bus_hamidpur,
bus_73_2,0,13,bus_kuliagarh,
bus_73_2,0,14,bus_saheb_colony,
bus_73_2,0,15,bus_naihati,
bus_73_2,1,1,bus_naihati,
bus_73_2,1,2,bus_saheb_colony,
bus_73_2,1,3,bus_kuliagarh,
bus_73_2,1,4,bus_hamidpur,
bus_73_2,1,5,bus_nima_terasta,
bus_73_2,1,6,bus_dariapur,
bus_73_2,1,7,bus_shikra_more,
bus_73_2,1,8,bus_adhata_more,
bus_73_2,1,9,bus_awalsiddhi,
bus_73_2,1,10,bus_iswarigacha,
bus_73_2,1,11,bus_magurkhali,
bus_73_2,1,12,bus_8no_kalibari,
bus_73_2,1,13,bus_kachua_more,
bus_73_2,1,14,bus_kalyangarh,
bus_73_2,1,15,bus_habra,
bus_75,0,1,bus_kadamtala,
bus_75,0,2,bus_ichapur_more,
bus_75,0,3,bus_shanpur_more,
bus_75,0,4,bus_tikiapara,
bus_75,0,5,bus_belilious_road,
bus_75,0,6,bus_howrah_maidan,
bus_75,0,7,bus_howrah_station,
bus_75,0,8,bus_barabazar,
bus_75,0,9,bus_dalhousie,
bus_75,0,10,bus_esplanade,
bus_75,1,1,bus_esplanade,
bus_75,1,2,bus_dalhousie,
bus_75,1,3,bus_barabazar,
bus_75,1,4,bus_howrah_station,
bus_75,1,5,bus_howrah_maidan,
bus_75,1,6,bus_belilious_road,
bus_75,1,7,bus_tikiapara,
bus_75,1,8,bus_shanpur_more,
bus_75,1,9,bus_ichapur_more,
bus_75,1,10,bus_kadamtala,
bus_75_2,0,1,bus_raipur,
bus_75_2,0,2,bus_dongaria,
bus_75_2,0,3,bus_nodakhali,
bus_75_2,0,4,bus_bakhrahat,
bus_75_2,0,5,bus_bibirhat,
bus_75_2,0,6,bus_shamukpota,
bus_75_2,0,7,bus_shamali,
bus_75_2,0,8,bus_rasapunja,
bus_75_2,0,9,bus_hanspukur,
bus_75_2,0,10,bus_joka_bridge,
bus_75_2,0,11,bus_thakurpukur,
bus_75_2,0,12,bus_shilpara,
bus_75_2,0,13,bus_sakher_bazar,
bus_75_2,0,14,bus_behala_chowrasta,
bus_75_2,0,15,bus_behala_14no,
bus_75_2,0,16,bus_majherhat,
bus_75_2,0,17,bus_mominpore,
bus_75_2,0,18,bus_ekbalpur,
bus_75_2,0,19,bus_kidderpore,
bus_75_2,0,20,bus_hastings,
bus_75_2,0,21,bus_fort_william,
bus_75_2,0,22,bus_esplanade,
bus_75_2,0,23,bus_babughat,
bus_75_2,1,1,bus_babughat,
bus_75_2,1,2,bus_esplanade,
bus_75_2,1,3,bus_fort_william,
bus_75_2,1,4,bus_hastings,
bus_75_2,1,5,bus_kidderpore,
bus_75_2,1,6,bus_ekbalpur,
bus_75_2,1,7,bus_mominpore,
bus_75_2,1,8,bus_majherhat,
bus_75_2,1,9,bus_behala_14no,
bus_75_2,1,10,bus_behala_chowrasta,
bus_75_2,1,11,bus_sakher_bazar,
bus_75_2,1,12,bus_shilpara,
bus_75_2,1,13,bus_thakurpukur,
bus_75_2,1,14,bus_joka_bridge,
bus_75_2,1,15,bus_hanspukur,
bus_75_2,1,16,bus_rasapunja,
bus_75_2,1,17,bus_shamali,
bus_75_2,1,18,bus_shamukpota,
bus_75_2,1,19,bus_bibirhat,
bus_75_2,1,20,bus_bakhrahat,
bus_75_2,1,21,bus_nodakhali,
bus_75_2,1,22,bus_dongaria,
bus_75_2,1,23,bus_raipur,
bus_76,0,1,bus_amta,
bus_76,0,2,bus_khasnan,
bus_76,0,3,bus_udang_bazar,
bus_76,0,4,bus_agunshi_more,
bus_76,0,5,bus_harop_bazar,
bus_76,0,6,bus_khadinan,
bus_76,0,7,bus_bagnan,
bus_76,1,1,bus_bagnan,
bus_76,1,2,bus_khadinan,
bus_76,1,3,bus_harop_bazar,
bus_76,1,4,bus_agunshi_more,
bus_76,1,5,bus_udang_bazar,
bus_76,1,6,bus_khasnan,
bus_76,1,7,bus_amta,
bus_77,0,1,bus_amta,
bus_77,0,2,bus_vandergacha,
bus_77,0,3,bus_panpur_more,
bus_77,0,4,bus_manikpur,
bus_77,0,5,bus_dhulorbandh,
bus_77,0,6,bus_ranihati,
bus_77,0,7,bus_dhulagarh,
bus_77,0,8,bus_sankrail,
bus_77,1,1,bus_sankrail,
bus_77,1,2,bus_dhulagarh,
bus_77,1,3,bus_ranihati,
bus_77,1,4,bus_dhulorbandh,
bus_77,1,5,bus_manikpur,
bus_77,1,6,bus_panpur_more,
bus_77,1,7,bus_vandergacha,
bus_77,1,8,bus_amta,
bus_77a,0,1,bus_batanagar,
bus_77a,0,2,bus_bata_more,
bus_77a,0,3,bus_dakghar,
bus_77a,0,4,bus_mollargate,
bus_77a,0,5,bus_rampur_quarter,
bus_77a,0,6,bus_s_m_nagar,
bus_77a,0,7,bus_sarkarpool,
bus_77a,0,8,bus_jhinjhira_bazar,
bus_77a,0,9,bus_brace_bridge,
bus_77a,0,10,bus_taratala,
bus_77a,0,11,bus_majherhat,
bus_77a,0,12,bus_mominpore,
bus_77a,0,13,bus_ekbalpur,
bus_77a,0,14,bus_alipore_zoo,
bus_77a,0,15,bus_p_t_s_more,
bus_77a,0,16,bus_fort_william,
bus_77a,0,17,bus_esplanade,
bus_77a,1,1,bus_esplanade,
bus_77a,1,2,bus_fort_william,
bus_77a,1,3,bus_p_t_s_more,
bus_77a,1,4,bus_alipore_zoo,
bus_77a,1,5,bus_ekbalpur,
bus_77a,1,6,bus_mominpore,
bus_77a,1,7,bus_majherhat,
bus_77a,1,8,bus_taratala,
bus_77a,1,9,bus_brace_bridge,
bus_77a,1,10,bus_jhinjhira_bazar,
bus_77a,1,11,bus_sarkarpool,
bus_77a,1,12,bus_s_m_nagar,
bus_77a,1,13,bus_rampur_quarter,
bus_77a,1,14,bus_mollargate,
bus_77a,1,15,bus_dakghar,
bus_77a,1,16,bus_bata_more,
bus_77a,1,17,bus_batanagar,
bus_77a_no_bata,0,1,bus_birlapur,
bus_77a_no_bata,0,2,bus_calcium_more,
bus_77a_no_bata,0,3,bus_birla_more,
bus_77a_no_bata,0,4,bus_charial_more,
bus_77a_no_bata,0,5,bus_budge_budge,
bus_77a_no_bata,0,6,bus_nungi_more,
bus_77a_no_bata,0,7,bus_bata_more,
bus_77a_no_bata,0,8,bus_dakghar,
bus_77a_no_bata,0,9,bus_mollargate,
bus_77a_no_bata,0,10,bus_rampur_quarter,
bus_77a_no_bata,0,11,bus_s_m_nagar,
bus_77a_no_bata,0,12,bus_sarkarpool,
bus_77a_no_bata,0,13,bus_jhinjhira_bazar,
bus_77a_no_bata,0,14,bus_brace_bridge,
bus_77a_no_bata,0,15,bus_taratala,
bus_77a_no_bata,0,16,bus_majherhat,
bus_77a_no_bata,0,17,bus_mominpore,
bus_77a_no_bata,0,18,bus_ekbalpur,
bus_77a_no_bata,0,19,bus_alipore_zoo,
bus_77a_no_bata,0,20,bus_p_t_s_more,
bus_77a_no_bata,0,21,bus_fort_william,
bus_77a_no_bata,0,22,bus_esplanade,
bus_77a_no_bata,1,1,bus_esplanade,
bus_77a_no_bata,1,2,bus_fort_william,
bus_77a_no_bata,1,3,bus_p_t_s_more,
bus_77a_no_bata,1,4,bus_alipore_zoo,
bus_77a_no_bata,1,5,bus_ekbalpur,
bus_77a_no_bata,1,6,bus_mominpore,
bus_77a_no_bata,1,7,bus_majherhat,
bus_77a_no_bata,1,8,bus_taratala,
bus_77a_no_bata,1,9,bus_brace_bridge,
bus_77a_no_bata,1,10,bus_jhinjhira_bazar,
bus_77a_no_bata,1,11,bus_sarkarpool,
bus_77a_no_bata,1,12,bus_s_m_nagar,
bus_77a_no_bata,1,13,bus_rampur_quarter,
bus_77a_no_bata,1,14,bus_mollargate,
bus_77a_no_bata,1,15,bus_dakghar,
bus_77a_no_bata,1,16,bus_bata_more,
bus_77a_no_bata,1,17,bus_nungi_more,
bus_77a_no_bata,1,18,bus_budge_budge,
bus_77a_no_bata,1,19,bus_charial_more,
bus_77a_no_bata,1,20,bus_birla_more,
bus_77a_no_bata,1,21,bus_calcium_more,
bus_77a_no_bata,1,22,bus_birlapur,
bus_78,0,1,bus_barrackpore_court,
bus_78,0,2,bus_titagarh,
bus_78,0,3,bus_khardah,
bus_78,0,4,bus_sodepur_girja,
bus_78,0,5,bus_kamarhati,
bus_78,0,6,bus_rathtala_more,
bus_78,0,7,bus_dunlop_more,
bus_78,0,8,bus_bonhooghly,
bus_78,0,9,bus_tobin_road,
bus_78,0,10,bus_sinthee_more,
bus_78,0,11,bus_chiria_more,
bus_78,0,12,bus_shyambazar,
bus_78,0,13,bus_rajballavpara,
bus_78,0,14,bus_sovabazar,
bus_78,0,15,bus_girish_park,
bus_78,0,16,bus_m_g_road,
bus_78,0,17,bus_central_metro,
bus_78,0,18,bus_chandni_market,
bus_78,0,19,bus_esplanade,
bus_78,1,1,bus_esplanade,
bus_78,1,2,bus_chandni_market,
bus_78,1,3,bus_central_metro,
bus_78,1,4,bus_m_g_road,
bus_78,1,5,bus_girish_park,
bus_78,1,6,bus_sovabazar,
bus_78,1,7,bus_rajballavpara,
bus_78,1,8,bus_shyambazar,
bus_78,1,9,bus_chiria_more,
bus_78,1,10,bus_sinthee_more,
bus_78,1,11,bus_tobin_road,
bus_78,1,12,bus_bonhooghly,
bus_78,1,13,bus_dunlop_more,
bus_78,1,14,bus_rathtala_more,
bus_78,1,15,bus_kamarhati,
bus_78,1,16,bus_sodepur_girja,
bus_78,1,17,bus_khardah,
bus_78,1,18,bus_titagarh,
bus_78,1,19,bus_barrackpore_court,
bus_78_2,0,1,bus_bagnan,
bus_78_2,0,2,bus_mankur_more,
bus_78_2,0,3,bus_patinan,
bus_78_2,0,4,bus_kalyanpur,
bus_78_2,0,5,bus_kulepairi,
bus_78_2,0,6,bus_khalna_bazar,
bus_78_2,0,7,bus_khejurdaha,
bus_78_2,0,8,bus_joypur_2,
bus_78_2,1,1,bus_joypur_2,
bus_78_2,1,2,bus_khejurdaha,
bus_78_2,1,3,bus_khalna_bazar,
bus_78_2,1,4,bus_kulepairi,
bus_78_2,1,5,bus_kalyanpur,
bus_78_2,1,6,bus_patinan,
bus_78_2,1,7,bus_mankur_more,
bus_78_2,1,8,bus_bagnan,
bus_78_1,0,1,bus_rahara_bazar,
bus_78_1,0,2,bus_kalyan_nagar,
bus_78_1,0,3,bus_rashmoni_more,
bus_78_1,0,4,bus_sodepur_station,
bus_78_1,0,5,bus_kamarhati,
bus_78_1,0,6,bus_rathtala_more,
bus_78_1,0,7,bus_dunlop_more,
bus_78_1,0,8,bus_bonhooghly,
bus_78_1,0,9,bus_tobin_road,
bus_78_1,0,10,bus_sinthee_more,
bus_78_1,0,11,bus_chiria_more,
bus_78_1,0,12,bus_shyambazar,
bus_78_1,0,13,bus_hatibagan,
bus_78_1,0,14,bus_hedua_more,
bus_78_1,0,15,bus_vivekananda_road,
bus_78_1,0,16,bus_college_street,
bus_78_1,0,17,bus_medical_college,
bus_78_1,0,18,bus_bowbazar,
bus_78_1,0,19,bus_hind_cinema,
bus_78_1,0,20,bus_wellington,
bus_78_1,0,21,bus_chandni_market,
bus_78_1,0,22,bus_esplanade,
bus_78_1,0,23,bus_babughat,
bus_78_1,1,1,bus_babughat,
bus_78_1,1,2,bus_esplanade,
bus_78_1,1,3,bus_chandni_market,
bus_78_1,1,4,bus_wellington,
bus_78_1,1,5,bus_hind_cinema,
bus_78_1,1,6,bus_bowbazar,
bus_78_1,1,7,bus_medical_college,
bus_78_1,1,8,bus_college_street,
bus_78_1,1,9,bus_vivekananda_road,
bus_78_1,1,10,bus_hedua_more,
bus_78_1,1,11,bus_hatibagan,
bus_78_1,1,12,bus_shyambazar,
bus_78_1,1,13,bus_chiria_more,
bus_78_1,1,14,bus_sinthee_more,
bus_78_1,1,15,bus_tobin_road,
bus_78_1,1,16,bus_bonhooghly,
bus_78_1,1,17,bus_dunlop_more,
bus_78_1,1,18,bus_rathtala_more,
bus_78_1,1,19,bus_kamarhati,
bus_78_1,1,20,bus_sodepur_station,
bus_78_1,1,21,bus_rashmoni_more,
bus_78_1,1,22,bus_kalyan_nagar,
bus_78_1,1,23,bus_rahara_bazar,
bus_78_1_2,0,1,bus_parthapur,
bus_78_1_2,0,2,bus_natagarh,
bus_78_1_2,0,3,bus_indralok_more,
bus_78_1_2,0,4,bus_sodepur_station,
bus_78_1_2,0,5,bus_kamarhati,
bus_78_1_2,0,6,bus_rathtala_more,
bus_78_1_2,0,7,bus_dunlop_more,
bus_78_1_2,0,8,bus_bonhooghly,
bus_78_1_2,0,9,bus_tobin_road,
bus_78_1_2,0,10,bus_sinthee_more,
bus_78_1_2,0,11,bus_chiria_more,
bus_78_1_2,0,12,bus_shyambazar,
bus_78_1_2,0,13,bus_hatibagan,
bus_78_1_2,0,14,bus_hedua_more,
bus_78_1_2,0,15,bus_vivekananda_road,
bus_78_1_2,0,16,bus_college_street,
bus_78_1_2,0,17,bus_medical_college,
bus_78_1_2,0,18,bus_bowbazar,
bus_78_1_2,0,19,bus_hind_cinema,
bus_78_1_2,0,20,bus_wellington,
bus_78_1_2,0,21,bus_chandni_market,
bus_78_1_2,0,22,bus_esplanade,
bus_78_1_2,0,23,bus_babughat,
bus_78_1_2,1,1,bus_babughat,
bus_78_1_2,1,2,bus_esplanade,
bus_78_1_2,1,3,bus_chandni_market,
bus_78_1_2,1,4,bus_wellington,
bus_78_1_2,1,5,bus_hind_cinema,
bus_78_1_2,1,6,bus_bowbazar,
bus_78_1_2,1,7,bus_medical_college,
bus_78_1_2,1,8,bus_college_street,
bus_78_1_2,1,9,bus_vivekananda_road,
bus_78_1_2,1,10,bus_hedua_more,
bus_78_1_2,1,11,bus_hatibagan,
bus_78_1_2,1,12,bus_shyambazar,
bus_78_1_2,1,13,bus_chiria_more,
bus_78_1_2,1,14,bus_sinthee_more,
bus_78_1_2,1,15,bus_tobin_road,
bus_78_1_2,1,16,bus_bonhooghly,
bus_78_1_2,1,17,bus_dunlop_more,
bus_78_1_2,1,18,bus_rathtala_more,
bus_78_1_2,1,19,bus_kamarhati,
bus_78_1_2,1,20,bus_sodepur_station,
bus_78_1_2,1,21,bus_indralok_more,
bus_78_1_2,1,22,bus_natagarh,
bus_78_1_2,1,23,bus_parthapur,
bus_79,0,1,bus_panchla,
bus_79,0,2,bus_dhamisa,
bus_79,0,3,bus_ranihati,
bus_79,0,4,bus_dhulagarh,
bus_79,0,5,bus_alampur,
bus_79,0,6,bus_jalan_gate,
bus_79,0,7,bus_ankurhati,
bus_79,0,8,bus_nibra_more,
bus_79,0,9,bus_salap_more,
bus_79,0,10,bus_kona_more,
bus_79,0,11,bus_rajchandrapur,
bus_79,0,12,bus_ballyhalt,
bus_79,0,13,bus_dakshineswar,
bus_79,0,14,bus_dunlop_more,
bus_79,1,1,bus_dunlop_more,
bus_79,1,2,bus_dakshineswar,
bus_79,1,3,bus_ballyhalt,
bus_79,1,4,bus_rajchandrapur,
bus_79,1,5,bus_kona_more,
bus_79,1,6,bus_salap_more,
bus_79,1,7,bus_nibra_more,
bus_79,1,8,bus_ankurhati,
bus_79,1,9,bus_jalan_gate,
bus_79,1,10,bus_alampur,
bus_79,1,11,bus_dhulagarh,
bus_79,1,12,bus_ranihati,
bus_79,1,13,bus_dhamisa,
bus_79,1,14,bus_panchla,
bus_79b,0,1,bus_barasat,
bus_79b,0,2,bus_chapadali_more,
bus_79b,0,3,bus_madhyamgram,
bus_79b,0,4,bus_doltala_more,
bus_79b,0,5,bus_b_t_college,
bus_79b,0,6,bus_michael_nagar,
bus_79b,0,7,bus_birati_more,
bus_79b,0,8,bus_airport_3no,
bus_79b,0,9,bus_airport_1no,
bus_79b,0,10,bus_central_jail,
bus_79b,0,11,bus_nagerbazar,
bus_79b,0,12,bus_diamond_plaza,
bus_79b,0,13,bus_bangur_avenue,
bus_79b,0,14,bus_kalindi_more,
bus_79b,0,15,bus_patipukur,
bus_79b,0,16,bus_belgachia,
bus_79b,0,17,bus_r_g_kar_hospital,
bus_79b,0,18,bus_shyambazar,
bus_79b,0,19,bus_rajballavpara,
bus_79b,0,20,bus_bagbazar,
bus_79b,1,1,bus_bagbazar,
bus_79b,1,2,bus_rajballavpara,
bus_79b,1,3,bus_shyambazar,
bus_79b,1,4,bus_r_g_kar_hospital,
bus_79b,1,5,bus_belgachia,
bus_79b,1,6,bus_patipukur,
bus_79b,1,7,bus_kalindi_more,
bus_79b,1,8,bus_bangur_avenue,
bus_79b,1,9,bus_diamond_plaza,
bus_79b,1,10,bus_nagerbazar,
bus_79b,1,11,bus_central_jail,
bus_79b,1,12,bus_airport_1no,
bus_79b,1,13,bus_airport_3no,
bus_79b,1,14,bus_birati_more,
bus_79b,1,15,bus_michael_nagar,
bus_79b,1,16,bus_b_t_college,
bus_79b,1,17,bus_doltala_more,
bus_79b,1,18,bus_madhyamgram,
bus_79b,1,19,bus_chapadali_more,
bus_79b,1,20,bus_barasat,
bus_79d,0,1,bus_madhyamgram,
bus_79d,0,2,bus_doltala_more,
bus_79d,0,3,bus_b_t_college,
bus_79d,0,4,bus_michael_nagar,
bus_79d,0,5,bus_birati_more,
bus_79d,0,6,bus_airport_3no,
bus_79d,0,7,bus_airport_1no,
bus_79d,0,8,bus_kaikhali,
bus_79d,0,9,bus_haldirams,
bus_79d,0,10,bus_baguiati,
bus_79d,0,11,bus_kestopur,
bus_79d,0,12,bus_dumdum_park,
bus_79d,0,13,bus_laketown,
bus_79d,0,14,bus_sreebhumi,
bus_79d,0,15,bus_ultadanga,
bus_79d,0,16,bus_kankurgachi,
bus_79d,0,17,bus_maniktala,
bus_79d,0,18,bus_rajabazar,
bus_79d,0,19,bus_sealdah_station,
bus_79d,0,20,bus_moulali_more,
bus_79d,0,21,bus_wellington,
bus_79d,0,22,bus_chandni_market,
bus_79d,0,23,bus_esplanade,
bus_79d,0,24,bus_babughat,
bus_79d,1,1,bus_babughat,
bus_79d,1,2,bus_esplanade,
bus_79d,1,3,bus_chandni_market,
bus_79d,1,4,bus_wellington,
bus_79d,1,5,bus_moulali_more,
bus_79d,1,6,bus_sealdah_station,
bus_79d,1,7,bus_rajabazar,
bus_79d,1,8,bus_maniktala,
bus_79d,1,9,bus_kankurgachi,
bus_79d,1,10,bus_ultadanga,
bus_79d,1,11,bus_sreebhumi,
bus_79d,1,12,bus_laketown,
bus_79d,1,13,bus_dumdum_park,
bus_79d,1,14,bus_kestopur,
bus_79d,1,15,bus_baguiati,
bus_79d,1,16,bus_haldirams,
bus_79d,1,17,bus_kaikhali,
bus_79d,1,18,bus_airport_1no,
bus_79d,1,19,bus_airport_3no,
bus_79d,1,20,bus_birati_more,
bus_79d,1,21,bus_michael_nagar,
bus_79d,1,22,bus_b_t_college,
bus_79d,1,23,bus_doltala_more,
bus_79d,1,24,bus_madhyamgram,
bus_80,0,1,bus_chunavati,
bus_80,0,2,bus_hanskhali_pole,
bus_80,0,3,bus_bakultala,
bus_80,0,4,bus_danesh_shaikh_lane,
bus_80,0,5,bus_amtala_phari,
bus_80,0,6,bus_narayana_hospital,
bus_80,0,7,bus_bataitala_phari,
bus_80,0,8,bus_kazipara_more,
bus_80,0,9,bus_avani_mall,
bus_80,0,10,bus_shibpur_bazar,
bus_80,0,11,bus_mallick_fatak,
bus_80,0,12,bus_howrah_maidan,
bus_80,0,13,bus_howrah_station,
bus_80,1,1,bus_howrah_station,
bus_80,1,2,bus_howrah_maidan,
bus_80,1,3,bus_mallick_fatak,
bus_80,1,4,bus_shibpur_bazar,
bus_80,1,5,bus_avani_mall,
bus_80,1,6,bus_kazipara_more,
bus_80,1,7,bus_bataitala_phari,
bus_80,1,8,bus_narayana_hospital,
bus_80,1,9,bus_amtala_phari,
bus_80,1,10,bus_danesh_shaikh_lane,
bus_80,1,11,bus_bakultala,
bus_80,1,12,bus_hanskhali_pole,
bus_80,1,13,bus_chunavati,
bus_80a,0,1,bus_garia_metro,
bus_80a,0,2,bus_naktala,
bus_80a,0,3,bus_bansdroni,
bus_80a,0,4,bus_netaji_nagar,
bus_80a,0,5,bus_ranikuthi,
bus_80a,0,6,bus_malancha_cinema,
bus_80a,0,7,bus_tollygunge,
bus_80a,0,8,bus_rabindra_sarovar,
bus_80a,0,9,bus_rashbehari,
bus_80a,0,10,bus_kalighat,
bus_80a,0,11,bus_hazra_more,
bus_80a,0,12,bus_bhawani_bhawan,
bus_80a,0,13,bus_p_t_s_more,
bus_80a,0,14,bus_fort_william,
bus_80a,0,15,bus_esplanade,
bus_80a,1,1,bus_esplanade,
bus_80a,1,2,bus_fort_william,
bus_80a,1,3,bus_p_t_s_more,
bus_80a,1,4,bus_bhawani_bhawan,
bus_80a,1,5,bus_hazra_more,
bus_80a,1,6,bus_kalighat,
bus_80a,1,7,bus_rashbehari,
bus_80a,1,8,bus_rabindra_sarovar,
bus_80a,1,9,bus_tollygunge,
bus_80a,1,10,bus_malancha_cinema,
bus_80a,1,11,bus_ranikuthi,
bus_80a,1,12,bus_netaji_nagar,
bus_80a,1,13,bus_bansdroni,
bus_80a,1,14,bus_naktala,
bus_80a,1,15,bus_garia_metro,
bus_80b,0,1,bus_garia_metro,
bus_80b,0,2,bus_ramgarh,
bus_80b,0,3,bus_baghajatin,
bus_80b,0,4,bus_jadavpur_8b,
bus_80b,0,5,bus_dhakuria,
bus_80b,0,6,bus_golpark,
bus_80b,0,7,bus_gariahat,
bus_80b,0,8,bus_deshapriya_park,
bus_80b,0,9,bus_rashbehari,
bus_80b,0,10,bus_kalighat,
bus_80b,0,11,bus_hazra_more,
bus_80b,0,12,bus_bhowanipore,
bus_80b,0,13,bus_rabindra_sadan,
bus_80b,0,14,bus_maidan_metro,
bus_80b,0,15,bus_park_street,
bus_80b,0,16,bus_esplanade,
bus_80b,1,1,bus_esplanade,
bus_80b,1,2,bus_park_street,
bus_80b,1,3,bus_maidan_metro,
bus_80b,1,4,bus_rabindra_sadan,
bus_80b,1,5,bus_bhowanipore,
bus_80b,1,6,bus_hazra_more,
bus_80b,1,7,bus_kalighat,
bus_80b,1,8,bus_rashbehari,
bus_80b,1,9,bus_deshapriya_park,
bus_80b,1,10,bus_gariahat,
bus_80b,1,11,bus_golpark,
bus_80b,1,12,bus_dhakuria,
bus_80b,1,13,bus_jadavpur_8b,
bus_80b,1,14,bus_baghajatin,
bus_80b,1,15,bus_ramgarh,
bus_80b,1,16,bus_garia_metro,
bus_81,0,1,bus_barasat,
bus_81,0,2,bus_chapadali_more,
bus_81,0,3,bus_colony_more,
bus_81,0,4,bus_barbaria,
bus_81,0,5,bus_jagannathpur,
bus_81,0,6,bus_kokapur,
bus_81,0,7,bus_rangapur,
bus_81,0,8,bus_neelgunge,
bus_81,0,9,bus_mathrangi,
bus_81,0,10,bus_chapuria,
bus_81,0,11,bus_debpukur,
bus_81,0,12,bus_mohanpur,
bus_81,0,13,bus_wireless_more,
bus_81,0,14,bus_subhash_colony,
bus_81,0,15,bus_barrackpore_station,
bus_81,0,16,bus_barrackpore_court,
bus_81,0,17,bus_fishery_gate,
bus_81,1,1,bus_fishery_gate,
bus_81,1,2,bus_barrackpore_court,
bus_81,1,3,bus_barrackpore_station,
bus_81,1,4,bus_subhash_colony,
bus_81,1,5,bus_wireless_more,
bus_81,1,6,bus_mohanpur,
bus_81,1,7,bus_debpukur,
bus_81,1,8,bus_chapuria,
bus_81,1,9,bus_mathrangi,
bus_81,1,10,bus_neelgunge,
bus_81,1,11,bus_rangapur,
bus_81,1,12,bus_kokapur,
bus_81,1,13,bus_jagannathpur,
bus_81,1,14,bus_barbaria,
bus_81,1,15,bus_colony_more,
bus_81,1,16,bus_chapadali_more,
bus_81,1,17,bus_barasat,
bus_81_1,0,1,bus_barasat,
bus_81_1,0,2,bus_chapadali_more,
bus_81_1,0,3,bus_colony_more,
bus_81_1,0,4,bus_barbaria,
bus_81_1,0,5,bus_jagannathpur,
bus_81_1,0,6,bus_kokapur,
bus_81_1,0,7,bus_rangapur,
bus_81_1,0,8,bus_neelgunge,
bus_81_1,0,9,bus_mathrangi,
bus_81_1,0,10,bus_chapuria,
bus_81_1,0,11,bus_debpukur,
bus_81_1,0,12,bus_mohanpur,
bus_81_1,0,13,bus_wireless_more,
bus_81_1,0,14,bus_subhash_colony,
bus_81_1,0,15,bus_barrackpore_station,
bus_81_1,0,16,bus_titagarh,
bus_81_1,0,17,bus_khardah,
bus_81_1,0,18,bus_sodepur_girja,
bus_81_1,0,19,bus_kamarhati,
bus_81_1,0,20,bus_rathtala_more,
bus_81_1,0,21,bus_dunlop_more,
bus_81_1,0,22,bus_dakshineswar,
bus_81_1,0,23,bus_ballyhalt,
bus_81_1,0,24,bus_rajchandrapur,
bus_81_1,1,1,bus_rajchandrapur,
bus_81_1,1,2,bus_ballyhalt,
bus_81_1,1,3,bus_dakshineswar,
bus_81_1,1,4,bus_dunlop_more,
bus_81_1,1,5,bus_rathtala_more,
bus_81_1,1,6,bus_kamarhati,
bus_81_1,1,7,bus_sodepur_girja,
bus_81_1,1,8,bus_khardah,
bus_81_1,1,9,bus_titagarh,
bus_81_1,1,10,bus_barrackpore_station,
bus_81_1,1,11,bus_subhash_colony,
bus_81_1,1,12,bus_wireless_more,
bus_81_1,1,13,bus_mohanpur,
bus_81_1,1,14,bus_debpukur,
bus_81_1,1,15,bus_chapuria,
bus_81_1,1,16,bus_mathrangi,
bus_81_1,1,17,bus_neelgunge,
bus_81_1,1,18,bus_rangapur,
bus_81_1,1,19,bus_kokapur,
bus_81_1,1,20,bus_jagannathpur,
bus_81_1,1,21,bus_barbaria,
bus_81_1,1,22,bus_colony_more,
bus_81_1,1,23,bus_chapadali_more,
bus_81_1,1,24,bus_barasat,
bus_83,0,1,bus_falta,
bus_83,0,2,bus_sahararhat,
bus_83,0,3,bus_belsingha,
bus_83,0,4,bus_harindanga,
bus_83,0,5,bus_dighirpar,
bus_83,0,6,bus_dostipur,
bus_83,0,7,bus_fatehpur,
bus_83,0,8,bus_shirakole,
bus_83,0,9,bus_amtala,
bus_83,0,10,bus_bishnupur,
bus_83,0,11,bus_khariberia,
bus_83,0,12,bus_bhasha_14no,
bus_83,0,13,bus_pailan,
bus_83,0,14,bus_joka_bridge,
bus_83,0,15,bus_thakurpukur,
bus_83,0,16,bus_shilpara,
bus_83,0,17,bus_sakher_bazar,
bus_83,0,18,bus_behala_chowrasta,
bus_83,0,19,bus_behala_14no,
bus_83,0,20,bus_majherhat,
bus_83,0,21,bus_mominpore,
bus_83,0,22,bus_ekbalpur,
bus_83,0,23,bus_kidderpore,
bus_83,0,24,bus_hastings,
bus_83,0,25,bus_fort_william,
bus_83,0,26,bus_esplanade,
bus_83,0,27,bus_babughat,
bus_83,1,1,bus_babughat,
bus_83,1,2,bus_esplanade,
bus_83,1,3,bus_fort_william,
bus_83,1,4,bus_hastings,
bus_83,1,5,bus_kidderpore,
bus_83,1,6,bus_ekbalpur,
bus_83,1,7,bus_mominpore,
bus_83,1,8,bus_majherhat,
bus_83,1,9,bus_behala_14no,
bus_83,1,10,bus_behala_chowrasta,
bus_83,1,11,bus_sakher_bazar,
bus_83,1,12,bus_shilpara,
bus_83,1,13,bus_thakurpukur,
bus_83,1,14,bus_joka_bridge,
bus_83,1,15,bus_pailan,
bus_83,1,16,bus_bhasha_14no,
bus_83,1,17,bus_khariberia,
bus_83,1,18,bus_bishnupur,
bus_83,1,19,bus_amtala,
bus_83,1,20,bus_shirakole,
bus_83,1,21,bus_fatehpur,
bus_83,1,22,bus_dostipur,
bus_83,1,23,bus_dighirpar,
bus_83,1,24,bus_harindanga,
bus_83,1,25,bus_belsingha,
bus_83,1,26,bus_sahararhat,
bus_83,1,27,bus_falta,
bus_85,0,1,bus_kanchrapara,
bus_85,0,2,bus_bagmore,
bus_85,0,3,bus_halisahar,
bus_85,0,4,bus_boldeghata,
bus_85,0,5,bus_garifa_road,
bus_85,0,6,bus_naihati_station,
bus_85,0,7,bus_bhatpara,
bus_85,0,8,bus_kankinara,
bus_85,0,9,bus_jagatdal,
bus_85,0,10,bus_authpur,
bus_85,0,11,bus_shyamnagar,
bus_85,0,12,bus_ichapur_more_2,
bus_85,0,13,bus_palta_bazar,
bus_85,0,14,bus_barrackpore_station_2,
bus_85,0,15,bus_barrackpore_court,
bus_85,1,1,bus_barrackpore_court,
bus_85,1,2,bus_barrackpore_station_2,
bus_85,1,3,bus_palta_bazar,
bus_85,1,4,bus_ichapur_more_2,
bus_85,1,5,bus_shyamnagar,
bus_85,1,6,bus_authpur,
bus_85,1,7,bus_jagatdal,
bus_85,1,8,bus_kankinara,
bus_85,1,9,bus_bhatpara,
bus_85,1,10,bus_naihati_station,
bus_85,1,11,bus_garifa_road,
bus_85,1,12,bus_boldeghata,
bus_85,1,13,bus_halisahar,
bus_85,1,14,bus_bagmore,
bus_85,1,15,bus_kanchrapara,
bus_87,0,1,bus_barasat,
bus_87,0,2,bus_chapadali_more,
bus_87,0,3,bus_colony_more,
bus_87,0,4,bus_moyna_checkpost,
bus_87,0,5,bus_khilkapur,
bus_87,0,6,bus_mirhati_more,
bus_87,0,7,bus_kamdebpur,
bus_87,0,8,bus_amdanga,
bus_87,0,9,bus_rahana_bazar,
bus_87,0,10,bus_awalsiddhi,
bus_87,0,11,bus_adhata_more,
bus_87,0,12,bus_kanchiara,
bus_87,0,13,bus_bethpukur,
bus_87,0,14,bus_gadamara,
bus_87,0,15,bus_kapileshwar,
bus_87,0,16,bus_jaguli,
bus_87,1,1,bus_jaguli,
bus_87,1,2,bus_kapileshwar,
bus_87,1,3,bus_gadamara,
bus_87,1,4,bus_bethpukur,
bus_87,1,5,bus_kanchiara,
bus_87,1,6,bus_adhata_more,
bus_87,1,7,bus_awalsiddhi,
bus_87,1,8,bus_rahana_bazar,
bus_87,1,9,bus_amdanga,
bus_87,1,10,bus_kamdebpur,
bus_87,1,11,bus_mirhati_more,
bus_87,1,12,bus_khilkapur,
bus_87,1,13,bus_moyna_checkpost,
bus_87,1,14,bus_colony_more,
bus_87,1,15,bus_chapadali_more,
bus_87,1,16,bus_barasat,
bus_87a,0,1,bus_barasat,
bus_87a,0,2,bus_chapadali_more,
bus_87a,0,3,bus_colony_more,
bus_87a,0,4,bus_moyna_checkpost,
bus_87a,0,5,bus_khilkapur,
bus_87a,0,6,bus_mirhati_more,
bus_87a,0,7,bus_kamdebpur,
bus_87a,0,8,bus_amdanga,
bus_87a,0,9,bus_rafipur,
bus_87a,0,10,bus_padmalavpur,
bus_87a,0,11,bus_hamidpur,
bus_87a,0,12,bus_rambati,
bus_87a,0,13,bus_panpur_more,
bus_87a,0,14,bus_kankinara,
bus_87a,0,15,bus_bhatpara,
bus_87a,0,16,bus_naihati_station,
bus_87a,1,1,bus_naihati_station,
bus_87a,1,2,bus_bhatpara,
bus_87a,1,3,bus_kankinara,
bus_87a,1,4,bus_panpur_more,
bus_87a,1,5,bus_rambati,
bus_87a,1,6,bus_hamidpur,
bus_87a,1,7,bus_padmalavpur,
bus_87a,1,8,bus_rafipur,
bus_87a,1,9,bus_amdanga,
bus_87a,1,10,bus_kamdebpur,
bus_87a,1,11,bus_mirhati_more,
bus_87a,1,12,bus_khilkapur,
bus_87a,1,13,bus_moyna_checkpost,
bus_87a,1,14,bus_colony_more,
bus_87a,1,15,bus_chapadali_more,
bus_87a,1,16,bus_barasat,
bus_88,0,1,bus_barasat,
bus_88,0,2,bus_chapadali_more,
bus_88,0,3,bus_colony_more,
bus_88,0,4,bus_moyna_checkpost,
bus_88,0,5,bus_khilkapur,
bus_88,0,6,bus_mirhati_more,
bus_88,0,7,bus_kamdebpur,
bus_88,0,8,bus_amdanga,
bus_88,0,9,bus_rahana_bazar,
bus_88,0,10,bus_awalsiddhi,
bus_88,0,11,bus_adhata_more,
bus_88,0,12,bus_kanchiara,
bus_88,0,13,bus_bethpukur,
bus_88,0,14,bus_gadamara,
bus_88,0,15,bus_kapileshwar,
bus_88,0,16,bus_jaguli_more,
bus_88,0,17,bus_mondourie,
bus_88,0,18,bus_charapole,
bus_88,0,19,bus_kampa_more,
bus_88,0,20,bus_kanchrapara,
bus_88,1,1,bus_kanchrapara,
bus_88,1,2,bus_kampa_more,
bus_88,1,3,bus_charapole,
bus_88,1,4,bus_mondourie,
bus_88,1,5,bus_jaguli_more,
bus_88,1,6,bus_kapileshwar,
bus_88,1,7,bus_gadamara,
bus_88,1,8,bus_bethpukur,
bus_88,1,9,bus_kanchiara,
bus_88,1,10,bus_adhata_more,
bus_88,1,11,bus_awalsiddhi,
bus_88,1,12,bus_rahana_bazar,
bus_88,1,13,bus_amdanga,
bus_88,1,14,bus_kamdebpur,
bus_88,1,15,bus_mirhati_more,
bus_88,1,16,bus_khilkapur,
bus_88,1,17,bus_moyna_checkpost,
bus_88,1,18,bus_colony_more,
bus_88,1,19,bus_chapadali_more,
bus_88,1,20,bus_barasat,
bus_91,0,1,bus_shyambazar,
bus_91,0,2,bus_r_g_kar_hospital,
bus_91,0,3,bus_belgachia,
bus_91,0,4,bus_patipukur,
bus_91,0,5,bus_kalindi_more,
bus_91,0,6,bus_bangur_avenue,
bus_91,0,7,bus_diamond_plaza,
bus_91,0,8,bus_nagerbazar,
bus_91,0,9,bus_central_jail,
bus_91,0,10,bus_airport_1no,
bus_91,0,11,bus_kaikhali,
bus_91,0,12,bus_dashadrone,
bus_91,0,13,bus_gopalpur_house,
bus_91,0,14,bus_kalipark,
bus_91,0,15,bus_bablatala,
bus_91,0,16,bus_narayanpur,
bus_91,0,17,bus_beraberi,
bus_91,0,18,bus_reckjuani,
bus_91,0,19,bus_rajarhat_chowmatha,
bus_91,0,20,bus_bishnupur_3,
bus_91,0,21,bus_lauhati,
bus_91,0,22,bus_vedic_village_2,
bus_91,0,23,bus_shikharpur,
bus_91,0,24,bus_bazetaraf,
bus_91,0,25,bus_polerhat,
bus_91,0,26,bus_kashipur,
bus_91,0,27,bus_shonepur,
bus_91,0,28,bus_kanthalia,
bus_91,0,29,bus_bhangore,
bus_91,1,1,bus_bhangore,
bus_91,1,2,bus_kanthalia,
bus_91,1,3,bus_shonepur,
bus_91,1,4,bus_kashipur,
bus_91,1,5,bus_polerhat,
bus_91,1,6,bus_bazetaraf,
bus_91,1,7,bus_shikharpur,
bus_91,1,8,bus_vedic_village_2,
bus_91,1,9,bus_lauhati,
bus_91,1,10,bus_bishnupur_3,
bus_91,1,11,bus_rajarhat_chowmatha,
bus_91,1,12,bus_reckjuani,
bus_91,1,13,bus_beraberi,
bus_91,1,14,bus_narayanpur,
bus_91,1,15,bus_bablatala,
bus_91,1,16,bus_kalipark,
bus_91,1,17,bus_gopalpur_house,
bus_91,1,18,bus_dashadrone,
bus_91,1,19,bus_kaikhali,
bus_91,1,20,bus_airport_1no,
bus_91,1,21,bus_central_jail,
bus_91,1,22,bus_nagerbazar,
bus_91,1,23,bus_diamond_plaza,
bus_91,1,24,bus_bangur_avenue,
bus_91,1,25,bus_kalindi_more,
bus_91,1,26,bus_patipukur,
bus_91,1,27,bus_belgachia,
bus_91,1,28,bus_r_g_kar_hospital,
bus_91,1,29,bus_shyambazar,
bus_91a,0,1,bus_shyambazar,
bus_91a,0,2,bus_r_g_kar_hospital,
bus_91a,0,3,bus_belgachia,
bus_91a,0,4,bus_patipukur,
bus_91a,0,5,bus_kalindi_more,
bus_91a,0,6,bus_bangur_avenue,
bus_91a,0,7,bus_diamond_plaza,
bus_91a,0,8,bus_nagerbazar,
bus_91a,0,9,bus_central_jail,
bus_91a,0,10,bus_airport_1no,
bus_91a,0,11,bus_kaikhali,
bus_91a,0,12,bus_dashadrone,
bus_91a,0,13,bus_gopalpur_house,
bus_91a,0,14,bus_kalipark,
bus_91a,0,15,bus_bablatala,
bus_91a,0,16,bus_narayanpur,
bus_91a,0,17,bus_beraberi,
bus_91a,0,18,bus_reckjuani,
bus_91a,0,19,bus_rajarhat_chowmatha,
bus_91a,0,20,bus_bishnupur_3,
bus_91a,0,21,bus_lauhati,
bus_91a,0,22,bus_chandpur,
bus_91a,0,23,bus_dhibdhiba,
bus_91a,0,24,bus_shyamnagar,
bus_91a,0,25,bus_pirnagar,
bus_91a,0,26,bus_payragacha,
bus_91a,0,27,bus_dhanpota,
bus_91a,0,28,bus_mazompur,
bus_91a,0,29,bus_haroa_bridge,
bus_91a,1,1,bus_haroa_bridge,
bus_91a,1,2,bus_mazompur,
bus_91a,1,3,bus_dhanpota,
bus_91a,1,4,bus_payragacha,
bus_91a,1,5,bus_pirnagar,
bus_91a,1,6,bus_shyamnagar,
bus_91a,1,7,bus_dhibdhiba,
bus_91a,1,8,bus_chandpur,
bus_91a,1,9,bus_lauhati,
bus_91a,1,10,bus_bishnupur_3,
bus_91a,1,11,bus_rajarhat_chowmatha,
bus_91a,1,12,bus_reckjuani,
bus_91a,1,13,bus_beraberi,
bus_91a,1,14,bus_narayanpur,
bus_91a,1,15,bus_bablatala,
bus_91a,1,16,bus_kalipark,
bus_91a,1,17,bus_gopalpur_house,
bus_91a,1,18,bus_dashadrone,
bus_91a,1,19,bus_kaikhali,
bus_91a,1,20,bus_airport_1no,
bus_91a,1,21,bus_central_jail,
bus_91a,1,22,bus_nagerbazar,
bus_91a,1,23,bus_diamond_plaza,
bus_91a,1,24,bus_bangur_avenue,
bus_91a,1,25,bus_kalindi_more,
bus_91a,1,26,bus_patipukur,
bus_91a,1,27,bus_belgachia,
bus_91a,1,28,bus_r_g_kar_hospital,
bus_91a,1,29,bus_shyambazar,
bus_91b,0,1,bus_shyambazar,
bus_91b,0,2,bus_r_g_kar_hospital,
bus_91b,0,3,bus_belgachia,
bus_91b,0,4,bus_patipukur,
bus_91b,0,5,bus_kalindi_more,
bus_91b,0,6,bus_bangur_avenue,
bus_91b,0,7,bus_diamond_plaza,
bus_91b,0,8,bus_nagerbazar,
bus_91b,0,9,bus_central_jail,
bus_91b,0,10,bus_airport_1no,
bus_91b,0,11,bus_kaikhali,
bus_91b,0,12,bus_haldirams,
bus_91b,0,13,bus_chinar_park,
bus_91b,0,14,bus_salua_bazar,
bus_91b,0,15,bus_derozio_college,
bus_91b,0,16,bus_reckjuani,
bus_91b,0,17,bus_rajarhat_chowmatha,
bus_91b,0,18,bus_bishnupur_3,
bus_91b,0,19,bus_lauhati,
bus_91b,0,20,bus_vedic_village_2,
bus_91b,0,21,bus_shikharpur,
bus_91b,0,22,bus_pakapole,
bus_91b,1,1,bus_pakapole,
bus_91b,1,2,bus_shikharpur,
bus_91b,1,3,bus_vedic_village_2,
bus_91b,1,4,bus_lauhati,
bus_91b,1,5,bus_bishnupur_3,
bus_91b,1,6,bus_rajarhat_chowmatha,
bus_91b,1,7,bus_reckjuani,
bus_91b,1,8,bus_derozio_college,
bus_91b,1,9,bus_salua_bazar,
bus_91b,1,10,bus_chinar_park,
bus_91b,1,11,bus_haldirams,
bus_91b,1,12,bus_kaikhali,
bus_91b,1,13,bus_airport_1no,
bus_91b,1,14,bus_central_jail,
bus_91b,1,15,bus_nagerbazar,
bus_91b,1,16,bus_diamond_plaza,
bus_91b,1,17,bus_bangur_avenue,
bus_91b,1,18,bus_kalindi_more,
bus_91b,1,19,bus_patipukur,
bus_91b,1,20,bus_belgachia,
bus_91b,1,21,bus_r_g_kar_hospital,
bus_91b,1,22,bus_shyambazar,
bus_91c,0,1,bus_shyambazar,
bus_91c,0,2,bus_khanna_cinema,
bus_91c,0,3,bus_ultadanga,
bus_91c,0,4,bus_sreebhumi,
bus_91c,0,5,bus_laketown,
bus_91c,0,6,bus_dumdum_park,
bus_91c,0,7,bus_kestopur,
bus_91c,0,8,bus_baguiati,
bus_91c,0,9,bus_haldirams,
bus_91c,0,10,bus_kaikhali,
bus_91c,0,11,bus_haldirams,
bus_91c,0,12,bus_chinar_park,
bus_91c,0,13,bus_salua_bazar,
bus_91c,0,14,bus_derozio_college,
bus_91c,0,15,bus_reckjuani,
bus_91c,0,16,bus_rajarhat_chowmatha,
bus_91c,0,17,bus_bishnupur_3,
bus_91c,0,18,bus_lauhati,
bus_91c,1,1,bus_lauhati,
bus_91c,1,2,bus_bishnupur_3,
bus_91c,1,3,bus_rajarhat_chowmatha,
bus_91c,1,4,bus_reckjuani,
bus_91c,1,5,bus_derozio_college,
bus_91c,1,6,bus_salua_bazar,
bus_91c,1,7,bus_chinar_park,
bus_91c,1,8,bus_haldirams,
bus_91c,1,9,bus_kaikhali,
bus_91c,1,10,bus_haldirams,
bus_91c,1,11,bus_baguiati,
bus_91c,1,12,bus_kestopur,
bus_91c,1,13,bus_dumdum_park,
bus_91c,1,14,bus_laketown,
bus_91c,1,15,bus_sreebhumi,
bus_91c,1,16,bus_ultadanga,
bus_91c,1,17,bus_khanna_cinema,
bus_91c,1,18,bus_shyambazar,
bus_92,0,1,bus_bongaon,
bus_92,0,2,bus_motigunge,
bus_92,0,3,bus_ghatboar,
bus_92,0,4,bus_katlamari,
bus_92,0,5,bus_chanda,
bus_92,0,6,bus_ganrapota,
bus_92,0,7,bus_patshimulia,
bus_92,0,8,bus_asharu_bazar,
bus_92,0,9,bus_helencha,
bus_92,0,10,bus_bagdah,
bus_92,0,11,bus_meherani,
bus_92,0,12,bus_boyra,
bus_92,1,1,bus_boyra,
bus_92,1,2,bus_meherani,
bus_92,1,3,bus_bagdah,
bus_92,1,4,bus_helencha,
bus_92,1,5,bus_asharu_bazar,
bus_92,1,6,bus_patshimulia,
bus_92,1,7,bus_ganrapota,
bus_92,1,8,bus_chanda,
bus_92,1,9,bus_katlamari,
bus_92,1,10,bus_ghatboar,
bus_92,1,11,bus_motigunge,
bus_92,1,12,bus_bongaon,
bus_92a,0,1,bus_bongaon,
bus_92a,0,2,bus_motigunge,
bus_92a,0,3,bus_ghatboar,
bus_92a,0,4,bus_katlamari,
bus_92a,0,5,bus_chanda,
bus_92a,0,6,bus_ganrapota,
bus_92a,0,7,bus_patshimulia,
bus_92a,0,8,bus_asharu_bazar,
bus_92a,0,9,bus_helencha,
bus_92a,0,10,bus_choatia,
bus_92a,0,11,bus_sindrani,
bus_92a,0,12,bus_duttaphulia,
bus_92a,1,1,bus_duttaphulia,
bus_92a,1,2,bus_sindrani,
bus_92a,1,3,bus_choatia,
bus_92a,1,4,bus_helencha,
bus_92a,1,5,bus_asharu_bazar,
bus_92a,1,6,bus_patshimulia,
bus_92a,1,7,bus_ganrapota,
bus_92a,1,8,bus_chanda,
bus_92a,1,9,bus_katlamari,
bus_92a,1,10,bus_ghatboar,
bus_92a,1,11,bus_motigunge,
bus_92a,1,12,bus_bongaon,
bus_93,0,1,bus_kharibari,
bus_93,0,2,bus_chowmuha,
bus_93,0,3,bus_krishnamati,
bus_93,0,4,bus_kemia_more,
bus_93,0,5,bus_gustia_more,
bus_93,0,6,bus_kanchantala,
bus_93,0,7,bus_badu_bazar,
bus_93,0,8,bus_madhyamgram,
bus_93,0,9,bus_doltala_more,
bus_93,0,10,bus_b_t_college,
bus_93,0,11,bus_michael_nagar,
bus_93,0,12,bus_birati_more,
bus_93,0,13,bus_airport_3no,
bus_93,0,14,bus_airport_1no,
bus_93,0,15,bus_central_jail,
bus_93,0,16,bus_nagerbazar,
bus_93,0,17,bus_diamond_plaza,
bus_93,0,18,bus_bangur_avenue,
bus_93,0,19,bus_kalindi_more,
bus_93,0,20,bus_patipukur,
bus_93,0,21,bus_belgachia,
bus_93,0,22,bus_r_g_kar_hospital,
bus_93,0,23,bus_shyambazar,
bus_93,0,24,bus_rajballavpara,
bus_93,0,25,bus_bagbazar,
bus_93,1,1,bus_bagbazar,
bus_93,1,2,bus_rajballavpara,
bus_93,1,3,bus_shyambazar,
bus_93,1,4,bus_r_g_kar_hospital,
bus_93,1,5,bus_belgachia,
bus_93,1,6,bus_patipukur,
bus_93,1,7,bus_kalindi_more,
bus_93,1,8,bus_bangur_avenue,
bus_93,1,9,bus_diamond_plaza,
bus_93,1,10,bus_nagerbazar,
bus_93,1,11,bus_central_jail,
bus_93,1,12,bus_airport_1no,
bus_93,1,13,bus_airport_3no,
bus_93,1,14,bus_birati_more,
bus_93,1,15,bus_michael_nagar,
bus_93,1,16,bus_b_t_college,
bus_93,1,17,bus_doltala_more,
bus_93,1,18,bus_madhyamgram,
bus_93,1,19,bus_badu_bazar,
bus_93,1,20,bus_kanchantala,
bus_93,1,21,bus_gustia_more,
bus_93,1,22,bus_kemia_more,
bus_93,1,23,bus_krishnamati,
bus_93,1,24,bus_chowmuha,
bus_93,1,25,bus_kharibari,
bus_95,0,1,bus_bongaon,
bus_95,0,2,bus_motigunge,
bus_95,0,3,bus_chapaberia,
bus_95,0,4,bus_chalki_bazar,
bus_95,0,5,bus_gopalnagar,
bus_95,0,6,bus_pallagram,
bus_95,0,7,bus_nahata,
bus_95,0,8,bus_nimtala,
bus_95,0,9,bus_nagarukhra,
bus_95,0,10,bus_hapania_2,
bus_95,0,11,bus_jhikra_bazar,
bus_95,0,12,bus_chanda_2,
bus_95,0,13,bus_banbania,
bus_95,0,14,bus_habra_station,
bus_95,1,1,bus_habra_station,
bus_95,1,2,bus_banbania,
bus_95,1,3,bus_chanda_2,
bus_95,1,4,bus_jhikra_bazar,
bus_95,1,5,bus_hapania_2,
bus_95,1,6,bus_nagarukhra,
bus_95,1,7,bus_nimtala,
bus_95,1,8,bus_nahata,
bus_95,1,9,bus_pallagram,
bus_95,1,10,bus_gopalnagar,
bus_95,1,11,bus_chalki_bazar,
bus_95,1,12,bus_chapaberia,
bus_95,1,13,bus_motigunge,
bus_95,1,14,bus_bongaon,
bus_96c,0,1,bus_bongaon,
bus_96c,0,2,bus_chapaberia,
bus_96c,0,3,bus_chalki_bazar,
bus_96c,0,4,bus_sreepally,
bus_96c,0,5,bus_mamudpur,
bus_96c,0,6,bus_goalbagi,
bus_96c,0,7,bus_nataberia,
bus_96c,0,8,bus_malipota,
bus_96c,0,9,bus_bajitpur,
bus_96c,0,10,bus_sindrani,
bus_96c,0,11,bus_duttaphulia,
bus_96c,1,1,bus_duttaphulia,
bus_96c,1,2,bus_sindrani,
bus_96c,1,3,bus_bajitpur,
bus_96c,1,4,bus_malipota,
bus_96c,1,5,bus_nataberia,
bus_96c,1,6,bus_goalbagi,
bus_96c,1,7,bus_mamudpur,
bus_96c,1,8,bus_sreepally,
bus_96c,1,9,bus_chalki_bazar,
bus_96c,1,10,bus_chapaberia,
bus_96c,1,11,bus_bongaon,
bus_96c_2,0,1,bus_bongaon,
bus_96c_2,0,2,bus_puratan_bongaon,
bus_96c_2,0,3,bus_angrail,
bus_96c_2,0,4,bus_barnaberia,
bus_96c_2,0,5,bus_jhawdanga,
bus_96c_2,0,6,bus_kahankia,
bus_96c_2,0,7,bus_pabnapara,
bus_96c_2,0,8,bus_purandarur,
bus_96c_2,0,9,bus_subidpur,
bus_96c_2,0,10,bus_beri_gopalpur,
bus_96c_2,1,1,bus_beri_gopalpur,
bus_96c_2,1,2,bus_subidpur,
bus_96c_2,1,3,bus_purandarur,
bus_96c_2,1,4,bus_pabnapara,
bus_96c_2,1,5,bus_kahankia,
bus_96c_2,1,6,bus_jhawdanga,
bus_96c_2,1,7,bus_barnaberia,
bus_96c_2,1,8,bus_angrail,
bus_96c_2,1,9,bus_puratan_bongaon,
bus_96c_2,1,10,bus_bongaon,
bus_201,0,1,bus_nimta,
bus_201,0,2,bus_culture_more,
bus_201,0,3,bus_badamtala,
bus_201,0,4,bus_belghoria_station,
bus_201,0,5,bus_rathtala_more,
bus_201,0,6,bus_dunlop_more,
bus_201,0,7,bus_bonhooghly_tobin_road,
bus_201,0,8,bus_sinthee_more,
bus_201,0,9,bus_chiria_more,
bus_201,0,10,bus_shyambazar,
bus_201,0,11,bus_khanna_cinema,
bus_201,0,12,bus_ultadanga,
bus_201,0,13,bus_saltlake_p_n_b,
bus_201,0,14,bus_saltlake_4no_tank,
bus_201,0,15,bus_baisakhi_more,
bus_201,0,16,bus_purta_bhawan,
bus_201,0,17,bus_karunamoyee,
bus_201,0,18,bus_wipro_more,
bus_201,0,19,bus_s_d_f_more,
bus_201,0,20,bus_college_more,
bus_201,0,21,bus_mahishbathan,
bus_201,1,1,bus_mahishbathan,
bus_201,1,2,bus_college_more,
bus_201,1,3,bus_s_d_f_more,
bus_201,1,4,bus_wipro_more,
bus_201,1,5,bus_karunamoyee,
bus_201,1,6,bus_purta_bhawan,
bus_201,1,7,bus_baisakhi_more,
bus_201,1,8,bus_saltlake_4no_tank,
bus_201,1,9,bus_saltlake_p_n_b,
bus_201,1,10,bus_ultadanga,
bus_201,1,11,bus_khanna_cinema,
bus_201,1,12,bus_shyambazar,
bus_201,1,13,bus_chiria_more,
bus_201,1,14,bus_sinthee_more,
bus_201,1,15,bus_bonhooghly_tobin_road,
bus_201,1,16,bus_dunlop_more,
bus_201,1,17,bus_rathtala_more,
bus_201,1,18,bus_belghoria_station,
bus_201,1,19,bus_badamtala,
bus_201,1,20,bus_culture_more,
bus_201,1,21,bus_nimta,
bus_202,0,1,bus_nagerbazar,
bus_202,0,2,bus_dumdum_station,
bus_202,0,3,bus_chiria_more,
bus_202,0,4,bus_shyambazar,
bus_202,0,5,bus_khanna_cinema,
bus_202,0,6,bus_maniktala,
bus_202,0,7,bus_rajabazar,
bus_202,0,8,bus_sealdah_station,
bus_202,0,9,bus_moulali_more,
bus_202,0,10,bus_mallick_bazar,
bus_202,0,11,bus_park_circus,
bus_202,0,12,bus_4no_bridge,
bus_202,0,13,bus_topsia_more,
bus_202,0,14,bus_science_city,
bus_202,1,1,bus_science_city,
bus_202,1,2,bus_topsia_more,
bus_202,1,3,bus_4no_bridge,
bus_202,1,4,bus_park_circus,
bus_202,1,5,bus_mallick_bazar,
bus_202,1,6,bus_moulali_more,
bus_202,1,7,bus_sealdah_station,
bus_202,1,8,bus_rajabazar,
bus_202,1,9,bus_maniktala,
bus_202,1,10,bus_khanna_cinema,
bus_202,1,11,bus_shyambazar,
bus_202,1,12,bus_chiria_more,
bus_202,1,13,bus_dumdum_station,
bus_202,1,14,bus_nagerbazar,
bus_204_1,0,1,bus_chetla_park,
bus_204_1,0,2,bus_alipore_court,
bus_204_1,0,3,bus_kalighat,
bus_204_1,0,4,bus_hazra_more,
bus_204_1,0,5,bus_sishu_mangal,
bus_204_1,0,6,bus_garcha,
bus_204_1,0,7,bus_ballygunge_phari,
bus_204_1,0,8,bus_broad_street,
bus_204_1,0,9,bus_4no_bridge,
bus_204_1,0,10,bus_c_i_t_road,
bus_204_1,0,11,bus_chittaranjan_hospital,
bus_204_1,0,12,bus_moulali_more,
bus_204_1,0,13,bus_sealdah_station,
bus_204_1,0,14,bus_rajabazar,
bus_204_1,1,1,bus_rajabazar,
bus_204_1,1,2,bus_sealdah_station,
bus_204_1,1,3,bus_moulali_more,
bus_204_1,1,4,bus_chittaranjan_hospital,
bus_204_1,1,5,bus_c_i_t_road,
bus_204_1,1,6,bus_4no_bridge,
bus_204_1,1,7,bus_broad_street,
bus_204_1,1,8,bus_ballygunge_phari,
bus_204_1,1,9,bus_garcha,
bus_204_1,1,10,bus_sishu_mangal,
bus_204_1,1,11,bus_hazra_more,
bus_204_1,1,12,bus_kalighat,
bus_204_1,1,13,bus_alipore_court,
bus_204_1,1,14,bus_chetla_park,
bus_205,0,1,bus_bansdroni,
bus_205,0,2,bus_netaji_nagar,
bus_205,0,3,bus_ranikuthi,
bus_205,0,4,bus_malancha_cinema,
bus_205,0,5,bus_tollygunge,
bus_205,0,6,bus_rabindra_sarovar,
bus_205,0,7,bus_kalighat,
bus_205,0,8,bus_hazra_more,
bus_205,0,9,bus_bhowanipore,
bus_205,0,10,bus_rabindra_sadan,
bus_205,0,11,bus_maidan_metro,
bus_205,0,12,bus_park_street,
bus_205,0,13,bus_esplanade,
bus_205,0,14,bus_dalhousie,
bus_205,0,15,bus_babughat,
bus_205,1,1,bus_babughat,
bus_205,1,2,bus_dalhousie,
bus_205,1,3,bus_esplanade,
bus_205,1,4,bus_park_street,
bus_205,1,5,bus_maidan_metro,
bus_205,1,6,bus_rabindra_sadan,
bus_205,1,7,bus_bhowanipore,
bus_205,1,8,bus_hazra_more,
bus_205,1,9,bus_kalighat,
bus_205,1,10,bus_rabindra_sarovar,
bus_205,1,11,bus_tollygunge,
bus_205,1,12,bus_malancha_cinema,
bus_205,1,13,bus_ranikuthi,
bus_205,1,14,bus_netaji_nagar,
bus_205,1,15,bus_bansdroni,
bus_205a,0,1,bus_bansdroni,
bus_205a,0,2,bus_netaji_nagar,
bus_205a,0,3,bus_ranikuthi,
bus_205a,0,4,bus_malancha_cinema,
bus_205a,0,5,bus_tollygunge,
bus_205a,0,6,bus_rabindra_sarovar,
bus_205a,0,7,bus_rashbehari,
bus_205a,0,8,bus_deshapriya_park,
bus_205a,0,9,bus_gariahat,
bus_205a,0,10,bus_ballygunge_phari,
bus_205a,0,11,bus_quest_mall,
bus_205a,0,12,bus_park_circus,
bus_205a,0,13,bus_mallick_bazar,
bus_205a,0,14,bus_moulali_more,
bus_205a,0,15,bus_wellington,
bus_205a,0,16,bus_chandni_market,
bus_205a,0,17,bus_esplanade,
bus_205a,0,18,bus_dalhousie,
bus_205a,0,19,bus_babughat,
bus_205a,1,1,bus_babughat,
bus_205a,1,2,bus_dalhousie,
bus_205a,1,3,bus_esplanade,
bus_205a,1,4,bus_chandni_market,
bus_205a,1,5,bus_wellington,
bus_205a,1,6,bus_moulali_more,
bus_205a,1,7,bus_mallick_bazar,
bus_205a,1,8,bus_park_circus,
bus_205a,1,9,bus_quest_mall,
bus_205a,1,10,bus_ballygunge_phari,
bus_205a,1,11,bus_gariahat,
bus_205a,1,12,bus_deshapriya_park,
bus_205a,1,13,bus_rashbehari,
bus_205a,1,14,bus_rabindra_sarovar,
bus_205a,1,15,bus_tollygunge,
bus_205a,1,16,bus_malancha_cinema,
bus_205a,1,17,bus_ranikuthi,
bus_205a,1,18,bus_netaji_nagar,
bus_205a,1,19,bus_bansdroni,
bus_208,0,1,bus_kudghat,
bus_208,0,2,bus_tollygunge,
bus_208,0,3,bus_rabindra_sarovar,
bus_208,0,4,bus_rashbehari,
bus_208,0,5,bus_kalighat,
bus_208,0,6,bus_hazra_more,
bus_208,0,7,bus_bhowanipore,
bus_208,0,8,bus_rabindra_sadan,
bus_208,0,9,bus_maidan_metro,
bus_208,0,10,bus_park_street,
bus_208,0,11,bus_esplanade,
bus_208,0,12,bus_dalhousie,
bus_208,0,13,bus_barabazar,
bus_208,0,14,bus_howrah_station,
bus_208,1,1,bus_howrah_station,
bus_208,1,2,bus_barabazar,
bus_208,1,3,bus_dalhousie,
bus_208,1,4,bus_esplanade,
bus_208,1,5,bus_park_street,
bus_208,1,6,bus_maidan_metro,
bus_208,1,7,bus_rabindra_sadan,
bus_208,1,8,bus_bhowanipore,
bus_208,1,9,bus_hazra_more,
bus_208,1,10,bus_kalighat,
bus_208,1,11,bus_rashbehari,
bus_208,1,12,bus_rabindra_sarovar,
bus_208,1,13,bus_tollygunge,
bus_208,1,14,bus_kudghat,
bus_210,0,1,bus_raichak,
bus_210,0,2,bus_sarisha_more,
bus_210,0,3,bus_dostipur,
bus_210,0,4,bus_fatehpur,
bus_210,0,5,bus_shirakole,
bus_210,0,6,bus_amtala,
bus_210,0,7,bus_bishnupur,
bus_210,0,8,bus_khariberia,
bus_210,0,9,bus_bhasha_14no,
bus_210,0,10,bus_pailan,
bus_210,0,11,bus_joka_bridge,
bus_210,0,12,bus_thakurpukur,
bus_210,0,13,bus_shilpara,
bus_210,0,14,bus_sakher_bazar,
bus_210,0,15,bus_behala_chowrasta,
bus_210,0,16,bus_behala_14no,
bus_210,0,17,bus_majherhat,
bus_210,0,18,bus_mominpore,
bus_210,0,19,bus_bhawani_bhawan,
bus_210,0,20,bus_p_t_s_more,
bus_210,0,21,bus_fort_william,
bus_210,0,22,bus_esplanade,
bus_210,1,1,bus_esplanade,
bus_210,1,2,bus_fort_william,
bus_210,1,3,bus_p_t_s_more,
bus_210,1,4,bus_bhawani_bhawan,
bus_210,1,5,bus_mominpore,
bus_210,1,6,bus_majherhat,
bus_210,1,7,bus_behala_14no,
bus_210,1,8,bus_behala_chowrasta,
bus_210,1,9,bus_sakher_bazar,
bus_210,1,10,bus_shilpara,
bus_210,1,11,bus_thakurpukur,
bus_210,1,12,bus_joka_bridge,
bus_210,1,13,bus_pailan,
bus_210,1,14,bus_bhasha_14no,
bus_210,1,15,bus_khariberia,
bus_210,1,16,bus_bishnupur,
bus_210,1,17,bus_amtala,
bus_210,1,18,bus_shirakole,
bus_210,1,19,bus_fatehpur,
bus_210,1,20,bus_dostipur,
bus_210,1,21,bus_sarisha_more,
bus_210,1,22,bus_raichak,
bus_211_white_board,0,1,bus_ahiritola,
bus_211_white_board,0,2,bus_b_k_paul_more,
bus_211_white_board,0,3,bus_sovabazar,
bus_211_white_board,0,4,bus_hatibagan,
bus_211_white_board,0,5,bus_khanna_cinema,
bus_211_white_board,0,6,bus_ultadanga,
bus_211_white_board,0,7,bus_sreebhumi,
bus_211_white_board,0,8,bus_laketown,
bus_211_white_board,0,9,bus_dumdum_park,
bus_211_white_board,0,10,bus_kestopur,
bus_211_white_board,0,11,bus_baguiati,
bus_211_white_board,0,12,bus_lokenath_mandir,
bus_211_white_board,0,13,bus_chinar_park,
bus_211_white_board,0,14,bus_salua_bazar,
bus_211_white_board,0,15,bus_derozio_college,
bus_211_white_board,0,16,bus_reckjuani,
bus_211_white_board,0,17,bus_rajarhat_chowmatha,
bus_211_white_board,0,18,bus_kalaberia,
bus_211_white_board,0,19,bus_langolpota,
bus_211_white_board,0,20,bus_mahishgari,
bus_211_white_board,0,21,bus_kharibari,
bus_211_white_board,1,1,bus_kharibari,
bus_211_white_board,1,2,bus_mahishgari,
bus_211_white_board,1,3,bus_langolpota,
bus_211_white_board,1,4,bus_kalaberia,
bus_211_white_board,1,5,bus_rajarhat_chowmatha,
bus_211_white_board,1,6,bus_reckjuani,
bus_211_white_board,1,7,bus_derozio_college,
bus_211_white_board,1,8,bus_salua_bazar,
bus_211_white_board,1,9,bus_chinar_park,
bus_211_white_board,1,10,bus_lokenath_mandir,
bus_211_white_board,1,11,bus_baguiati,
bus_211_white_board,1,12,bus_kestopur,
bus_211_white_board,1,13,bus_dumdum_park,
bus_211_white_board,1,14,bus_laketown,
bus_211_white_board,1,15,bus_sreebhumi,
bus_211_white_board,1,16,bus_ultadanga,
bus_211_white_board,1,17,bus_khanna_cinema,
bus_211_white_board,1,18,bus_hatibagan,
bus_211_white_board,1,19,bus_sovabazar,
bus_211_white_board,1,20,bus_b_k_paul_more,
bus_211_white_board,1,21,bus_ahiritola,
bus_211_yellow_board,0,1,bus_ahiritola,
bus_211_yellow_board,0,2,bus_b_k_paul_more,
bus_211_yellow_board,0,3,bus_sovabazar,
bus_211_yellow_board,0,4,bus_hatibagan,
bus_211_yellow_board,0,5,bus_khanna_cinema,
bus_211_yellow_board,0,6,bus_ultadanga,
bus_211_yellow_board,0,7,bus_sreebhumi,
bus_211_yellow_board,0,8,bus_laketown,
bus_211_yellow_board,0,9,bus_dumdum_park,
bus_211_yellow_board,0,10,bus_kestopur,
bus_211_yellow_board,0,11,bus_baguiati,
bus_211_yellow_board,0,12,bus_lokenath_mandir,
bus_211_yellow_board,0,13,bus_chinar_park,
bus_211_yellow_board,0,14,bus_salua_bazar,
bus_211_yellow_board,0,15,bus_derozio_college,
bus_211_yellow_board,0,16,bus_reckjuani,
bus_211_yellow_board,0,17,bus_rajarhat_chowmatha,
bus_211_yellow_board,0,18,bus_bishnupur_3,
bus_211_yellow_board,0,19,bus_kalur_more,
bus_211_yellow_board,0,20,bus_gangraguri,
bus_211_yellow_board,0,21,bus_patharghata,
bus_211_yellow_board,1,1,bus_patharghata,
bus_211_yellow_board,1,2,bus_gangraguri,
bus_211_yellow_board,1,3,bus_kalur_more,
bus_211_yellow_board,1,4,bus_bishnupur_3,
bus_211_yellow_board,1,5,bus_rajarhat_chowmatha,
bus_211_yellow_board,1,6,bus_reckjuani,
bus_211_yellow_board,1,7,bus_derozio_college,
bus_211_yellow_board,1,8,bus_salua_bazar,
bus_211_yellow_board,1,9,bus_chinar_park,
bus_211_yellow_board,1,10,bus_lokenath_mandir,
bus_211_yellow_board,1,11,bus_baguiati,
bus_211_yellow_board,1,12,bus_kestopur,
bus_211_yellow_board,1,13,bus_dumdum_park,
bus_211_yellow_board,1,14,bus_laketown,
bus_211_yellow_board,1,15,bus_sreebhumi,
bus_211_yellow_board,1,16,bus_ultadanga,
bus_211_yellow_board,1,17,bus_khanna_cinema,
bus_211_yellow_board,1,18,bus_hatibagan,
bus_211_yellow_board,1,19,bus_sovabazar,
bus_211_yellow_board,1,20,bus_b_k_paul_more,
bus_211_yellow_board,1,21,bus_ahiritola,
bus_211_blue_board,0,1,bus_ahiritola,
bus_211_blue_board,0,2,bus_b_k_paul_more,
bus_211_blue_board,0,3,bus_sovabazar,
bus_211_blue_board,0,4,bus_hatibagan,
bus_211_blue_board,0,5,bus_khanna_cinema,
bus_211_blue_board,0,6,bus_ultadanga,
bus_211_blue_board,0,7,bus_sreebhumi,
bus_211_blue_board,0,8,bus_laketown,
bus_211_blue_board,0,9,bus_dumdum_park,
bus_211_blue_board,0,10,bus_kestopur,
bus_211_blue_board,0,11,bus_baguiati,
bus_211_blue_board,0,12,bus_lokenath_mandir,
bus_211_blue_board,0,13,bus_chinar_park,
bus_211_blue_board,0,14,bus_salua_bazar,
bus_211_blue_board,0,15,bus_derozio_college,
bus_211_blue_board,0,16,bus_reckjuani,
bus_211_blue_board,0,17,bus_rajarhat_chowmatha,
bus_211_blue_board,0,18,bus_bishnupur_3,
bus_211_blue_board,0,19,bus_lauhati,
bus_211_blue_board,0,20,bus_vedic_village_2,
bus_211_blue_board,0,21,bus_shikharpur,
bus_211_blue_board,1,1,bus_shikharpur,
bus_211_blue_board,1,2,bus_vedic_village_2,
bus_211_blue_board,1,3,bus_lauhati,
bus_211_blue_board,1,4,bus_bishnupur_3,
bus_211_blue_board,1,5,bus_rajarhat_chowmatha,
bus_211_blue_board,1,6,bus_reckjuani,
bus_211_blue_board,1,7,bus_derozio_college,
bus_211_blue_board,1,8,bus_salua_bazar,
bus_211_blue_board,1,9,bus_chinar_park,
bus_211_blue_board,1,10,bus_lokenath_mandir,
bus_211_blue_board,1,11,bus_baguiati,
bus_211_blue_board,1,12,bus_kestopur,
bus_211_blue_board,1,13,bus_dumdum_park,
bus_211_blue_board,1,14,bus_laketown,
bus_211_blue_board,1,15,bus_sreebhumi,
bus_211_blue_board,1,16,bus_ultadanga,
bus_211_blue_board,1,17,bus_khanna_cinema,
bus_211_blue_board,1,18,bus_hatibagan,
bus_211_blue_board,1,19,bus_sovabazar,
bus_211_blue_board,1,20,bus_b_k_paul_more,
bus_211_blue_board,1,21,bus_ahiritola,
bus_211a,0,1,bus_ahiritola,
bus_211a,0,2,bus_b_k_paul_more,
bus_211a,0,3,bus_sovabazar,
bus_211a,0,4,bus_rajballavpara,
bus_211a,0,5,bus_shyambazar,
bus_211a,0,6,bus_r_g_kar_hospital,
bus_211a,0,7,bus_belgachia,
bus_211a,0,8,bus_patipukur,
bus_211a,0,9,bus_kalindi_more,
bus_211a,0,10,bus_laketown,
bus_211a,0,11,bus_dumdum_park,
bus_211a,0,12,bus_kestopur,
bus_211a,0,13,bus_baguiati,
bus_211a,0,14,bus_lokenath_mandir,
bus_211a,0,15,bus_chinar_park,
bus_211a,0,16,bus_salua_bazar,
bus_211a,0,17,bus_derozio_college,
bus_211a,0,18,bus_reckjuani,
bus_211a,0,19,bus_rajarhat_chowmatha,
bus_211a,0,20,bus_kalaberia,
bus_211a,0,21,bus_langolpota,
bus_211a,1,1,bus_langolpota,
bus_211a,1,2,bus_kalaberia,
bus_211a,1,3,bus_rajarhat_chowmatha,
bus_211a,1,4,bus_reckjuani,
bus_211a,1,5,bus_derozio_college,
bus_211a,1,6,bus_salua_bazar,
bus_211a,1,7,bus_chinar_park,
bus_211a,1,8,bus_lokenath_mandir,
bus_211a,1,9,bus_baguiati,
bus_211a,1,10,bus_kestopur,
bus_211a,1,11,bus_dumdum_park,
bus_211a,1,12,bus_laketown,
bus_211a,1,13,bus_kalindi_more,
bus_211a,1,14,bus_patipukur,
bus_211a,1,15,bus_belgachia,
bus_211a,1,16,bus_r_g_kar_hospital,
bus_211a,1,17,bus_shyambazar,
bus_211a,1,18,bus_rajballavpara,
bus_211a,1,19,bus_sovabazar,
bus_211a,1,20,bus_b_k_paul_more,
bus_211a,1,21,bus_ahiritola,
bus_212,0,1,bus_palbazar_jadavpur_station,
bus_212,0,2,bus_garfa_road,
bus_212,0,3,bus_sapuipara,
bus_212,0,4,bus_ramlal_bazar,
bus_212,0,5,bus_haltu_bazar,
bus_212,0,6,bus_kasba_post_office,
bus_212,0,7,bus_ballygunge_station,
bus_212,0,8,bus_gariahat,
bus_212,0,9,bus_deshapriya_park,
bus_212,0,10,bus_sishu_mangal,
bus_212,0,11,bus_lansdowne,
bus_212,0,12,bus_minto_park,
bus_212,0,13,bus_rabindra_sadan,
bus_212,0,14,bus_maidan_metro,
bus_212,0,15,bus_park_street,
bus_212,0,16,bus_esplanade,
bus_212,0,17,bus_dalhousie,
bus_212,0,18,bus_barabazar,
bus_212,0,19,bus_howrah_station,
bus_212,1,1,bus_howrah_station,
bus_212,1,2,bus_barabazar,
bus_212,1,3,bus_dalhousie,
bus_212,1,4,bus_esplanade,
bus_212,1,5,bus_park_street,
bus_212,1,6,bus_maidan_metro,
bus_212,1,7,bus_rabindra_sadan,
bus_212,1,8,bus_minto_park,
bus_212,1,9,bus_lansdowne,
bus_212,1,10,bus_sishu_mangal,
bus_212,1,11,bus_deshapriya_park,
bus_212,1,12,bus_gariahat,
bus_212,1,13,bus_ballygunge_station,
bus_212,1,14,bus_kasba_post_office,
bus_212,1,15,bus_haltu_bazar,
bus_212,1,16,bus_ramlal_bazar,
bus_212,1,17,bus_sapuipara,
bus_212,1,18,bus_garfa_road,
bus_212,1,19,bus_palbazar_jadavpur_station,
bus_213,0,1,bus_ghatakpukur,
bus_213,0,2,bus_nalmuri,
bus_213,0,3,bus_boralighat,
bus_213,0,4,bus_paglarhat,
bus_213,0,5,bus_bhojerhat,
bus_213,0,6,bus_kantatala,
bus_213,0,7,bus_leather_complex,
bus_213,0,8,bus_bantala_bazar,
bus_213,0,9,bus_chowbaga,
bus_213,0,10,bus_science_city,
bus_213,0,11,bus_topsia_more,
bus_213,0,12,bus_tangra_more,
bus_213,0,13,bus_palmer_bazar,
bus_213,0,14,bus_sealdah_station,
bus_213,0,15,bus_moulali_more,
bus_213,0,16,bus_wellington,
bus_213,0,17,bus_chandni_market,
bus_213,0,18,bus_esplanade,
bus_213,0,19,bus_babughat,
bus_213,1,1,bus_babughat,
bus_213,1,2,bus_esplanade,
bus_213,1,3,bus_chandni_market,
bus_213,1,4,bus_wellington,
bus_213,1,5,bus_moulali_more,
bus_213,1,6,bus_sealdah_station,
bus_213,1,7,bus_palmer_bazar,
bus_213,1,8,bus_tangra_more,
bus_213,1,9,bus_topsia_more,
bus_213,1,10,bus_science_city,
bus_213,1,11,bus_chowbaga,
bus_213,1,12,bus_bantala_bazar,
bus_213,1,13,bus_leather_complex,
bus_213,1,14,bus_kantatala,
bus_213,1,15,bus_bhojerhat,
bus_213,1,16,bus_paglarhat,
bus_213,1,17,bus_boralighat,
bus_213,1,18,bus_nalmuri,
bus_213,1,19,bus_ghatakpukur,
bus_213a,0,1,bus_ghatakpukur,
bus_213a,0,2,bus_nalmuri,
bus_213a,0,3,bus_boralighat,
bus_213a,0,4,bus_paglarhat,
bus_213a,0,5,bus_bhojerhat,
bus_213a,0,6,bus_kantatala,
bus_213a,0,7,bus_leather_complex,
bus_213a,0,8,bus_bantala_bazar,
bus_213a,0,9,bus_chowbaga,
bus_213a,0,10,bus_science_city,
bus_213a,0,11,bus_topsia_more,
bus_213a,0,12,bus_4no_bridge,
bus_213a,0,13,bus_chittaranjan_hospital,
bus_213a,0,14,bus_c_i_t_road,
bus_213a,0,15,bus_moulali_more,
bus_213a,0,16,bus_sealdah_station,
bus_213a,0,17,bus_rajabazar,
bus_213a,1,1,bus_rajabazar,
bus_213a,1,2,bus_sealdah_station,
bus_213a,1,3,bus_moulali_more,
bus_213a,1,4,bus_c_i_t_road,
bus_213a,1,5,bus_chittaranjan_hospital,
bus_213a,1,6,bus_4no_bridge,
bus_213a,1,7,bus_topsia_more,
bus_213a,1,8,bus_science_city,
bus_213a,1,9,bus_chowbaga,
bus_213a,1,10,bus_bantala_bazar,
bus_213a,1,11,bus_leather_complex,
bus_213a,1,12,bus_kantatala,
bus_213a,1,13,bus_bhojerhat,
bus_213a,1,14,bus_paglarhat,
bus_213a,1,15,bus_boralighat,
bus_213a,1,16,bus_nalmuri,
bus_213a,1,17,bus_ghatakpukur,
bus_214,0,1,bus_sajirhat,
bus_214,0,2,bus_boardghar,
bus_214,0,3,bus_muragacha,
bus_214,0,4,bus_ghola_bazar,
bus_214,0,5,bus_sodepur_station,
bus_214,0,6,bus_kamarhati,
bus_214,0,7,bus_rathtala_more,
bus_214,0,8,bus_dunlop_more,
bus_214,0,9,bus_bonhooghly,
bus_214,0,10,bus_tobin_road,
bus_214,0,11,bus_sinthee_more,
bus_214,0,12,bus_chiria_more,
bus_214,0,13,bus_shyambazar,
bus_214,0,14,bus_rajballavpara,
bus_214,0,15,bus_sovabazar,
bus_214,0,16,bus_girish_park,
bus_214,0,17,bus_m_g_road,
bus_214,0,18,bus_central_metro,
bus_214,0,19,bus_dalhousie,
bus_214,0,20,bus_babughat,
bus_214,1,1,bus_babughat,
bus_214,1,2,bus_dalhousie,
bus_214,1,3,bus_central_metro,
bus_214,1,4,bus_m_g_road,
bus_214,1,5,bus_girish_park,
bus_214,1,6,bus_sovabazar,
bus_214,1,7,bus_rajballavpara,
bus_214,1,8,bus_shyambazar,
bus_214,1,9,bus_chiria_more,
bus_214,1,10,bus_sinthee_more,
bus_214,1,11,bus_tobin_road,
bus_214,1,12,bus_bonhooghly,
bus_214,1,13,bus_dunlop_more,
bus_214,1,14,bus_rathtala_more,
bus_214,1,15,bus_kamarhati,
bus_214,1,16,bus_sodepur_station,
bus_214,1,17,bus_ghola_bazar,
bus_214,1,18,bus_muragacha,
bus_214,1,19,bus_boardghar,
bus_214,1,20,bus_sajirhat,
bus_214a,0,1,bus_sodepur_girja,
bus_214a,0,2,bus_kamarhati,
bus_214a,0,3,bus_rathtala_more,
bus_214a,0,4,bus_dunlop_more,
bus_214a,0,5,bus_bonhooghly,
bus_214a,0,6,bus_tobin_road,
bus_214a,0,7,bus_sinthee_more,
bus_214a,0,8,bus_chiria_more,
bus_214a,0,9,bus_shyambazar,
bus_214a,0,10,bus_rajballavpara,
bus_214a,0,11,bus_sovabazar,
bus_214a,0,12,bus_girish_park,
bus_214a,0,13,bus_m_g_road,
bus_214a,0,14,bus_central_metro,
bus_214a,0,15,bus_chandni_market,
bus_214a,0,16,bus_esplanade,
bus_214a,1,1,bus_esplanade,
bus_214a,1,2,bus_chandni_market,
bus_214a,1,3,bus_central_metro,
bus_214a,1,4,bus_m_g_road,
bus_214a,1,5,bus_girish_park,
bus_214a,1,6,bus_sovabazar,
bus_214a,1,7,bus_rajballavpara,
bus_214a,1,8,bus_shyambazar,
bus_214a,1,9,bus_chiria_more,
bus_214a,1,10,bus_sinthee_more,
bus_214a,1,11,bus_tobin_road,
bus_214a,1,12,bus_bonhooghly,
bus_214a,1,13,bus_dunlop_more,
bus_214a,1,14,bus_rathtala_more,
bus_214a,1,15,bus_kamarhati,
bus_214a,1,16,bus_sodepur_girja,
bus_215,0,1,bus_moonbeam,
bus_215,0,2,bus_akankha_more,
bus_215,0,3,bus_city_center_2,
bus_215,0,4,bus_chinar_park,
bus_215,0,5,bus_lokenath_mandir,
bus_215,0,6,bus_baguiati,
bus_215,0,7,bus_kestopur,
bus_215,0,8,bus_dumdum_park,
bus_215,0,9,bus_laketown,
bus_215,0,10,bus_sreebhumi,
bus_215,0,11,bus_ultadanga,
bus_215,0,12,bus_kankurgachi,
bus_215,0,13,bus_maniktala,
bus_215,0,14,bus_vivekananda_road,
bus_215,0,15,bus_girish_park,
bus_215,0,16,bus_college_street,
bus_215,0,17,bus_m_g_road,
bus_215,0,18,bus_barabazar,
bus_215,0,19,bus_howrah_station,
bus_215,1,1,bus_howrah_station,
bus_215,1,2,bus_barabazar,
bus_215,1,3,bus_m_g_road,
bus_215,1,4,bus_college_street,
bus_215,1,5,bus_girish_park,
bus_215,1,6,bus_vivekananda_road,
bus_215,1,7,bus_maniktala,
bus_215,1,8,bus_kankurgachi,
bus_215,1,9,bus_ultadanga,
bus_215,1,10,bus_sreebhumi,
bus_215,1,11,bus_laketown,
bus_215,1,12,bus_dumdum_park,
bus_215,1,13,bus_kestopur,
bus_215,1,14,bus_baguiati,
bus_215,1,15,bus_lokenath_mandir,
bus_215,1,16,bus_chinar_park,
bus_215,1,17,bus_city_center_2,
bus_215,1,18,bus_akankha_more,
bus_215,1,19,bus_moonbeam,
bus_215_1,0,1,bus_laketown_vip,
bus_215_1,0,2,bus_kalindi_more,
bus_215_1,0,3,bus_patipukur,
bus_215_1,0,4,bus_belgachia,
bus_215_1,0,5,bus_r_g_kar_hospital,
bus_215_1,0,6,bus_shyambazar,
bus_215_1,0,7,bus_rajballavpara,
bus_215_1,0,8,bus_sovabazar,
bus_215_1,0,9,bus_girish_park,
bus_215_1,0,10,bus_m_g_road,
bus_215_1,0,11,bus_barabazar,
bus_215_1,0,12,bus_howrah_station,
bus_215_1,1,1,bus_howrah_station,
bus_215_1,1,2,bus_barabazar,
bus_215_1,1,3,bus_m_g_road,
bus_215_1,1,4,bus_girish_park,
bus_215_1,1,5,bus_sovabazar,
bus_215_1,1,6,bus_rajballavpara,
bus_215_1,1,7,bus_shyambazar,
bus_215_1,1,8,bus_r_g_kar_hospital,
bus_215_1,1,9,bus_belgachia,
bus_215_1,1,10,bus_patipukur,
bus_215_1,1,11,bus_kalindi_more,
bus_215_1,1,12,bus_laketown_vip,
bus_215a,0,1,bus_sector_v_saltlake,
bus_215a,0,2,bus_s_d_f_more,
bus_215a,0,3,bus_college_more,
bus_215a,0,4,bus_wipro_more,
bus_215a,0,5,bus_karunamoyee,
bus_215a,0,6,bus_saltlake_9no_tank,
bus_215a,0,7,bus_206_bus_stand,
bus_215a,0,8,bus_saltlake_7no_tank,
bus_215a,0,9,bus_baisakhi_more,
bus_215a,0,10,bus_saltlake_4no_tank,
bus_215a,0,11,bus_saltlake_p_n_b,
bus_215a,0,12,bus_ultadanga,
bus_215a,0,13,bus_khanna_cinema,
bus_215a,0,14,bus_hatibagan,
bus_215a,0,15,bus_sovabazar,
bus_215a,0,16,bus_b_k_paul_more,
bus_215a,0,17,bus_ahiritola,
bus_215a,0,18,bus_jorabagan,
bus_215a,0,19,bus_malapara,
bus_215a,0,20,bus_nimtala_ghat,
bus_215a,0,21,bus_barabazar,
bus_215a,0,22,bus_posta_bazar,
bus_215a,0,23,bus_howrah_station,
bus_215a,1,1,bus_howrah_station,
bus_215a,1,2,bus_posta_bazar,
bus_215a,1,3,bus_barabazar,
bus_215a,1,4,bus_nimtala_ghat,
bus_215a,1,5,bus_malapara,
bus_215a,1,6,bus_jorabagan,
bus_215a,1,7,bus_ahiritola,
bus_215a,1,8,bus_b_k_paul_more,
bus_215a,1,9,bus_sovabazar,
bus_215a,1,10,bus_hatibagan,
bus_215a,1,11,bus_khanna_cinema,
bus_215a,1,12,bus_ultadanga,
bus_215a,1,13,bus_saltlake_p_n_b,
bus_215a,1,14,bus_saltlake_4no_tank,
bus_215a,1,15,bus_baisakhi_more,
bus_215a,1,16,bus_saltlake_7no_tank,
bus_215a,1,17,bus_206_bus_stand,
bus_215a,1,18,bus_saltlake_9no_tank,
bus_215a,1,19,bus_karunamoyee,
bus_215a,1,20,bus_wipro_more,
bus_215a,1,21,bus_college_more,
bus_215a,1,22,bus_s_d_f_more,
bus_215a,1,23,bus_sector_v_saltlake,
bus_215a_1,0,1,bus_sector_v_saltlake,
bus_215a_1,0,2,bus_s_d_f_more,
bus_215a_1,0,3,bus_college_more,
bus_215a_1,0,4,bus_wipro_more,
bus_215a_1,0,5,bus_karunamoyee,
bus_215a_1,0,6,bus_bikash_bhawan,
bus_215a_1,0,7,bus_city_center_1,
bus_215a_1,0,8,bus_saltlake_c_a_block,
bus_215a_1,0,9,bus_saltlake_p_n_b,
bus_215a_1,0,10,bus_ultadanga,
bus_215a_1,0,11,bus_khanna_cinema,
bus_215a_1,0,12,bus_maniktala,
bus_215a_1,0,13,bus_vivekananda_road,
bus_215a_1,0,14,bus_girish_park,
bus_215a_1,0,15,bus_m_g_road,
bus_215a_1,0,16,bus_barabazar,
bus_215a_1,0,17,bus_howrah_station,
bus_215a_1,1,1,bus_howrah_station,
bus_215a_1,1,2,bus_barabazar,
bus_215a_1,1,3,bus_m_g_road,
bus_215a_1,1,4,bus_girish_park,
bus_215a_1,1,5,bus_vivekananda_road,
bus_215a_1,1,6,bus_maniktala,
bus_215a_1,1,7,bus_khanna_cinema,
bus_215a_1,1,8,bus_ultadanga,
bus_215a_1,1,9,bus_saltlake_p_n_b,
bus_215a_1,1,10,bus_saltlake_c_a_block,
bus_215a_1,1,11,bus_city_center_1,
bus_215a_1,1,12,bus_bikash_bhawan,
bus_215a_1,1,13,bus_karunamoyee,
bus_215a_1,1,14,bus_wipro_more,
bus_215a_1,1,15,bus_college_more,
bus_215a_1,1,16,bus_s_d_f_more,
bus_215a_1,1,17,bus_sector_v_saltlake,
bus_217,0,1,bus_beraberi,
bus_217,0,2,bus_narayanpur,
bus_217,0,3,bus_bablatala,
bus_217,0,4,bus_kalipark,
bus_217,0,5,bus_gopalpur_house,
bus_217,0,6,bus_dashadrone,
bus_217,0,7,bus_kaikhali,
bus_217,0,8,bus_haldirams,
bus_217,0,9,bus_baguiati,
bus_217,0,10,bus_kestopur,
bus_217,0,11,bus_dumdum_park,
bus_217,0,12,bus_laketown,
bus_217,0,13,bus_sreebhumi,
bus_217,0,14,bus_ultadanga,
bus_217,0,15,bus_khanna_cinema,
bus_217,0,16,bus_maniktala,
bus_217,0,17,bus_rajabazar,
bus_217,0,18,bus_sealdah_station,
bus_217,0,19,bus_moulali_more,
bus_217,0,20,bus_wellington,
bus_217,0,21,bus_chandni_market,
bus_217,0,22,bus_esplanade,
bus_217,0,23,bus_babughat,
bus_217,1,1,bus_babughat,
bus_217,1,2,bus_esplanade,
bus_217,1,3,bus_chandni_market,
bus_217,1,4,bus_wellington,
bus_217,1,5,bus_moulali_more,
bus_217,1,6,bus_sealdah_station,
bus_217,1,7,bus_rajabazar,
bus_217,1,8,bus_maniktala,
bus_217,1,9,bus_khanna_cinema,
bus_217,1,10,bus_ultadanga,
bus_217,1,11,bus_sreebhumi,
bus_217,1,12,bus_laketown,
bus_217,1,13,bus_dumdum_park,
bus_217,1,14,bus_kestopur,
bus_217,1,15,bus_baguiati,
bus_217,1,16,bus_haldirams,
bus_217,1,17,bus_kaikhali,
bus_217,1,18,bus_dashadrone,
bus_217,1,19,bus_gopalpur_house,
bus_217,1,20,bus_kalipark,
bus_217,1,21,bus_bablatala,
bus_217,1,22,bus_narayanpur,
bus_217,1,23,bus_beraberi,
bus_217a,0,1,bus_narayanpur,
bus_217a,0,2,bus_bablatala,
bus_217a,0,3,bus_kalipark,
bus_217a,0,4,bus_gopalpur_house,
bus_217a,0,5,bus_dashadrone,
bus_217a,0,6,bus_kaikhali,
bus_217a,0,7,bus_haldirams,
bus_217a,0,8,bus_baguiati,
bus_217a,0,9,bus_kestopur,
bus_217a,0,10,bus_dumdum_park,
bus_217a,0,11,bus_laketown,
bus_217a,0,12,bus_sreebhumi,
bus_217a,0,13,bus_ultadanga,
bus_217a,0,14,bus_khanna_cinema,
bus_217a,0,15,bus_hatibagan,
bus_217a,0,16,bus_hedua_more,
bus_217a,0,17,bus_vivekananda_road,
bus_217a,0,18,bus_college_street,
bus_217a,0,19,bus_medical_college,
bus_217a,0,20,bus_bowbazar,
bus_217a,0,21,bus_central_metro,
bus_217a,0,22,bus_dalhousie,
bus_217a,0,23,bus_esplanade,
bus_217a,0,24,bus_babughat,
bus_217a,1,1,bus_babughat,
bus_217a,1,2,bus_esplanade,
bus_217a,1,3,bus_dalhousie,
bus_217a,1,4,bus_central_metro,
bus_217a,1,5,bus_bowbazar,
bus_217a,1,6,bus_medical_college,
bus_217a,1,7,bus_college_street,
bus_217a,1,8,bus_vivekananda_road,
bus_217a,1,9,bus_hedua_more,
bus_217a,1,10,bus_hatibagan,
bus_217a,1,11,bus_khanna_cinema,
bus_217a,1,12,bus_ultadanga,
bus_217a,1,13,bus_sreebhumi,
bus_217a,1,14,bus_laketown,
bus_217a,1,15,bus_dumdum_park,
bus_217a,1,16,bus_kestopur,
bus_217a,1,17,bus_baguiati,
bus_217a,1,18,bus_haldirams,
bus_217a,1,19,bus_kaikhali,
bus_217a,1,20,bus_dashadrone,
bus_217a,1,21,bus_gopalpur_house,
bus_217a,1,22,bus_kalipark,
bus_217a,1,23,bus_bablatala,
bus_217a,1,24,bus_narayanpur,
bus_217b,0,1,bus_derozio_college,
bus_217b,0,2,bus_salua_bazar,
bus_217b,0,3,bus_chinar_park,
bus_217b,0,4,bus_lokenath_mandir,
bus_217b,0,5,bus_baguiati,
bus_217b,0,6,bus_kestopur,
bus_217b,0,7,bus_dumdum_park,
bus_217b,0,8,bus_laketown,
bus_217b,0,9,bus_sreebhumi,
bus_217b,0,10,bus_ultadanga,
bus_217b,0,11,bus_kankurgachi,
bus_217b,0,12,bus_phoolbagan,
bus_217b,0,13,bus_beleghata,
bus_217b,0,14,bus_sealdah_station,
bus_217b,0,15,bus_moulali_more,
bus_217b,0,16,bus_wellington,
bus_217b,0,17,bus_chandni_market,
bus_217b,0,18,bus_esplanade,
bus_217b,0,19,bus_babughat,
bus_217b,1,1,bus_babughat,
bus_217b,1,2,bus_esplanade,
bus_217b,1,3,bus_chandni_market,
bus_217b,1,4,bus_wellington,
bus_217b,1,5,bus_moulali_more,
bus_217b,1,6,bus_sealdah_station,
bus_217b,1,7,bus_beleghata,
bus_217b,1,8,bus_phoolbagan,
bus_217b,1,9,bus_kankurgachi,
bus_217b,1,10,bus_ultadanga,
bus_217b,1,11,bus_sreebhumi,
bus_217b,1,12,bus_laketown,
bus_217b,1,13,bus_dumdum_park,
bus_217b,1,14,bus_kestopur,
bus_217b,1,15,bus_baguiati,
bus_217b,1,16,bus_lokenath_mandir,
bus_217b,1,17,bus_chinar_park,
bus_217b,1,18,bus_salua_bazar,
bus_217b,1,19,bus_derozio_college,
bus_218,0,1,bus_baruipur,
bus_218,0,2,bus_sibanipith,
bus_218,0,3,bus_baruipur_hospital,
bus_218,0,4,bus_baruipur_station,
bus_218,0,5,bus_padmapukur,
bus_218,0,6,bus_khasmallick,
bus_218,0,7,bus_harinavi,
bus_218,0,8,bus_rajpur_bazar,
bus_218,0,9,bus_narendrapur,
bus_218,0,10,bus_kamalgazi,
bus_218,0,11,bus_mahamayatala,
bus_218,0,12,bus_garia_metro,
bus_218,0,13,bus_ramgarh,
bus_218,0,14,bus_baghajatin,
bus_218,0,15,bus_jadavpur_8b,
bus_218,0,16,bus_dhakuria,
bus_218,0,17,bus_golpark,
bus_218,0,18,bus_gariahat,
bus_218,0,19,bus_ballygunge_phari,
bus_218,0,20,bus_quest_mall,
bus_218,0,21,bus_park_circus,
bus_218,0,22,bus_mallick_bazar,
bus_218,0,23,bus_moulali_more,
bus_218,0,24,bus_wellington,
bus_218,0,25,bus_chandni_market,
bus_218,0,26,bus_esplanade,
bus_218,0,27,bus_babughat,
bus_218,1,1,bus_babughat,
bus_218,1,2,bus_esplanade,
bus_218,1,3,bus_chandni_market,
bus_218,1,4,bus_wellington,
bus_218,1,5,bus_moulali_more,
bus_218,1,6,bus_mallick_bazar,
bus_218,1,7,bus_park_circus,
bus_218,1,8,bus_quest_mall,
bus_218,1,9,bus_ballygunge_phari,
bus_218,1,10,bus_gariahat,
bus_218,1,11,bus_golpark,
bus_218,1,12,bus_dhakuria,
bus_218,1,13,bus_jadavpur_8b,
bus_218,1,14,bus_baghajatin,
bus_218,1,15,bus_ramgarh,
bus_218,1,16,bus_garia_metro,
bus_218,1,17,bus_mahamayatala,
bus_218,1,18,bus_kamalgazi,
bus_218,1,19,bus_narendrapur,
bus_218,1,20,bus_rajpur_bazar,
bus_218,1,21,bus_harinavi,
bus_218,1,22,bus_khasmallick,
bus_218,1,23,bus_padmapukur,
bus_218,1,24,bus_baruipur_station,
bus_218,1,25,bus_baruipur_hospital,
bus_218,1,26,bus_sibanipith,
bus_218,1,27,bus_baruipur,
bus_219,0,1,bus_nagerbazar,
bus_219,0,2,bus_diamond_plaza,
bus_219,0,3,bus_bangur_avenue,
bus_219,0,4,bus_kalindi_more,
bus_219,0,5,bus_patipukur,
bus_219,0,6,bus_belgachia,
bus_219,0,7,bus_r_g_kar_hospital,
bus_219,0,8,bus_shyambazar,
bus_219,0,9,bus_hatibagan,
bus_219,0,10,bus_hedua_more,
bus_219,0,11,bus_vivekananda_road,
bus_219,0,12,bus_college_street,
bus_219,0,13,bus_m_g_road,
bus_219,0,14,bus_barabazar,
bus_219,0,15,bus_howrah_station,
bus_219,1,1,bus_howrah_station,
bus_219,1,2,bus_barabazar,
bus_219,1,3,bus_m_g_road,
bus_219,1,4,bus_college_street,
bus_219,1,5,bus_vivekananda_road,
bus_219,1,6,bus_hedua_more,
bus_219,1,7,bus_hatibagan,
bus_219,1,8,bus_shyambazar,
bus_219,1,9,bus_r_g_kar_hospital,
bus_219,1,10,bus_belgachia,
bus_219,1,11,bus_patipukur,
bus_219,1,12,bus_kalindi_more,
bus_219,1,13,bus_bangur_avenue,
bus_219,1,14,bus_diamond_plaza,
bus_219,1,15,bus_nagerbazar,
bus_219_1,0,1,bus_nagerbazar,
bus_219_1,0,2,bus_diamond_plaza,
bus_219_1,0,3,bus_bangur_avenue,
bus_219_1,0,4,bus_kalindi_more,
bus_219_1,0,5,bus_patipukur,
bus_219_1,0,6,bus_belgachia,
bus_219_1,0,7,bus_r_g_kar_hospital,
bus_219_1,0,8,bus_shyambazar,
bus_219_1,0,9,bus_rajballavpara,
bus_219_1,0,10,bus_sovabazar,
bus_219_1,0,11,bus_girish_park,
bus_219_1,0,12,bus_m_g_road,
bus_219_1,0,13,bus_barabazar,
bus_219_1,0,14,bus_howrah_station,
bus_219_1,1,1,bus_howrah_station,
bus_219_1,1,2,bus_barabazar,
bus_219_1,1,3,bus_m_g_road,
bus_219_1,1,4,bus_girish_park,
bus_219_1,1,5,bus_sovabazar,
bus_219_1,1,6,bus_rajballavpara,
bus_219_1,1,7,bus_shyambazar,
bus_219_1,1,8,bus_r_g_kar_hospital,
bus_219_1,1,9,bus_belgachia,
bus_219_1,1,10,bus_patipukur,
bus_219_1,1,11,bus_kalindi_more,
bus_219_1,1,12,bus_bangur_avenue,
bus_219_1,1,13,bus_diamond_plaza,
bus_219_1,1,14,bus_nagerbazar,
bus_221,0,1,bus_nagerbazar,
bus_221,0,2,bus_diamond_plaza,
bus_221,0,3,bus_bangur_avenue,
bus_221,0,4,bus_laketown,
bus_221,0,5,bus_sreebhumi,
bus_221,0,6,bus_ultadanga,
bus_221,0,7,bus_kankurgachi,
bus_221,0,8,bus_phoolbagan,
bus_221,0,9,bus_beleghata,
bus_221,0,10,bus_sealdah_station,
bus_221,0,11,bus_moulali_more,
bus_221,0,12,bus_mallick_bazar,
bus_221,0,13,bus_beckbagan,
bus_221,0,14,bus_minto_park,
bus_221,0,15,bus_lansdowne,
bus_221,0,16,bus_sishu_mangal,
bus_221,0,17,bus_deshapriya_park,
bus_221,0,18,bus_southern_avenue,
bus_221,0,19,bus_golpark,
bus_221,1,1,bus_golpark,
bus_221,1,2,bus_southern_avenue,
bus_221,1,3,bus_deshapriya_park,
bus_221,1,4,bus_sishu_mangal,
bus_221,1,5,bus_lansdowne,
bus_221,1,6,bus_minto_park,
bus_221,1,7,bus_beckbagan,
bus_221,1,8,bus_mallick_bazar,
bus_221,1,9,bus_moulali_more,
bus_221,1,10,bus_sealdah_station,
bus_221,1,11,bus_beleghata,
bus_221,1,12,bus_phoolbagan,
bus_221,1,13,bus_kankurgachi,
bus_221,1,14,bus_ultadanga,
bus_221,1,15,bus_sreebhumi,
bus_221,1,16,bus_laketown,
bus_221,1,17,bus_bangur_avenue,
bus_221,1,18,bus_diamond_plaza,
bus_221,1,19,bus_nagerbazar,
bus_222,0,1,bus_sakher_bazar,
bus_222,0,2,bus_behala_chowrasta,
bus_222,0,3,bus_behala_14no,
bus_222,0,4,bus_majherhat,
bus_222,0,5,bus_mominpore,
bus_222,0,6,bus_ekbalpur,
bus_222,0,7,bus_kidderpore,
bus_222,0,8,bus_hastings,
bus_222,0,9,bus_p_t_s_more,
bus_222,0,10,bus_rabindra_sadan,
bus_222,0,11,bus_maidan_metro,
bus_222,0,12,bus_park_street,
bus_222,0,13,bus_esplanade,
bus_222,0,14,bus_chandni_market,
bus_222,0,15,bus_central_metro,
bus_222,0,16,bus_m_g_road,
bus_222,0,17,bus_girish_park,
bus_222,0,18,bus_sovabazar,
bus_222,0,19,bus_rajballavpara,
bus_222,0,20,bus_shyambazar,
bus_222,0,21,bus_chiria_more,
bus_222,0,22,bus_sinthee_more,
bus_222,0,23,bus_tobin_road,
bus_222,0,24,bus_bonhooghly,
bus_222,0,25,bus_dunlop_more,
bus_222,1,1,bus_dunlop_more,
bus_222,1,2,bus_bonhooghly,
bus_222,1,3,bus_tobin_road,
bus_222,1,4,bus_sinthee_more,
bus_222,1,5,bus_chiria_more,
bus_222,1,6,bus_shyambazar,
bus_222,1,7,bus_rajballavpara,
bus_222,1,8,bus_sovabazar,
bus_222,1,9,bus_girish_park,
bus_222,1,10,bus_m_g_road,
bus_222,1,11,bus_central_metro,
bus_222,1,12,bus_chandni_market,
bus_222,1,13,bus_esplanade,
bus_222,1,14,bus_park_street,
bus_222,1,15,bus_maidan_metro,
bus_222,1,16,bus_rabindra_sadan,
bus_222,1,17,bus_p_t_s_more,
bus_222,1,18,bus_hastings,
bus_222,1,19,bus_kidderpore,
bus_222,1,20,bus_ekbalpur,
bus_222,1,21,bus_mominpore,
bus_222,1,22,bus_majherhat,
bus_222,1,23,bus_behala_14no,
bus_222,1,24,bus_behala_chowrasta,
bus_222,1,25,bus_sakher_bazar,
bus_223,0,1,bus_b_t_college,
bus_223,0,2,bus_michael_nagar,
bus_223,0,3,bus_birati_more,
bus_223,0,4,bus_airport_3no,
bus_223,0,5,bus_airport_1no,
bus_223,0,6,bus_central_jail,
bus_223,0,7,bus_nagerbazar,
bus_223,0,8,bus_diamond_plaza,
bus_223,0,9,bus_bangur_avenue,
bus_223,0,10,bus_laketown,
bus_223,0,11,bus_sreebhumi,
bus_223,0,12,bus_ultadanga,
bus_223,0,13,bus_kankurgachi,
bus_223,0,14,bus_phoolbagan,
bus_223,0,15,bus_beleghata,
bus_223,0,16,bus_sealdah_station,
bus_223,0,17,bus_moulali_more,
bus_223,0,18,bus_mallick_bazar,
bus_223,0,19,bus_park_circus,
bus_223,0,20,bus_quest_mall,
bus_223,0,21,bus_ballygunge_phari,
bus_223,0,22,bus_gariahat,
bus_223,0,23,bus_golpark,
bus_223,0,24,bus_dhakuria,
bus_223,0,25,bus_jadavpur_ps,
bus_223,0,26,bus_south_city,
bus_223,0,27,bus_lake_gardens,
bus_223,0,28,bus_doordarshan_bhawan,
bus_223,0,29,bus_golf_green,
bus_223,1,1,bus_golf_green,
bus_223,1,2,bus_doordarshan_bhawan,
bus_223,1,3,bus_lake_gardens,
bus_223,1,4,bus_south_city,
bus_223,1,5,bus_jadavpur_ps,
bus_223,1,6,bus_dhakuria,
bus_223,1,7,bus_golpark,
bus_223,1,8,bus_gariahat,
bus_223,1,9,bus_ballygunge_phari,
bus_223,1,10,bus_quest_mall,
bus_223,1,11,bus_park_circus,
bus_223,1,12,bus_mallick_bazar,
bus_223,1,13,bus_moulali_more,
bus_223,1,14,bus_sealdah_station,
bus_223,1,15,bus_beleghata,
bus_223,1,16,bus_phoolbagan,
bus_223,1,17,bus_kankurgachi,
bus_223,1,18,bus_ultadanga,
bus_223,1,19,bus_sreebhumi,
bus_223,1,20,bus_laketown,
bus_223,1,21,bus_bangur_avenue,
bus_223,1,22,bus_diamond_plaza,
bus_223,1,23,bus_nagerbazar,
bus_223,1,24,bus_central_jail,
bus_223,1,25,bus_airport_1no,
bus_223,1,26,bus_airport_3no,
bus_223,1,27,bus_birati_more,
bus_223,1,28,bus_michael_nagar,
bus_223,1,29,bus_b_t_college,
bus_227,0,1,bus_b_n_r_hospital,
bus_227,0,2,bus_babubazar,
bus_227,0,3,bus_kidderpore,
bus_227,0,4,bus_hastings,
bus_227,0,5,bus_p_t_s_more,
bus_227,0,6,bus_rabindra_sadan,
bus_227,0,7,bus_minto_park,
bus_227,0,8,bus_beckbagan,
bus_227,0,9,bus_mallick_bazar,
bus_227,0,10,bus_moulali_more,
bus_227,0,11,bus_sealdah_station,
bus_227,0,12,bus_rajabazar,
bus_227,0,13,bus_maniktala,
bus_227,0,14,bus_khanna_cinema,
bus_227,0,15,bus_shyambazar,
bus_227,0,16,bus_r_g_kar_hospital,
bus_227,0,17,bus_belgachia,
bus_227,0,18,bus_patipukur,
bus_227,0,19,bus_kalindi_more,
bus_227,0,20,bus_bangur_avenue,
bus_227,1,1,bus_bangur_avenue,
bus_227,1,2,bus_kalindi_more,
bus_227,1,3,bus_patipukur,
bus_227,1,4,bus_belgachia,
bus_227,1,5,bus_r_g_kar_hospital,
bus_227,1,6,bus_shyambazar,
bus_227,1,7,bus_khanna_cinema,
bus_227,1,8,bus_maniktala,
bus_227,1,9,bus_rajabazar,
bus_227,1,10,bus_sealdah_station,
bus_227,1,11,bus_moulali_more,
bus_227,1,12,bus_mallick_bazar,
bus_227,1,13,bus_beckbagan,
bus_227,1,14,bus_minto_park,
bus_227,1,15,bus_rabindra_sadan,
bus_227,1,16,bus_p_t_s_more,
bus_227,1,17,bus_hastings,
bus_227,1,18,bus_kidderpore,
bus_227,1,19,bus_babubazar,
bus_227,1,20,bus_b_n_r_hospital,
bus_228,0,1,bus_mahamayatala,
bus_228,0,2,bus_garia_metro,
bus_228,0,3,bus_naktala,
bus_228,0,4,bus_bansdroni,
bus_228,0,5,bus_netaji_nagar,
bus_228,0,6,bus_ranikuthi,
bus_228,0,7,bus_malancha_cinema,
bus_228,0,8,bus_tollygunge,
bus_228,0,9,bus_rabindra_sarovar,
bus_228,0,10,bus_rashbehari,
bus_228,0,11,bus_kalighat,
bus_228,0,12,bus_hazra_more,
bus_228,0,13,bus_bhawani_bhawan,
bus_228,0,14,bus_p_t_s_more,
bus_228,0,15,bus_fort_william,
bus_228,0,16,bus_esplanade,
bus_228,0,17,bus_babughat,
bus_228,1,1,bus_babughat,
bus_228,1,2,bus_esplanade,
bus_228,1,3,bus_fort_william,
bus_228,1,4,bus_p_t_s_more,
bus_228,1,5,bus_bhawani_bhawan,
bus_228,1,6,bus_hazra_more,
bus_228,1,7,bus_kalighat,
bus_228,1,8,bus_rashbehari,
bus_228,1,9,bus_rabindra_sarovar,
bus_228,1,10,bus_tollygunge,
bus_228,1,11,bus_malancha_cinema,
bus_228,1,12,bus_ranikuthi,
bus_228,1,13,bus_netaji_nagar,
bus_228,1,14,bus_bansdroni,
bus_228,1,15,bus_naktala,
bus_228,1,16,bus_garia_metro,
bus_228,1,17,bus_mahamayatala,
bus_230,0,1,bus_alipore_zoo,
bus_230,0,2,bus_p_t_s_more,
bus_230,0,3,bus_rabindra_sadan,
bus_230,0,4,bus_minto_park,
bus_230,0,5,bus_beckbagan,
bus_230,0,6,bus_mallick_bazar,
bus_230,0,7,bus_moulali_more,
bus_230,0,8,bus_sealdah_station,
bus_230,0,9,bus_rajabazar,
bus_230,0,10,bus_maniktala,
bus_230,0,11,bus_khanna_cinema,
bus_230,0,12,bus_shyambazar,
bus_230,0,13,bus_chiria_more,
bus_230,0,14,bus_sinthee_more,
bus_230,0,15,bus_tobin_road,
bus_230,0,16,bus_bonhooghly,
bus_230,0,17,bus_dunlop_more,
bus_230,0,18,bus_rathtala_more,
bus_230,0,19,bus_kamarhati,
bus_230,1,1,bus_kamarhati,
bus_230,1,2,bus_rathtala_more,
bus_230,1,3,bus_dunlop_more,
bus_230,1,4,bus_bonhooghly,
bus_230,1,5,bus_tobin_road,
bus_230,1,6,bus_sinthee_more,
bus_230,1,7,bus_chiria_more,
bus_230,1,8,bus_shyambazar,
bus_230,1,9,bus_khanna_cinema,
bus_230,1,10,bus_maniktala,
bus_230,1,11,bus_rajabazar,
bus_230,1,12,bus_sealdah_station,
bus_230,1,13,bus_moulali_more,
bus_230,1,14,bus_mallick_bazar,
bus_230,1,15,bus_beckbagan,
bus_230,1,16,bus_minto_park,
bus_230,1,17,bus_rabindra_sadan,
bus_230,1,18,bus_p_t_s_more,
bus_230,1,19,bus_alipore_zoo,
bus_230_2,0,1,bus_alipore_zoo,
bus_230_2,0,2,bus_p_t_s_more,
bus_230_2,0,3,bus_rabindra_sadan,
bus_230_2,0,4,bus_maidan_metro,
bus_230_2,0,5,bus_park_street,
bus_230_2,0,6,bus_esplanade,
bus_230_2,0,7,bus_chandni_market,
bus_230_2,0,8,bus_wellington,
bus_230_2,0,9,bus_moulali_more,
bus_230_2,0,10,bus_sealdah_station,
bus_230_2,0,11,bus_rajabazar,
bus_230_2,0,12,bus_maniktala,
bus_230_2,0,13,bus_khanna_cinema,
bus_230_2,0,14,bus_shyambazar,
bus_230_2,0,15,bus_chiria_more,
bus_230_2,0,16,bus_sinthee_more,
bus_230_2,0,17,bus_tobin_road,
bus_230_2,0,18,bus_bonhooghly,
bus_230_2,0,19,bus_dunlop_more,
bus_230_2,0,20,bus_rathtala_more,
bus_230_2,0,21,bus_kamarhati,
bus_230_2,0,22,bus_agarpara_station,
bus_230_2,1,1,bus_agarpara_station,
bus_230_2,1,2,bus_kamarhati,
bus_230_2,1,3,bus_rathtala_more,
bus_230_2,1,4,bus_dunlop_more,
bus_230_2,1,5,bus_bonhooghly,
bus_230_2,1,6,bus_tobin_road,
bus_230_2,1,7,bus_sinthee_more,
bus_230_2,1,8,bus_chiria_more,
bus_230_2,1,9,bus_shyambazar,
bus_230_2,1,10,bus_khanna_cinema,
bus_230_2,1,11,bus_maniktala,
bus_230_2,1,12,bus_rajabazar,
bus_230_2,1,13,bus_sealdah_station,
bus_230_2,1,14,bus_moulali_more,
bus_230_2,1,15,bus_wellington,
bus_230_2,1,16,bus_chandni_market,
bus_230_2,1,17,bus_esplanade,
bus_230_2,1,18,bus_park_street,
bus_230_2,1,19,bus_maidan_metro,
bus_230_2,1,20,bus_rabindra_sadan,
bus_230_2,1,21,bus_p_t_s_more,
bus_230_2,1,22,bus_alipore_zoo,
bus_234,0,1,bus_belgharia,
bus_234,0,2,bus_rathtala_more,
bus_234,0,3,bus_dunlop_more,
bus_234,0,4,bus_bonhooghly,
bus_234,0,5,bus_tobin_road,
bus_234,0,6,bus_sinthee_more,
bus_234,0,7,bus_chiria_more,
bus_234,0,8,bus_shyambazar,
bus_234,0,9,bus_khanna_cinema,
bus_234,0,10,bus_maniktala,
bus_234,0,11,bus_rajabazar,
bus_234,0,12,bus_sealdah_station,
bus_234,0,13,bus_moulali_more,
bus_234,0,14,bus_mallick_bazar,
bus_234,0,15,bus_beckbagan,
bus_234,0,16,bus_minto_park,
bus_234,0,17,bus_lansdowne,
bus_234,0,18,bus_sishu_mangal,
bus_234,0,19,bus_deshapriya_park,
bus_234,0,20,bus_gariahat,
bus_234,0,21,bus_golpark,
bus_234,0,22,bus_dhakuria,
bus_234,0,23,bus_jadavpur_ps,
bus_234,0,24,bus_south_city,
bus_234,0,25,bus_lake_gardens,
bus_234,0,26,bus_doordarshan_bhawan,
bus_234,0,27,bus_golf_green,
bus_234,1,1,bus_golf_green,
bus_234,1,2,bus_doordarshan_bhawan,
bus_234,1,3,bus_lake_gardens,
bus_234,1,4,bus_south_city,
bus_234,1,5,bus_jadavpur_ps,
bus_234,1,6,bus_dhakuria,
bus_234,1,7,bus_golpark,
bus_234,1,8,bus_gariahat,
bus_234,1,9,bus_deshapriya_park,
bus_234,1,10,bus_sishu_mangal,
bus_234,1,11,bus_lansdowne,
bus_234,1,12,bus_minto_park,
bus_234,1,13,bus_beckbagan,
bus_234,1,14,bus_mallick_bazar,
bus_234,1,15,bus_moulali_more,
bus_234,1,16,bus_sealdah_station,
bus_234,1,17,bus_rajabazar,
bus_234,1,18,bus_maniktala,
bus_234,1,19,bus_khanna_cinema,
bus_234,1,20,bus_shyambazar,
bus_234,1,21,bus_chiria_more,
bus_234,1,22,bus_sinthee_more,
bus_234,1,23,bus_tobin_road,
bus_234,1,24,bus_bonhooghly,
bus_234,1,25,bus_dunlop_more,
bus_234,1,26,bus_rathtala_more,
bus_234,1,27,bus_belgharia,
bus_234_1,0,1,bus_belgharia_station,
bus_234_1,0,2,bus_rathtala_more,
bus_234_1,0,3,bus_dunlop_more,
bus_234_1,0,4,bus_bonhooghly,
bus_234_1,0,5,bus_tobin_road,
bus_234_1,0,6,bus_sinthee_more,
bus_234_1,0,7,bus_chiria_more,
bus_234_1,0,8,bus_shyambazar,
bus_234_1,0,9,bus_hatibagan,
bus_234_1,0,10,bus_hedua_more,
bus_234_1,0,11,bus_vivekananda_road,
bus_234_1,0,12,bus_college_street,
bus_234_1,0,13,bus_medical_college,
bus_234_1,0,14,bus_bowbazar,
bus_234_1,0,15,bus_central_metro,
bus_234_1,0,16,bus_chandni_market,
bus_234_1,0,17,bus_esplanade,
bus_234_1,0,18,bus_park_street,
bus_234_1,0,19,bus_maidan_metro,
bus_234_1,0,20,bus_rabindra_sadan,
bus_234_1,0,21,bus_bhowanipore,
bus_234_1,0,22,bus_hazra_more,
bus_234_1,0,23,bus_kalighat,
bus_234_1,0,24,bus_rashbehari,
bus_234_1,0,25,bus_rabindra_sarovar,
bus_234_1,0,26,bus_tollygunge_phari,
bus_234_1,0,27,bus_anwar_shah_road,
bus_234_1,0,28,bus_lake_gardens,
bus_234_1,0,29,bus_doordarshan_bhawan,
bus_234_1,0,30,bus_golf_green,
bus_234_1,1,1,bus_golf_green,
bus_234_1,1,2,bus_doordarshan_bhawan,
bus_234_1,1,3,bus_lake_gardens,
bus_234_1,1,4,bus_anwar_shah_road,
bus_234_1,1,5,bus_tollygunge_phari,
bus_234_1,1,6,bus_rabindra_sarovar,
bus_234_1,1,7,bus_rashbehari,
bus_234_1,1,8,bus_kalighat,
bus_234_1,1,9,bus_hazra_more,
bus_234_1,1,10,bus_bhowanipore,
bus_234_1,1,11,bus_rabindra_sadan,
bus_234_1,1,12,bus_maidan_metro,
bus_234_1,1,13,bus_park_street,
bus_234_1,1,14,bus_esplanade,
bus_234_1,1,15,bus_chandni_market,
bus_234_1,1,16,bus_central_metro,
bus_234_1,1,17,bus_bowbazar,
bus_234_1,1,18,bus_medical_college,
bus_234_1,1,19,bus_college_street,
bus_234_1,1,20,bus_vivekananda_road,
bus_234_1,1,21,bus_hedua_more,
bus_234_1,1,22,bus_hatibagan,
bus_234_1,1,23,bus_shyambazar,
bus_234_1,1,24,bus_chiria_more,
bus_234_1,1,25,bus_sinthee_more,
bus_234_1,1,26,bus_tobin_road,
bus_234_1,1,27,bus_bonhooghly,
bus_234_1,1,28,bus_dunlop_more,
bus_234_1,1,29,bus_rathtala_more,
bus_234_1,1,30,bus_belgharia_station,
bus_235,0,1,bus_amtala,
bus_235,0,2,bus_bishnupur,
bus_235,0,3,bus_khariberia,
bus_235,0,4,bus_bhasha_14no,
bus_235,0,5,bus_pailan,
bus_235,0,6,bus_joka_bridge,
bus_235,0,7,bus_thakurpukur,
bus_235,0,8,bus_shilpara,
bus_235,0,9,bus_sakher_bazar,
bus_235,0,10,bus_behala_chowrasta,
bus_235,0,11,bus_behala_14no,
bus_235,0,12,bus_majherhat,
bus_235,0,13,bus_mominpore,
bus_235,0,14,bus_ekbalpur,
bus_235,0,15,bus_kidderpore,
bus_235,0,16,bus_hastings,
bus_235,0,17,bus_p_t_s_more,
bus_235,0,18,bus_rabindra_sadan,
bus_235,0,19,bus_maidan_metro,
bus_235,0,20,bus_park_street,
bus_235,0,21,bus_esplanade,
bus_235,0,22,bus_chandni_market,
bus_235,0,23,bus_wellington,
bus_235,0,24,bus_moulali_more,
bus_235,0,25,bus_sealdah_station,
bus_235,0,26,bus_rajabazar_saltlake,
bus_235,1,1,bus_rajabazar_saltlake,
bus_235,1,2,bus_sealdah_station,
bus_235,1,3,bus_moulali_more,
bus_235,1,4,bus_wellington,
bus_235,1,5,bus_chandni_market,
bus_235,1,6,bus_esplanade,
bus_235,1,7,bus_park_street,
bus_235,1,8,bus_maidan_metro,
bus_235,1,9,bus_rabindra_sadan,
bus_235,1,10,bus_p_t_s_more,
bus_235,1,11,bus_hastings,
bus_235,1,12,bus_kidderpore,
bus_235,1,13,bus_ekbalpur,
bus_235,1,14,bus_mominpore,
bus_235,1,15,bus_majherhat,
bus_235,1,16,bus_behala_14no,
bus_235,1,17,bus_behala_chowrasta,
bus_235,1,18,bus_sakher_bazar,
bus_235,1,19,bus_shilpara,
bus_235,1,20,bus_thakurpukur,
bus_235,1,21,bus_joka_bridge,
bus_235,1,22,bus_pailan,
bus_235,1,23,bus_bhasha_14no,
bus_235,1,24,bus_khariberia,
bus_235,1,25,bus_bishnupur,
bus_235,1,26,bus_amtala,
bus_237,0,1,bus_birati_tantkal,
bus_237,0,2,bus_birati_station,
bus_237,0,3,bus_airport_3no,
bus_237,0,4,bus_airport_1no,
bus_237,0,5,bus_kaikhali,
bus_237,0,6,bus_haldirams,
bus_237,0,7,bus_baguiati,
bus_237,0,8,bus_kestopur,
bus_237,0,9,bus_dumdum_park,
bus_237,0,10,bus_laketown,
bus_237,0,11,bus_sreebhumi,
bus_237,0,12,bus_ultadanga,
bus_237,0,13,bus_kankurgachi,
bus_237,0,14,bus_maniktala,
bus_237,0,15,bus_vivekananda_road,
bus_237,0,16,bus_girish_park,
bus_237,0,17,bus_m_g_road,
bus_237,0,18,bus_central_metro,
bus_237,0,19,bus_chandni_market,
bus_237,0,20,bus_esplanade,
bus_237,0,21,bus_babughat,
bus_237,1,1,bus_babughat,
bus_237,1,2,bus_esplanade,
bus_237,1,3,bus_chandni_market,
bus_237,1,4,bus_central_metro,
bus_237,1,5,bus_m_g_road,
bus_237,1,6,bus_girish_park,
bus_237,1,7,bus_vivekananda_road,
bus_237,1,8,bus_maniktala,
bus_237,1,9,bus_kankurgachi,
bus_237,1,10,bus_ultadanga,
bus_237,1,11,bus_sreebhumi,
bus_237,1,12,bus_laketown,
bus_237,1,13,bus_dumdum_park,
bus_237,1,14,bus_kestopur,
bus_237,1,15,bus_baguiati,
bus_237,1,16,bus_haldirams,
bus_237,1,17,bus_kaikhali,
bus_237,1,18,bus_airport_1no,
bus_237,1,19,bus_airport_3no,
bus_237,1,20,bus_birati_station,
bus_237,1,21,bus_birati_tantkal,
bus_l238,0,1,bus_barasat,
bus_l238,0,2,bus_chapadali_more,
bus_l238,0,3,bus_madhyamgram,
bus_l238,0,4,bus_b_t_college,
bus_l238,0,5,bus_birati_more,
bus_l238,0,6,bus_airport_3no,
bus_l238,0,7,bus_airport_1no,
bus_l238,0,8,bus_kaikhali,
bus_l238,0,9,bus_haldirams,
bus_l238,0,10,bus_baguiati,
bus_l238,0,11,bus_kestopur,
bus_l238,0,12,bus_dumdum_park,
bus_l238,0,13,bus_laketown,
bus_l238,0,14,bus_sreebhumi,
bus_l238,0,15,bus_ultadanga,
bus_l238,0,16,bus_khanna_cinema,
bus_l238,0,17,bus_maniktala,
bus_l238,0,18,bus_vivekananda_road,
bus_l238,0,19,bus_girish_park,
bus_l238,0,20,bus_m_g_road,
bus_l238,0,21,bus_barabazar,
bus_l238,0,22,bus_howrah_station,
bus_l238,1,1,bus_howrah_station,
bus_l238,1,2,bus_barabazar,
bus_l238,1,3,bus_m_g_road,
bus_l238,1,4,bus_girish_park,
bus_l238,1,5,bus_vivekananda_road,
bus_l238,1,6,bus_maniktala,
bus_l238,1,7,bus_khanna_cinema,
bus_l238,1,8,bus_ultadanga,
bus_l238,1,9,bus_sreebhumi,
bus_l238,1,10,bus_laketown,
bus_l238,1,11,bus_dumdum_park,
bus_l238,1,12,bus_kestopur,
bus_l238,1,13,bus_baguiati,
bus_l238,1,14,bus_haldirams,
bus_l238,1,15,bus_kaikhali,
bus_l238,1,16,bus_airport_1no,
bus_l238,1,17,bus_airport_3no,
bus_l238,1,18,bus_birati_more,
bus_l238,1,19,bus_b_t_college,
bus_l238,1,20,bus_madhyamgram,
bus_l238,1,21,bus_chapadali_more,
bus_l238,1,22,bus_barasat,
bus_239_white_board,0,1,bus_bikash_bhawan,
bus_239_white_board,0,2,bus_karunamoyee,
bus_239_white_board,0,3,bus_saltlake_12no_tank,
bus_239_white_board,0,4,bus_sushrut_hospital,
bus_239_white_board,0,5,bus_saltlake_14no_tank,
bus_239_white_board,0,6,bus_saltlake_16no_tank,
bus_239_white_board,0,7,bus_building_more,
bus_239_white_board,0,8,bus_beleghata,
bus_239_white_board,0,9,bus_sealdah_station,
bus_239_white_board,0,10,bus_moulali_more,
bus_239_white_board,0,11,bus_wellington,
bus_239_white_board,0,12,bus_chandni_market,
bus_239_white_board,0,13,bus_esplanade,
bus_239_white_board,0,14,bus_babughat,
bus_239_white_board,1,1,bus_babughat,
bus_239_white_board,1,2,bus_esplanade,
bus_239_white_board,1,3,bus_chandni_market,
bus_239_white_board,1,4,bus_wellington,
bus_239_white_board,1,5,bus_moulali_more,
bus_239_white_board,1,6,bus_sealdah_station,
bus_239_white_board,1,7,bus_beleghata,
bus_239_white_board,1,8,bus_building_more,
bus_239_white_board,1,9,bus_saltlake_16no_tank,
bus_239_white_board,1,10,bus_saltlake_14no_tank,
bus_239_white_board,1,11,bus_sushrut_hospital,
bus_239_white_board,1,12,bus_saltlake_12no_tank,
bus_239_white_board,1,13,bus_karunamoyee,
bus_239_white_board,1,14,bus_bikash_bhawan,
bus_239_yellow_board,0,1,bus_shapoorji,
bus_239_yellow_board,0,2,bus_sukhobrishti_more,
bus_239_yellow_board,0,3,bus_karigari_bhawan,
bus_239_yellow_board,0,4,bus_u_e_m_campus,
bus_239_yellow_board,0,5,bus_unitech_gate_1,
bus_239_yellow_board,0,6,bus_narkelbagan,
bus_239_yellow_board,0,7,bus_axis_mall,
bus_239_yellow_board,0,8,bus_newtown,
bus_239_yellow_board,0,9,bus_dlf1,
bus_239_yellow_board,0,10,bus_college_more,
bus_239_yellow_board,0,11,bus_s_d_f_more,
bus_239_yellow_board,0,12,bus_nicco_park,
bus_239_yellow_board,0,13,bus_chingrighata,
bus_239_yellow_board,0,14,bus_building_more,
bus_239_yellow_board,0,15,bus_beleghata,
bus_239_yellow_board,0,16,bus_sealdah_station,
bus_239_yellow_board,0,17,bus_moulali_more,
bus_239_yellow_board,0,18,bus_wellington,
bus_239_yellow_board,0,19,bus_chandni_market,
bus_239_yellow_board,0,20,bus_esplanade,
bus_239_yellow_board,0,21,bus_babughat,
bus_239_yellow_board,1,1,bus_babughat,
bus_239_yellow_board,1,2,bus_esplanade,
bus_239_yellow_board,1,3,bus_chandni_market,
bus_239_yellow_board,1,4,bus_wellington,
bus_239_yellow_board,1,5,bus_moulali_more,
bus_239_yellow_board,1,6,bus_sealdah_station,
bus_239_yellow_board,1,7,bus_beleghata,
bus_239_yellow_board,1,8,bus_building_more,
bus_239_yellow_board,1,9,bus_chingrighata,
bus_239_yellow_board,1,10,bus_nicco_park,
bus_239_yellow_board,1,11,bus_s_d_f_more,
bus_239_yellow_board,1,12,bus_college_more,
bus_239_yellow_board,1,13,bus_dlf1,
bus_239_yellow_board,1,14,bus_newtown,
bus_239_yellow_board,1,15,bus_axis_mall,
bus_239_yellow_board,1,16,bus_narkelbagan,
bus_239_yellow_board,1,17,bus_unitech_gate_1,
bus_239_yellow_board,1,18,bus_u_e_m_campus,
bus_239_yellow_board,1,19,bus_karigari_bhawan,
bus_239_yellow_board,1,20,bus_sukhobrishti_more,
bus_239_yellow_board,1,21,bus_shapoorji,
bus_240,0,1,bus_bagbazar,
bus_240,0,2,bus_rajballavpara,
bus_240,0,3,bus_shyambazar,
bus_240,0,4,bus_hatibagan,
bus_240,0,5,bus_hedua_more,
bus_240,0,6,bus_vivekananda_road,
bus_240,0,7,bus_college_street,
bus_240,0,8,bus_sealdah_station,
bus_240,0,9,bus_moulali_more,
bus_240,0,10,bus_c_i_t_road,
bus_240,0,11,bus_chittaranjan_hospital,
bus_240,0,12,bus_park_circus,
bus_240,0,13,bus_quest_mall,
bus_240,0,14,bus_ballygunge_phari,
bus_240,0,15,bus_gariahat,
bus_240,0,16,bus_golpark,
bus_240,0,17,bus_dhakuria,
bus_240,0,18,bus_jadavpur_ps,
bus_240,0,19,bus_south_city,
bus_240,0,20,bus_lake_gardens,
bus_240,0,21,bus_doordarshan_bhawan,
bus_240,0,22,bus_golf_green,
bus_240,1,1,bus_golf_green,
bus_240,1,2,bus_doordarshan_bhawan,
bus_240,1,3,bus_lake_gardens,
bus_240,1,4,bus_south_city,
bus_240,1,5,bus_jadavpur_ps,
bus_240,1,6,bus_dhakuria,
bus_240,1,7,bus_golpark,
bus_240,1,8,bus_gariahat,
bus_240,1,9,bus_ballygunge_phari,
bus_240,1,10,bus_quest_mall,
bus_240,1,11,bus_park_circus,
bus_240,1,12,bus_chittaranjan_hospital,
bus_240,1,13,bus_c_i_t_road,
bus_240,1,14,bus_moulali_more,
bus_240,1,15,bus_sealdah_station,
bus_240,1,16,bus_college_street,
bus_240,1,17,bus_vivekananda_road,
bus_240,1,18,bus_hedua_more,
bus_240,1,19,bus_hatibagan,
bus_240,1,20,bus_shyambazar,
bus_240,1,21,bus_rajballavpara,
bus_240,1,22,bus_bagbazar,
bus_240_1,0,1,bus_bagbazar,
bus_240_1,0,2,bus_rajballavpara,
bus_240_1,0,3,bus_shyambazar,
bus_240_1,0,4,bus_khanna_cinema,
bus_240_1,0,5,bus_maniktala,
bus_240_1,0,6,bus_rajabazar,
bus_240_1,0,7,bus_sealdah_station,
bus_240_1,0,8,bus_moulali_more,
bus_240_1,0,9,bus_mallick_bazar,
bus_240_1,0,10,bus_park_circus,
bus_240_1,0,11,bus_ballygunge_phari,
bus_240_1,0,12,bus_gariahat,
bus_240_1,0,13,bus_ballygunge_station,
bus_240_1,0,14,bus_kasba_ps,
bus_240_1,0,15,bus_bosepukur,
bus_240_1,0,16,bus_acropolis_mall,
bus_240_1,0,17,bus_ruby_hospital,
bus_240_1,0,18,bus_em_bypass,
bus_240_1,0,19,bus_kalikapur,
bus_240_1,0,20,bus_mukundapur,
bus_240_1,0,21,bus_ajaynagar,
bus_240_1,0,22,bus_hiland_park,
bus_240_1,0,23,bus_patuli_more,
bus_240_1,0,24,bus_dhalai_bridge,
bus_240_1,0,25,bus_garia_station,
bus_240_1,1,1,bus_garia_station,
bus_240_1,1,2,bus_dhalai_bridge,
bus_240_1,1,3,bus_patuli_more,
bus_240_1,1,4,bus_hiland_park,
bus_240_1,1,5,bus_ajaynagar,
bus_240_1,1,6,bus_mukundapur,
bus_240_1,1,7,bus_kalikapur,
bus_240_1,1,8,bus_em_bypass,
bus_240_1,1,9,bus_ruby_hospital,
bus_240_1,1,10,bus_acropolis_mall,
bus_240_1,1,11,bus_bosepukur,
bus_240_1,1,12,bus_kasba_ps,
bus_240_1,1,13,bus_ballygunge_station,
bus_240_1,1,14,bus_gariahat,
bus_240_1,1,15,bus_ballygunge_phari,
bus_240_1,1,16,bus_park_circus,
bus_240_1,1,17,bus_mallick_bazar,
bus_240_1,1,18,bus_moulali_more,
bus_240_1,1,19,bus_sealdah_station,
bus_240_1,1,20,bus_rajabazar,
bus_240_1,1,21,bus_maniktala,
bus_240_1,1,22,bus_khanna_cinema,
bus_240_1,1,23,bus_shyambazar,
bus_240_1,1,24,bus_rajballavpara,
bus_240_1,1,25,bus_bagbazar,
bus_241,0,1,bus_santoshpur_station,
bus_241,0,2,bus_akra_fatak,
bus_241,0,3,bus_bartala_bazar,
bus_241,0,4,bus_metiabruz,
bus_241,0,5,bus_bichali_ghat,
bus_241,0,6,bus_kamal_talkies,
bus_241,0,7,bus_ramnagar,
bus_241,0,8,bus_garden_reach,
bus_241,0,9,bus_babubazar,
bus_241,0,10,bus_kidderpore,
bus_241,0,11,bus_hastings,
bus_241,0,12,bus_fort_william,
bus_241,0,13,bus_esplanade,
bus_241,1,1,bus_esplanade,
bus_241,1,2,bus_fort_william,
bus_241,1,3,bus_hastings,
bus_241,1,4,bus_kidderpore,
bus_241,1,5,bus_babubazar,
bus_241,1,6,bus_garden_reach,
bus_241,1,7,bus_ramnagar,
bus_241,1,8,bus_kamal_talkies,
bus_241,1,9,bus_bichali_ghat,
bus_241,1,10,bus_metiabruz,
bus_241,1,11,bus_bartala_bazar,
bus_241,1,12,bus_akra_fatak,
bus_241,1,13,bus_santoshpur_station,
bus_242,0,1,bus_cossipore,
bus_242,0,2,bus_bibibazar,
bus_242,0,3,bus_chitpur_bridge,
bus_242,0,4,bus_bagbazar,
bus_242,0,5,bus_sovabazar,
bus_242,0,6,bus_girish_park,
bus_242,0,7,bus_m_g_road,
bus_242,0,8,bus_central_metro,
bus_242,0,9,bus_chandni_market,
bus_242,0,10,bus_esplanade,
bus_242,1,1,bus_esplanade,
bus_242,1,2,bus_chandni_market,
bus_242,1,3,bus_central_metro,
bus_242,1,4,bus_m_g_road,
bus_242,1,5,bus_girish_park,
bus_242,1,6,bus_sovabazar,
bus_242,1,7,bus_bagbazar,
bus_242,1,8,bus_chitpur_bridge,
bus_242,1,9,bus_bibibazar,
bus_242,1,10,bus_cossipore,
bus_253,0,1,bus_basirhat,
bus_253,0,2,bus_trimohini,
bus_253,0,3,bus_kholapota,
bus_253,0,4,bus_gopalpur,
bus_253,0,5,bus_matia_bridge,
bus_253,0,6,bus_swarupnagar_2,
bus_253,0,7,bus_berachampa,
bus_253,0,8,bus_deganga_2,
bus_253,0,9,bus_kartickpur,
bus_253,0,10,bus_beleghata_2,
bus_253,0,11,bus_golabari_more,
bus_253,0,12,bus_goakhali_more,
bus_253,0,13,bus_kadambagachi,
bus_253,0,14,bus_kazipara_depot,
bus_253,0,15,bus_chapadali_more,
bus_253,0,16,bus_madhyamgram,
bus_253,0,17,bus_doltala_more,
bus_253,0,18,bus_b_t_college,
bus_253,0,19,bus_michael_nagar,
bus_253,0,20,bus_birati_more,
bus_253,0,21,bus_airport_3no,
bus_253,0,22,bus_airport_1no,
bus_253,0,23,bus_kaikhali,
bus_253,0,24,bus_haldirams,
bus_253,0,25,bus_baguiati,
bus_253,0,26,bus_kestopur,
bus_253,0,27,bus_dumdum_park,
bus_253,0,28,bus_laketown,
bus_253,0,29,bus_sreebhumi,
bus_253,0,30,bus_ultadanga,
bus_253,0,31,bus_kankurgachi,
bus_253,0,32,bus_phoolbagan,
bus_253,0,33,bus_beleghata_2,
bus_253,0,34,bus_sealdah_station,
bus_253,0,35,bus_moulali_more,
bus_253,0,36,bus_wellington,
bus_253,0,37,bus_chandni_market,
bus_253,0,38,bus_esplanade,
bus_253,1,1,bus_esplanade,
bus_253,1,2,bus_chandni_market,
bus_253,1,3,bus_wellington,
bus_253,1,4,bus_moulali_more,
bus_253,1,5,bus_sealdah_station,
bus_253,1,6,bus_beleghata_2,
bus_253,1,7,bus_phoolbagan,
bus_253,1,8,bus_kankurgachi,
bus_253,1,9,bus_ultadanga,
bus_253,1,10,bus_sreebhumi,
bus_253,1,11,bus_laketown,
bus_253,1,12,bus_dumdum_park,
bus_253,1,13,bus_kestopur,
bus_253,1,14,bus_baguiati,
bus_253,1,15,bus_haldirams,
bus_253,1,16,bus_kaikhali,
bus_253,1,17,bus_airport_1no,
bus_253,1,18,bus_airport_3no,
bus_253,1,19,bus_birati_more,
bus_253,1,20,bus_michael_nagar,
bus_253,1,21,bus_b_t_college,
bus_253,1,22,bus_doltala_more,
bus_253,1,23,bus_madhyamgram,
bus_253,1,24,bus_chapadali_more,
bus_253,1,25,bus_kazipara_depot,
bus_253,1,26,bus_kadambagachi,
bus_253,1,27,bus_goakhali_more,
bus_253,1,28,bus_golabari_more,
bus_253,1,29,bus_beleghata_2,
bus_253,1,30,bus_kartickpur,
bus_253,1,31,bus_deganga_2,
bus_253,1,32,bus_berachampa,
bus_253,1,33,bus_swarupnagar_2,
bus_253,1,34,bus_matia_bridge,
bus_253,1,35,bus_gopalpur,
bus_253,1,36,bus_kholapota,
bus_253,1,37,bus_trimohini,
bus_253,1,38,bus_basirhat,
bus_259,0,1,bus_akta_bazar,
bus_259,0,2,bus_akra_station,
bus_259,0,3,bus_dakghar,
bus_259,0,4,bus_mollargate,
bus_259,0,5,bus_rampur_quarter,
bus_259,0,6,bus_s_m_nagar,
bus_259,0,7,bus_sarkarpool,
bus_259,0,8,bus_jhinjhira_bazar,
bus_259,0,9,bus_brace_bridge,
bus_259,0,10,bus_taratala,
bus_259,0,11,bus_mahjerhat,
bus_259,0,12,bus_mominpore,
bus_259,0,13,bus_ekbalpur,
bus_259,0,14,bus_kidderpore,
bus_259,0,15,bus_hastings,
bus_259,0,16,bus_princep_ghat,
bus_259,0,17,bus_babughat,
bus_259,0,18,bus_esplanade,
bus_259,0,19,bus_barabazar,
bus_259,0,20,bus_howrah_station,
bus_259,1,1,bus_howrah_station,
bus_259,1,2,bus_barabazar,
bus_259,1,3,bus_esplanade,
bus_259,1,4,bus_babughat,
bus_259,1,5,bus_princep_ghat,
bus_259,1,6,bus_hastings,
bus_259,1,7,bus_kidderpore,
bus_259,1,8,bus_ekbalpur,
bus_259,1,9,bus_mominpore,
bus_259,1,10,bus_mahjerhat,
bus_259,1,11,bus_taratala,
bus_259,1,12,bus_brace_bridge,
bus_259,1,13,bus_jhinjhira_bazar,
bus_259,1,14,bus_sarkarpool,
bus_259,1,15,bus_s_m_nagar,
bus_259,1,16,bus_rampur_quarter,
bus_259,1,17,bus_mollargate,
bus_259,1,18,bus_dakghar,
bus_259,1,19,bus_akra_station,
bus_259,1,20,bus_akta_bazar,
bus_260,0,1,bus_unitech_gate_1,
bus_260,0,2,bus_narkelbagan,
bus_260,0,3,bus_axis_mall,
bus_260,0,4,bus_newtown,
bus_260,0,5,bus_dlf1,
bus_260,0,6,bus_college_more,
bus_260,0,7,bus_wipro_more,
bus_260,0,8,bus_karunamoyee,
bus_260,0,9,bus_bikash_bhawan,
bus_260,0,10,bus_city_center_1,
bus_260,0,11,bus_saltlake_c_a_block,
bus_260,0,12,bus_saltlake_p_n_b,
bus_260,0,13,bus_ultadanga,
bus_260,0,14,bus_khanna_cinema,
bus_260,0,15,bus_maniktala,
bus_260,0,16,bus_rajabazar,
bus_260,0,17,bus_sealdah_station,
bus_260,0,18,bus_moulali_more,
bus_260,0,19,bus_wellington,
bus_260,0,20,bus_chandni_market,
bus_260,0,21,bus_esplanade,
bus_260,0,22,bus_park_street,
bus_260,0,23,bus_maidan_metro,
bus_260,0,24,bus_rabindra_sadan,
bus_260,0,25,bus_p_t_s_more,
bus_260,0,26,bus_alipore_zoo,
bus_260,1,1,bus_alipore_zoo,
bus_260,1,2,bus_p_t_s_more,
bus_260,1,3,bus_rabindra_sadan,
bus_260,1,4,bus_maidan_metro,
bus_260,1,5,bus_park_street,
bus_260,1,6,bus_esplanade,
bus_260,1,7,bus_chandni_market,
bus_260,1,8,bus_wellington,
bus_260,1,9,bus_moulali_more,
bus_260,1,10,bus_sealdah_station,
bus_260,1,11,bus_rajabazar,
bus_260,1,12,bus_maniktala,
bus_260,1,13,bus_khanna_cinema,
bus_260,1,14,bus_ultadanga,
bus_260,1,15,bus_saltlake_p_n_b,
bus_260,1,16,bus_saltlake_c_a_block,
bus_260,1,17,bus_city_center_1,
bus_260,1,18,bus_bikash_bhawan,
bus_260,1,19,bus_karunamoyee,
bus_260,1,20,bus_wipro_more,
bus_260,1,21,bus_college_more,
bus_260,1,22,bus_dlf1,
bus_260,1,23,bus_newtown,
bus_260,1,24,bus_axis_mall,
bus_260,1,25,bus_narkelbagan,
bus_260,1,26,bus_unitech_gate_1,
bus_s101,0,1,bus_garia_more,
bus_s101,0,2,bus_ramgarh,
bus_s101,0,3,bus_baghajatin,
bus_s101,0,4,bus_jadavpur_8b,
bus_s101,0,5,bus_dhakuria,
bus_s101,0,6,bus_golpark,
bus_s101,0,7,bus_gariahat,
bus_s101,0,8,bus_ballygunge_phari,
bus_s101,0,9,bus_gurusaday_road,
bus_s101,0,10,bus_beckbagan,
bus_s101,0,11,bus_minto_park,
bus_s101,0,12,bus_rabindra_sadan,
bus_s101,0,13,bus_maidan_metro,
bus_s101,0,14,bus_park_street,
bus_s101,0,15,bus_esplanade,
bus_s101,0,16,bus_bbd_bag,
bus_s101,1,1,bus_bbd_bag,
bus_s101,1,2,bus_esplanade,
bus_s101,1,3,bus_park_street,
bus_s101,1,4,bus_maidan_metro,
bus_s101,1,5,bus_rabindra_sadan,
bus_s101,1,6,bus_minto_park,
bus_s101,1,7,bus_beckbagan,
bus_s101,1,8,bus_gurusaday_road,
bus_s101,1,9,bus_ballygunge_phari,
bus_s101,1,10,bus_gariahat,
bus_s101,1,11,bus_golpark,
bus_s101,1,12,bus_dhakuria,
bus_s101,1,13,bus_jadavpur_8b,
bus_s101,1,14,bus_baghajatin,
bus_s101,1,15,bus_ramgarh,
bus_s101,1,16,bus_garia_more,
bus_s101_1,0,1,bus_garia_station,
bus_s101_1,0,2,bus_dhalai_bridge,
bus_s101_1,0,3,bus_patuli_more,
bus_s101_1,0,4,bus_hiland_park,
bus_s101_1,0,5,bus_ajaynagar,
bus_s101_1,0,6,bus_mukundapur,
bus_s101_1,0,7,bus_kalikapur,
bus_s101_1,0,8,bus_ruby_hospital,
bus_s101_1,0,9,bus_vip_bazar,
bus_s101_1,0,10,bus_science_city,
bus_s101_1,0,11,bus_topsia_more,
bus_s101_1,0,12,bus_park_circus,
bus_s101_1,0,13,bus_beckbagan,
bus_s101_1,0,14,bus_minto_park,
bus_s101_1,0,15,bus_rabindra_sadan,
bus_s101_1,0,16,bus_maidan_metro,
bus_s101_1,0,17,bus_park_street,
bus_s101_1,0,18,bus_esplanade,
bus_s101_1,0,19,bus_bbd_bag,
bus_s101_1,1,1,bus_bbd_bag,
bus_s101_1,1,2,bus_esplanade,
bus_s101_1,1,3,bus_park_street,
bus_s101_1,1,4,bus_maidan_metro,
bus_s101_1,1,5,bus_rabindra_sadan,
bus_s101_1,1,6,bus_minto_park,
bus_s101_1,1,7,bus_beckbagan,
bus_s101_1,1,8,bus_park_circus,
bus_s101_1,1,9,bus_topsia_more,
bus_s101_1,1,10,bus_science_city,
bus_s101_1,1,11,bus_vip_bazar,
bus_s101_1,1,12,bus_ruby_hospital,
bus_s101_1,1,13,bus_kalikapur,
bus_s101_1,1,14,bus_mukundapur,
bus_s101_1,1,15,bus_ajaynagar,
bus_s101_1,1,16,bus_hiland_park,
bus_s101_1,1,17,bus_patuli_more,
bus_s101_1,1,18,bus_dhalai_bridge,
bus_s101_1,1,19,bus_garia_station,
bus_s102,0,1,bus_patuli,
bus_s102,0,2,bus_baishnabghata,
bus_s102,0,3,bus_ramgarh,
bus_s102,0,4,bus_baghajatin,
bus_s102,0,5,bus_jadavpur_8b,
bus_s102,0,6,bus_dhakuria,
bus_s102,0,7,bus_golpark,
bus_s102,0,8,bus_gariahat,
bus_s102,0,9,bus_ballygunge_phari,
bus_s102,0,10,bus_gurusaday_road,
bus_s102,0,11,bus_beckbagan,
bus_s102,0,12,bus_minto_park,
bus_s102,0,13,bus_rabindra_sadan,
bus_s102,0,14,bus_maidan,
bus_s102,0,15,bus_park_street,
bus_s102,0,16,bus_esplanade,
bus_s102,0,17,bus_bbd_bag,
bus_s102,1,1,bus_bbd_bag,
bus_s102,1,2,bus_esplanade,
bus_s102,1,3,bus_park_street,
bus_s102,1,4,bus_maidan,
bus_s102,1,5,bus_rabindra_sadan,
bus_s102,1,6,bus_minto_park,
bus_s102,1,7,bus_beckbagan,
bus_s102,1,8,bus_gurusaday_road,
bus_s102,1,9,bus_ballygunge_phari,
bus_s102,1,10,bus_gariahat,
bus_s102,1,11,bus_golpark,
bus_s102,1,12,bus_dhakuria,
bus_s102,1,13,bus_jadavpur_8b,
bus_s102,1,14,bus_baghajatin,
bus_s102,1,15,bus_ramgarh,
bus_s102,1,16,bus_baishnabghata,
bus_s102,1,17,bus_patuli,
bus_s103,0,1,bus_jadavpur,
bus_s103,0,2,bus_dhakuria,
bus_s103,0,3,bus_golpark,
bus_s103,0,4,bus_gariahat,
bus_s103,0,5,bus_ballygunge_phari,
bus_s103,0,6,bus_gurusaday_road,
bus_s103,0,7,bus_beckbagan,
bus_s103,0,8,bus_minto_park,
bus_s103,0,9,bus_rabindra_sadan,
bus_s103,0,10,bus_maidan_metro,
bus_s103,0,11,bus_park_street,
bus_s103,0,12,bus_esplanade,
bus_s103,0,13,bus_bbd_bag,
bus_s103,1,1,bus_bbd_bag,
bus_s103,1,2,bus_esplanade,
bus_s103,1,3,bus_park_street,
bus_s103,1,4,bus_maidan_metro,
bus_s103,1,5,bus_rabindra_sadan,
bus_s103,1,6,bus_minto_park,
bus_s103,1,7,bus_beckbagan,
bus_s103,1,8,bus_gurusaday_road,
bus_s103,1,9,bus_ballygunge_phari,
bus_s103,1,10,bus_gariahat,
bus_s103,1,11,bus_golpark,
bus_s103,1,12,bus_dhakuria,
bus_s103,1,13,bus_jadavpur,
bus_s104,0,1,bus_jodhpur_park,
bus_s104,0,2,bus_dhakuria,
bus_s104,0,3,bus_golpark,
bus_s104,0,4,bus_gariahat,
bus_s104,0,5,bus_ballygunge_phari,
bus_s104,0,6,bus_gurusaday_road,
bus_s104,0,7,bus_beckbagan,
bus_s104,0,8,bus_minto_park,
bus_s104,0,9,bus_rabindra_sadan,
bus_s104,0,10,bus_maidan_metro,
bus_s104,0,11,bus_park_street,
bus_s104,0,12,bus_esplanade,
bus_s104,0,13,bus_bbd_bag,
bus_s104,1,1,bus_bbd_bag,
bus_s104,1,2,bus_esplanade,
bus_s104,1,3,bus_park_street,
bus_s104,1,4,bus_maidan_metro,
bus_s104,1,5,bus_rabindra_sadan,
bus_s104,1,6,bus_minto_park,
bus_s104,1,7,bus_beckbagan,
bus_s104,1,8,bus_gurusaday_road,
bus_s104,1,9,bus_ballygunge_phari,
bus_s104,1,10,bus_gariahat,
bus_s104,1,11,bus_golpark,
bus_s104,1,12,bus_dhakuria,
bus_s104,1,13,bus_jodhpur_park,
bus_s106,0,1,bus_daspara,
bus_s106,0,2,bus_nayabad,
bus_s106,0,3,bus_mukundapur,
bus_s106,0,4,bus_em_bypass,
bus_s106,0,5,bus_ajaynagar,
bus_s106,0,6,bus_santoshpur,
bus_s106,0,7,bus_jadavpur_8b,
bus_s106,0,8,bus_dhakuria,
bus_s106,0,9,bus_golpark,
bus_s106,0,10,bus_gariahat,
bus_s106,0,11,bus_ballygunge_phari,
bus_s106,0,12,bus_gurusaday_road,
bus_s106,0,13,bus_beckbagan,
bus_s106,0,14,bus_minto_park,
bus_s106,0,15,bus_rabindra_sadan,
bus_s106,0,16,bus_maidan_metro,
bus_s106,0,17,bus_park_street,
bus_s106,0,18,bus_esplanade,
bus_s106,0,19,bus_bbd_bag,
bus_s106,1,1,bus_bbd_bag,
bus_s106,1,2,bus_esplanade,
bus_s106,1,3,bus_park_street,
bus_s106,1,4,bus_maidan_metro,
bus_s106,1,5,bus_rabindra_sadan,
bus_s106,1,6,bus_minto_park,
bus_s106,1,7,bus_beckbagan,
bus_s106,1,8,bus_gurusaday_road,
bus_s106,1,9,bus_ballygunge_phari,
bus_s106,1,10,bus_gariahat,
bus_s106,1,11,bus_golpark,
bus_s106,1,12,bus_dhakuria,
bus_s106,1,13,bus_jadavpur_8b,
bus_s106,1,14,bus_santoshpur,
bus_s106,1,15,bus_ajaynagar,
bus_s106,1,16,bus_em_bypass,
bus_s106,1,17,bus_mukundapur,
bus_s106,1,18,bus_nayabad,
bus_s106,1,19,bus_daspara,
bus_s107,0,1,bus_anandapur,
bus_s107,0,2,bus_ruby_hospital,
bus_s107,0,3,bus_acropolis_mall,
bus_s107,0,4,bus_bosepukur,
bus_s107,0,5,bus_kasba_ps,
bus_s107,0,6,bus_ballygunge_station,
bus_s107,0,7,bus_gariahat,
bus_s107,0,8,bus_ballygunge_phari,
bus_s107,0,9,bus_garcha_road,
bus_s107,0,10,bus_sishu_mangal,
bus_s107,0,11,bus_lansdowne,
bus_s107,0,12,bus_minto_park,
bus_s107,0,13,bus_rabindra_sadan,
bus_s107,0,14,bus_maidan_metro,
bus_s107,0,15,bus_park_street,
bus_s107,0,16,bus_esplanade,
bus_s107,0,17,bus_dalhousie,
bus_s107,0,18,bus_barabazar,
bus_s107,0,19,bus_howrah_station,
bus_s107,1,1,bus_howrah_station,
bus_s107,1,2,bus_barabazar,
bus_s107,1,3,bus_dalhousie,
bus_s107,1,4,bus_esplanade,
bus_s107,1,5,bus_park_street,
bus_s107,1,6,bus_maidan_metro,
bus_s107,1,7,bus_rabindra_sadan,
bus_s107,1,8,bus_minto_park,
bus_s107,1,9,bus_lansdowne,
bus_s107,1,10,bus_sishu_mangal,
bus_s107,1,11,bus_garcha_road,
bus_s107,1,12,bus_ballygunge_phari,
bus_s107,1,13,bus_gariahat,
bus_s107,1,14,bus_ballygunge_station,
bus_s107,1,15,bus_kasba_ps,
bus_s107,1,16,bus_bosepukur,
bus_s107,1,17,bus_acropolis_mall,
bus_s107,1,18,bus_ruby_hospital,
bus_s107,1,19,bus_anandapur,
bus_s107_1,0,1,bus_anandapur,
bus_s107_1,0,2,bus_ruby_hospital,
bus_s107_1,0,3,bus_acropolis_mall,
bus_s107_1,0,4,bus_bosepukur,
bus_s107_1,0,5,bus_kasba_ps,
bus_s107_1,0,6,bus_ballygunge_station,
bus_s107_1,0,7,bus_gariahat,
bus_s107_1,0,8,bus_deshapriya_park,
bus_s107_1,0,9,bus_rashbehari,
bus_s107_1,0,10,bus_kalighat,
bus_s107_1,0,11,bus_hazra_more,
bus_s107_1,0,12,bus_bhowanipore,
bus_s107_1,0,13,bus_rabindra_sadan,
bus_s107_1,0,14,bus_maidan_metro,
bus_s107_1,0,15,bus_park_street,
bus_s107_1,0,16,bus_esplanade,
bus_s107_1,0,17,bus_dalhousie,
bus_s107_1,0,18,bus_barabazar,
bus_s107_1,0,19,bus_howrah_station,
bus_s107_1,1,1,bus_howrah_station,
bus_s107_1,1,2,bus_barabazar,
bus_s107_1,1,3,bus_dalhousie,
bus_s107_1,1,4,bus_esplanade,
bus_s107_1,1,5,bus_park_street,
bus_s107_1,1,6,bus_maidan_metro,
bus_s107_1,1,7,bus_rabindra_sadan,
bus_s107_1,1,8,bus_bhowanipore,
bus_s107_1,1,9,bus_hazra_more,
bus_s107_1,1,10,bus_kalighat,
bus_s107_1,1,11,bus_rashbehari,
bus_s107_1,1,12,bus_deshapriya_park,
bus_s107_1,1,13,bus_gariahat,
bus_s107_1,1,14,bus_ballygunge_station,
bus_s107_1,1,15,bus_kasba_ps,
bus_s107_1,1,16,bus_bosepukur,
bus_s107_1,1,17,bus_acropolis_mall,
bus_s107_1,1,18,bus_ruby_hospital,
bus_s107_1,1,19,bus_anandapur,
bus_s108,0,1,bus_kasba_rathtala,
bus_s108,0,2,bus_kasba_post_office,
bus_s108,0,3,bus_ballygunge_station,
bus_s108,0,4,bus_gariahat,
bus_s108,0,5,bus_ballygunge_phari,
bus_s108,0,6,bus_quest_mall,
bus_s108,0,7,bus_park_circus,
bus_s108,0,8,bus_mallick_bazar,
bus_s108,0,9,bus_moulali_more,
bus_s108,0,10,bus_wellington,
bus_s108,0,11,bus_chandni_market,
bus_s108,0,12,bus_esplanade,
bus_s108,0,13,bus_dalhousie,
bus_s108,0,14,bus_barabazar,
bus_s108,0,15,bus_howrah_station,
bus_s108,1,1,bus_howrah_station,
bus_s108,1,2,bus_barabazar,
bus_s108,1,3,bus_dalhousie,
bus_s108,1,4,bus_esplanade,
bus_s108,1,5,bus_chandni_market,
bus_s108,1,6,bus_wellington,
bus_s108,1,7,bus_moulali_more,
bus_s108,1,8,bus_mallick_bazar,
bus_s108,1,9,bus_park_circus,
bus_s108,1,10,bus_quest_mall,
bus_s108,1,11,bus_ballygunge_phari,
bus_s108,1,12,bus_gariahat,
bus_s108,1,13,bus_ballygunge_station,
bus_s108,1,14,bus_kasba_post_office,
bus_s108,1,15,bus_kasba_rathtala,
bus_s109,0,1,bus_ballygunge_station,
bus_s109,0,2,bus_gariahat,
bus_s109,0,3,bus_ballygunge_phari,
bus_s109,0,4,bus_gurusaday_road,
bus_s109,0,5,bus_beckbagan,
bus_s109,0,6,bus_minto_park,
bus_s109,0,7,bus_rabindra_sadan,
bus_s109,0,8,bus_maidan_metro,
bus_s109,0,9,bus_park_street,
bus_s109,0,10,bus_esplanade,
bus_s109,0,11,bus_bbd_bag,
bus_s109,1,1,bus_bbd_bag,
bus_s109,1,2,bus_esplanade,
bus_s109,1,3,bus_park_street,
bus_s109,1,4,bus_maidan_metro,
bus_s109,1,5,bus_rabindra_sadan,
bus_s109,1,6,bus_minto_park,
bus_s109,1,7,bus_beckbagan,
bus_s109,1,8,bus_gurusaday_road,
bus_s109,1,9,bus_ballygunge_phari,
bus_s109,1,10,bus_gariahat,
bus_s109,1,11,bus_ballygunge_station,
bus_s110,0,1,bus_golf_green,
bus_s110,0,2,bus_doordarshan_bhawan,
bus_s110,0,3,bus_lake_gardens,
bus_s110,0,4,bus_south_city,
bus_s110,0,5,bus_jadavpur_ps,
bus_s110,0,6,bus_dhakuria,
bus_s110,0,7,bus_golpark,
bus_s110,0,8,bus_gariahat,
bus_s110,0,9,bus_ballygunge_phari,
bus_s110,0,10,bus_quest_mall,
bus_s110,0,11,bus_park_circus,
bus_s110,0,12,bus_chittaranjan_hospital,
bus_s110,0,13,bus_c_i_t_road,
bus_s110,0,14,bus_moulali_more,
bus_s110,0,15,bus_wellington,
bus_s110,0,16,bus_chandni_market,
bus_s110,0,17,bus_esplanade,
bus_s110,0,18,bus_dalhousie,
bus_s110,0,19,bus_barabazar,
bus_s110,0,20,bus_howrah_station,
bus_s110,1,1,bus_howrah_station,
bus_s110,1,2,bus_barabazar,
bus_s110,1,3,bus_dalhousie,
bus_s110,1,4,bus_esplanade,
bus_s110,1,5,bus_chandni_market,
bus_s110,1,6,bus_wellington,
bus_s110,1,7,bus_moulali_more,
bus_s110,1,8,bus_c_i_t_road,
bus_s110,1,9,bus_chittaranjan_hospital,
bus_s110,1,10,bus_park_circus,
bus_s110,1,11,bus_quest_mall,
bus_s110,1,12,bus_ballygunge_phari,
bus_s110,1,13,bus_gariahat,
bus_s110,1,14,bus_golpark,
bus_s110,1,15,bus_dhakuria,
bus_s110,1,16,bus_jadavpur_ps,
bus_s110,1,17,bus_south_city,
bus_s110,1,18,bus_lake_gardens,
bus_s110,1,19,bus_doordarshan_bhawan,
bus_s110,1,20,bus_golf_green,
bus_s111,0,1,bus_lake_road,
bus_s111,0,2,bus_deshapriya_park,
bus_s111,0,3,bus_sishu_mangal,
bus_s111,0,4,bus_lansdowne,
bus_s111,0,5,bus_minto_park,
bus_s111,0,6,bus_rabindra_sadan,
bus_s111,0,7,bus_maidan_metro,
bus_s111,0,8,bus_park_street,
bus_s111,0,9,bus_esplanade,
bus_s111,0,10,bus_dalhousie,
bus_s111,0,11,bus_barabazar,
bus_s111,0,12,bus_howrah_station,
bus_s111,1,1,bus_howrah_station,
bus_s111,1,2,bus_barabazar,
bus_s111,1,3,bus_dalhousie,
bus_s111,1,4,bus_esplanade,
bus_s111,1,5,bus_park_street,
bus_s111,1,6,bus_maidan_metro,
bus_s111,1,7,bus_rabindra_sadan,
bus_s111,1,8,bus_minto_park,
bus_s111,1,9,bus_lansdowne,
bus_s111,1,10,bus_sishu_mangal,
bus_s111,1,11,bus_deshapriya_park,
bus_s111,1,12,bus_lake_road,
bus_s112,0,1,bus_garia_station_naktala,
bus_s112,0,2,bus_dhalai_bridge,
bus_s112,0,3,bus_garia_metro,
bus_s112,0,4,bus_naktala,
bus_s112,0,5,bus_bansdroni,
bus_s112,0,6,bus_netaji_nagar,
bus_s112,0,7,bus_ranikuthi,
bus_s112,0,8,bus_malancha_cinema,
bus_s112,0,9,bus_tollygunge,
bus_s112,0,10,bus_rabindra_sarovar,
bus_s112,0,11,bus_rashbehari,
bus_s112,0,12,bus_kalighat,
bus_s112,0,13,bus_hazra_more,
bus_s112,0,14,bus_bhowanipore,
bus_s112,0,15,bus_rabindra_sadan,
bus_s112,0,16,bus_maidan_metro,
bus_s112,0,17,bus_park_street,
bus_s112,0,18,bus_esplanade,
bus_s112,0,19,bus_dalhousie,
bus_s112,0,20,bus_barabazar,
bus_s112,0,21,bus_howrah_station,
bus_s112,1,1,bus_howrah_station,
bus_s112,1,2,bus_barabazar,
bus_s112,1,3,bus_dalhousie,
bus_s112,1,4,bus_esplanade,
bus_s112,1,5,bus_park_street,
bus_s112,1,6,bus_maidan_metro,
bus_s112,1,7,bus_rabindra_sadan,
bus_s112,1,8,bus_bhowanipore,
bus_s112,1,9,bus_hazra_more,
bus_s112,1,10,bus_kalighat,
bus_s112,1,11,bus_rashbehari,
bus_s112,1,12,bus_rabindra_sarovar,
bus_s112,1,13,bus_tollygunge,
bus_s112,1,14,bus_malancha_cinema,
bus_s112,1,15,bus_ranikuthi,
bus_s112,1,16,bus_netaji_nagar,
bus_s112,1,17,bus_bansdroni,
bus_s112,1,18,bus_naktala,
bus_s112,1,19,bus_garia_metro,
bus_s112,1,20,bus_dhalai_bridge,
bus_s112,1,21,bus_garia_station_naktala,
bus_s113,0,1,bus_harinavi,
bus_s113,0,2,bus_rajpur_bazar,
bus_s113,0,3,bus_narendrapur,
bus_s113,0,4,bus_kamalgazi,
bus_s113,0,5,bus_mahamayatala,
bus_s113,0,6,bus_garia_metro,
bus_s113,0,7,bus_naktala,
bus_s113,0,8,bus_bansdroni,
bus_s113,0,9,bus_netaji_nagar,
bus_s113,0,10,bus_ranikuthi,
bus_s113,0,11,bus_malancha_cinema,
bus_s113,0,12,bus_tollygunge,
bus_s113,0,13,bus_rabindra_sarovar,
bus_s113,0,14,bus_rashbehari,
bus_s113,0,15,bus_kalighat,
bus_s113,0,16,bus_hazra_more,
bus_s113,0,17,bus_bhowanipore,
bus_s113,0,18,bus_rabindra_sadan,
bus_s113,0,19,bus_maidan_metro,
bus_s113,0,20,bus_park_street,
bus_s113,0,21,bus_esplanade,
bus_s113,0,22,bus_dalhousie,
bus_s113,0,23,bus_barabazar,
bus_s113,0,24,bus_howrah_station,
bus_s113,1,1,bus_howrah_station,
bus_s113,1,2,bus_barabazar,
bus_s113,1,3,bus_dalhousie,
bus_s113,1,4,bus_esplanade,
bus_s113,1,5,bus_park_street,
bus_s113,1,6,bus_maidan_metro,
bus_s113,1,7,bus_rabindra_sadan,
bus_s113,1,8,bus_bhowanipore,
bus_s113,1,9,bus_hazra_more,
bus_s113,1,10,bus_kalighat,
bus_s113,1,11,bus_rashbehari,
bus_s113,1,12,bus_rabindra_sarovar,
bus_s113,1,13,bus_tollygunge,
bus_s113,1,14,bus_malancha_cinema,
bus_s113,1,15,bus_ranikuthi,
bus_s113,1,16,bus_netaji_nagar,
bus_s113,1,17,bus_bansdroni,
bus_s113,1,18,bus_naktala,
bus_s113,1,19,bus_garia_metro,
bus_s113,1,20,bus_mahamayatala,
bus_s113,1,21,bus_kamalgazi,
bus_s113,1,22,bus_narendrapur,
bus_s113,1,23,bus_rajpur_bazar,
bus_s113,1,24,bus_harinavi,
bus_s117,0,1,bus_kalitala_housing,
bus_s117,0,2,bus_kabardanga,
bus_s117,0,3,bus_keorapukur,
bus_s117,0,4,bus_haridevpur,
bus_s117,0,5,bus_tollygunge,
bus_s117,0,6,bus_rabindra_sarovar,
bus_s117,0,7,bus_rashbehari,
bus_s117,0,8,bus_kalighat,
bus_s117,0,9,bus_hazra_more,
bus_s117,0,10,bus_bhowanipore,
bus_s117,0,11,bus_rabindra_sadan,
bus_s117,0,12,bus_maidan_metro,
bus_s117,0,13,bus_park_street,
bus_s117,0,14,bus_esplanade,
bus_s117,0,15,bus_dalhousie,
bus_s117,0,16,bus_barabazar,
bus_s117,0,17,bus_howrah_station,
bus_s117,1,1,bus_howrah_station,
bus_s117,1,2,bus_barabazar,
bus_s117,1,3,bus_dalhousie,
bus_s117,1,4,bus_esplanade,
bus_s117,1,5,bus_park_street,
bus_s117,1,6,bus_maidan_metro,
bus_s117,1,7,bus_rabindra_sadan,
bus_s117,1,8,bus_bhowanipore,
bus_s117,1,9,bus_hazra_more,
bus_s117,1,10,bus_kalighat,
bus_s117,1,11,bus_rashbehari,
bus_s117,1,12,bus_rabindra_sarovar,
bus_s117,1,13,bus_tollygunge,
bus_s117,1,14,bus_haridevpur,
bus_s117,1,15,bus_keorapukur,
bus_s117,1,16,bus_kabardanga,
bus_s117,1,17,bus_kalitala_housing,
bus_s121,0,1,bus_behala_chowrasta,
bus_s121,0,2,bus_behala_14no,
bus_s121,0,3,bus_majherhat,
bus_s121,0,4,bus_mominpore,
bus_s121,0,5,bus_alipore_court,
bus_s121,0,6,bus_bhawani_bhawan,
bus_s121,0,7,bus_alipore_zoo,
bus_s121,0,8,bus_p_t_s_more,
bus_s121,0,9,bus_fort_william,
bus_s121,0,10,bus_esplanade,
bus_s121,0,11,bus_dalhousie,
bus_s121,0,12,bus_barabazar,
bus_s121,0,13,bus_howrah_station,
bus_s121,1,1,bus_howrah_station,
bus_s121,1,2,bus_barabazar,
bus_s121,1,3,bus_dalhousie,
bus_s121,1,4,bus_esplanade,
bus_s121,1,5,bus_fort_william,
bus_s121,1,6,bus_p_t_s_more,
bus_s121,1,7,bus_alipore_zoo,
bus_s121,1,8,bus_bhawani_bhawan,
bus_s121,1,9,bus_alipore_court,
bus_s121,1,10,bus_mominpore,
bus_s121,1,11,bus_majherhat,
bus_s121,1,12,bus_behala_14no,
bus_s121,1,13,bus_behala_chowrasta,
bus_s123,0,1,bus_matiabruz,
bus_s123,0,2,bus_bichali_ghat,
bus_s123,0,3,bus_kamal_talkies,
bus_s123,0,4,bus_ramnagar,
bus_s123,0,5,bus_garden_reach,
bus_s123,0,6,bus_babubazar,
bus_s123,0,7,bus_kidderpore,
bus_s123,0,8,bus_hastings,
bus_s123,0,9,bus_fort_william,
bus_s123,0,10,bus_esplanade,
bus_s123,0,11,bus_dalhousie,
bus_s123,0,12,bus_barabazar,
bus_s123,0,13,bus_howrah_station,
bus_s123,1,1,bus_howrah_station,
bus_s123,1,2,bus_barabazar,
bus_s123,1,3,bus_dalhousie,
bus_s123,1,4,bus_esplanade,
bus_s123,1,5,bus_fort_william,
bus_s123,1,6,bus_hastings,
bus_s123,1,7,bus_kidderpore,
bus_s123,1,8,bus_babubazar,
bus_s123,1,9,bus_garden_reach,
bus_s123,1,10,bus_ramnagar,
bus_s123,1,11,bus_kamal_talkies,
bus_s123,1,12,bus_bichali_ghat,
bus_s123,1,13,bus_matiabruz,
bus_s124,0,1,bus_garia_station,
bus_s124,0,2,bus_peerless_hospital,
bus_s124,0,3,bus_em_bypass,
bus_s124,0,4,bus_ajaynagar,
bus_s124,0,5,bus_mukundapur,
bus_s124,0,6,bus_kalikapur,
bus_s124,0,7,bus_sapuipara,
bus_s124,0,8,bus_saheed_nagar,
bus_s124,0,9,bus_jadavpur_ps,
bus_s124,0,10,bus_dhakuria,
bus_s124,0,11,bus_golpark,
bus_s124,0,12,bus_gariahat,
bus_s124,0,13,bus_deshapriya_park,
bus_s124,0,14,bus_sishu_mangal,
bus_s124,0,15,bus_lansdowne,
bus_s124,0,16,bus_minto_park,
bus_s124,0,17,bus_rabindra_sadan,
bus_s124,0,18,bus_maidan_metro,
bus_s124,0,19,bus_park_street,
bus_s124,0,20,bus_esplanade,
bus_s124,0,21,bus_dalhousie,
bus_s124,0,22,bus_barabazar,
bus_s124,0,23,bus_howrah_station,
bus_s124,1,1,bus_howrah_station,
bus_s124,1,2,bus_barabazar,
bus_s124,1,3,bus_dalhousie,
bus_s124,1,4,bus_esplanade,
bus_s124,1,5,bus_park_street,
bus_s124,1,6,bus_maidan_metro,
bus_s124,1,7,bus_rabindra_sadan,
bus_s124,1,8,bus_minto_park,
bus_s124,1,9,bus_lansdowne,
bus_s124,1,10,bus_sishu_mangal,
bus_s124,1,11,bus_deshapriya_park,
bus_s124,1,12,bus_gariahat,
bus_s124,1,13,bus_golpark,
bus_s124,1,14,bus_dhakuria,
bus_s124,1,15,bus_jadavpur_ps,
bus_s124,1,16,bus_saheed_nagar,
bus_s124,1,17,bus_sapuipara,
bus_s124,1,18,bus_kalikapur,
bus_s124,1,19,bus_mukundapur,
bus_s124,1,20,bus_ajaynagar,
bus_s124,1,21,bus_em_bypass,
bus_s124,1,22,bus_peerless_hospital,
bus_s124,1,23,bus_garia_station,
bus_s125,0,1,bus_picnic_garden,
bus_s125,0,2,bus_bondel_gate,
bus_s125,0,3,bus_park_circus,
bus_s125,0,4,bus_mallick_bazar,
bus_s125,0,5,bus_moulali_more,
bus_s125,0,6,bus_wellington,
bus_s125,0,7,bus_chandni_market,
bus_s125,0,8,bus_esplanade,
bus_s125,0,9,bus_dalhousie,
bus_s125,0,10,bus_barabazar,
bus_s125,0,11,bus_howrah_station,
bus_s125,1,1,bus_howrah_station,
bus_s125,1,2,bus_barabazar,
bus_s125,1,3,bus_dalhousie,
bus_s125,1,4,bus_esplanade,
bus_s125,1,5,bus_chandni_market,
bus_s125,1,6,bus_wellington,
bus_s125,1,7,bus_moulali_more,
bus_s125,1,8,bus_mallick_bazar,
bus_s125,1,9,bus_park_circus,
bus_s125,1,10,bus_bondel_gate,
bus_s125,1,11,bus_picnic_garden,
bus_s126,0,1,bus_batanagar,
bus_s126,0,2,bus_bata_more,
bus_s126,0,3,bus_dakghar,
bus_s126,0,4,bus_mollargate,
bus_s126,0,5,bus_rampur_quarter,
bus_s126,0,6,bus_s_m_nagar,
bus_s126,0,7,bus_sarkarpool,
bus_s126,0,8,bus_jhinjhira_bazar,
bus_s126,0,9,bus_brace_bridge,
bus_s126,0,10,bus_hide_road,
bus_s126,0,11,bus_babubazar,
bus_s126,0,12,bus_kidderpore,
bus_s126,0,13,bus_hastings,
bus_s126,0,14,bus_fort_william,
bus_s126,0,15,bus_esplanade,
bus_s126,0,16,bus_dalhousie,
bus_s126,0,17,bus_barabazar,
bus_s126,0,18,bus_howrah_station,
bus_s126,1,1,bus_howrah_station,
bus_s126,1,2,bus_barabazar,
bus_s126,1,3,bus_dalhousie,
bus_s126,1,4,bus_esplanade,
bus_s126,1,5,bus_fort_william,
bus_s126,1,6,bus_hastings,
bus_s126,1,7,bus_kidderpore,
bus_s126,1,8,bus_babubazar,
bus_s126,1,9,bus_hide_road,
bus_s126,1,10,bus_brace_bridge,
bus_s126,1,11,bus_jhinjhira_bazar,
bus_s126,1,12,bus_sarkarpool,
bus_s126,1,13,bus_s_m_nagar,
bus_s126,1,14,bus_rampur_quarter,
bus_s126,1,15,bus_mollargate,
bus_s126,1,16,bus_dakghar,
bus_s126,1,17,bus_bata_more,
bus_s126,1,18,bus_batanagar,
bus_s128,0,1,bus_picnic_garden,
bus_s128,0,2,bus_colony_bazar,
bus_s128,0,3,bus_bondel_gate,
bus_s128,0,4,bus_4no_bridge,
bus_s128,0,5,bus_chittaranjan_hospital,
bus_s128,0,6,bus_c_i_t_road,
bus_s128,0,7,bus_moulali_more,
bus_s128,0,8,bus_wellington,
bus_s128,0,9,bus_chandni_market,
bus_s128,0,10,bus_esplanade,
bus_s128,0,11,bus_dalhousie,
bus_s128,0,12,bus_barabazar,
bus_s128,0,13,bus_howrah_station,
bus_s128,1,1,bus_howrah_station,
bus_s128,1,2,bus_barabazar,
bus_s128,1,3,bus_dalhousie,
bus_s128,1,4,bus_esplanade,
bus_s128,1,5,bus_chandni_market,
bus_s128,1,6,bus_wellington,
bus_s128,1,7,bus_moulali_more,
bus_s128,1,8,bus_c_i_t_road,
bus_s128,1,9,bus_chittaranjan_hospital,
bus_s128,1,10,bus_4no_bridge,
bus_s128,1,11,bus_bondel_gate,
bus_s128,1,12,bus_colony_bazar,
bus_s128,1,13,bus_picnic_garden,
bus_s129,0,1,bus_rabindra_nagar,
bus_s129,0,2,bus_parnashree,
bus_s129,0,3,bus_behala_p_s,
bus_s129,0,4,bus_majherhat,
bus_s129,0,5,bus_mominpore,
bus_s129,0,6,bus_alipore_court,
bus_s129,0,7,bus_bhawani_bhawan,
bus_s129,0,8,bus_alipore_zoo,
bus_s129,0,9,bus_p_t_s_more,
bus_s129,0,10,bus_rabindra_sadan,
bus_s129,0,11,bus_maidan_metro,
bus_s129,0,12,bus_park_street,
bus_s129,0,13,bus_esplanade,
bus_s129,0,14,bus_dalhousie,
bus_s129,0,15,bus_barabazar,
bus_s129,0,16,bus_howrah_station,
bus_s129,1,1,bus_howrah_station,
bus_s129,1,2,bus_barabazar,
bus_s129,1,3,bus_dalhousie,
bus_s129,1,4,bus_esplanade,
bus_s129,1,5,bus_park_street,
bus_s129,1,6,bus_maidan_metro,
bus_s129,1,7,bus_rabindra_sadan,
bus_s129,1,8,bus_p_t_s_more,
bus_s129,1,9,bus_alipore_zoo,
bus_s129,1,10,bus_bhawani_bhawan,
bus_s129,1,11,bus_alipore_court,
bus_s129,1,12,bus_mominpore,
bus_s129,1,13,bus_majherhat,
bus_s129,1,14,bus_behala_p_s,
bus_s129,1,15,bus_parnashree,
bus_s129,1,16,bus_rabindra_nagar,
bus_s131,0,1,bus_joka_bridge,
bus_s131,0,2,bus_thakurpukur,
bus_s131,0,3,bus_shilpara,
bus_s131,0,4,bus_sakher_bazar,
bus_s131,0,5,bus_behala_chowrasta,
bus_s131,0,6,bus_behala_14no,
bus_s131,0,7,bus_majherhat,
bus_s131,0,8,bus_mominpore,
bus_s131,0,9,bus_alipore_court,
bus_s131,0,10,bus_hazra_more,
bus_s131,0,11,bus_kalighat,
bus_s131,0,12,bus_rashbehari,
bus_s131,0,13,bus_deshapriya_park,
bus_s131,0,14,bus_gariahat,
bus_s131,0,15,bus_ballygunge_station,
bus_s131,0,16,bus_kasba_ps,
bus_s131,0,17,bus_bosepukur,
bus_s131,0,18,bus_acropolis_mall,
bus_s131,0,19,bus_em_bypass,
bus_s131,0,20,bus_ruby_hospital,
bus_s131,1,1,bus_ruby_hospital,
bus_s131,1,2,bus_em_bypass,
bus_s131,1,3,bus_acropolis_mall,
bus_s131,1,4,bus_bosepukur,
bus_s131,1,5,bus_kasba_ps,
bus_s131,1,6,bus_ballygunge_station,
bus_s131,1,7,bus_gariahat,
bus_s131,1,8,bus_deshapriya_park,
bus_s131,1,9,bus_rashbehari,
bus_s131,1,10,bus_kalighat,
bus_s131,1,11,bus_hazra_more,
bus_s131,1,12,bus_alipore_court,
bus_s131,1,13,bus_mominpore,
bus_s131,1,14,bus_majherhat,
bus_s131,1,15,bus_behala_14no,
bus_s131,1,16,bus_behala_chowrasta,
bus_s131,1,17,bus_sakher_bazar,
bus_s131,1,18,bus_shilpara,
bus_s131,1,19,bus_thakurpukur,
bus_s131,1,20,bus_joka_bridge,
bus_s135,0,1,bus_baishnabghata,
bus_s135,0,2,bus_ramgarh,
bus_s135,0,3,bus_baghajatin,
bus_s135,0,4,bus_jadavpur_8b,
bus_s135,0,5,bus_south_city,
bus_s135,0,6,bus_lake_gardens,
bus_s135,0,7,bus_anwar_shah_road,
bus_s135,0,8,bus_tollygunge_phari,
bus_s135,0,9,bus_rabindra_sarovar,
bus_s135,0,10,bus_rashbehari,
bus_s135,0,11,bus_kalighat,
bus_s135,0,12,bus_hazra_more,
bus_s135,0,13,bus_bhowanipore,
bus_s135,0,14,bus_rabindra_sadan,
bus_s135,0,15,bus_maidan_metro,
bus_s135,0,16,bus_park_street,
bus_s135,0,17,bus_esplanade,
bus_s135,0,18,bus_dalhousie,
bus_s135,0,19,bus_barabazar,
bus_s135,0,20,bus_howrah_station,
bus_s135,0,21,bus_howrah_maidan,
bus_s135,1,1,bus_howrah_maidan,
bus_s135,1,2,bus_howrah_station,
bus_s135,1,3,bus_barabazar,
bus_s135,1,4,bus_dalhousie,
bus_s135,1,5,bus_esplanade,
bus_s135,1,6,bus_park_street,
bus_s135,1,7,bus_maidan_metro,
bus_s135,1,8,bus_rabindra_sadan,
bus_s135,1,9,bus_bhowanipore,
bus_s135,1,10,bus_hazra_more,
bus_s135,1,11,bus_kalighat,
bus_s135,1,12,bus_rashbehari,
bus_s135,1,13,bus_rabindra_sarovar,
bus_s135,1,14,bus_tollygunge_phari,
bus_s135,1,15,bus_anwar_shah_road,
bus_s135,1,16,bus_lake_gardens,
bus_s135,1,17,bus_south_city,
bus_s135,1,18,bus_jadavpur_8b,
bus_s135,1,19,bus_baghajatin,
bus_s135,1,20,bus_ramgarh,
bus_s135,1,21,bus_baishnabghata,
bus_s139,0,1,bus_shyambazar,
bus_s139,0,2,bus_rajballavpara,
bus_s139,0,3,bus_sovabazar,
bus_s139,0,4,bus_girish_park,
bus_s139,0,5,bus_m_g_road,
bus_s139,0,6,bus_central_metro,
bus_s139,0,7,bus_dalhousie,
bus_s139,0,8,bus_babughat,
bus_s139,1,1,bus_babughat,
bus_s139,1,2,bus_dalhousie,
bus_s139,1,3,bus_central_metro,
bus_s139,1,4,bus_m_g_road,
bus_s139,1,5,bus_girish_park,
bus_s139,1,6,bus_sovabazar,
bus_s139,1,7,bus_rajballavpara,
bus_s139,1,8,bus_shyambazar,
bus_s151,0,1,bus_airport_1no,
bus_s151,0,2,bus_kaikhali,
bus_s151,0,3,bus_haldirams,
bus_s151,0,4,bus_baguiati,
bus_s151,0,5,bus_kestopur,
bus_s151,0,6,bus_dumdum_park,
bus_s151,0,7,bus_laketown,
bus_s151,0,8,bus_sreebhumi,
bus_s151,0,9,bus_ultadanga,
bus_s151,0,10,bus_kankurgachi,
bus_s151,0,11,bus_maniktala,
bus_s151,0,12,bus_vivekananda_road,
bus_s151,0,13,bus_girish_park,
bus_s151,0,14,bus_m_g_road,
bus_s151,0,15,bus_central_metro,
bus_s151,0,16,bus_bbd_bag,
bus_s151,1,1,bus_bbd_bag,
bus_s151,1,2,bus_central_metro,
bus_s151,1,3,bus_m_g_road,
bus_s151,1,4,bus_girish_park,
bus_s151,1,5,bus_vivekananda_road,
bus_s151,1,6,bus_maniktala,
bus_s151,1,7,bus_kankurgachi,
bus_s151,1,8,bus_ultadanga,
bus_s151,1,9,bus_sreebhumi,
bus_s151,1,10,bus_laketown,
bus_s151,1,11,bus_dumdum_park,
bus_s151,1,12,bus_kestopur,
bus_s151,1,13,bus_baguiati,
bus_s151,1,14,bus_haldirams,
bus_s151,1,15,bus_kaikhali,
bus_s151,1,16,bus_airport_1no,
bus_s151_2,0,1,bus_derozio_college,
bus_s151_2,0,2,bus_salua_bazar,
bus_s151_2,0,3,bus_chinar_park,
bus_s151_2,0,4,bus_lokenath_mandir,
bus_s151_2,0,5,bus_baguiati,
bus_s151_2,0,6,bus_kestopur,
bus_s151_2,0,7,bus_dumdum_park,
bus_s151_2,0,8,bus_laketown,
bus_s151_2,0,9,bus_sreebhumi,
bus_s151_2,0,10,bus_ultadanga,
bus_s151_2,0,11,bus_kankurgachi,
bus_s151_2,0,12,bus_maniktala,
bus_s151_2,0,13,bus_vivekananda_road,
bus_s151_2,0,14,bus_girish_park,
bus_s151_2,0,15,bus_m_g_road,
bus_s151_2,0,16,bus_central_metro,
bus_s151_2,0,17,bus_bbd_bag,
bus_s151_2,1,1,bus_bbd_bag,
bus_s151_2,1,2,bus_central_metro,
bus_s151_2,1,3,bus_m_g_road,
bus_s151_2,1,4,bus_girish_park,
bus_s151_2,1,5,bus_vivekananda_road,
bus_s151_2,1,6,bus_maniktala,
bus_s151_2,1,7,bus_kankurgachi,
bus_s151_2,1,8,bus_ultadanga,
bus_s151_2,1,9,bus_sreebhumi,
bus_s151_2,1,10,bus_laketown,
bus_s151_2,1,11,bus_dumdum_park,
bus_s151_2,1,12,bus_kestopur,
bus_s151_2,1,13,bus_baguiati,
bus_s151_2,1,14,bus_lokenath_mandir,
bus_s151_2,1,15,bus_chinar_park,
bus_s151_2,1,16,bus_salua_bazar,
bus_s151_2,1,17,bus_derozio_college,
bus_s152,0,1,bus_baguiati,
bus_s152,0,2,bus_kestopur,
bus_s152,0,3,bus_dumdum_park,
bus_s152,0,4,bus_laketown,
bus_s152,0,5,bus_sreebhumi,
bus_s152,0,6,bus_ultadanga,
bus_s152,0,7,bus_kankurgachi,
bus_s152,0,8,bus_maniktala,
bus_s152,0,9,bus_vivekananda_road,
bus_s152,0,10,bus_girish_park,
bus_s152,0,11,bus_m_g_road,
bus_s152,0,12,bus_central_metro,
bus_s152,0,13,bus_bbd_bag,
bus_s152,1,1,bus_bbd_bag,
bus_s152,1,2,bus_central_metro,
bus_s152,1,3,bus_m_g_road,
bus_s152,1,4,bus_girish_park,
bus_s152,1,5,bus_vivekananda_road,
bus_s152,1,6,bus_maniktala,
bus_s152,1,7,bus_kankurgachi,
bus_s152,1,8,bus_ultadanga,
bus_s152,1,9,bus_sreebhumi,
bus_s152,1,10,bus_laketown,
bus_s152,1,11,bus_dumdum_park,
bus_s152,1,12,bus_kestopur,
bus_s152,1,13,bus_baguiati,
bus_s158,0,1,bus_dakshineswar,
bus_s158,0,2,bus_alambazar,
bus_s158,0,3,bus_deshbandhu_road,
bus_s158,0,4,bus_baranagar_bazar,
bus_s158,0,5,bus_sinthee_more,
bus_s158,0,6,bus_chiria_more,
bus_s158,0,7,bus_shyambazar,
bus_s158,0,8,bus_hatibagan,
bus_s158,0,9,bus_hedua_more,
bus_s158,0,10,bus_vivekananda_road,
bus_s158,0,11,bus_college_street,
bus_s158,0,12,bus_medical_college,
bus_s158,0,13,bus_bowbazar,
bus_s158,0,14,bus_central_metro,
bus_s158,0,15,bus_dalhousie,
bus_s158,0,16,bus_babughat,
bus_s158,1,1,bus_babughat,
bus_s158,1,2,bus_dalhousie,
bus_s158,1,3,bus_central_metro,
bus_s158,1,4,bus_bowbazar,
bus_s158,1,5,bus_medical_college,
bus_s158,1,6,bus_college_street,
bus_s158,1,7,bus_vivekananda_road,
bus_s158,1,8,bus_hedua_more,
bus_s158,1,9,bus_hatibagan,
bus_s158,1,10,bus_shyambazar,
bus_s158,1,11,bus_chiria_more,
bus_s158,1,12,bus_sinthee_more,
bus_s158,1,13,bus_baranagar_bazar,
bus_s158,1,14,bus_deshbandhu_road,
bus_s158,1,15,bus_alambazar,
bus_s158,1,16,bus_dakshineswar,
bus_s159,0,1,bus_dunlop_more,
bus_s159,0,2,bus_bonhooghly,
bus_s159,0,3,bus_tobin_road,
bus_s159,0,4,bus_sinthee_more,
bus_s159,0,5,bus_chiria_more,
bus_s159,0,6,bus_shyambazar,
bus_s159,0,7,bus_rajballavpara,
bus_s159,0,8,bus_sovabazar,
bus_s159,0,9,bus_girish_park,
bus_s159,0,10,bus_m_g_road,
bus_s159,0,11,bus_central_metro,
bus_s159,0,12,bus_bbd_bag,
bus_s159,1,1,bus_bbd_bag,
bus_s159,1,2,bus_central_metro,
bus_s159,1,3,bus_m_g_road,
bus_s159,1,4,bus_girish_park,
bus_s159,1,5,bus_sovabazar,
bus_s159,1,6,bus_rajballavpara,
bus_s159,1,7,bus_shyambazar,
bus_s159,1,8,bus_chiria_more,
bus_s159,1,9,bus_sinthee_more,
bus_s159,1,10,bus_tobin_road,
bus_s159,1,11,bus_bonhooghly,
bus_s159,1,12,bus_dunlop_more,
bus_s161,0,1,bus_shyambazar,
bus_s161,0,2,bus_rajballavpara,
bus_s161,0,3,bus_sovabazar,
bus_s161,0,4,bus_girish_park,
bus_s161,0,5,bus_m_g_road,
bus_s161,0,6,bus_central_metro,
bus_s161,0,7,bus_dalhousie,
bus_s161,0,8,bus_esplanade,
bus_s161,0,9,bus_babughat,
bus_s161,0,10,bus_princep_ghat,
bus_s161,0,11,bus_hastings,
bus_s161,0,12,bus_kidderpore,
bus_s161,0,13,bus_babubazar,
bus_s161,0,14,bus_garden_reach,
bus_s161,0,15,bus_ramnagar,
bus_s161,0,16,bus_kamal_talkies,
bus_s161,0,17,bus_bichali_ghat,
bus_s161,0,18,bus_matiabruz,
bus_s161,1,1,bus_matiabruz,
bus_s161,1,2,bus_bichali_ghat,
bus_s161,1,3,bus_kamal_talkies,
bus_s161,1,4,bus_ramnagar,
bus_s161,1,5,bus_garden_reach,
bus_s161,1,6,bus_babubazar,
bus_s161,1,7,bus_kidderpore,
bus_s161,1,8,bus_hastings,
bus_s161,1,9,bus_princep_ghat,
bus_s161,1,10,bus_babughat,
bus_s161,1,11,bus_esplanade,
bus_s161,1,12,bus_dalhousie,
bus_s161,1,13,bus_central_metro,
bus_s161,1,14,bus_m_g_road,
bus_s161,1,15,bus_girish_park,
bus_s161,1,16,bus_sovabazar,
bus_s161,1,17,bus_rajballavpara,
bus_s161,1,18,bus_shyambazar,
bus_s163,0,1,bus_shyambazar,
bus_s163,0,2,bus_rajballavpara,
bus_s163,0,3,bus_sovabazar,
bus_s163,0,4,bus_girish_park,
bus_s163,0,5,bus_m_g_road,
bus_s163,0,6,bus_central_metro,
bus_s163,0,7,bus_bbd_bag,
bus_s163,1,1,bus_bbd_bag,
bus_s163,1,2,bus_central_metro,
bus_s163,1,3,bus_m_g_road,
bus_s163,1,4,bus_girish_park,
bus_s163,1,5,bus_sovabazar,
bus_s163,1,6,bus_rajballavpara,
bus_s163,1,7,bus_shyambazar,
bus_s165,0,1,bus_phoolbagan,
bus_s165,0,2,bus_rajabazar,
bus_s165,0,3,bus_sealdah_station,
bus_s165,0,4,bus_college_street,
bus_s165,0,5,bus_medical_college,
bus_s165,0,6,bus_bowbazar,
bus_s165,0,7,bus_central_metro,
bus_s165,0,8,bus_dalhousie,
bus_s165,0,9,bus_barabazar,
bus_s165,0,10,bus_howrah_station,
bus_s165,1,1,bus_howrah_station,
bus_s165,1,2,bus_barabazar,
bus_s165,1,3,bus_dalhousie,
bus_s165,1,4,bus_central_metro,
bus_s165,1,5,bus_bowbazar,
bus_s165,1,6,bus_medical_college,
bus_s165,1,7,bus_college_street,
bus_s165,1,8,bus_sealdah_station,
bus_s165,1,9,bus_rajabazar,
bus_s165,1,10,bus_phoolbagan,
bus_s166,0,1,bus_tangra,
bus_s166,0,2,bus_r_n_chowdhury_road,
bus_s166,0,3,bus_palmer_bazar,
bus_s166,0,4,bus_sealdah_station,
bus_s166,0,5,bus_moulali_more,
bus_s166,0,6,bus_wellington,
bus_s166,0,7,bus_chandni_market,
bus_s166,0,8,bus_esplanade,
bus_s166,0,9,bus_dalhousie,
bus_s166,0,10,bus_barabazar,
bus_s166,0,11,bus_howrah_station,
bus_s166,1,1,bus_howrah_station,
bus_s166,1,2,bus_barabazar,
bus_s166,1,3,bus_dalhousie,
bus_s166,1,4,bus_esplanade,
bus_s166,1,5,bus_chandni_market,
bus_s166,1,6,bus_wellington,
bus_s166,1,7,bus_moulali_more,
bus_s166,1,8,bus_sealdah_station,
bus_s166,1,9,bus_palmer_bazar,
bus_s166,1,10,bus_r_n_chowdhury_road,
bus_s166,1,11,bus_tangra,
bus_s166_2,0,1,bus_mathpukur,
bus_s166_2,0,2,bus_dhapa_road,
bus_s166_2,0,3,bus_palmer_bazar,
bus_s166_2,0,4,bus_sealdah_station,
bus_s166_2,0,5,bus_moulali_more,
bus_s166_2,0,6,bus_wellington,
bus_s166_2,0,7,bus_chandni_market,
bus_s166_2,0,8,bus_esplanade,
bus_s166_2,0,9,bus_dalhousie,
bus_s166_2,0,10,bus_barabazar,
bus_s166_2,0,11,bus_howrah_station,
bus_s166_2,1,1,bus_howrah_station,
bus_s166_2,1,2,bus_barabazar,
bus_s166_2,1,3,bus_dalhousie,
bus_s166_2,1,4,bus_esplanade,
bus_s166_2,1,5,bus_chandni_market,
bus_s166_2,1,6,bus_wellington,
bus_s166_2,1,7,bus_moulali_more,
bus_s166_2,1,8,bus_sealdah_station,
bus_s166_2,1,9,bus_palmer_bazar,
bus_s166_2,1,10,bus_dhapa_road,
bus_s166_2,1,11,bus_mathpukur,
bus_s167,0,1,bus_saltlake,
bus_s167,0,2,bus_bikash_bhawan,
bus_s167,0,3,bus_karunamoyee,
bus_s167,0,4,bus_saltlake_12no_tank,
bus_s167,0,5,bus_sushrut_hospital,
bus_s167,0,6,bus_saltlake_14no_tank,
bus_s167,0,7,bus_saltlake_16no_tank,
bus_s167,0,8,bus_building_more,
bus_s167,0,9,bus_beleghata,
bus_s167,0,10,bus_sealdah_station,
bus_s167,0,11,bus_moulali_more,
bus_s167,0,12,bus_wellington,
bus_s167,0,13,bus_chandni_market,
bus_s167,0,14,bus_esplanade,
bus_s167,0,15,bus_bbd_bag,
bus_s167,1,1,bus_bbd_bag,
bus_s167,1,2,bus_esplanade,
bus_s167,1,3,bus_chandni_market,
bus_s167,1,4,bus_wellington,
bus_s167,1,5,bus_moulali_more,
bus_s167,1,6,bus_sealdah_station,
bus_s167,1,7,bus_beleghata,
bus_s167,1,8,bus_building_more,
bus_s167,1,9,bus_saltlake_16no_tank,
bus_s167,1,10,bus_saltlake_14no_tank,
bus_s167,1,11,bus_sushrut_hospital,
bus_s167,1,12,bus_saltlake_12no_tank,
bus_s167,1,13,bus_karunamoyee,
bus_s167,1,14,bus_bikash_bhawan,
bus_s167,1,15,bus_saltlake,
bus_s168,0,1,bus_nagerbazar,
bus_s168,0,2,bus_dumdum_station,
bus_s168,0,3,bus_chiria_more,
bus_s168,0,4,bus_shyambazar,
bus_s168,0,5,bus_rajballavpara,
bus_s168,0,6,bus_sovabazar,
bus_s168,0,7,bus_beadon_street,
bus_s168,0,8,bus_jorabagan,
bus_s168,0,9,bus_malapara,
bus_s168,0,10,bus_barabazar,
bus_s168,0,11,bus_posta_bazar,
bus_s168,0,12,bus_howrah_station,
bus_s168,1,1,bus_howrah_station,
bus_s168,1,2,bus_posta_bazar,
bus_s168,1,3,bus_barabazar,
bus_s168,1,4,bus_malapara,
bus_s168,1,5,bus_jorabagan,
bus_s168,1,6,bus_beadon_street,
bus_s168,1,7,bus_sovabazar,
bus_s168,1,8,bus_rajballavpara,
bus_s168,1,9,bus_shyambazar,
bus_s168,1,10,bus_chiria_more,
bus_s168,1,11,bus_dumdum_station,
bus_s168,1,12,bus_nagerbazar,
bus_s172,0,1,bus_tegharia,
bus_s172,0,2,bus_baguiati,
bus_s172,0,3,bus_kestopur,
bus_s172,0,4,bus_dumdum_park,
bus_s172,0,5,bus_laketown,
bus_s172,0,6,bus_sreebhumi,
bus_s172,0,7,bus_ultadanga,
bus_s172,0,8,bus_khanna_cinema,
bus_s172,0,9,bus_maniktala,
bus_s172,0,10,bus_vivekananda_road,
bus_s172,0,11,bus_girish_park,
bus_s172,0,12,bus_m_g_road,
bus_s172,0,13,bus_barabazar,
bus_s172,0,14,bus_howrah_maidan,
bus_s172,1,1,bus_howrah_maidan,
bus_s172,1,2,bus_barabazar,
bus_s172,1,3,bus_m_g_road,
bus_s172,1,4,bus_girish_park,
bus_s172,1,5,bus_vivekananda_road,
bus_s172,1,6,bus_maniktala,
bus_s172,1,7,bus_khanna_cinema,
bus_s172,1,8,bus_ultadanga,
bus_s172,1,9,bus_sreebhumi,
bus_s172,1,10,bus_laketown,
bus_s172,1,11,bus_dumdum_park,
bus_s172,1,12,bus_kestopur,
bus_s172,1,13,bus_baguiati,
bus_s172,1,14,bus_tegharia,
bus_s173,0,1,bus_saltlake,
bus_s173,0,2,bus_bikash_bhawan,
bus_s173,0,3,bus_karunamoyee,
bus_s173,0,4,bus_central_park,
bus_s173,0,5,bus_labony_estate,
bus_s173,0,6,bus_saltlake_13no_tank,
bus_s173,0,7,bus_saltlake_stadium,
bus_s173,0,8,bus_kadapara,
bus_s173,0,9,bus_subhash_sarobar,
bus_s173,0,10,bus_beleghata,
bus_s173,0,11,bus_sealdah_station,
bus_s173,0,12,bus_college_street,
bus_s173,0,13,bus_medical_college,
bus_s173,0,14,bus_bowbazar,
bus_s173,0,15,bus_central_metro,
bus_s173,0,16,bus_dalhousie,
bus_s173,0,17,bus_barabazar,
bus_s173,0,18,bus_howrah_station,
bus_s173,1,1,bus_howrah_station,
bus_s173,1,2,bus_barabazar,
bus_s173,1,3,bus_dalhousie,
bus_s173,1,4,bus_central_metro,
bus_s173,1,5,bus_bowbazar,
bus_s173,1,6,bus_medical_college,
bus_s173,1,7,bus_college_street,
bus_s173,1,8,bus_sealdah_station,
bus_s173,1,9,bus_beleghata,
bus_s173,1,10,bus_subhash_sarobar,
bus_s173,1,11,bus_kadapara,
bus_s173,1,12,bus_saltlake_stadium,
bus_s173,1,13,bus_saltlake_13no_tank,
bus_s173,1,14,bus_labony_estate,
bus_s173,1,15,bus_central_park,
bus_s173,1,16,bus_karunamoyee,
bus_s173,1,17,bus_bikash_bhawan,
bus_s173,1,18,bus_saltlake,
bus_s175,0,1,bus_new_barrackpore,
bus_s175,0,2,bus_b_t_college,
bus_s175,0,3,bus_michael_nagar,
bus_s175,0,4,bus_birati_more,
bus_s175,0,5,bus_airport_3no,
bus_s175,0,6,bus_airport_1no,
bus_s175,0,7,bus_kaikhali,
bus_s175,0,8,bus_haldirams,
bus_s175,0,9,bus_baguiati,
bus_s175,0,10,bus_kestopur,
bus_s175,0,11,bus_dumdum_park,
bus_s175,0,12,bus_laketown,
bus_s175,0,13,bus_sreebhumi,
bus_s175,0,14,bus_ultadanga,
bus_s175,0,15,bus_khanna_cinema,
bus_s175,0,16,bus_hatibagan,
bus_s175,0,17,bus_sovabazar,
bus_s175,0,18,bus_girish_park,
bus_s175,0,19,bus_m_g_road,
bus_s175,0,20,bus_central_metro,
bus_s175,0,21,bus_dalhousie,
bus_s175,0,22,bus_barabazar,
bus_s175,0,23,bus_howrah_station,
bus_s175,1,1,bus_howrah_station,
bus_s175,1,2,bus_barabazar,
bus_s175,1,3,bus_dalhousie,
bus_s175,1,4,bus_central_metro,
bus_s175,1,5,bus_m_g_road,
bus_s175,1,6,bus_girish_park,
bus_s175,1,7,bus_sovabazar,
bus_s175,1,8,bus_hatibagan,
bus_s175,1,9,bus_khanna_cinema,
bus_s175,1,10,bus_ultadanga,
bus_s175,1,11,bus_sreebhumi,
bus_s175,1,12,bus_laketown,
bus_s175,1,13,bus_dumdum_park,
bus_s175,1,14,bus_kestopur,
bus_s175,1,15,bus_baguiati,
bus_s175,1,16,bus_haldirams,
bus_s175,1,17,bus_kaikhali,
bus_s175,1,18,bus_airport_1no,
bus_s175,1,19,bus_airport_3no,
bus_s175,1,20,bus_birati_more,
bus_s175,1,21,bus_michael_nagar,
bus_s175,1,22,bus_b_t_college,
bus_s175,1,23,bus_new_barrackpore,
bus_s176,0,1,bus_shyambazar,
bus_s176,0,2,bus_rajballavpara,
bus_s176,0,3,bus_sovabazar,
bus_s176,0,4,bus_b_k_paul_more,
bus_s176,0,5,bus_ahiritola,
bus_s176,0,6,bus_jorabagan,
bus_s176,0,7,bus_malapara,
bus_s176,0,8,bus_barabazar,
bus_s176,0,9,bus_posta_bazar,
bus_s176,0,10,bus_howrah_station,
bus_s176,0,11,bus_howrah_maidan,
bus_s176,1,1,bus_howrah_maidan,
bus_s176,1,2,bus_howrah_station,
bus_s176,1,3,bus_posta_bazar,
bus_s176,1,4,bus_barabazar,
bus_s176,1,5,bus_malapara,
bus_s176,1,6,bus_jorabagan,
bus_s176,1,7,bus_ahiritola,
bus_s176,1,8,bus_b_k_paul_more,
bus_s176,1,9,bus_sovabazar,
bus_s176,1,10,bus_rajballavpara,
bus_s176,1,11,bus_shyambazar,
bus_s178,0,1,bus_behala_14no,
bus_s178,0,2,bus_majherhat,
bus_s178,0,3,bus_mominpore,
bus_s178,0,4,bus_alipore_court,
bus_s178,0,5,bus_kalighat,
bus_s178,0,6,bus_hazra_more,
bus_s178,0,7,bus_bhowanipore,
bus_s178,0,8,bus_rabindra_sadan,
bus_s178,0,9,bus_minto_park,
bus_s178,0,10,bus_beckbagan,
bus_s178,0,11,bus_mallick_bazar,
bus_s178,0,12,bus_moulali_more,
bus_s178,0,13,bus_sealdah_station,
bus_s178,0,14,bus_rajabazar,
bus_s178,1,1,bus_rajabazar,
bus_s178,1,2,bus_sealdah_station,
bus_s178,1,3,bus_moulali_more,
bus_s178,1,4,bus_mallick_bazar,
bus_s178,1,5,bus_beckbagan,
bus_s178,1,6,bus_minto_park,
bus_s178,1,7,bus_rabindra_sadan,
bus_s178,1,8,bus_bhowanipore,
bus_s178,1,9,bus_hazra_more,
bus_s178,1,10,bus_kalighat,
bus_s178,1,11,bus_alipore_court,
bus_s178,1,12,bus_mominpore,
bus_s178,1,13,bus_majherhat,
bus_s178,1,14,bus_behala_14no,
bus_s180,0,1,bus_belgharia_station,
bus_s180,0,2,bus_rathtala_more,
bus_s180,0,3,bus_dunlop_more,
bus_s180,0,4,bus_bonhooghly,
bus_s180,0,5,bus_tobin_road,
bus_s180,0,6,bus_sinthee_more,
bus_s180,0,7,bus_chiria_more,
bus_s180,0,8,bus_shyambazar,
bus_s180,0,9,bus_rajballavpara,
bus_s180,0,10,bus_sovabazar,
bus_s180,0,11,bus_b_k_paul_more,
bus_s180,0,12,bus_ahiritola,
bus_s180,0,13,bus_jorabagan,
bus_s180,0,14,bus_malapara,
bus_s180,0,15,bus_barabazar,
bus_s180,0,16,bus_posta_bazar,
bus_s180,0,17,bus_howrah_station,
bus_s180,0,18,bus_howrah_maidan,
bus_s180,1,1,bus_howrah_maidan,
bus_s180,1,2,bus_howrah_station,
bus_s180,1,3,bus_posta_bazar,
bus_s180,1,4,bus_barabazar,
bus_s180,1,5,bus_malapara,
bus_s180,1,6,bus_jorabagan,
bus_s180,1,7,bus_ahiritola,
bus_s180,1,8,bus_b_k_paul_more,
bus_s180,1,9,bus_sovabazar,
bus_s180,1,10,bus_rajballavpara,
bus_s180,1,11,bus_shyambazar,
bus_s180,1,12,bus_chiria_more,
bus_s180,1,13,bus_sinthee_more,
bus_s180,1,14,bus_tobin_road,
bus_s180,1,15,bus_bonhooghly,
bus_s180,1,16,bus_dunlop_more,
bus_s180,1,17,bus_rathtala_more,
bus_s180,1,18,bus_belgharia_station,
bus_s184,0,1,bus_birati_station,
bus_s184,0,2,bus_airport_3no,
bus_s184,0,3,bus_airport_1no,
bus_s184,0,4,bus_kaikhali,
bus_s184,0,5,bus_haldirams,
bus_s184,0,6,bus_baguiati,
bus_s184,0,7,bus_kestopur,
bus_s184,0,8,bus_dumdum_park,
bus_s184,0,9,bus_laketown,
bus_s184,0,10,bus_sreebhumi,
bus_s184,0,11,bus_ultadanga,
bus_s184,0,12,bus_kankurgachi,
bus_s184,0,13,bus_maniktala,
bus_s184,0,14,bus_vivekananda_road,
bus_s184,0,15,bus_girish_park,
bus_s184,0,16,bus_m_g_road,
bus_s184,0,17,bus_central_metro,
bus_s184,0,18,bus_bbd_bag,
bus_s184,1,1,bus_bbd_bag,
bus_s184,1,2,bus_central_metro,
bus_s184,1,3,bus_m_g_road,
bus_s184,1,4,bus_girish_park,
bus_s184,1,5,bus_vivekananda_road,
bus_s184,1,6,bus_maniktala,
bus_s184,1,7,bus_kankurgachi,
bus_s184,1,8,bus_ultadanga,
bus_s184,1,9,bus_sreebhumi,
bus_s184,1,10,bus_laketown,
bus_s184,1,11,bus_dumdum_park,
bus_s184,1,12,bus_kestopur,
bus_s184,1,13,bus_baguiati,
bus_s184,1,14,bus_haldirams,
bus_s184,1,15,bus_kaikhali,
bus_s184,1,16,bus_airport_1no,
bus_s184,1,17,bus_airport_3no,
bus_s184,1,18,bus_birati_station,
bus_s184_2,0,1,bus_birati_station,
bus_s184_2,0,2,bus_airport_3no,
bus_s184_2,0,3,bus_airport_1no,
bus_s184_2,0,4,bus_kaikhali,
bus_s184_2,0,5,bus_haldirams,
bus_s184_2,0,6,bus_chinar_park,
bus_s184_2,0,7,bus_city_center_2,
bus_s184_2,0,8,bus_akankha_more,
bus_s184_2,0,9,bus_eco_park,
bus_s184_2,0,10,bus_aliah_university,
bus_s184_2,0,11,bus_ecospace,
bus_s184_2,0,12,bus_d_l_f_2,
bus_s184_2,0,13,bus_unitech_gate_2,
bus_s184_2,0,14,bus_narkelbagan,
bus_s184_2,0,15,bus_axis_mall,
bus_s184_2,0,16,bus_newtown,
bus_s184_2,0,17,bus_dlf1,
bus_s184_2,0,18,bus_s_d_f_more,
bus_s184_2,0,19,bus_college_more,
bus_s184_2,0,20,bus_wipro_more,
bus_s184_2,0,21,bus_karunamoyee,
bus_s184_2,0,22,bus_saltlake_9no_tank,
bus_s184_2,0,23,bus_saltlake_206,
bus_s184_2,1,1,bus_saltlake_206,
bus_s184_2,1,2,bus_saltlake_9no_tank,
bus_s184_2,1,3,bus_karunamoyee,
bus_s184_2,1,4,bus_wipro_more,
bus_s184_2,1,5,bus_college_more,
bus_s184_2,1,6,bus_s_d_f_more,
bus_s184_2,1,7,bus_dlf1,
bus_s184_2,1,8,bus_newtown,
bus_s184_2,1,9,bus_axis_mall,
bus_s184_2,1,10,bus_narkelbagan,
bus_s184_2,1,11,bus_unitech_gate_2,
bus_s184_2,1,12,bus_d_l_f_2,
bus_s184_2,1,13,bus_ecospace,
bus_s184_2,1,14,bus_aliah_university,
bus_s184_2,1,15,bus_eco_park,
bus_s184_2,1,16,bus_akankha_more,
bus_s184_2,1,17,bus_city_center_2,
bus_s184_2,1,18,bus_chinar_park,
bus_s184_2,1,19,bus_haldirams,
bus_s184_2,1,20,bus_kaikhali,
bus_s184_2,1,21,bus_airport_1no,
bus_s184_2,1,22,bus_airport_3no,
bus_s184_2,1,23,bus_birati_station,
bus_s185,0,1,bus_nimta_bazar,
bus_s185,0,2,bus_belgharia_station,
bus_s185,0,3,bus_rathtala_more,
bus_s185,0,4,bus_dunlop_more,
bus_s185,0,5,bus_bonhooghly,
bus_s185,0,6,bus_tobin_road,
bus_s185,0,7,bus_sinthee_more,
bus_s185,0,8,bus_chiria_more,
bus_s185,0,9,bus_shyambazar,
bus_s185,0,10,bus_rajballavpara,
bus_s185,0,11,bus_sovabazar,
bus_s185,0,12,bus_b_k_paul_more,
bus_s185,0,13,bus_ahiritola,
bus_s185,0,14,bus_jorabagan,
bus_s185,0,15,bus_malapara,
bus_s185,0,16,bus_barabazar,
bus_s185,0,17,bus_posta_bazar,
bus_s185,0,18,bus_howrah_station,
bus_s185,1,1,bus_howrah_station,
bus_s185,1,2,bus_posta_bazar,
bus_s185,1,3,bus_barabazar,
bus_s185,1,4,bus_malapara,
bus_s185,1,5,bus_jorabagan,
bus_s185,1,6,bus_ahiritola,
bus_s185,1,7,bus_b_k_paul_more,
bus_s185,1,8,bus_sovabazar,
bus_s185,1,9,bus_rajballavpara,
bus_s185,1,10,bus_shyambazar,
bus_s185,1,11,bus_chiria_more,
bus_s185,1,12,bus_sinthee_more,
bus_s185,1,13,bus_tobin_road,
bus_s185,1,14,bus_bonhooghly,
bus_s185,1,15,bus_dunlop_more,
bus_s185,1,16,bus_rathtala_more,
bus_s185,1,17,bus_belgharia_station,
bus_s185,1,18,bus_nimta_bazar,
bus_s186,0,1,bus_uttar_panchannagram,
bus_s186,0,2,bus_science_city,
bus_s186,0,3,bus_topsia_more,
bus_s186,0,4,bus_4no_bridge,
bus_s186,0,5,bus_chittaranjan_hospital,
bus_s186,0,6,bus_c_i_t_road,
bus_s186,0,7,bus_moulali_more,
bus_s186,0,8,bus_sealdah_station,
bus_s186,0,9,bus_college_street,
bus_s186,0,10,bus_m_g_road,
bus_s186,0,11,bus_barabazar,
bus_s186,0,12,bus_howrah_station,
bus_s186,1,1,bus_howrah_station,
bus_s186,1,2,bus_barabazar,
bus_s186,1,3,bus_m_g_road,
bus_s186,1,4,bus_college_street,
bus_s186,1,5,bus_sealdah_station,
bus_s186,1,6,bus_moulali_more,
bus_s186,1,7,bus_c_i_t_road,
bus_s186,1,8,bus_chittaranjan_hospital,
bus_s186,1,9,bus_4no_bridge,
bus_s186,1,10,bus_topsia_more,
bus_s186,1,11,bus_science_city,
bus_s186,1,12,bus_uttar_panchannagram,
bus_s189,0,1,bus_shyambazar,
bus_s189,0,2,bus_rajballavpara,
bus_s189,0,3,bus_sovabazar,
bus_s189,0,4,bus_b_k_paul_more,
bus_s189,0,5,bus_ahiritola,
bus_s189,0,6,bus_jorabagan,
bus_s189,0,7,bus_malapara,
bus_s189,0,8,bus_barabazar,
bus_s189,0,9,bus_posta_bazar,
bus_s189,0,10,bus_howrah_station,
bus_s189,0,11,bus_howrah_maidan,
bus_s189,1,1,bus_howrah_maidan,
bus_s189,1,2,bus_howrah_station,
bus_s189,1,3,bus_posta_bazar,
bus_s189,1,4,bus_barabazar,
bus_s189,1,5,bus_malapara,
bus_s189,1,6,bus_jorabagan,
bus_s189,1,7,bus_ahiritola,
bus_s189,1,8,bus_b_k_paul_more,
bus_s189,1,9,bus_sovabazar,
bus_s189,1,10,bus_rajballavpara,
bus_s189,1,11,bus_shyambazar,
bus_rt1,0,1,bus_salkia_chowrasta,
bus_rt1,0,2,bus_bandha_ghat,
bus_rt1,0,3,bus_golabarai_ps,
bus_rt1,0,4,bus_pilkhana_more,
bus_rt1,0,5,bus_howrah_station,
bus_rt1,0,6,bus_barabazar,
bus_rt1,0,7,bus_dalhousie,
bus_rt1,0,8,bus_esplanade,
bus_rt1,1,1,bus_esplanade,
bus_rt1,1,2,bus_dalhousie,
bus_rt1,1,3,bus_barabazar,
bus_rt1,1,4,bus_howrah_station,
bus_rt1,1,5,bus_pilkhana_more,
bus_rt1,1,6,bus_golabarai_ps,
bus_rt1,1,7,bus_bandha_ghat,
bus_rt1,1,8,bus_salkia_chowrasta,
bus_rt1a,0,1,bus_satyabala,
bus_rt1a,0,2,bus_salkia_chowrasta,
bus_rt1a,0,3,bus_bandha_ghat,
bus_rt1a,0,4,bus_golabarai_ps,
bus_rt1a,0,5,bus_pilkhana_more,
bus_rt1a,0,6,bus_howrah_station,
bus_rt1a,0,7,bus_barabazar,
bus_rt1a,0,8,bus_dalhousie,
bus_rt1a,0,9,bus_esplanade,
bus_rt1a,0,10,bus_park_street,
bus_rt1a,0,11,bus_maidan_metro,
bus_rt1a,0,12,bus_rabindra_sadan,
bus_rt1a,0,13,bus_minto_park,
bus_rt1a,0,14,bus_lansdowne,
bus_rt1a,0,15,bus_sishu_mangal_kasba,
bus_rt1a,1,1,bus_sishu_mangal_kasba,
bus_rt1a,1,2,bus_lansdowne,
bus_rt1a,1,3,bus_minto_park,
bus_rt1a,1,4,bus_rabindra_sadan,
bus_rt1a,1,5,bus_maidan_metro,
bus_rt1a,1,6,bus_park_street,
bus_rt1a,1,7,bus_esplanade,
bus_rt1a,1,8,bus_dalhousie,
bus_rt1a,1,9,bus_barabazar,
bus_rt1a,1,10,bus_howrah_station,
bus_rt1a,1,11,bus_pilkhana_more,
bus_rt1a,1,12,bus_golabarai_ps,
bus_rt1a,1,13,bus_bandha_ghat,
bus_rt1a,1,14,bus_salkia_chowrasta,
bus_rt1a,1,15,bus_satyabala,
bus_rt2,0,1,bus_salkia_chowrasta,
bus_rt2,0,2,bus_bandha_ghat,
bus_rt2,0,3,bus_golabarai_ps,
bus_rt2,0,4,bus_pilkhana_more,
bus_rt2,0,5,bus_howrah_station,
bus_rt2,0,6,bus_barabazar,
bus_rt2,0,7,bus_dalhousie,
bus_rt2,0,8,bus_esplanade,
bus_rt2,1,1,bus_esplanade,
bus_rt2,1,2,bus_dalhousie,
bus_rt2,1,3,bus_barabazar,
bus_rt2,1,4,bus_howrah_station,
bus_rt2,1,5,bus_pilkhana_more,
bus_rt2,1,6,bus_golabarai_ps,
bus_rt2,1,7,bus_bandha_ghat,
bus_rt2,1,8,bus_salkia_chowrasta,
bus_rt3,0,1,bus_kadamtala,
bus_rt3,0,2,bus_ichapur_more,
bus_rt3,0,3,bus_shanpur_more,
bus_rt3,0,4,bus_tikiapara,
bus_rt3,0,5,bus_belilious_road,
bus_rt3,0,6,bus_howrah_maidan,
bus_rt3,0,7,bus_howrah_station,
bus_rt3,0,8,bus_barabazar,
bus_rt3,0,9,bus_dalhousie,
bus_rt3,0,10,bus_esplanade,
bus_rt3,1,1,bus_esplanade,
bus_rt3,1,2,bus_dalhousie,
bus_rt3,1,3,bus_barabazar,
bus_rt3,1,4,bus_howrah_station,
bus_rt3,1,5,bus_howrah_maidan,
bus_rt3,1,6,bus_belilious_road,
bus_rt3,1,7,bus_tikiapara,
bus_rt3,1,8,bus_shanpur_more,
bus_rt3,1,9,bus_ichapur_more,
bus_rt3,1,10,bus_kadamtala,
bus_rt3a,0,1,bus_kamardanga,
bus_rt3a,0,2,bus_ichapur_more,
bus_rt3a,0,3,bus_shanpur_more,
bus_rt3a,0,4,bus_tikiapara,
bus_rt3a,0,5,bus_belilious_road,
bus_rt3a,0,6,bus_howrah_maidan,
bus_rt3a,0,7,bus_howrah_station,
bus_rt3a,0,8,bus_barabazar,
bus_rt3a,0,9,bus_dalhousie,
bus_rt3a,0,10,bus_esplanade,
bus_rt3a,1,1,bus_esplanade,
bus_rt3a,1,2,bus_dalhousie,
bus_rt3a,1,3,bus_barabazar,
bus_rt3a,1,4,bus_howrah_station,
bus_rt3a,1,5,bus_howrah_maidan,
bus_rt3a,1,6,bus_belilious_road,
bus_rt3a,1,7,bus_tikiapara,
bus_rt3a,1,8,bus_shanpur_more,
bus_rt3a,1,9,bus_ichapur_more,
bus_rt3a,1,10,bus_kamardanga,
bus_rt5,0,1,bus_japani_gate,
bus_rt5,0,2,bus_dasnagar,
bus_rt5,0,3,bus_shanpur_more,
bus_rt5,0,4,bus_tikiapara,
bus_rt5,0,5,bus_belilious_road,
bus_rt5,0,6,bus_howrah_station,
bus_rt5,0,7,bus_barabazar,
bus_rt5,0,8,bus_posta_bazar,
bus_rt5,0,9,bus_malapara,
bus_rt5,0,10,bus_jorabagan,
bus_rt5,0,11,bus_ahiritola,
bus_rt5,0,12,bus_b_k_paul_more,
bus_rt5,0,13,bus_sovabazar,
bus_rt5,0,14,bus_hatibagan,
bus_rt5,0,15,bus_khanna_cinema,
bus_rt5,0,16,bus_ultadanga,
bus_rt5,0,17,bus_saltlake_p_n_b,
bus_rt5,0,18,bus_saltlake_4no_tank,
bus_rt5,0,19,bus_baisakhi_more,
bus_rt5,0,20,bus_purta_bhawan,
bus_rt5,0,21,bus_karunamoyee,
bus_rt5,0,22,bus_wipro_more,
bus_rt5,0,23,bus_s_d_f_more,
bus_rt5,0,24,bus_college_more,
bus_rt5,0,25,bus_sector_v_saltlake,
bus_rt5,1,1,bus_sector_v_saltlake,
bus_rt5,1,2,bus_college_more,
bus_rt5,1,3,bus_s_d_f_more,
bus_rt5,1,4,bus_wipro_more,
bus_rt5,1,5,bus_karunamoyee,
bus_rt5,1,6,bus_purta_bhawan,
bus_rt5,1,7,bus_baisakhi_more,
bus_rt5,1,8,bus_saltlake_4no_tank,
bus_rt5,1,9,bus_saltlake_p_n_b,
bus_rt5,1,10,bus_ultadanga,
bus_rt5,1,11,bus_khanna_cinema,
bus_rt5,1,12,bus_hatibagan,
bus_rt5,1,13,bus_sovabazar,
bus_rt5,1,14,bus_b_k_paul_more,
bus_rt5,1,15,bus_ahiritola,
bus_rt5,1,16,bus_jorabagan,
bus_rt5,1,17,bus_malapara,
bus_rt5,1,18,bus_posta_bazar,
bus_rt5,1,19,bus_barabazar,
bus_rt5,1,20,bus_howrah_station,
bus_rt5,1,21,bus_belilious_road,
bus_rt5,1,22,bus_tikiapara,
bus_rt5,1,23,bus_shanpur_more,
bus_rt5,1,24,bus_dasnagar,
bus_rt5,1,25,bus_japani_gate,
bus_rt6,0,1,bus_b_garden,
bus_rt6,0,2,bus_shalimar_station,
bus_rt6,0,3,bus_bataitala_phari,
bus_rt6,0,4,bus_kazipara_more,
bus_rt6,0,5,bus_avani_mall,
bus_rt6,0,6,bus_shibpur_bazar,
bus_rt6,0,7,bus_mallick_fatak,
bus_rt6,0,8,bus_howrah_maidan,
bus_rt6,0,9,bus_howrah_station,
bus_rt6,0,10,bus_barabazar,
bus_rt6,0,11,bus_dalhousie,
bus_rt6,0,12,bus_esplanade,
bus_rt6,1,1,bus_esplanade,
bus_rt6,1,2,bus_dalhousie,
bus_rt6,1,3,bus_barabazar,
bus_rt6,1,4,bus_howrah_station,
bus_rt6,1,5,bus_howrah_maidan,
bus_rt6,1,6,bus_mallick_fatak,
bus_rt6,1,7,bus_shibpur_bazar,
bus_rt6,1,8,bus_avani_mall,
bus_rt6,1,9,bus_kazipara_more,
bus_rt6,1,10,bus_bataitala_phari,
bus_rt6,1,11,bus_shalimar_station,
bus_rt6,1,12,bus_b_garden,
bus_rt6a,0,1,bus_danesh_shaikh_lane,
bus_rt6a,0,2,bus_amtala_phari,
bus_rt6a,0,3,bus_narayana_hospital,
bus_rt6a,0,4,bus_bataitala_phari,
bus_rt6a,0,5,bus_kazipara_more,
bus_rt6a,0,6,bus_avani_mall,
bus_rt6a,0,7,bus_shibpur_bazar,
bus_rt6a,0,8,bus_mallick_fatak,
bus_rt6a,0,9,bus_howrah_maidan,
bus_rt6a,0,10,bus_howrah_station,
bus_rt6a,0,11,bus_barabazar,
bus_rt6a,0,12,bus_dalhousie,
bus_rt6a,0,13,bus_esplanade,
bus_rt6a,1,1,bus_esplanade,
bus_rt6a,1,2,bus_dalhousie,
bus_rt6a,1,3,bus_barabazar,
bus_rt6a,1,4,bus_howrah_station,
bus_rt6a,1,5,bus_howrah_maidan,
bus_rt6a,1,6,bus_mallick_fatak,
bus_rt6a,1,7,bus_shibpur_bazar,
bus_rt6a,1,8,bus_avani_mall,
bus_rt6a,1,9,bus_kazipara_more,
bus_rt6a,1,10,bus_bataitala_phari,
bus_rt6a,1,11,bus_narayana_hospital,
bus_rt6a,1,12,bus_amtala_phari,
bus_rt6a,1,13,bus_danesh_shaikh_lane,
bus_rt7,0,1,bus_howrah_maidan_amtala_phari,
bus_rt7,0,2,bus_howrah_station,
bus_rt7,0,3,bus_barabazar,
bus_rt7,0,4,bus_posta_bazar,
bus_rt7,0,5,bus_malapara,
bus_rt7,0,6,bus_jorabagan,
bus_rt7,0,7,bus_ahiritola,
bus_rt7,0,8,bus_b_k_paul_more,
bus_rt7,0,9,bus_sovabazar,
bus_rt7,0,10,bus_rajballavpara,
bus_rt7,0,11,bus_shyambazar,
bus_rt7,1,1,bus_shyambazar,
bus_rt7,1,2,bus_rajballavpara,
bus_rt7,1,3,bus_sovabazar,
bus_rt7,1,4,bus_b_k_paul_more,
bus_rt7,1,5,bus_ahiritola,
bus_rt7,1,6,bus_jorabagan,
bus_rt7,1,7,bus_malapara,
bus_rt7,1,8,bus_posta_bazar,
bus_rt7,1,9,bus_barabazar,
bus_rt7,1,10,bus_howrah_station,
bus_rt7,1,11,bus_howrah_maidan_amtala_phari,
bus_rt8,0,1,bus_mandirtala,
bus_rt8,0,2,bus_kazipara_more,
bus_rt8,0,3,bus_avani_mall,
bus_rt8,0,4,bus_shibpur_bazar,
bus_rt8,0,5,bus_mallick_fatak,
bus_rt8,0,6,bus_howrah_maidan,
bus_rt8,0,7,bus_howrah_station,
bus_rt8,0,8,bus_barabazar,
bus_rt8,0,9,bus_dalhousie,
bus_rt8,0,10,bus_esplanade,
bus_rt8,1,1,bus_esplanade,
bus_rt8,1,2,bus_dalhousie,
bus_rt8,1,3,bus_barabazar,
bus_rt8,1,4,bus_howrah_station,
bus_rt8,1,5,bus_howrah_maidan,
bus_rt8,1,6,bus_mallick_fatak,
bus_rt8,1,7,bus_shibpur_bazar,
bus_rt8,1,8,bus_avani_mall,
bus_rt8,1,9,bus_kazipara_more,
bus_rt8,1,10,bus_mandirtala,
bus_rt10,0,1,bus_ballykhal,
bus_rt10,0,2,bus_belurmath,
bus_rt10,0,3,bus_don_bosco,
bus_rt10,0,4,bus_bandha_ghat,
bus_rt10,0,5,bus_salkia_chowrasta,
bus_rt10,0,6,bus_golabarai_ps,
bus_rt10,0,7,bus_pilkhana_more,
bus_rt10,0,8,bus_howrah_station,
bus_rt10,0,9,bus_barabazar,
bus_rt10,0,10,bus_dalhousie,
bus_rt10,0,11,bus_esplanade,
bus_rt10,0,12,bus_babughat,
bus_rt10,0,13,bus_princep_ghat,
bus_rt10,0,14,bus_hastings,
bus_rt10,0,15,bus_kidderpore,
bus_rt10,1,1,bus_kidderpore,
bus_rt10,1,2,bus_hastings,
bus_rt10,1,3,bus_princep_ghat,
bus_rt10,1,4,bus_babughat,
bus_rt10,1,5,bus_esplanade,
bus_rt10,1,6,bus_dalhousie,
bus_rt10,1,7,bus_barabazar,
bus_rt10,1,8,bus_howrah_station,
bus_rt10,1,9,bus_pilkhana_more,
bus_rt10,1,10,bus_golabarai_ps,
bus_rt10,1,11,bus_salkia_chowrasta,
bus_rt10,1,12,bus_bandha_ghat,
bus_rt10,1,13,bus_don_bosco,
bus_rt10,1,14,bus_belurmath,
bus_rt10,1,15,bus_ballykhal,
bus_rt11,0,1,bus_belurmath,
bus_rt11,0,2,bus_don_bosco,
bus_rt11,0,3,bus_bandha_ghat,
bus_rt11,0,4,bus_salkia_chowrasta,
bus_rt11,0,5,bus_golabarai_ps,
bus_rt11,0,6,bus_pilkhana_more,
bus_rt11,0,7,bus_howrah_station,
bus_rt11,0,8,bus_barabazar,
bus_rt11,0,9,bus_dalhousie,
bus_rt11,0,10,bus_esplanade,
bus_rt11,1,1,bus_esplanade,
bus_rt11,1,2,bus_dalhousie,
bus_rt11,1,3,bus_barabazar,
bus_rt11,1,4,bus_howrah_station,
bus_rt11,1,5,bus_pilkhana_more,
bus_rt11,1,6,bus_golabarai_ps,
bus_rt11,1,7,bus_salkia_chowrasta,
bus_rt11,1,8,bus_bandha_ghat,
bus_rt11,1,9,bus_don_bosco,
bus_rt11,1,10,bus_belurmath,
bus_rt11a,0,1,bus_howrah_maidan,
bus_rt11a,0,2,bus_howrah_station,
bus_rt11a,0,3,bus_barabazar,
bus_rt11a,0,4,bus_dalhousie,
bus_rt11a,0,5,bus_esplanade,
bus_rt11a,0,6,bus_park_street,
bus_rt11a,0,7,bus_maidan_metro,
bus_rt11a,0,8,bus_rabindra_sadan_diamond_park,
bus_rt11a,1,1,bus_rabindra_sadan_diamond_park,
bus_rt11a,1,2,bus_maidan_metro,
bus_rt11a,1,3,bus_park_street,
bus_rt11a,1,4,bus_esplanade,
bus_rt11a,1,5,bus_dalhousie,
bus_rt11a,1,6,bus_barabazar,
bus_rt11a,1,7,bus_howrah_station,
bus_rt11a,1,8,bus_howrah_maidan,
bus_rt13,0,1,bus_ranihati,
bus_rt13,0,2,bus_dhulagarh,
bus_rt13,0,3,bus_alampur,
bus_rt13,0,4,bus_andul_bazar,
bus_rt13,0,5,bus_mourigram,
bus_rt13,0,6,bus_chunavati,
bus_rt13,0,7,bus_hanskhali,
bus_rt13,0,8,bus_bakultala,
bus_rt13,0,9,bus_danesh_shaikh_lane,
bus_rt13,0,10,bus_amtala_phari,
bus_rt13,0,11,bus_narayana_hospital,
bus_rt13,0,12,bus_bataitala_phari,
bus_rt13,0,13,bus_kazipara_more,
bus_rt13,0,14,bus_avani_mall,
bus_rt13,0,15,bus_shibpur_bazar,
bus_rt13,0,16,bus_mallick_fatak,
bus_rt13,0,17,bus_howrah_maidan,
bus_rt13,0,18,bus_howrah_station,
bus_rt13,0,19,bus_barabazar,
bus_rt13,0,20,bus_posta_bazar,
bus_rt13,0,21,bus_malapara,
bus_rt13,0,22,bus_jorabagan,
bus_rt13,0,23,bus_ahiritola_rajabazar,
bus_rt13,1,1,bus_ahiritola_rajabazar,
bus_rt13,1,2,bus_jorabagan,
bus_rt13,1,3,bus_malapara,
bus_rt13,1,4,bus_posta_bazar,
bus_rt13,1,5,bus_barabazar,
bus_rt13,1,6,bus_howrah_station,
bus_rt13,1,7,bus_howrah_maidan,
bus_rt13,1,8,bus_mallick_fatak,
bus_rt13,1,9,bus_shibpur_bazar,
bus_rt13,1,10,bus_avani_mall,
bus_rt13,1,11,bus_kazipara_more,
bus_rt13,1,12,bus_bataitala_phari,
bus_rt13,1,13,bus_narayana_hospital,
bus_rt13,1,14,bus_amtala_phari,
bus_rt13,1,15,bus_danesh_shaikh_lane,
bus_rt13,1,16,bus_bakultala,
bus_rt13,1,17,bus_hanskhali,
bus_rt13,1,18,bus_chunavati,
bus_rt13,1,19,bus_mourigram,
bus_rt13,1,20,bus_andul_bazar,
bus_rt13,1,21,bus_alampur,
bus_rt13,1,22,bus_dhulagarh,
bus_rt13,1,23,bus_ranihati,
bus_rt13a,0,1,bus_fatickgachi,
bus_rt13a,0,2,bus_dhulagarh,
bus_rt13a,0,3,bus_alampur,
bus_rt13a,0,4,bus_andul_bazar,
bus_rt13a,0,5,bus_mourigram,
bus_rt13a,0,6,bus_chunavati,
bus_rt13a,0,7,bus_hanskhali,
bus_rt13a,0,8,bus_bakultala,
bus_rt13a,0,9,bus_danesh_shaikh_lane,
bus_rt13a,0,10,bus_amtala_phari,
bus_rt13a,0,11,bus_narayana_hospital,
bus_rt13a,0,12,bus_bataitala_phari,
bus_rt13a,0,13,bus_kazipara_more,
bus_rt13a,0,14,bus_avani_mall,
bus_rt13a,0,15,bus_shibpur_bazar,
bus_rt13a,0,16,bus_mallick_fatak,
bus_rt13a,0,17,bus_howrah_maidan,
bus_rt13a,0,18,bus_howrah_station,
bus_rt13a,0,19,bus_barabazar,
bus_rt13a,0,20,bus_posta_bazar,
bus_rt13a,0,21,bus_malapara,
bus_rt13a,0,22,bus_jorabagan,
bus_rt13a,0,23,bus_ahiritola_rajabazar,
bus_rt13a,1,1,bus_ahiritola_rajabazar,
bus_rt13a,1,2,bus_jorabagan,
bus_rt13a,1,3,bus_malapara,
bus_rt13a,1,4,bus_posta_bazar,
bus_rt13a,1,5,bus_barabazar,
bus_rt13a,1,6,bus_howrah_station,
bus_rt13a,1,7,bus_howrah_maidan,
bus_rt13a,1,8,bus_mallick_fatak,
bus_rt13a,1,9,bus_shibpur_bazar,
bus_rt13a,1,10,bus_avani_mall,
bus_rt13a,1,11,bus_kazipara_more,
bus_rt13a,1,12,bus_bataitala_phari,
bus_rt13a,1,13,bus_narayana_hospital,
bus_rt13a,1,14,bus_amtala_phari,
bus_rt13a,1,15,bus_danesh_shaikh_lane,
bus_rt13a,1,16,bus_bakultala,
bus_rt13a,1,17,bus_hanskhali,
bus_rt13a,1,18,bus_chunavati,
bus_rt13a,1,19,bus_mourigram,
bus_rt13a,1,20,bus_andul_bazar,
bus_rt13a,1,21,bus_alampur,
bus_rt13a,1,22,bus_dhulagarh,
bus_rt13a,1,23,bus_fatickgachi,
bus_rt18,0,1,bus_kona_more,
bus_rt18,0,2,bus_biradingi_more,
bus_rt18,0,3,bus_belgachia,
bus_rt18,0,4,bus_bamangachi_2,
bus_rt18,0,5,bus_salkia_chowrasta,
bus_rt18,0,6,bus_bandha_ghat,
bus_rt18,0,7,bus_golabarai_ps,
bus_rt18,0,8,bus_pilkhana_more,
bus_rt18,0,9,bus_howrah_station,
bus_rt18,0,10,bus_barabazar,
bus_rt18,0,11,bus_dalhousie,
bus_rt18,0,12,bus_esplanade,
bus_rt18,1,1,bus_esplanade,
bus_rt18,1,2,bus_dalhousie,
bus_rt18,1,3,bus_barabazar,
bus_rt18,1,4,bus_howrah_station,
bus_rt18,1,5,bus_pilkhana_more,
bus_rt18,1,6,bus_golabarai_ps,
bus_rt18,1,7,bus_bandha_ghat,
bus_rt18,1,8,bus_salkia_chowrasta,
bus_rt18,1,9,bus_bamangachi_2,
bus_rt18,1,10,bus_belgachia,
bus_rt18,1,11,bus_biradingi_more,
bus_rt18,1,12,bus_kona_more,
bus_rt20,0,1,bus_alampur,
bus_rt20,0,2,bus_andul_bazar,
bus_rt20,0,3,bus_mourigram,
bus_rt20,0,4,bus_chunavati,
bus_rt20,0,5,bus_hanskhali,
bus_rt20,0,6,bus_bakultala,
bus_rt20,0,7,bus_danesh_shaikh_lane,
bus_rt20,0,8,bus_amtala_phari,
bus_rt20,0,9,bus_narayana_hospital,
bus_rt20,0,10,bus_bataitala_phari,
bus_rt20,0,11,bus_kazipara_more,
bus_rt20,0,12,bus_avani_mall,
bus_rt20,0,13,bus_shibpur_bazar,
bus_rt20,0,14,bus_mallick_fatak,
bus_rt20,0,15,bus_howrah_maidan,
bus_rt20,0,16,bus_howrah_station,
bus_rt20,0,17,bus_barabazar,
bus_rt20,0,18,bus_posta_bazar,
bus_rt20,0,19,bus_malapara,
bus_rt20,0,20,bus_jorabagan,
bus_rt20,0,21,bus_ahiritola,
bus_rt20,0,22,bus_b_k_paul_more,
bus_rt20,0,23,bus_sovabazar,
bus_rt20,0,24,bus_hatibagan,
bus_rt20,0,25,bus_khanna_cinema,
bus_rt20,0,26,bus_ultadanga,
bus_rt20,1,1,bus_ultadanga,
bus_rt20,1,2,bus_khanna_cinema,
bus_rt20,1,3,bus_hatibagan,
bus_rt20,1,4,bus_sovabazar,
bus_rt20,1,5,bus_b_k_paul_more,
bus_rt20,1,6,bus_ahiritola,
bus_rt20,1,7,bus_jorabagan,
bus_rt20,1,8,bus_malapara,
bus_rt20,1,9,bus_posta_bazar,
bus_rt20,1,10,bus_barabazar,
bus_rt20,1,11,bus_howrah_station,
bus_rt20,1,12,bus_howrah_maidan,
bus_rt20,1,13,bus_mallick_fatak,
bus_rt20,1,14,bus_shibpur_bazar,
bus_rt20,1,15,bus_avani_mall,
bus_rt20,1,16,bus_kazipara_more,
bus_rt20,1,17,bus_bataitala_phari,
bus_rt20,1,18,bus_narayana_hospital,
bus_rt20,1,19,bus_amtala_phari,
bus_rt20,1,20,bus_danesh_shaikh_lane,
bus_rt20,1,21,bus_bakultala,
bus_rt20,1,22,bus_hanskhali,
bus_rt20,1,23,bus_chunavati,
bus_rt20,1,24,bus_mourigram,
bus_rt20,1,25,bus_andul_bazar,
bus_rt20,1,26,bus_alampur,
bus_rt20a,0,1,bus_mourigram,
bus_rt20a,0,2,bus_chunavati,
bus_rt20a,0,3,bus_hanskhali,
bus_rt20a,0,4,bus_bakultala,
bus_rt20a,0,5,bus_danesh_shaikh_lane,
bus_rt20a,0,6,bus_amtala_phari,
bus_rt20a,0,7,bus_narayana_hospital,
bus_rt20a,0,8,bus_bataitala_phari,
bus_rt20a,0,9,bus_kazipara_more,
bus_rt20a,0,10,bus_avani_mall,
bus_rt20a,0,11,bus_shibpur_bazar,
bus_rt20a,0,12,bus_mallick_fatak,
bus_rt20a,0,13,bus_howrah_maidan,
bus_rt20a,0,14,bus_howrah_station,
bus_rt20a,0,15,bus_barabazar,
bus_rt20a,0,16,bus_m_g_road,
bus_rt20a,0,17,bus_girish_park,
bus_rt20a,0,18,bus_maniktala,
bus_rt20a,0,19,bus_vivekananda_road,
bus_rt20a,0,20,bus_kankurgachi,
bus_rt20a,0,21,bus_ultadanga,
bus_rt20a,0,22,bus_saltlake_p_n_b,
bus_rt20a,0,23,bus_saltlake_c_a_block,
bus_rt20a,0,24,bus_labony_estate,
bus_rt20a,0,25,bus_saltlake_13no_tank,
bus_rt20a,0,26,bus_saltlake_stadium,
bus_rt20a,1,1,bus_saltlake_stadium,
bus_rt20a,1,2,bus_saltlake_13no_tank,
bus_rt20a,1,3,bus_labony_estate,
bus_rt20a,1,4,bus_saltlake_c_a_block,
bus_rt20a,1,5,bus_saltlake_p_n_b,
bus_rt20a,1,6,bus_ultadanga,
bus_rt20a,1,7,bus_kankurgachi,
bus_rt20a,1,8,bus_vivekananda_road,
bus_rt20a,1,9,bus_maniktala,
bus_rt20a,1,10,bus_girish_park,
bus_rt20a,1,11,bus_m_g_road,
bus_rt20a,1,12,bus_barabazar,
bus_rt20a,1,13,bus_howrah_station,
bus_rt20a,1,14,bus_howrah_maidan,
bus_rt20a,1,15,bus_mallick_fatak,
bus_rt20a,1,16,bus_shibpur_bazar,
bus_rt20a,1,17,bus_avani_mall,
bus_rt20a,1,18,bus_kazipara_more,
bus_rt20a,1,19,bus_bataitala_phari,
bus_rt20a,1,20,bus_narayana_hospital,
bus_rt20a,1,21,bus_amtala_phari,
bus_rt20a,1,22,bus_danesh_shaikh_lane,
bus_rt20a,1,23,bus_bakultala,
bus_rt20a,1,24,bus_hanskhali,
bus_rt20a,1,25,bus_chunavati,
bus_rt20a,1,26,bus_mourigram,
bus_rt21,0,1,bus_howrah_maidan,
bus_rt21,0,2,bus_howrah_station,
bus_rt21,0,3,bus_barabazar,
bus_rt21,0,4,bus_dalhousie,
bus_rt21,0,5,bus_esplanade,
bus_rt21,0,6,bus_fort_william,
bus_rt21,0,7,bus_p_t_s_more,
bus_rt21,0,8,bus_alipore_zoo,
bus_rt21,0,9,bus_ekbalpur,
bus_rt21,0,10,bus_mominpore,
bus_rt21,0,11,bus_majherhat,
bus_rt21,0,12,bus_behala_14no,
bus_rt21,0,13,bus_behala_chowrasta,
bus_rt21,0,14,bus_sakher_bazar,
bus_rt21,0,15,bus_shilpara,
bus_rt21,1,1,bus_shilpara,
bus_rt21,1,2,bus_sakher_bazar,
bus_rt21,1,3,bus_behala_chowrasta,
bus_rt21,1,4,bus_behala_14no,
bus_rt21,1,5,bus_majherhat,
bus_rt21,1,6,bus_mominpore,
bus_rt21,1,7,bus_ekbalpur,
bus_rt21,1,8,bus_alipore_zoo,
bus_rt21,1,9,bus_p_t_s_more,
bus_rt21,1,10,bus_fort_william,
bus_rt21,1,11,bus_esplanade,
bus_rt21,1,12,bus_dalhousie,
bus_rt21,1,13,bus_barabazar,
bus_rt21,1,14,bus_howrah_station,
bus_rt21,1,15,bus_howrah_maidan,
bus_rt24,0,1,bus_sankrail,
bus_rt24,0,2,bus_chapatala,
bus_rt24,0,3,bus_rajgunge,
bus_rt24,0,4,bus_radhadashi,
bus_rt24,0,5,bus_podra_bazar,
bus_rt24,0,6,bus_nazirgunge,
bus_rt24,0,7,bus_bakultala,
bus_rt24,0,8,bus_danesh_shaikh_lane,
bus_rt24,0,9,bus_amtala_phari,
bus_rt24,0,10,bus_narayana_hospital,
bus_rt24,0,11,bus_bataitala_phari,
bus_rt24,0,12,bus_kazipara_more,
bus_rt24,0,13,bus_avani_mall,
bus_rt24,0,14,bus_shibpur_bazar,
bus_rt24,0,15,bus_mallick_fatak,
bus_rt24,0,16,bus_howrah_maidan,
bus_rt24,0,17,bus_howrah_station,
bus_rt24,1,1,bus_howrah_station,
bus_rt24,1,2,bus_howrah_maidan,
bus_rt24,1,3,bus_mallick_fatak,
bus_rt24,1,4,bus_shibpur_bazar,
bus_rt24,1,5,bus_avani_mall,
bus_rt24,1,6,bus_kazipara_more,
bus_rt24,1,7,bus_bataitala_phari,
bus_rt24,1,8,bus_narayana_hospital,
bus_rt24,1,9,bus_amtala_phari,
bus_rt24,1,10,bus_danesh_shaikh_lane,
bus_rt24,1,11,bus_bakultala,
bus_rt24,1,12,bus_nazirgunge,
bus_rt24,1,13,bus_podra_bazar,
bus_rt24,1,14,bus_radhadashi,
bus_rt24,1,15,bus_rajgunge,
bus_rt24,1,16,bus_chapatala,
bus_rt24,1,17,bus_sankrail,
bus_rt25,0,1,bus_malipanchghara,
bus_rt25,0,2,bus_bandha_ghat,
bus_rt25,0,3,bus_salkia_chowrasta,
bus_rt25,0,4,bus_golabarai_ps,
bus_rt25,0,5,bus_pilkhana_more,
bus_rt25,0,6,bus_howrah_station,
bus_rt25,0,7,bus_barabazar,
bus_rt25,0,8,bus_m_g_road,
bus_rt25,0,9,bus_college_street,
bus_rt25,0,10,bus_sealdah_station,
bus_rt25,1,1,bus_sealdah_station,
bus_rt25,1,2,bus_college_street,
bus_rt25,1,3,bus_m_g_road,
bus_rt25,1,4,bus_barabazar,
bus_rt25,1,5,bus_howrah_station,
bus_rt25,1,6,bus_pilkhana_more,
bus_rt25,1,7,bus_golabarai_ps,
bus_rt25,1,8,bus_salkia_chowrasta,
bus_rt25,1,9,bus_bandha_ghat,
bus_rt25,1,10,bus_malipanchghara,
bus_rt26,0,1,bus_santragachi,
bus_rt26,0,2,bus_baksara,
bus_rt26,0,3,bus_belepole,
bus_rt26,0,4,bus_natun_rasta,
bus_rt26,0,5,bus_ichapur_more,
bus_rt26,0,6,bus_shanpur_more,
bus_rt26,0,7,bus_tikiapara,
bus_rt26,0,8,bus_belilious_road,
bus_rt26,0,9,bus_howrah_maidan,
bus_rt26,0,10,bus_howrah_station,
bus_rt26,0,11,bus_barabazar,
bus_rt26,0,12,bus_dalhousie,
bus_rt26,0,13,bus_esplanade,
bus_rt26,1,1,bus_esplanade,
bus_rt26,1,2,bus_dalhousie,
bus_rt26,1,3,bus_barabazar,
bus_rt26,1,4,bus_howrah_station,
bus_rt26,1,5,bus_howrah_maidan,
bus_rt26,1,6,bus_belilious_road,
bus_rt26,1,7,bus_tikiapara,
bus_rt26,1,8,bus_shanpur_more,
bus_rt26,1,9,bus_ichapur_more,
bus_rt26,1,10,bus_natun_rasta,
bus_rt26,1,11,bus_belepole,
bus_rt26,1,12,bus_baksara,
bus_rt26,1,13,bus_santragachi,
bus_rt27,0,1,bus_bankra,
bus_rt27,0,2,bus_japani_gate,
bus_rt27,0,3,bus_dasnagar,
bus_rt27,0,4,bus_shanpur_more,
bus_rt27,0,5,bus_tikiapara,
bus_rt27,0,6,bus_belilious_road,
bus_rt27,0,7,bus_howrah_maidan,
bus_rt27,0,8,bus_howrah_station,
bus_rt27,0,9,bus_barabazar,
bus_rt27,0,10,bus_dalhousie,
bus_rt27,0,11,bus_esplanade,
bus_rt27,0,12,bus_chandni_market,
bus_rt27,0,13,bus_wellington,
bus_rt27,0,14,bus_moulali_more,
bus_rt27,0,15,bus_c_i_t_road,
bus_rt27,0,16,bus_chittaranjan_hospital,
bus_rt27,0,17,bus_park_circus,
bus_rt27,1,1,bus_park_circus,
bus_rt27,1,2,bus_chittaranjan_hospital,
bus_rt27,1,3,bus_c_i_t_road,
bus_rt27,1,4,bus_moulali_more,
bus_rt27,1,5,bus_wellington,
bus_rt27,1,6,bus_chandni_market,
bus_rt27,1,7,bus_esplanade,
bus_rt27,1,8,bus_dalhousie,
bus_rt27,1,9,bus_barabazar,
bus_rt27,1,10,bus_howrah_station,
bus_rt27,1,11,bus_howrah_maidan,
bus_rt27,1,12,bus_belilious_road,
bus_rt27,1,13,bus_tikiapara,
bus_rt27,1,14,bus_shanpur_more,
bus_rt27,1,15,bus_dasnagar,
bus_rt27,1,16,bus_japani_gate,
bus_rt27,1,17,bus_bankra,
bus_rt27a,0,1,bus_howrah_maidan,
bus_rt27a,0,2,bus_howrah_station,
bus_rt27a,0,3,bus_barabazar,
bus_rt27a,0,4,bus_dalhousie,
bus_rt27a,0,5,bus_esplanade,
bus_rt27a,0,6,bus_chandni_market,
bus_rt27a,0,7,bus_wellington,
bus_rt27a,0,8,bus_moulali_more,
bus_rt27a,0,9,bus_c_i_t_road,
bus_rt27a,0,10,bus_chittaranjan_hospital,
bus_rt27a,0,11,bus_park_circus_ruby_hospital,
bus_rt27a,1,1,bus_park_circus_ruby_hospital,
bus_rt27a,1,2,bus_chittaranjan_hospital,
bus_rt27a,1,3,bus_c_i_t_road,
bus_rt27a,1,4,bus_moulali_more,
bus_rt27a,1,5,bus_wellington,
bus_rt27a,1,6,bus_chandni_market,
bus_rt27a,1,7,bus_esplanade,
bus_rt27a,1,8,bus_dalhousie,
bus_rt27a,1,9,bus_barabazar,
bus_rt27a,1,10,bus_howrah_station,
bus_rt27a,1,11,bus_howrah_maidan,
bus_rt29,0,1,bus_tikiapara,
bus_rt29,0,2,bus_belilious_road,
bus_rt29,0,3,bus_howrah_maidan,
bus_rt29,0,4,bus_howrah_station,
bus_rt29,0,5,bus_barabazar,
bus_rt29,0,6,bus_posta_bazar,
bus_rt29,0,7,bus_malapara,
bus_rt29,0,8,bus_jorabagan,
bus_rt29,0,9,bus_ahiritola,
bus_rt29,0,10,bus_b_k_paul_more,
bus_rt29,0,11,bus_sovabazar,
bus_rt29,0,12,bus_hatibagan,
bus_rt29,0,13,bus_khanna_cinema,
bus_rt29,0,14,bus_ultadanga,
bus_rt29,0,15,bus_saltlake_p_n_b,
bus_rt29,0,16,bus_saltlake_4no_tank,
bus_rt29,0,17,bus_baisakhi_more,
bus_rt29,0,18,bus_purta_bhawan,
bus_rt29,0,19,bus_karunamoyee,
bus_rt29,0,20,bus_wipro_more,
bus_rt29,0,21,bus_s_d_f_more,
bus_rt29,0,22,bus_college_more,
bus_rt29,0,23,bus_sector_v_saltlake,
bus_rt29,1,1,bus_sector_v_saltlake,
bus_rt29,1,2,bus_college_more,
bus_rt29,1,3,bus_s_d_f_more,
bus_rt29,1,4,bus_wipro_more,
bus_rt29,1,5,bus_karunamoyee,
bus_rt29,1,6,bus_purta_bhawan,
bus_rt29,1,7,bus_baisakhi_more,
bus_rt29,1,8,bus_saltlake_4no_tank,
bus_rt29,1,9,bus_saltlake_p_n_b,
bus_rt29,1,10,bus_ultadanga,
bus_rt29,1,11,bus_khanna_cinema,
bus_rt29,1,12,bus_hatibagan,
bus_rt29,1,13,bus_sovabazar,
bus_rt29,1,14,bus_b_k_paul_more,
bus_rt29,1,15,bus_ahiritola,
bus_rt29,1,16,bus_jorabagan,
bus_rt29,1,17,bus_malapara,
bus_rt29,1,18,bus_posta_bazar,
bus_rt29,1,19,bus_barabazar,
bus_rt29,1,20,bus_howrah_station,
bus_rt29,1,21,bus_howrah_maidan,
bus_rt29,1,22,bus_belilious_road,
bus_rt29,1,23,bus_tikiapara,
bus_rt30,0,1,bus_baluhati,
bus_rt30,0,2,bus_jagadishpur,
bus_rt30,0,3,bus_chamrail,
bus_rt30,0,4,bus_kona_more,
bus_rt30,0,5,bus_biradingi_more,
bus_rt30,0,6,bus_belgachia,
bus_rt30,0,7,bus_bamangachi_2,
bus_rt30,0,8,bus_salkia_chowrasta,
bus_rt30,0,9,bus_bandha_ghat,
bus_rt30,0,10,bus_golabarai_ps,
bus_rt30,0,11,bus_pilkhana_more,
bus_rt30,0,12,bus_howrah_station,
bus_rt30,0,13,bus_barabazar,
bus_rt30,0,14,bus_dalhousie,
bus_rt30,0,15,bus_esplanade,
bus_rt30,1,1,bus_esplanade,
bus_rt30,1,2,bus_dalhousie,
bus_rt30,1,3,bus_barabazar,
bus_rt30,1,4,bus_howrah_station,
bus_rt30,1,5,bus_pilkhana_more,
bus_rt30,1,6,bus_golabarai_ps,
bus_rt30,1,7,bus_bandha_ghat,
bus_rt30,1,8,bus_salkia_chowrasta,
bus_rt30,1,9,bus_bamangachi_2,
bus_rt30,1,10,bus_belgachia,
bus_rt30,1,11,bus_biradingi_more,
bus_rt30,1,12,bus_kona_more,
bus_rt30,1,13,bus_chamrail,
bus_rt30,1,14,bus_jagadishpur,
bus_rt30,1,15,bus_baluhati,
bus_rt31,0,1,bus_makardaha,
bus_rt31,0,2,bus_katlia_more,
bus_rt31,0,3,bus_salap_more,
bus_rt31,0,4,bus_bankra_bazar,
bus_rt31,0,5,bus_japani_gate,
bus_rt31,0,6,bus_dasnagar,
bus_rt31,0,7,bus_shanpur_more,
bus_rt31,0,8,bus_tikiapara,
bus_rt31,0,9,bus_belilious_road,
bus_rt31,0,10,bus_howrah_maidan,
bus_rt31,0,11,bus_howrah_station,
bus_rt31,0,12,bus_barabazar,
bus_rt31,0,13,bus_dalhousie,
bus_rt31,0,14,bus_esplanade,
bus_rt31,0,15,bus_park_street,
bus_rt31,0,16,bus_maidan_metro,
bus_rt31,0,17,bus_rabindra_sadan_kidderpore,
bus_rt31,1,1,bus_rabindra_sadan_kidderpore,
bus_rt31,1,2,bus_maidan_metro,
bus_rt31,1,3,bus_park_street,
bus_rt31,1,4,bus_esplanade,
bus_rt31,1,5,bus_dalhousie,
bus_rt31,1,6,bus_barabazar,
bus_rt31,1,7,bus_howrah_station,
bus_rt31,1,8,bus_howrah_maidan,
bus_rt31,1,9,bus_belilious_road,
bus_rt31,1,10,bus_tikiapara,
bus_rt31,1,11,bus_shanpur_more,
bus_rt31,1,12,bus_dasnagar,
bus_rt31,1,13,bus_japani_gate,
bus_rt31,1,14,bus_bankra_bazar,
bus_rt31,1,15,bus_salap_more,
bus_rt31,1,16,bus_katlia_more,
bus_rt31,1,17,bus_makardaha,
bus_rt32,0,1,bus_howrah_maidan,
bus_rt32,0,2,bus_howrah_station,
bus_rt32,0,3,bus_barabazar,
bus_rt32,0,4,bus_dalhousie,
bus_rt32,0,5,bus_esplanade,
bus_rt32,0,6,bus_park_street,
bus_rt32,0,7,bus_maidan_metro,
bus_rt32,0,8,bus_rabindra_sadan_parnasree,
bus_rt32,1,1,bus_rabindra_sadan_parnasree,
bus_rt32,1,2,bus_maidan_metro,
bus_rt32,1,3,bus_park_street,
bus_rt32,1,4,bus_esplanade,
bus_rt32,1,5,bus_dalhousie,
bus_rt32,1,6,bus_barabazar,
bus_rt32,1,7,bus_howrah_station,
bus_rt32,1,8,bus_howrah_maidan,
bus_rt34,0,1,bus_purash,
bus_rt34,0,2,bus_ghoradaha,
bus_rt34,0,3,bus_munshirhat,
bus_rt34,0,4,bus_baragachia,
bus_rt34,0,5,bus_domjur,
bus_rt34,0,6,bus_makardaha,
bus_rt34,0,7,bus_katlia_more,
bus_rt34,0,8,bus_salap_more,
bus_rt34,0,9,bus_bankra_bazar,
bus_rt34,0,10,bus_japani_gate,
bus_rt34,0,11,bus_dasnagar,
bus_rt34,0,12,bus_shanpur_more,
bus_rt34,0,13,bus_tikiapara,
bus_rt34,0,14,bus_belilious_road,
bus_rt34,0,15,bus_howrah_maidan,
bus_rt34,0,16,bus_howrah_station,
bus_rt34,1,1,bus_howrah_station,
bus_rt34,1,2,bus_howrah_maidan,
bus_rt34,1,3,bus_belilious_road,
bus_rt34,1,4,bus_tikiapara,
bus_rt34,1,5,bus_shanpur_more,
bus_rt34,1,6,bus_dasnagar,
bus_rt34,1,7,bus_japani_gate,
bus_rt34,1,8,bus_bankra_bazar,
bus_rt34,1,9,bus_salap_more,
bus_rt34,1,10,bus_katlia_more,
bus_rt34,1,11,bus_makardaha,
bus_rt34,1,12,bus_domjur,
bus_rt34,1,13,bus_baragachia,
bus_rt34,1,14,bus_munshirhat,
bus_rt34,1,15,bus_ghoradaha,
bus_rt34,1,16,bus_purash,
bus_rt35,0,1,bus_hantal,
bus_rt35,0,2,bus_baragachia,
bus_rt35,0,3,bus_domjur,
bus_rt35,0,4,bus_makardaha,
bus_rt35,0,5,bus_katlia_more,
bus_rt35,0,6,bus_salap_more,
bus_rt35,0,7,bus_bankra_bazar,
bus_rt35,0,8,bus_japani_gate,
bus_rt35,0,9,bus_dasnagar,
bus_rt35,0,10,bus_shanpur_more,
bus_rt35,0,11,bus_tikiapara,
bus_rt35,0,12,bus_belilious_road,
bus_rt35,0,13,bus_howrah_maidan,
bus_rt35,0,14,bus_howrah_station,
bus_rt35,1,1,bus_howrah_station,
bus_rt35,1,2,bus_howrah_maidan,
bus_rt35,1,3,bus_belilious_road,
bus_rt35,1,4,bus_tikiapara,
bus_rt35,1,5,bus_shanpur_more,
bus_rt35,1,6,bus_dasnagar,
bus_rt35,1,7,bus_japani_gate,
bus_rt35,1,8,bus_bankra_bazar,
bus_rt35,1,9,bus_salap_more,
bus_rt35,1,10,bus_katlia_more,
bus_rt35,1,11,bus_makardaha,
bus_rt35,1,12,bus_domjur,
bus_rt35,1,13,bus_baragachia,
bus_rt35,1,14,bus_hantal,
bus_rt38,0,1,bus_dasnagar,
bus_rt38,0,2,bus_shanpur_more,
bus_rt38,0,3,bus_tikiapara,
bus_rt38,0,4,bus_belilious_road,
bus_rt38,0,5,bus_howrah_maidan,
bus_rt38,0,6,bus_howrah_station,
bus_rt38,0,7,bus_barabazar,
bus_rt38,0,8,bus_dalhousie,
bus_rt38,0,9,bus_esplanade,
bus_rt38,1,1,bus_esplanade,
bus_rt38,1,2,bus_dalhousie,
bus_rt38,1,3,bus_barabazar,
bus_rt38,1,4,bus_howrah_station,
bus_rt38,1,5,bus_howrah_maidan,
bus_rt38,1,6,bus_belilious_road,
bus_rt38,1,7,bus_tikiapara,
bus_rt38,1,8,bus_shanpur_more,
bus_rt38,1,9,bus_dasnagar,
bus_rt39,0,1,bus_bhattanagar_2,
bus_rt39,0,2,bus_liluah_station,
bus_rt39,0,3,bus_bamangachi,
bus_rt39,0,4,bus_salkia_chowrasta,
bus_rt39,0,5,bus_bandha_ghat,
bus_rt39,0,6,bus_golabarai_ps,
bus_rt39,0,7,bus_pilkhana_more,
bus_rt39,0,8,bus_howrah_station,
bus_rt39,0,9,bus_barabazar,
bus_rt39,0,10,bus_dalhousie,
bus_rt39,0,11,bus_esplanade,
bus_rt39,1,1,bus_esplanade,
bus_rt39,1,2,bus_dalhousie,
bus_rt39,1,3,bus_barabazar,
bus_rt39,1,4,bus_howrah_station,
bus_rt39,1,5,bus_pilkhana_more,
bus_rt39,1,6,bus_golabarai_ps,
bus_rt39,1,7,bus_bandha_ghat,
bus_rt39,1,8,bus_salkia_chowrasta,
bus_rt39,1,9,bus_bamangachi,
bus_rt39,1,10,bus_liluah_station,
bus_rt39,1,11,bus_bhattanagar_2,
bus_rt42,0,1,bus_danesh_shaikh_lane,
bus_rt42,0,2,bus_amtala_phari,
bus_rt42,0,3,bus_narayana_hospital,
bus_rt42,0,4,bus_mandirtala,
bus_rt42,0,5,bus_vidyasagar_setu,
bus_rt42,0,6,bus_hastings,
bus_rt42,0,7,bus_p_t_s_more,
bus_rt42,0,8,bus_rabindra_sadan,
bus_rt42,0,9,bus_minto_park,
bus_rt42,0,10,bus_beckbagan,
bus_rt42,0,11,bus_park_circus,
bus_rt42,0,12,bus_4no_bridge,
bus_rt42,0,13,bus_topsia_more,
bus_rt42,0,14,bus_science_city,
bus_rt42,0,15,bus_em_bypass,
bus_rt42,0,16,bus_mathpukur,
bus_rt42,0,17,bus_metropolitan,
bus_rt42,0,18,bus_chingrighata,
bus_rt42,0,19,bus_nicco_park,
bus_rt42,0,20,bus_s_d_f_more,
bus_rt42,0,21,bus_college_more,
bus_rt42,0,22,bus_dlf1,
bus_rt42,0,23,bus_newtown,
bus_rt42,0,24,bus_axis_mall,
bus_rt42,0,25,bus_narkelbagan,
bus_rt42,0,26,bus_unitech_gate_2,
bus_rt42,0,27,bus_d_l_f_2,
bus_rt42,0,28,bus_ecospace,
bus_rt42,0,29,bus_aliah_university,
bus_rt42,1,1,bus_aliah_university,
bus_rt42,1,2,bus_ecospace,
bus_rt42,1,3,bus_d_l_f_2,
bus_rt42,1,4,bus_unitech_gate_2,
bus_rt42,1,5,bus_narkelbagan,
bus_rt42,1,6,bus_axis_mall,
bus_rt42,1,7,bus_newtown,
bus_rt42,1,8,bus_dlf1,
bus_rt42,1,9,bus_college_more,
bus_rt42,1,10,bus_s_d_f_more,
bus_rt42,1,11,bus_nicco_park,
bus_rt42,1,12,bus_chingrighata,
bus_rt42,1,13,bus_metropolitan,
bus_rt42,1,14,bus_mathpukur,
bus_rt42,1,15,bus_em_bypass,
bus_rt42,1,16,bus_science_city,
bus_rt42,1,17,bus_topsia_more,
bus_rt42,1,18,bus_4no_bridge,
bus_rt42,1,19,bus_park_circus,
bus_rt42,1,20,bus_beckbagan,
bus_rt42,1,21,bus_minto_park,
bus_rt42,1,22,bus_rabindra_sadan,
bus_rt42,1,23,bus_p_t_s_more,
bus_rt42,1,24,bus_hastings,
bus_rt42,1,25,bus_vidyasagar_setu,
bus_rt42,1,26,bus_mandirtala,
bus_rt42,1,27,bus_narayana_hospital,
bus_rt42,1,28,bus_amtala_phari,
bus_rt42,1,29,bus_danesh_shaikh_lane,
bus_m10,0,1,bus_diamond_harbour,
bus_m10,0,2,bus_dalanghata,
bus_m10,0,3,bus_hatugunge,
bus_m10,0,4,bus_deular_more,
bus_m10,0,5,bus_mandirbazar,
bus_m10,0,6,bus_ratneshwarpur,
bus_m10,0,7,bus_pukuria_hat,
bus_m10,0,8,bus_karbala_more,
bus_m10,0,9,bus_mathurapur_station,
bus_m10,0,10,bus_south_bishnupur,
bus_m10,0,11,bus_khotirbazar,
bus_m10,0,12,bus_belgachi,
bus_m10,0,13,bus_lalpur,
bus_m10,0,14,bus_krishnachandrapur,
bus_m10,0,15,bus_kashinagar,
bus_m10,0,16,bus_companir_thek,
bus_m10,0,17,bus_mayramahal,
bus_m10,0,18,bus_raidighi,
bus_m10,1,1,bus_raidighi,
bus_m10,1,2,bus_mayramahal,
bus_m10,1,3,bus_companir_thek,
bus_m10,1,4,bus_kashinagar,
bus_m10,1,5,bus_krishnachandrapur,
bus_m10,1,6,bus_lalpur,
bus_m10,1,7,bus_belgachi,
bus_m10,1,8,bus_khotirbazar,
bus_m10,1,9,bus_south_bishnupur,
bus_m10,1,10,bus_mathurapur_station,
bus_m10,1,11,bus_karbala_more,
bus_m10,1,12,bus_pukuria_hat,
bus_m10,1,13,bus_ratneshwarpur,
bus_m10,1,14,bus_mandirbazar,
bus_m10,1,15,bus_deular_more,
bus_m10,1,16,bus_hatugunge,
bus_m10,1,17,bus_dalanghata,
bus_m10,1,18,bus_diamond_harbour,
bus_m14_2,0,1,bus_dakghar_chattabazar,
bus_m14_2,0,2,bus_mollargate,
bus_m14_2,0,3,bus_rampur_quarter,
bus_m14_2,0,4,bus_s_m_nagar,
bus_m14_2,0,5,bus_sarkarpool,
bus_m14_2,0,6,bus_jhinjhira_bazar,
bus_m14_2,0,7,bus_brace_bridge,
bus_m14_2,0,8,bus_taratala,
bus_m14_2,0,9,bus_mahjerhat,
bus_m14_2,0,10,bus_mominpore,
bus_m14_2,0,11,bus_ekbalpur,
bus_m14_2,0,12,bus_kidderpore,
bus_m14_2,0,13,bus_hastings,
bus_m14_2,0,14,bus_princep_ghat,
bus_m14_2,0,15,bus_babughat,
bus_m14_2,0,16,bus_esplanade,
bus_m14_2,0,17,bus_barabazar,
bus_m14_2,0,18,bus_howrah_station,
bus_m14_2,1,1,bus_howrah_station,
bus_m14_2,1,2,bus_barabazar,
bus_m14_2,1,3,bus_esplanade,
bus_m14_2,1,4,bus_babughat,
bus_m14_2,1,5,bus_princep_ghat,
bus_m14_2,1,6,bus_hastings,
bus_m14_2,1,7,bus_kidderpore,
bus_m14_2,1,8,bus_ekbalpur,
bus_m14_2,1,9,bus_mominpore,
bus_m14_2,1,10,bus_mahjerhat,
bus_m14_2,1,11,bus_taratala,
bus_m14_2,1,12,bus_brace_bridge,
bus_m14_2,1,13,bus_jhinjhira_bazar,
bus_m14_2,1,14,bus_sarkarpool,
bus_m14_2,1,15,bus_s_m_nagar,
bus_m14_2,1,16,bus_rampur_quarter,
bus_m14_2,1,17,bus_mollargate,
bus_m14_2,1,18,bus_dakghar_chattabazar,
bus_m15,0,1,bus_falta_sector_1,
bus_m15,0,2,bus_khandalia,
bus_m15,0,3,bus_haridashpur,
bus_m15,0,4,bus_bhadura,
bus_m15,0,5,bus_goundia_raghunathpur,
bus_m15,0,6,bus_dhukrijhara,
bus_m15,0,7,bus_pateswari_mandir,
bus_m15,0,8,bus_pitambara,
bus_m15,0,9,bus_sarisha_246_more,
bus_m15,0,10,bus_sarisha_more,
bus_m15,0,11,bus_kalagachia,
bus_m15,0,12,bus_mohanpur,
bus_m15,0,13,bus_kapathat,
bus_m15,0,14,bus_leninnagar,
bus_m15,0,15,bus_noongola,
bus_m15,0,16,bus_diamond_harbour,
bus_m15,0,17,bus_dalanghata,
bus_m15,0,18,bus_hatugunge,
bus_m15,0,19,bus_deular_more,
bus_m15,0,20,bus_mandirbazar,
bus_m15,0,21,bus_mandabtala,
bus_m15,0,22,bus_anchna,
bus_m15,0,23,bus_brindabanpur,
bus_m15,0,24,bus_ramnarayanpur,
bus_m15,0,25,bus_bijaygunge_bazar_lakshmikantapur,
bus_m15,1,1,bus_bijaygunge_bazar_lakshmikantapur,
bus_m15,1,2,bus_ramnarayanpur,
bus_m15,1,3,bus_brindabanpur,
bus_m15,1,4,bus_anchna,
bus_m15,1,5,bus_mandabtala,
bus_m15,1,6,bus_mandirbazar,
bus_m15,1,7,bus_deular_more,
bus_m15,1,8,bus_hatugunge,
bus_m15,1,9,bus_dalanghata,
bus_m15,1,10,bus_diamond_harbour,
bus_m15,1,11,bus_noongola,
bus_m15,1,12,bus_leninnagar,
bus_m15,1,13,bus_kapathat,
bus_m15,1,14,bus_mohanpur,
bus_m15,1,15,bus_kalagachia,
bus_m15,1,16,bus_sarisha_more,
bus_m15,1,17,bus_sarisha_246_more,
bus_m15,1,18,bus_pitambara,
bus_m15,1,19,bus_pateswari_mandir,
bus_m15,1,20,bus_dhukrijhara,
bus_m15,1,21,bus_goundia_raghunathpur,
bus_m15,1,22,bus_bhadura,
bus_m15,1,23,bus_haridashpur,
bus_m15,1,24,bus_khandalia,
bus_m15,1,25,bus_falta_sector_1,
bus_m16,0,1,bus_burul,
bus_m16,0,2,bus_burul_bazar,
bus_m16,0,3,bus_chandua_bazar,
bus_m16,0,4,bus_bisalakshmitala,
bus_m16,0,5,bus_mallickpur,
bus_m16,0,6,bus_sahararhat,
bus_m16,0,7,bus_bhadura,
bus_m16,0,8,bus_goundia_raghunathpur,
bus_m16,0,9,bus_dhukrijhara,
bus_m16,0,10,bus_pateswari_mandir,
bus_m16,0,11,bus_pitambara,
bus_m16,0,12,bus_sarisha_more,
bus_m16,0,13,bus_kalagachia,
bus_m16,0,14,bus_mohanpur,
bus_m16,0,15,bus_kapathat,
bus_m16,0,16,bus_leninnagar,
bus_m16,0,17,bus_noongola,
bus_m16,0,18,bus_diamond_harbour,
bus_m16,0,19,bus_dalanghata,
bus_m16,0,20,bus_uttar_ramkrishnapur,
bus_m16,0,21,bus_radhanagar_2,
bus_m16,1,1,bus_radhanagar_2,
bus_m16,1,2,bus_uttar_ramkrishnapur,
bus_m16,1,3,bus_dalanghata,
bus_m16,1,4,bus_diamond_harbour,
bus_m16,1,5,bus_noongola,
bus_m16,1,6,bus_leninnagar,
bus_m16,1,7,bus_kapathat,
bus_m16,1,8,bus_mohanpur,
bus_m16,1,9,bus_kalagachia,
bus_m16,1,10,bus_sarisha_more,
bus_m16,1,11,bus_pitambara,
bus_m16,1,12,bus_pateswari_mandir,
bus_m16,1,13,bus_dhukrijhara,
bus_m16,1,14,bus_goundia_raghunathpur,
bus_m16,1,15,bus_bhadura,
bus_m16,1,16,bus_sahararhat,
bus_m16,1,17,bus_mallickpur,
bus_m16,1,18,bus_bisalakshmitala,
bus_m16,1,19,bus_chandua_bazar,
bus_m16,1,20,bus_burul_bazar,
bus_m16,1,21,bus_burul,
bus_sd3,0,1,bus_sonarpur,
bus_sd3,0,2,bus_ghasiara,
bus_sd3,0,3,bus_ramchandrapur,
bus_sd3,0,4,bus_arapanch,
bus_sd3,0,5,bus_natagachi,
bus_sd3,0,6,bus_kalikapur,
bus_sd3,0,7,bus_tematha,
bus_sd3,0,8,bus_makrampur,
bus_sd3,0,9,bus_prasadpur,
bus_sd3,0,10,bus_sundia,
bus_sd3,0,11,bus_chandaneshwar,
bus_sd3,0,12,bus_jhautala,
bus_sd3,0,13,bus_sobedatala,
bus_sd3,0,14,bus_patkelpota,
bus_sd3,0,15,bus_sondalia_bablatala,
bus_sd3,0,16,bus_badir_more,
bus_sd3,0,17,bus_situri,
bus_sd3,0,18,bus_kalitala,
bus_sd3,0,19,bus_bodra,
bus_sd3,0,20,bus_nimtala,
bus_sd3,0,21,bus_saihati,
bus_sd3,0,22,bus_jagulgachi,
bus_sd3,0,23,bus_ghatakpukur,
bus_sd3,1,1,bus_ghatakpukur,
bus_sd3,1,2,bus_jagulgachi,
bus_sd3,1,3,bus_saihati,
bus_sd3,1,4,bus_nimtala,
bus_sd3,1,5,bus_bodra,
bus_sd3,1,6,bus_kalitala,
bus_sd3,1,7,bus_situri,
bus_sd3,1,8,bus_badir_more,
bus_sd3,1,9,bus_sondalia_bablatala,
bus_sd3,1,10,bus_patkelpota,
bus_sd3,1,11,bus_sobedatala,
bus_sd3,1,12,bus_jhautala,
bus_sd3,1,13,bus_chandaneshwar,
bus_sd3,1,14,bus_sundia,
bus_sd3,1,15,bus_prasadpur,
bus_sd3,1,16,bus_makrampur,
bus_sd3,1,17,bus_tematha,
bus_sd3,1,18,bus_kalikapur,
bus_sd3,1,19,bus_natagachi,
bus_sd3,1,20,bus_arapanch,
bus_sd3,1,21,bus_ramchandrapur,
bus_sd3,1,22,bus_ghasiara,
bus_sd3,1,23,bus_sonarpur,
bus_sd4,0,1,bus_thakurpukur,
bus_sd4,0,2,bus_shilpara,
bus_sd4,0,3,bus_sakher_bazar,
bus_sd4,0,4,bus_behala_chowrasta,
bus_sd4,0,5,bus_behala_14no,
bus_sd4,0,6,bus_taratala,
bus_sd4,0,7,bus_new_alipore,
bus_sd4,0,8,bus_mahabirtala,
bus_sd4,0,9,bus_tollygunge_phari,
bus_sd4,0,10,bus_rabindra_sarovar,
bus_sd4,0,11,bus_rashbehari,
bus_sd4,0,12,bus_deshapriya_park,
bus_sd4,0,13,bus_southern_avenue,
bus_sd4,0,14,bus_golpark,
bus_sd4,0,15,bus_dhakuria,
bus_sd4,0,16,bus_jadavpur_8b,
bus_sd4,0,17,bus_palbazar,
bus_sd4,0,18,bus_garfa_road,
bus_sd4,0,19,bus_sapuipara,
bus_sd4,1,1,bus_sapuipara,
bus_sd4,1,2,bus_garfa_road,
bus_sd4,1,3,bus_palbazar,
bus_sd4,1,4,bus_jadavpur_8b,
bus_sd4,1,5,bus_dhakuria,
bus_sd4,1,6,bus_golpark,
bus_sd4,1,7,bus_southern_avenue,
bus_sd4,1,8,bus_deshapriya_park,
bus_sd4,1,9,bus_rashbehari,
bus_sd4,1,10,bus_rabindra_sarovar,
bus_sd4,1,11,bus_tollygunge_phari,
bus_sd4,1,12,bus_mahabirtala,
bus_sd4,1,13,bus_new_alipore,
bus_sd4,1,14,bus_taratala,
bus_sd4,1,15,bus_behala_14no,
bus_sd4,1,16,bus_behala_chowrasta,
bus_sd4,1,17,bus_sakher_bazar,
bus_sd4,1,18,bus_shilpara,
bus_sd4,1,19,bus_thakurpukur,
bus_sd5,0,1,bus_sonarpur_station,
bus_sd5,0,2,bus_power_house,
bus_sd5,0,3,bus_iimc_hospital,
bus_sd5,0,4,bus_mission_pally,
bus_sd5,0,5,bus_shimultala,
bus_sd5,0,6,bus_karbala_more,
bus_sd5,0,7,bus_kamalgazi,
bus_sd5,0,8,bus_mahamayatala,
bus_sd5,0,9,bus_garia_metro,
bus_sd5,0,10,bus_naktala,
bus_sd5,0,11,bus_bansdroni,
bus_sd5,0,12,bus_netaji_nagar,
bus_sd5,0,13,bus_ranikuthi,
bus_sd5,0,14,bus_malancha_cinema,
bus_sd5,0,15,bus_tollygunge,
bus_sd5,0,16,bus_mahabirtala,
bus_sd5,0,17,bus_new_alipore,
bus_sd5,0,18,bus_taratala,
bus_sd5,0,19,bus_behala_14no,
bus_sd5,0,20,bus_behala_chowrasta,
bus_sd5,0,21,bus_sakher_bazar,
bus_sd5,0,22,bus_shilpara,
bus_sd5,0,23,bus_thakurpukur,
bus_sd5,0,24,bus_joka_bridge,
bus_sd5,0,25,bus_pailan,
bus_sd5,0,26,bus_bhasha_14no,
bus_sd5,0,27,bus_khariberia,
bus_sd5,1,1,bus_khariberia,
bus_sd5,1,2,bus_bhasha_14no,
bus_sd5,1,3,bus_pailan,
bus_sd5,1,4,bus_joka_bridge,
bus_sd5,1,5,bus_thakurpukur,
bus_sd5,1,6,bus_shilpara,
bus_sd5,1,7,bus_sakher_bazar,
bus_sd5,1,8,bus_behala_chowrasta,
bus_sd5,1,9,bus_behala_14no,
bus_sd5,1,10,bus_taratala,
bus_sd5,1,11,bus_new_alipore,
bus_sd5,1,12,bus_mahabirtala,
bus_sd5,1,13,bus_tollygunge,
bus_sd5,1,14,bus_malancha_cinema,
bus_sd5,1,15,bus_ranikuthi,
bus_sd5,1,16,bus_netaji_nagar,
bus_sd5,1,17,bus_bansdroni,
bus_sd5,1,18,bus_naktala,
bus_sd5,1,19,bus_garia_metro,
bus_sd5,1,20,bus_mahamayatala,
bus_sd5,1,21,bus_kamalgazi,
bus_sd5,1,22,bus_karbala_more,
bus_sd5,1,23,bus_shimultala,
bus_sd5,1,24,bus_mission_pally,
bus_sd5,1,25,bus_iimc_hospital,
bus_sd5,1,26,bus_power_house,
bus_sd5,1,27,bus_sonarpur_station,
bus_sd8,0,1,bus_bibirhat,
bus_sd8,0,2,bus_shamukpota,
bus_sd8,0,3,bus_shamali,
bus_sd8,0,4,bus_rasapunja,
bus_sd8,0,5,bus_hanspukur,
bus_sd8,0,6,bus_joka_bridge,
bus_sd8,0,7,bus_thakurpukur,
bus_sd8,0,8,bus_shilpara,
bus_sd8,0,9,bus_sakher_bazar,
bus_sd8,0,10,bus_behala_chowrasta,
bus_sd8,0,11,bus_behala_14no,
bus_sd8,0,12,bus_majherhat,
bus_sd8,0,13,bus_mominpore,
bus_sd8,0,14,bus_alipore_court,
bus_sd8,0,15,bus_hazra_more,
bus_sd8,0,16,bus_kalighat,
bus_sd8,0,17,bus_rashbehari,
bus_sd8,0,18,bus_deshapriya_park,
bus_sd8,0,19,bus_gariahat,
bus_sd8,0,20,bus_ballygunge_station,
bus_sd8,0,21,bus_kasba_post_office,
bus_sd8,0,22,bus_haltu_bazar,
bus_sd8,0,23,bus_nandi_bagan,
bus_sd8,1,1,bus_nandi_bagan,
bus_sd8,1,2,bus_haltu_bazar,
bus_sd8,1,3,bus_kasba_post_office,
bus_sd8,1,4,bus_ballygunge_station,
bus_sd8,1,5,bus_gariahat,
bus_sd8,1,6,bus_deshapriya_park,
bus_sd8,1,7,bus_rashbehari,
bus_sd8,1,8,bus_kalighat,
bus_sd8,1,9,bus_hazra_more,
bus_sd8,1,10,bus_alipore_court,
bus_sd8,1,11,bus_mominpore,
bus_sd8,1,12,bus_majherhat,
bus_sd8,1,13,bus_behala_14no,
bus_sd8,1,14,bus_behala_chowrasta,
bus_sd8,1,15,bus_sakher_bazar,
bus_sd8,1,16,bus_shilpara,
bus_sd8,1,17,bus_thakurpukur,
bus_sd8,1,18,bus_joka_bridge,
bus_sd8,1,19,bus_hanspukur,
bus_sd8,1,20,bus_rasapunja,
bus_sd8,1,21,bus_shamali,
bus_sd8,1,22,bus_shamukpota,
bus_sd8,1,23,bus_bibirhat,
bus_sd9,0,1,bus_noorpur,
bus_sd9,0,2,bus_raichak_more,
bus_sd9,0,3,bus_sarisha_more,
bus_sd9,0,4,bus_dostipur,
bus_sd9,0,5,bus_fatehpur,
bus_sd9,0,6,bus_shirakole,
bus_sd9,0,7,bus_amtala,
bus_sd9,0,8,bus_bishnupur,
bus_sd9,0,9,bus_khariberia,
bus_sd9,0,10,bus_bhasha_14no,
bus_sd9,0,11,bus_pailan,
bus_sd9,0,12,bus_joka_bridge,
bus_sd9,0,13,bus_thakurpukur,
bus_sd9,0,14,bus_shilpara,
bus_sd9,0,15,bus_sakher_bazar,
bus_sd9,0,16,bus_behala_chowrasta,
bus_sd9,0,17,bus_behala_14no,
bus_sd9,0,18,bus_majherhat,
bus_sd9,0,19,bus_mominpore,
bus_sd9,0,20,bus_bhawani_bhawan,
bus_sd9,0,21,bus_p_t_s_more,
bus_sd9,0,22,bus_fort_william,
bus_sd9,0,23,bus_esplanade,
bus_sd9,1,1,bus_esplanade,
bus_sd9,1,2,bus_fort_william,
bus_sd9,1,3,bus_p_t_s_more,
bus_sd9,1,4,bus_bhawani_bhawan,
bus_sd9,1,5,bus_mominpore,
bus_sd9,1,6,bus_majherhat,
bus_sd9,1,7,bus_behala_14no,
bus_sd9,1,8,bus_behala_chowrasta,
bus_sd9,1,9,bus_sakher_bazar,
bus_sd9,1,10,bus_shilpara,
bus_sd9,1,11,bus_thakurpukur,
bus_sd9,1,12,bus_joka_bridge,
bus_sd9,1,13,bus_pailan,
bus_sd9,1,14,bus_bhasha_14no,
bus_sd9,1,15,bus_khariberia,
bus_sd9,1,16,bus_bishnupur,
bus_sd9,1,17,bus_amtala,
bus_sd9,1,18,bus_shirakole,
bus_sd9,1,19,bus_fatehpur,
bus_sd9,1,20,bus_dostipur,
bus_sd9,1,21,bus_sarisha_more,
bus_sd9,1,22,bus_raichak_more,
bus_sd9,1,23,bus_noorpur,
bus_sd11,0,1,bus_noorpur,
bus_sd11,0,2,bus_raichak_more,
bus_sd11,0,3,bus_sarisha_more,
bus_sd11,0,4,bus_kalagachia,
bus_sd11,0,5,bus_mohanpur,
bus_sd11,0,6,bus_kapathat,
bus_sd11,0,7,bus_leninnagar,
bus_sd11,0,8,bus_noongola,
bus_sd11,0,9,bus_diamond_harbour,
bus_sd11,0,10,bus_dalanghata,
bus_sd11,0,11,bus_hatugunge,
bus_sd11,0,12,bus_uttar_chandipur,
bus_sd11,0,13,bus_kachuberia,
bus_sd11,0,14,bus_kulpi,
bus_sd11,0,15,bus_dakshin_ramkrishnapur,
bus_sd11,0,16,bus_chakdulalpur,
bus_sd11,0,17,bus_karanjali,
bus_sd11,0,18,bus_belpukur,
bus_sd11,0,19,bus_bhagabanpur,
bus_sd11,0,20,bus_ongc_more,
bus_sd11,0,21,bus_natun_rastar_more,
bus_sd11,0,22,bus_kakdwip_station_bamuner_more,
bus_sd11,0,23,bus_kakdwip_bus_stand,
bus_sd11,0,24,bus_kajoler_more,
bus_sd11,0,25,bus_hospital_more,
bus_sd11,0,26,bus_gangadharpur,
bus_sd11,0,27,bus_addhabazar,
bus_sd11,0,28,bus_milan_more,
bus_sd11,0,29,bus_patharpratima,
bus_sd11,1,1,bus_patharpratima,
bus_sd11,1,2,bus_milan_more,
bus_sd11,1,3,bus_addhabazar,
bus_sd11,1,4,bus_gangadharpur,
bus_sd11,1,5,bus_hospital_more,
bus_sd11,1,6,bus_kajoler_more,
bus_sd11,1,7,bus_kakdwip_bus_stand,
bus_sd11,1,8,bus_kakdwip_station_bamuner_more,
bus_sd11,1,9,bus_natun_rastar_more,
bus_sd11,1,10,bus_ongc_more,
bus_sd11,1,11,bus_bhagabanpur,
bus_sd11,1,12,bus_belpukur,
bus_sd11,1,13,bus_karanjali,
bus_sd11,1,14,bus_chakdulalpur,
bus_sd11,1,15,bus_dakshin_ramkrishnapur,
bus_sd11,1,16,bus_kulpi,
bus_sd11,1,17,bus_kachuberia,
bus_sd11,1,18,bus_uttar_chandipur,
bus_sd11,1,19,bus_hatugunge,
bus_sd11,1,20,bus_dalanghata,
bus_sd11,1,21,bus_diamond_harbour,
bus_sd11,1,22,bus_noongola,
bus_sd11,1,23,bus_leninnagar,
bus_sd11,1,24,bus_kapathat,
bus_sd11,1,25,bus_mohanpur,
bus_sd11,1,26,bus_kalagachia,
bus_sd11,1,27,bus_sarisha_more,
bus_sd11,1,28,bus_raichak_more,
bus_sd11,1,29,bus_noorpur,
bus_sd11_1,0,1,bus_noorpur,
bus_sd11_1,0,2,bus_raichak_more,
bus_sd11_1,0,3,bus_sarisha_more,
bus_sd11_1,0,4,bus_kalagachia,
bus_sd11_1,0,5,bus_mohanpur,
bus_sd11_1,0,6,bus_kapathat,
bus_sd11_1,0,7,bus_leninnagar,
bus_sd11_1,0,8,bus_noongola,
bus_sd11_1,0,9,bus_diamond_harbour,
bus_sd11_1,0,10,bus_dalanghata,
bus_sd11_1,0,11,bus_hatugunge,
bus_sd11_1,0,12,bus_uttar_chandipur,
bus_sd11_1,0,13,bus_kachuberia,
bus_sd11_1,0,14,bus_kulpi,
bus_sd11_1,0,15,bus_tantirhat,
bus_sd11_1,0,16,bus_dayarampur_bazar,
bus_sd11_1,0,17,bus_lakshmikantapur_station,
bus_sd11_1,0,18,bus_polerhat,
bus_sd11_1,0,19,bus_gabberia,
bus_sd11_1,0,20,bus_bhagabatipur,
bus_sd11_1,0,21,bus_siddhiberia,
bus_sd11_1,0,22,bus_patharberia_more,
bus_sd11_1,0,23,bus_jamalpur_more,
bus_sd11_1,0,24,bus_jagadishpur_hospital,
bus_sd11_1,0,25,bus_dholahat_more,
bus_sd11_1,0,26,bus_dakshin_birampur,
bus_sd11_1,0,27,bus_bhagabanpur_more,
bus_sd11_1,0,28,bus_chowdhury_chak,
bus_sd11_1,0,29,bus_sarasberia,
bus_sd11_1,0,30,bus_brahmaner_more,
bus_sd11_1,0,31,bus_milan_more,
bus_sd11_1,0,32,bus_rathtala,
bus_sd11_1,0,33,bus_gurudaspur_hospital_more,
bus_sd11_1,0,34,bus_tentulia_bazar,
bus_sd11_1,0,35,bus_jashoda_more,
bus_sd11_1,0,36,bus_indranarayanpur,
bus_sd11_1,0,37,bus_ramganga_bdo_office,
bus_sd11_1,0,38,bus_dhruba_bazar,
bus_sd11_1,0,39,bus_ramganga,
bus_sd11_1,1,1,bus_ramganga,
bus_sd11_1,1,2,bus_dhruba_bazar,
bus_sd11_1,1,3,bus_ramganga_bdo_office,
bus_sd11_1,1,4,bus_indranarayanpur,
bus_sd11_1,1,5,bus_jashoda_more,
bus_sd11_1,1,6,bus_tentulia_bazar,
bus_sd11_1,1,7,bus_gurudaspur_hospital_more,
bus_sd11_1,1,8,bus_rathtala,
bus_sd11_1,1,9,bus_milan_more,
bus_sd11_1,1,10,bus_brahmaner_more,
bus_sd11_1,1,11,bus_sarasberia,
bus_sd11_1,1,12,bus_chowdhury_chak,
bus_sd11_1,1,13,bus_bhagabanpur_more,
bus_sd11_1,1,14,bus_dakshin_birampur,
bus_sd11_1,1,15,bus_dholahat_more,
bus_sd11_1,1,16,bus_jagadishpur_hospital,
bus_sd11_1,1,17,bus_jamalpur_more,
bus_sd11_1,1,18,bus_patharberia_more,
bus_sd11_1,1,19,bus_siddhiberia,
bus_sd11_1,1,20,bus_bhagabatipur,
bus_sd11_1,1,21,bus_gabberia,
bus_sd11_1,1,22,bus_polerhat,
bus_sd11_1,1,23,bus_lakshmikantapur_station,
bus_sd11_1,1,24,bus_dayarampur_bazar,
bus_sd11_1,1,25,bus_tantirhat,
bus_sd11_1,1,26,bus_kulpi,
bus_sd11_1,1,27,bus_kachuberia,
bus_sd11_1,1,28,bus_uttar_chandipur,
bus_sd11_1,1,29,bus_hatugunge,
bus_sd11_1,1,30,bus_dalanghata,
bus_sd11_1,1,31,bus_diamond_harbour,
bus_sd11_1,1,32,bus_noongola,
bus_sd11_1,1,33,bus_leninnagar,
bus_sd11_1,1,34,bus_kapathat,
bus_sd11_1,1,35,bus_mohanpur,
bus_sd11_1,1,36,bus_kalagachia,
bus_sd11_1,1,37,bus_sarisha_more,
bus_sd11_1,1,38,bus_raichak_more,
bus_sd11_1,1,39,bus_noorpur,
bus_sd14,0,1,bus_sahararhat,
bus_sd14,0,2,bus_belsingha,
bus_sd14,0,3,bus_harindanga,
bus_sd14,0,4,bus_dighirpar,
bus_sd14,0,5,bus_dostipur,
bus_sd14,0,6,bus_fatehpur,
bus_sd14,0,7,bus_shirakole,
bus_sd14,0,8,bus_amtala,
bus_sd14,0,9,bus_bishnupur,
bus_sd14,0,10,bus_khariberia,
bus_sd14,0,11,bus_bhasha_14no,
bus_sd14,0,12,bus_pailan,
bus_sd14,0,13,bus_joka_bridge,
bus_sd14,0,14,bus_thakurpukur,
bus_sd14,0,15,bus_shilpara,
bus_sd14,0,16,bus_sakher_bazar,
bus_sd14,0,17,bus_behala_chowrasta,
bus_sd14,0,18,bus_behala_14no,
bus_sd14,0,19,bus_taratala,
bus_sd14,1,1,bus_taratala,
bus_sd14,1,2,bus_behala_14no,
bus_sd14,1,3,bus_behala_chowrasta,
bus_sd14,1,4,bus_sakher_bazar,
bus_sd14,1,5,bus_shilpara,
bus_sd14,1,6,bus_thakurpukur,
bus_sd14,1,7,bus_joka_bridge,
bus_sd14,1,8,bus_pailan,
bus_sd14,1,9,bus_bhasha_14no,
bus_sd14,1,10,bus_khariberia,
bus_sd14,1,11,bus_bishnupur,
bus_sd14,1,12,bus_amtala,
bus_sd14,1,13,bus_shirakole,
bus_sd14,1,14,bus_fatehpur,
bus_sd14,1,15,bus_dostipur,
bus_sd14,1,16,bus_dighirpar,
bus_sd14,1,17,bus_harindanga,
bus_sd14,1,18,bus_belsingha,
bus_sd14,1,19,bus_sahararhat,
bus_sd16,0,1,bus_shirakole,
bus_sd16,0,2,bus_amtala,
bus_sd16,0,3,bus_bishnupur,
bus_sd16,0,4,bus_khariberia,
bus_sd16,0,5,bus_bhasha_14no,
bus_sd16,0,6,bus_pailan,
bus_sd16,0,7,bus_joka_bridge,
bus_sd16,0,8,bus_thakurpukur,
bus_sd16,0,9,bus_shilpara,
bus_sd16,0,10,bus_sakher_bazar,
bus_sd16,0,11,bus_behala_chowrasta,
bus_sd16,0,12,bus_behala_14no,
bus_sd16,0,13,bus_majherhat,
bus_sd16,0,14,bus_mominpore,
bus_sd16,0,15,bus_alipore_court,
bus_sd16,0,16,bus_hazra_more,
bus_sd16,0,17,bus_sishu_mangal,
bus_sd16,0,18,bus_garcha_road,
bus_sd16,0,19,bus_ballygunge_phari,
bus_sd16,0,20,bus_gariahat,
bus_sd16,0,21,bus_golpark,
bus_sd16,0,22,bus_dhakuria,
bus_sd16,0,23,bus_jadavpur_8b,
bus_sd16,0,24,bus_santoshpur,
bus_sd16,0,25,bus_ajaynagar,
bus_sd16,0,26,bus_em_bypass,
bus_sd16,0,27,bus_mukundapur,
bus_sd16,1,1,bus_mukundapur,
bus_sd16,1,2,bus_em_bypass,
bus_sd16,1,3,bus_ajaynagar,
bus_sd16,1,4,bus_santoshpur,
bus_sd16,1,5,bus_jadavpur_8b,
bus_sd16,1,6,bus_dhakuria,
bus_sd16,1,7,bus_golpark,
bus_sd16,1,8,bus_gariahat,
bus_sd16,1,9,bus_ballygunge_phari,
bus_sd16,1,10,bus_garcha_road,
bus_sd16,1,11,bus_sishu_mangal,
bus_sd16,1,12,bus_hazra_more,
bus_sd16,1,13,bus_alipore_court,
bus_sd16,1,14,bus_mominpore,
bus_sd16,1,15,bus_majherhat,
bus_sd16,1,16,bus_behala_14no,
bus_sd16,1,17,bus_behala_chowrasta,
bus_sd16,1,18,bus_sakher_bazar,
bus_sd16,1,19,bus_shilpara,
bus_sd16,1,20,bus_thakurpukur,
bus_sd16,1,21,bus_joka_bridge,
bus_sd16,1,22,bus_pailan,
bus_sd16,1,23,bus_bhasha_14no,
bus_sd16,1,24,bus_khariberia,
bus_sd16,1,25,bus_bishnupur,
bus_sd16,1,26,bus_amtala,
bus_sd16,1,27,bus_shirakole,
bus_sd18,0,1,bus_diamond_harbour,
bus_sd18,0,2,bus_noongola,
bus_sd18,0,3,bus_leninnagar,
bus_sd18,0,4,bus_kapathat,
bus_sd18,0,5,bus_mohanpur,
bus_sd18,0,6,bus_kalagachia,
bus_sd18,0,7,bus_sarisha_more,
bus_sd18,0,8,bus_dostipur,
bus_sd18,0,9,bus_fatehpur,
bus_sd18,0,10,bus_shirakole,
bus_sd18,0,11,bus_amtala,
bus_sd18,0,12,bus_bishnupur,
bus_sd18,0,13,bus_khariberia,
bus_sd18,0,14,bus_bhasha_14no,
bus_sd18,0,15,bus_pailan,
bus_sd18,0,16,bus_joka_bridge,
bus_sd18,0,17,bus_thakurpukur,
bus_sd18,0,18,bus_shilpara,
bus_sd18,0,19,bus_sakher_bazar,
bus_sd18,0,20,bus_behala_chowrasta,
bus_sd18,0,21,bus_behala_14no,
bus_sd18,0,22,bus_majherhat,
bus_sd18,0,23,bus_mominpore,
bus_sd18,0,24,bus_bhawani_bhawan,
bus_sd18,0,25,bus_p_t_s_more,
bus_sd18,0,26,bus_fort_william,
bus_sd18,0,27,bus_esplanade,
bus_sd18,1,1,bus_esplanade,
bus_sd18,1,2,bus_fort_william,
bus_sd18,1,3,bus_p_t_s_more,
bus_sd18,1,4,bus_bhawani_bhawan,
bus_sd18,1,5,bus_mominpore,
bus_sd18,1,6,bus_majherhat,
bus_sd18,1,7,bus_behala_14no,
bus_sd18,1,8,bus_behala_chowrasta,
bus_sd18,1,9,bus_sakher_bazar,
bus_sd18,1,10,bus_shilpara,
bus_sd18,1,11,bus_thakurpukur,
bus_sd18,1,12,bus_joka_bridge,
bus_sd18,1,13,bus_pailan,
bus_sd18,1,14,bus_bhasha_14no,
bus_sd18,1,15,bus_khariberia,
bus_sd18,1,16,bus_bishnupur,
bus_sd18,1,17,bus_amtala,
bus_sd18,1,18,bus_shirakole,
bus_sd18,1,19,bus_fatehpur,
bus_sd18,1,20,bus_dostipur,
bus_sd18,1,21,bus_sarisha_more,
bus_sd18,1,22,bus_kalagachia,
bus_sd18,1,23,bus_mohanpur,
bus_sd18,1,24,bus_kapathat,
bus_sd18,1,25,bus_leninnagar,
bus_sd18,1,26,bus_noongola,
bus_sd18,1,27,bus_diamond_harbour,
bus_sd19,0,1,bus_esplanade,
bus_sd19,0,2,bus_fort_william,
bus_sd19,0,3,bus_p_t_s_more,
bus_sd19,0,4,bus_bhawani_bhawan,
bus_sd19,0,5,bus_mominpore,
bus_sd19,0,6,bus_majherhat,
bus_sd19,0,7,bus_behala_14no,
bus_sd19,0,8,bus_behala_chowrasta,
bus_sd19,0,9,bus_sakher_bazar,
bus_sd19,0,10,bus_shilpara,
bus_sd19,0,11,bus_thakurpukur,
bus_sd19,0,12,bus_joka_bridge,
bus_sd19,0,13,bus_pailan,
bus_sd19,0,14,bus_bhasha_14no,
bus_sd19,0,15,bus_khariberia,
bus_sd19,0,16,bus_bishnupur,
bus_sd19,0,17,bus_amtala,
bus_sd19,0,18,bus_shirakole,
bus_sd19,0,19,bus_fatehpur,
bus_sd19,0,20,bus_dostipur,
bus_sd19,0,21,bus_sarisha_more,
bus_sd19,0,22,bus_kalagachia,
bus_sd19,0,23,bus_mohanpur,
bus_sd19,0,24,bus_kapathat,
bus_sd19,0,25,bus_leninnagar,
bus_sd19,0,26,bus_noongola,
bus_sd19,0,27,bus_diamond_harbour,
bus_sd19,0,28,bus_dalanghata,
bus_sd19,0,29,bus_hatugunge,
bus_sd19,0,30,bus_uttar_chandipur,
bus_sd19,0,31,bus_kachuberia,
bus_sd19,0,32,bus_kulpi,
bus_sd19,0,33,bus_dakshin_ramkrishnapur,
bus_sd19,0,34,bus_chakdulalpur,
bus_sd19,0,35,bus_karanjali,
bus_sd19,0,36,bus_belpukur,
bus_sd19,0,37,bus_bhagabanpur,
bus_sd19,0,38,bus_ongc_more,
bus_sd19,0,39,bus_natun_rastar_more,
bus_sd19,0,40,bus_kakdwip_station_bamuner_more,
bus_sd19,0,41,bus_kakdwip_bus_stand,
bus_sd19,0,42,bus_kajoler_more,
bus_sd19,0,43,bus_hospital_more,
bus_sd19,0,44,bus_gangadharpur,
bus_sd19,0,45,bus_addhabazar,
bus_sd19,0,46,bus_milan_more,
bus_sd19,0,47,bus_patharpratima,
bus_sd19,1,1,bus_patharpratima,
bus_sd19,1,2,bus_milan_more,
bus_sd19,1,3,bus_addhabazar,
bus_sd19,1,4,bus_gangadharpur,
bus_sd19,1,5,bus_hospital_more,
bus_sd19,1,6,bus_kajoler_more,
bus_sd19,1,7,bus_kakdwip_bus_stand,
bus_sd19,1,8,bus_kakdwip_station_bamuner_more,
bus_sd19,1,9,bus_natun_rastar_more,
bus_sd19,1,10,bus_ongc_more,
bus_sd19,1,11,bus_bhagabanpur,
bus_sd19,1,12,bus_belpukur,
bus_sd19,1,13,bus_karanjali,
bus_sd19,1,14,bus_chakdulalpur,
bus_sd19,1,15,bus_dakshin_ramkrishnapur,
bus_sd19,1,16,bus_kulpi,
bus_sd19,1,17,bus_kachuberia,
bus_sd19,1,18,bus_uttar_chandipur,
bus_sd19,1,19,bus_hatugunge,
bus_sd19,1,20,bus_dalanghata,
bus_sd19,1,21,bus_diamond_harbour,
bus_sd19,1,22,bus_noongola,
bus_sd19,1,23,bus_leninnagar,
bus_sd19,1,24,bus_kapathat,
bus_sd19,1,25,bus_mohanpur,
bus_sd19,1,26,bus_kalagachia,
bus_sd19,1,27,bus_sarisha_more,
bus_sd19,1,28,bus_dostipur,
bus_sd19,1,29,bus_fatehpur,
bus_sd19,1,30,bus_shirakole,
bus_sd19,1,31,bus_amtala,
bus_sd19,1,32,bus_bishnupur,
bus_sd19,1,33,bus_khariberia,
bus_sd19,1,34,bus_bhasha_14no,
bus_sd19,1,35,bus_pailan,
bus_sd19,1,36,bus_joka_bridge,
bus_sd19,1,37,bus_thakurpukur,
bus_sd19,1,38,bus_shilpara,
bus_sd19,1,39,bus_sakher_bazar,
bus_sd19,1,40,bus_behala_chowrasta,
bus_sd19,1,41,bus_behala_14no,
bus_sd19,1,42,bus_majherhat,
bus_sd19,1,43,bus_mominpore,
bus_sd19,1,44,bus_bhawani_bhawan,
bus_sd19,1,45,bus_p_t_s_more,
bus_sd19,1,46,bus_fort_william,
bus_sd19,1,47,bus_esplanade,
bus_sd22_1,0,1,bus_nainan,
bus_sd22_1,0,2,bus_kalatalahat,
bus_sd22_1,0,3,bus_sarisha_more,
bus_sd22_1,0,4,bus_dostipur,
bus_sd22_1,0,5,bus_fatehpur,
bus_sd22_1,0,6,bus_shirakole,
bus_sd22_1,0,7,bus_amtala,
bus_sd22_1,0,8,bus_bishnupur,
bus_sd22_1,0,9,bus_khariberia,
bus_sd22_1,0,10,bus_bhasha_14no,
bus_sd22_1,0,11,bus_pailan,
bus_sd22_1,0,12,bus_joka_bridge,
bus_sd22_1,0,13,bus_thakurpukur,
bus_sd22_1,0,14,bus_shilpara,
bus_sd22_1,0,15,bus_sakher_bazar,
bus_sd22_1,0,16,bus_behala_chowrasta,
bus_sd22_1,0,17,bus_behala_14no,
bus_sd22_1,0,18,bus_majherhat,
bus_sd22_1,0,19,bus_mominpore,
bus_sd22_1,0,20,bus_bhawani_bhawan,
bus_sd22_1,0,21,bus_p_t_s_more,
bus_sd22_1,0,22,bus_fort_william,
bus_sd22_1,0,23,bus_esplanade,
bus_sd22_1,1,1,bus_esplanade,
bus_sd22_1,1,2,bus_fort_william,
bus_sd22_1,1,3,bus_p_t_s_more,
bus_sd22_1,1,4,bus_bhawani_bhawan,
bus_sd22_1,1,5,bus_mominpore,
bus_sd22_1,1,6,bus_majherhat,
bus_sd22_1,1,7,bus_behala_14no,
bus_sd22_1,1,8,bus_behala_chowrasta,
bus_sd22_1,1,9,bus_sakher_bazar,
bus_sd22_1,1,10,bus_shilpara,
bus_sd22_1,1,11,bus_thakurpukur,
bus_sd22_1,1,12,bus_joka_bridge,
bus_sd22_1,1,13,bus_pailan,
bus_sd22_1,1,14,bus_bhasha_14no,
bus_sd22_1,1,15,bus_khariberia,
bus_sd22_1,1,16,bus_bishnupur,
bus_sd22_1,1,17,bus_amtala,
bus_sd22_1,1,18,bus_shirakole,
bus_sd22_1,1,19,bus_fatehpur,
bus_sd22_1,1,20,bus_dostipur,
bus_sd22_1,1,21,bus_sarisha_more,
bus_sd22_1,1,22,bus_kalatalahat,
bus_sd22_1,1,23,bus_nainan,
bus_sd24,0,1,bus_alipore_zoo,
bus_sd24,0,2,bus_p_t_s_more,
bus_sd24,0,3,bus_fort_william,
bus_sd24,0,4,bus_esplanade,
bus_sd24,0,5,bus_chandni_market,
bus_sd24,0,6,bus_wellington,
bus_sd24,0,7,bus_moulali_more,
bus_sd24,0,8,bus_sealdah_station,
bus_sd24,0,9,bus_palmer_bazar,
bus_sd24,0,10,bus_tangra_more,
bus_sd24,0,11,bus_topsia_more,
bus_sd24,0,12,bus_science_city,
bus_sd24,0,13,bus_chowbaga,
bus_sd24,0,14,bus_bantala_bazar,
bus_sd24,0,15,bus_leather_complex,
bus_sd24,0,16,bus_kantatala,
bus_sd24,0,17,bus_bhojerhat,
bus_sd24,0,18,bus_paglarhat,
bus_sd24,0,19,bus_boralighat,
bus_sd24,0,20,bus_nalmuri,
bus_sd24,0,21,bus_ghatakpukur,
bus_sd24,0,22,bus_bamunia,
bus_sd24,0,23,bus_chandipur,
bus_sd24,0,24,bus_ghoshpur,
bus_sd24,0,25,bus_ghusighata,
bus_sd24,0,26,bus_bamanpukur,
bus_sd24,0,27,bus_kushangra,
bus_sd24,0,28,bus_minakhan,
bus_sd24,0,29,bus_joygram,
bus_sd24,0,30,bus_malancha,
bus_sd24,0,31,bus_boyermari,
bus_sd24,0,32,bus_agarhati,
bus_sd24,0,33,bus_sarberia,
bus_sd24,0,34,bus_gabbuni,
bus_sd24,0,35,bus_charabidya,
bus_sd24,0,36,bus_atharobanki,
bus_sd24,0,37,bus_dhuri_bazar,
bus_sd24,0,38,bus_amjhara,
bus_sd24,0,39,bus_kanthalberia,
bus_sd24,0,40,bus_kaltala,
bus_sd24,0,41,bus_bhangankhali,
bus_sd24,0,42,bus_narayantala,
bus_sd24,0,43,bus_kultali_2,
bus_sd24,0,44,bus_uttar_sonakhali,
bus_sd24,0,45,bus_sonakhali,
bus_sd24,1,1,bus_sonakhali,
bus_sd24,1,2,bus_uttar_sonakhali,
bus_sd24,1,3,bus_kultali_2,
bus_sd24,1,4,bus_narayantala,
bus_sd24,1,5,bus_bhangankhali,
bus_sd24,1,6,bus_kaltala,
bus_sd24,1,7,bus_kanthalberia,
bus_sd24,1,8,bus_amjhara,
bus_sd24,1,9,bus_dhuri_bazar,
bus_sd24,1,10,bus_atharobanki,
bus_sd24,1,11,bus_charabidya,
bus_sd24,1,12,bus_gabbuni,
bus_sd24,1,13,bus_sarberia,
bus_sd24,1,14,bus_agarhati,
bus_sd24,1,15,bus_boyermari,
bus_sd24,1,16,bus_malancha,
bus_sd24,1,17,bus_joygram,
bus_sd24,1,18,bus_minakhan,
bus_sd24,1,19,bus_kushangra,
bus_sd24,1,20,bus_bamanpukur,
bus_sd24,1,21,bus_ghusighata,
bus_sd24,1,22,bus_ghoshpur,
bus_sd24,1,23,bus_chandipur,
bus_sd24,1,24,bus_bamunia,
bus_sd24,1,25,bus_ghatakpukur,
bus_sd24,1,26,bus_nalmuri,
bus_sd24,1,27,bus_boralighat,
bus_sd24,1,28,bus_paglarhat,
bus_sd24,1,29,bus_bhojerhat,
bus_sd24,1,30,bus_kantatala,
bus_sd24,1,31,bus_leather_complex,
bus_sd24,1,32,bus_bantala_bazar,
bus_sd24,1,33,bus_chowbaga,
bus_sd24,1,34,bus_science_city,
bus_sd24,1,35,bus_topsia_more,
bus_sd24,1,36,bus_tangra_more,
bus_sd24,1,37,bus_palmer_bazar,
bus_sd24,1,38,bus_sealdah_station,
bus_sd24,1,39,bus_moulali_more,
bus_sd24,1,40,bus_wellington,
bus_sd24,1,41,bus_chandni_market,
bus_sd24,1,42,bus_esplanade,
bus_sd24,1,43,bus_fort_william,
bus_sd24,1,44,bus_p_t_s_more,
bus_sd24,1,45,bus_alipore_zoo,
bus_sd26,0,1,bus_burul,
bus_sd26,0,2,bus_burul_bazar,
bus_sd26,0,3,bus_chandua_bazar,
bus_sd26,0,4,bus_bisalakshmitala,
bus_sd26,0,5,bus_dongaria,
bus_sd26,0,6,bus_nodakhali,
bus_sd26,0,7,bus_bakhrahat,
bus_sd26,0,8,bus_bibirhat,
bus_sd26,0,9,bus_shamukpota,
bus_sd26,0,10,bus_shamali,
bus_sd26,0,11,bus_rasapunja,
bus_sd26,0,12,bus_hanspukur,
bus_sd26,0,13,bus_joka_bridge,
bus_sd26,0,14,bus_thakurpukur,
bus_sd26,0,15,bus_shilpara,
bus_sd26,0,16,bus_sakher_bazar,
bus_sd26,0,17,bus_behala_chowrasta,
bus_sd26,0,18,bus_behala_14no,
bus_sd26,0,19,bus_majherhat,
bus_sd26,0,20,bus_mominpore,
bus_sd26,0,21,bus_bhawani_bhawan,
bus_sd26,0,22,bus_p_t_s_more,
bus_sd26,0,23,bus_fort_william,
bus_sd26,0,24,bus_esplanade,
bus_sd26,0,25,bus_babughat,
bus_sd26,1,1,bus_babughat,
bus_sd26,1,2,bus_esplanade,
bus_sd26,1,3,bus_fort_william,
bus_sd26,1,4,bus_p_t_s_more,
bus_sd26,1,5,bus_bhawani_bhawan,
bus_sd26,1,6,bus_mominpore,
bus_sd26,1,7,bus_majherhat,
bus_sd26,1,8,bus_behala_14no,
bus_sd26,1,9,bus_behala_chowrasta,
bus_sd26,1,10,bus_sakher_bazar,
bus_sd26,1,11,bus_shilpara,
bus_sd26,1,12,bus_thakurpukur,
bus_sd26,1,13,bus_joka_bridge,
bus_sd26,1,14,bus_hanspukur,
bus_sd26,1,15,bus_rasapunja,
bus_sd26,1,16,bus_shamali,
bus_sd26,1,17,bus_shamukpota,
bus_sd26,1,18,bus_bibirhat,
bus_sd26,1,19,bus_bakhrahat,
bus_sd26,1,20,bus_nodakhali,
bus_sd26,1,21,bus_dongaria,
bus_sd26,1,22,bus_bisalakshmitala,
bus_sd26,1,23,bus_chandua_bazar,
bus_sd26,1,24,bus_burul_bazar,
bus_sd26,1,25,bus_burul,
bus_sd27,0,1,bus_dostipur,
bus_sd27,0,2,bus_mashat_market,
bus_sd27,0,3,bus_usthi,
bus_sd27,0,4,bus_adharmanik,
bus_sd27,0,5,bus_bagaria,
bus_sd27,0,6,bus_shirakole,
bus_sd27,0,7,bus_amtala,
bus_sd27,0,8,bus_bishnupur,
bus_sd27,0,9,bus_khariberia,
bus_sd27,0,10,bus_bhasha_14no,
bus_sd27,0,11,bus_pailan,
bus_sd27,0,12,bus_joka_bridge,
bus_sd27,0,13,bus_thakurpukur,
bus_sd27,0,14,bus_shilpara,
bus_sd27,0,15,bus_sakher_bazar,
bus_sd27,0,16,bus_behala_chowrasta,
bus_sd27,0,17,bus_behala_14no,
bus_sd27,0,18,bus_taratala,
bus_sd27,0,19,bus_brace_bridge,
bus_sd27,0,20,bus_jhinjhira_bazar,
bus_sd27,0,21,bus_nature_park,
bus_sd27,0,22,bus_santoshpur_station,
bus_sd27,0,23,bus_akra_fatak,
bus_sd27,1,1,bus_akra_fatak,
bus_sd27,1,2,bus_santoshpur_station,
bus_sd27,1,3,bus_nature_park,
bus_sd27,1,4,bus_jhinjhira_bazar,
bus_sd27,1,5,bus_brace_bridge,
bus_sd27,1,6,bus_taratala,
bus_sd27,1,7,bus_behala_14no,
bus_sd27,1,8,bus_behala_chowrasta,
bus_sd27,1,9,bus_sakher_bazar,
bus_sd27,1,10,bus_shilpara,
bus_sd27,1,11,bus_thakurpukur,
bus_sd27,1,12,bus_joka_bridge,
bus_sd27,1,13,bus_pailan,
bus_sd27,1,14,bus_bhasha_14no,
bus_sd27,1,15,bus_khariberia,
bus_sd27,1,16,bus_bishnupur,
bus_sd27,1,17,bus_amtala,
bus_sd27,1,18,bus_shirakole,
bus_sd27,1,19,bus_bagaria,
bus_sd27,1,20,bus_adharmanik,
bus_sd27,1,21,bus_usthi,
bus_sd27,1,22,bus_mashat_market,
bus_sd27,1,23,bus_dostipur,
bus_sd29,0,1,bus_amtala,
bus_sd29,0,2,bus_pirtala,
bus_sd29,0,3,bus_ghatur_more,
bus_sd29,0,4,bus_gobra_more,
bus_sd29,0,5,bus_jalilpur,
bus_sd29,0,6,bus_balakhali,
bus_sd29,0,7,bus_julpia,
bus_sd29,0,8,bus_dhopagachi,
bus_sd29,0,9,bus_kalyanpur_panchayat,
bus_sd29,0,10,bus_padmapukur,
bus_sd29,0,11,bus_baruipur_station,
bus_sd29,1,1,bus_baruipur_station,
bus_sd29,1,2,bus_padmapukur,
bus_sd29,1,3,bus_kalyanpur_panchayat,
bus_sd29,1,4,bus_dhopagachi,
bus_sd29,1,5,bus_julpia,
bus_sd29,1,6,bus_balakhali,
bus_sd29,1,7,bus_jalilpur,
bus_sd29,1,8,bus_gobra_more,
bus_sd29,1,9,bus_ghatur_more,
bus_sd29,1,10,bus_pirtala,
bus_sd29,1,11,bus_amtala,
bus_sd30,0,1,bus_sahararhat,
bus_sd30,0,2,bus_sujapur,
bus_sd30,0,3,bus_mohirampur,
bus_sd30,0,4,bus_mallickpur,
bus_sd30,0,5,bus_bisalakshmitala,
bus_sd30,0,6,bus_dongaria,
bus_sd30,0,7,bus_calcium_more,
bus_sd30,0,8,bus_birla_more,
bus_sd30,0,9,bus_charial_more,
bus_sd30,0,10,bus_budge_budge,
bus_sd30,0,11,bus_nungi_more,
bus_sd30,0,12,bus_bata_more,
bus_sd30,0,13,bus_dakghar,
bus_sd30,0,14,bus_mollargate,
bus_sd30,0,15,bus_rampur_quarter,
bus_sd30,0,16,bus_s_m_nagar,
bus_sd30,0,17,bus_sarkarpool,
bus_sd30,0,18,bus_jhinjhira_bazar,
bus_sd30,0,19,bus_brace_bridge,
bus_sd30,0,20,bus_taratala,
bus_sd30,1,1,bus_taratala,
bus_sd30,1,2,bus_brace_bridge,
bus_sd30,1,3,bus_jhinjhira_bazar,
bus_sd30,1,4,bus_sarkarpool,
bus_sd30,1,5,bus_s_m_nagar,
bus_sd30,1,6,bus_rampur_quarter,
bus_sd30,1,7,bus_mollargate,
bus_sd30,1,8,bus_dakghar,
bus_sd30,1,9,bus_bata_more,
bus_sd30,1,10,bus_nungi_more,
bus_sd30,1,11,bus_budge_budge,
bus_sd30,1,12,bus_charial_more,
bus_sd30,1,13,bus_birla_more,
bus_sd30,1,14,bus_calcium_more,
bus_sd30,1,15,bus_dongaria,
bus_sd30,1,16,bus_bisalakshmitala,
bus_sd30,1,17,bus_mallickpur,
bus_sd30,1,18,bus_mohirampur,
bus_sd30,1,19,bus_sujapur,
bus_sd30,1,20,bus_sahararhat,
bus_sd33,0,1,bus_canning,
bus_sd33,0,2,bus_matla_bridge,
bus_sd33,0,3,bus_dockghat,
bus_sd33,0,4,bus_kanthalberia,
bus_sd33,0,5,bus_kaltala,
bus_sd33,0,6,bus_bhangankhali,
bus_sd33,0,7,bus_narayantala,
bus_sd33,0,8,bus_kultali_2,
bus_sd33,0,9,bus_uttar_sonakhali,
bus_sd33,0,10,bus_sonakhali_bus_stand,
bus_sd33,0,11,bus_basanti_chowmatha,
bus_sd33,0,12,bus_shibganj_bazar,
bus_sd33,0,13,bus_sunderban_chowmatha,
bus_sd33,0,14,bus_jyotishpur,
bus_sd33,0,15,bus_bashiram_bazar,
bus_sd33,0,16,bus_hiranmoypur,
bus_sd33,0,17,bus_nimtala,
bus_sd33,0,18,bus_nafargange,
bus_sd33,0,19,bus_kumirmari_bazar,
bus_sd33,0,20,bus_saheed_nagar,
bus_sd33,0,21,bus_jharkhali,
bus_sd33,1,1,bus_jharkhali,
bus_sd33,1,2,bus_saheed_nagar,
bus_sd33,1,3,bus_kumirmari_bazar,
bus_sd33,1,4,bus_nafargange,
bus_sd33,1,5,bus_nimtala,
bus_sd33,1,6,bus_hiranmoypur,
bus_sd33,1,7,bus_bashiram_bazar,
bus_sd33,1,8,bus_jyotishpur,
bus_sd33,1,9,bus_sunderban_chowmatha,
bus_sd33,1,10,bus_shibganj_bazar,
bus_sd33,1,11,bus_basanti_chowmatha,
bus_sd33,1,12,bus_sonakhali_bus_stand,
bus_sd33,1,13,bus_uttar_sonakhali,
bus_sd33,1,14,bus_kultali_2,
bus_sd33,1,15,bus_narayantala,
bus_sd33,1,16,bus_bhangankhali,
bus_sd33,1,17,bus_kaltala,
bus_sd33,1,18,bus_kanthalberia,
bus_sd33,1,19,bus_dockghat,
bus_sd33,1,20,bus_matla_bridge,
bus_sd33,1,21,bus_canning,
bus_sd39,0,1,bus_joynagar,
bus_sd39,0,2,bus_duttabazar,
bus_sd39,0,3,bus_nimpith,
bus_sd39,0,4,bus_tulsighata,
bus_sd39,0,5,bus_mollarchak,
bus_sd39,0,6,bus_natunhat,
bus_sd39,0,7,bus_priyor_more,
bus_sd39,0,8,bus_kholakhali_hat,
bus_sd39,0,9,bus_jalaberia,
bus_sd39,0,10,bus_naskarpara,
bus_sd39,0,11,bus_kultali,
bus_sd39,0,12,bus_jamtala,
bus_sd39,0,13,bus_mandalerhat,
bus_sd39,0,14,bus_sankizahan,
bus_sd39,0,15,bus_kantamari,
bus_sd39,0,16,bus_dakshin_durgapur,
bus_sd39,0,17,bus_petkulchand_bazar,
bus_sd39,0,18,bus_bhasa_panchrasta_bazar,
bus_sd39,0,19,bus_debipur,
bus_sd39,0,20,bus_bhubaneshwari,
bus_sd39,0,21,bus_bindopur,
bus_sd39,0,22,bus_lakshmi_more,
bus_sd39,0,23,bus_maipith_bazar,
bus_sd39,0,24,bus_baikunthapur,
bus_sd39,0,25,bus_kishorimohonpur,
bus_sd39,1,1,bus_kishorimohonpur,
bus_sd39,1,2,bus_baikunthapur,
bus_sd39,1,3,bus_maipith_bazar,
bus_sd39,1,4,bus_lakshmi_more,
bus_sd39,1,5,bus_bindopur,
bus_sd39,1,6,bus_bhubaneshwari,
bus_sd39,1,7,bus_debipur,
bus_sd39,1,8,bus_bhasa_panchrasta_bazar,
bus_sd39,1,9,bus_petkulchand_bazar,
bus_sd39,1,10,bus_dakshin_durgapur,
bus_sd39,1,11,bus_kantamari,
bus_sd39,1,12,bus_sankizahan,
bus_sd39,1,13,bus_mandalerhat,
bus_sd39,1,14,bus_jamtala,
bus_sd39,1,15,bus_kultali,
bus_sd39,1,16,bus_naskarpara,
bus_sd39,1,17,bus_jalaberia,
bus_sd39,1,18,bus_kholakhali_hat,
bus_sd39,1,19,bus_priyor_more,
bus_sd39,1,20,bus_natunhat,
bus_sd39,1,21,bus_mollarchak,
bus_sd39,1,22,bus_tulsighata,
bus_sd39,1,23,bus_nimpith,
bus_sd39,1,24,bus_duttabazar,
bus_sd39,1,25,bus_joynagar,
bus_sd50,0,1,bus_diamond_harbour,
bus_sd50,0,2,bus_dalanghata,
bus_sd50,0,3,bus_hatugunge,
bus_sd50,0,4,bus_uttar_chandipur,
bus_sd50,0,5,bus_kachuberia,
bus_sd50,0,6,bus_kulpi,
bus_sd50,0,7,bus_dakshin_ramkrishnapur,
bus_sd50,0,8,bus_chakdulalpur,
bus_sd50,0,9,bus_karanjali,
bus_sd50,0,10,bus_belpukur,
bus_sd50,0,11,bus_bhagabanpur,
bus_sd50,0,12,bus_ongc_more,
bus_sd50,0,13,bus_natun_rastar_more,
bus_sd50,0,14,bus_kakdwip_station_bamuner_more,
bus_sd50,0,15,bus_kakdwip_bus_stand,
bus_sd50,0,16,bus_kajoler_more,
bus_sd50,0,17,bus_hospital_more,
bus_sd50,0,18,bus_gangadharpur,
bus_sd50,0,19,bus_addhabazar,
bus_sd50,0,20,bus_milan_more,
bus_sd50,0,21,bus_patharpratima,
bus_sd50,1,1,bus_patharpratima,
bus_sd50,1,2,bus_milan_more,
bus_sd50,1,3,bus_addhabazar,
bus_sd50,1,4,bus_gangadharpur,
bus_sd50,1,5,bus_hospital_more,
bus_sd50,1,6,bus_kajoler_more,
bus_sd50,1,7,bus_kakdwip_bus_stand,
bus_sd50,1,8,bus_kakdwip_station_bamuner_more,
bus_sd50,1,9,bus_natun_rastar_more,
bus_sd50,1,10,bus_ongc_more,
bus_sd50,1,11,bus_bhagabanpur,
bus_sd50,1,12,bus_belpukur,
bus_sd50,1,13,bus_karanjali,
bus_sd50,1,14,bus_chakdulalpur,
bus_sd50,1,15,bus_dakshin_ramkrishnapur,
bus_sd50,1,16,bus_kulpi,
bus_sd50,1,17,bus_kachuberia,
bus_sd50,1,18,bus_uttar_chandipur,
bus_sd50,1,19,bus_hatugunge,
bus_sd50,1,20,bus_dalanghata,
bus_sd50,1,21,bus_diamond_harbour,
bus_sd51,0,1,bus_gurudaspur,
bus_sd51,0,2,bus_milan_more,
bus_sd51,0,3,bus_ferry_ghat,
bus_sd51,0,4,bus_subhash_nagar,
bus_sd51,0,5,bus_tentultala,
bus_sd51,0,6,bus_kautala,
bus_sd51,0,7,bus_kashinagar,
bus_sd51,0,8,bus_krishnachandrapur,
bus_sd51,0,9,bus_lalpur,
bus_sd51,0,10,bus_south_bishnupur,
bus_sd51,0,11,bus_mathurapur_station,
bus_sd51,1,1,bus_mathurapur_station,
bus_sd51,1,2,bus_south_bishnupur,
bus_sd51,1,3,bus_lalpur,
bus_sd51,1,4,bus_krishnachandrapur,
bus_sd51,1,5,bus_kashinagar,
bus_sd51,1,6,bus_kautala,
bus_sd51,1,7,bus_tentultala,
bus_sd51,1,8,bus_subhash_nagar,
bus_sd51,1,9,bus_ferry_ghat,
bus_sd51,1,10,bus_milan_more,
bus_sd51,1,11,bus_gurudaspur,
bus_sd53,0,1,bus_joynagar,
bus_sd53,0,2,bus_duttabazar,
bus_sd53,0,3,bus_nimpith,
bus_sd53,0,4,bus_tulsighata,
bus_sd53,0,5,bus_mollarchak,
bus_sd53,0,6,bus_natunhat,
bus_sd53,0,7,bus_priyor_more,
bus_sd53,0,8,bus_kholakhali_hat,
bus_sd53,0,9,bus_jalaberia,
bus_sd53,0,10,bus_naskarpara,
bus_sd53,0,11,bus_kultali,
bus_sd53,0,12,bus_jamtala,
bus_sd53,0,13,bus_mandalerhat,
bus_sd53,0,14,bus_sankizahan,
bus_sd53,0,15,bus_kantamari,
bus_sd53,0,16,bus_madhabpur_more,
bus_sd53,0,17,bus_manikpir_more,
bus_sd53,0,18,bus_dakshin_durgapur,
bus_sd53,0,19,bus_petkulchand_bazar,
bus_sd53,0,20,bus_bhasa_panchrasta_bazar,
bus_sd53,0,21,bus_debipur,
bus_sd53,0,22,bus_bhubaneshwari,
bus_sd53,0,23,bus_binodpur,
bus_sd53,0,24,bus_maipith_coastal,
bus_sd53,0,25,bus_maipith,
bus_sd53,1,1,bus_maipith,
bus_sd53,1,2,bus_maipith_coastal,
bus_sd53,1,3,bus_binodpur,
bus_sd53,1,4,bus_bhubaneshwari,
bus_sd53,1,5,bus_debipur,
bus_sd53,1,6,bus_bhasa_panchrasta_bazar,
bus_sd53,1,7,bus_petkulchand_bazar,
bus_sd53,1,8,bus_dakshin_durgapur,
bus_sd53,1,9,bus_manikpir_more,
bus_sd53,1,10,bus_madhabpur_more,
bus_sd53,1,11,bus_kantamari,
bus_sd53,1,12,bus_sankizahan,
bus_sd53,1,13,bus_mandalerhat,
bus_sd53,1,14,bus_jamtala,
bus_sd53,1,15,bus_kultali,
bus_sd53,1,16,bus_naskarpara,
bus_sd53,1,17,bus_jalaberia,
bus_sd53,1,18,bus_kholakhali_hat,
bus_sd53,1,19,bus_priyor_more,
bus_sd53,1,20,bus_natunhat,
bus_sd53,1,21,bus_mollarchak,
bus_sd53,1,22,bus_tulsighata,
bus_sd53,1,23,bus_nimpith,
bus_sd53,1,24,bus_duttabazar,
bus_sd53,1,25,bus_joynagar,
bus_sd63,0,1,bus_canning,
bus_sd63,0,2,bus_matla_bridge,
bus_sd63,0,3,bus_dockghat,
bus_sd63,0,4,bus_kanthalberia,
bus_sd63,0,5,bus_kaltala,
bus_sd63,0,6,bus_bhangankhali,
bus_sd63,0,7,bus_narayantala,
bus_sd63,0,8,bus_kultali_2,
bus_sd63,0,9,bus_uttar_sonakhali,
bus_sd63,0,10,bus_sonakhali_bus_stand,
bus_sd63,0,11,bus_basanti_chowmatha,
bus_sd63,0,12,bus_kalidanga,
bus_sd63,0,13,bus_chandkhali,
bus_sd63,0,14,bus_matgaran,
bus_sd63,0,15,bus_dakshin_battala,
bus_sd63,0,16,bus_masjidbati,
bus_sd63,0,17,bus_gadkhali,
bus_sd63,1,1,bus_gadkhali,
bus_sd63,1,2,bus_masjidbati,
bus_sd63,1,3,bus_dakshin_battala,
bus_sd63,1,4,bus_matgaran,
bus_sd63,1,5,bus_chandkhali,
bus_sd63,1,6,bus_kalidanga,
bus_sd63,1,7,bus_basanti_chowmatha,
bus_sd63,1,8,bus_sonakhali_bus_stand,
bus_sd63,1,9,bus_uttar_sonakhali,
bus_sd63,1,10,bus_kultali_2,
bus_sd63,1,11,bus_narayantala,
bus_sd63,1,12,bus_bhangankhali,
bus_sd63,1,13,bus_kaltala,
bus_sd63,1,14,bus_kanthalberia,
bus_sd63,1,15,bus_dockghat,
bus_sd63,1,16,bus_matla_bridge,
bus_sd63,1,17,bus_canning,
bus_sd64,0,1,bus_canning,
bus_sd64,0,2,bus_matla_bridge,
bus_sd64,0,3,bus_dockghat,
bus_sd64,0,4,bus_kanthalberia,
bus_sd64,0,5,bus_kaltala,
bus_sd64,0,6,bus_panikhali,
bus_sd64,0,7,bus_nirdeshkhali,
bus_sd64,0,8,bus_10_no_majhipara,
bus_sd64,0,9,bus_baria,
bus_sd64,0,10,bus_bagulakhali,
bus_sd64,0,11,bus_chunakhali,
bus_sd64,1,1,bus_chunakhali,
bus_sd64,1,2,bus_bagulakhali,
bus_sd64,1,3,bus_baria,
bus_sd64,1,4,bus_10_no_majhipara,
bus_sd64,1,5,bus_nirdeshkhali,
bus_sd64,1,6,bus_panikhali,
bus_sd64,1,7,bus_kaltala,
bus_sd64,1,8,bus_kanthalberia,
bus_sd64,1,9,bus_dockghat,
bus_sd64,1,10,bus_matla_bridge,
bus_sd64,1,11,bus_canning,
bus_sd82,0,1,bus_esplanade,
bus_sd82,0,2,bus_fort_william,
bus_sd82,0,3,bus_p_t_s_more,
bus_sd82,0,4,bus_bhawani_bhawan,
bus_sd82,0,5,bus_mominpore,
bus_sd82,0,6,bus_majherhat,
bus_sd82,0,7,bus_behala_14no,
bus_sd82,0,8,bus_behala_chowrasta,
bus_sd82,0,9,bus_sakher_bazar,
bus_sd82,0,10,bus_shilpara,
bus_sd82,0,11,bus_thakurpukur,
bus_sd82,0,12,bus_joka_bridge,
bus_sd82,0,13,bus_pailan,
bus_sd82,0,14,bus_bhasha_14no,
bus_sd82,0,15,bus_khariberia,
bus_sd82,0,16,bus_bishnupur,
bus_sd82,0,17,bus_amtala,
bus_sd82,0,18,bus_shirakole,
bus_sd82,0,19,bus_fatehpur,
bus_sd82,0,20,bus_dostipur,
bus_sd82,0,21,bus_sarisha_more,
bus_sd82,0,22,bus_kalagachia,
bus_sd82,0,23,bus_mohanpur,
bus_sd82,0,24,bus_kapathat,
bus_sd82,0,25,bus_leninnagar,
bus_sd82,0,26,bus_noongola,
bus_sd82,0,27,bus_diamond_harbour,
bus_sd82,0,28,bus_dalanghata,
bus_sd82,0,29,bus_hatugunge,
bus_sd82,0,30,bus_uttar_chandipur,
bus_sd82,0,31,bus_kachuberia,
bus_sd82,0,32,bus_kulpi,
bus_sd82,0,33,bus_dakshin_ramkrishnapur,
bus_sd82,0,34,bus_chakdulalpur,
bus_sd82,0,35,bus_karanjali,
bus_sd82,0,36,bus_belpukur,
bus_sd82,0,37,bus_bhagabanpur,
bus_sd82,0,38,bus_ongc_more,
bus_sd82,0,39,bus_natun_rastar_more,
bus_sd82,0,40,bus_kakdwip_station_bamuner_more,
bus_sd82,0,41,bus_kakdwip_bus_stand,
bus_sd82,0,42,bus_kakdwip,
bus_sd82,1,1,bus_kakdwip,
bus_sd82,1,2,bus_kakdwip_bus_stand,
bus_sd82,1,3,bus_kakdwip_station_bamuner_more,
bus_sd82,1,4,bus_natun_rastar_more,
bus_sd82,1,5,bus_ongc_more,
bus_sd82,1,6,bus_bhagabanpur,
bus_sd82,1,7,bus_belpukur,
bus_sd82,1,8,bus_karanjali,
bus_sd82,1,9,bus_chakdulalpur,
bus_sd82,1,10,bus_dakshin_ramkrishnapur,
bus_sd82,1,11,bus_kulpi,
bus_sd82,1,12,bus_kachuberia,
bus_sd82,1,13,bus_uttar_chandipur,
bus_sd82,1,14,bus_hatugunge,
bus_sd82,1,15,bus_dalanghata,
bus_sd82,1,16,bus_diamond_harbour,
bus_sd82,1,17,bus_noongola,
bus_sd82,1,18,bus_leninnagar,
bus_sd82,1,19,bus_kapathat,
bus_sd82,1,20,bus_mohanpur,
bus_sd82,1,21,bus_kalagachia,
bus_sd82,1,22,bus_sarisha_more,
bus_sd82,1,23,bus_dostipur,
bus_sd82,1,24,bus_fatehpur,
bus_sd82,1,25,bus_shirakole,
bus_sd82,1,26,bus_amtala,
bus_sd82,1,27,bus_bishnupur,
bus_sd82,1,28,bus_khariberia,
bus_sd82,1,29,bus_bhasha_14no,
bus_sd82,1,30,bus_pailan,
bus_sd82,1,31,bus_joka_bridge,
bus_sd82,1,32,bus_thakurpukur,
bus_sd82,1,33,bus_shilpara,
bus_sd82,1,34,bus_sakher_bazar,
bus_sd82,1,35,bus_behala_chowrasta,
bus_sd82,1,36,bus_behala_14no,
bus_sd82,1,37,bus_majherhat,
bus_sd82,1,38,bus_mominpore,
bus_sd82,1,39,bus_bhawani_bhawan,
bus_sd82,1,40,bus_p_t_s_more,
bus_sd82,1,41,bus_fort_william,
bus_sd82,1,42,bus_esplanade,
bus_sd85,0,1,bus_canning,
bus_sd85,0,2,bus_matla_bridge,
bus_sd85,0,3,bus_dockghat,
bus_sd85,0,4,bus_kanthalberia,
bus_sd85,0,5,bus_amjhara,
bus_sd85,0,6,bus_dhuri_bazar,
bus_sd85,0,7,bus_atharobanki,
bus_sd85,0,8,bus_charabidya,
bus_sd85,0,9,bus_gabbuni,
bus_sd85,0,10,bus_sarberia,
bus_sd85,0,11,bus_dhamakhali,
bus_sd85,1,1,bus_dhamakhali,
bus_sd85,1,2,bus_sarberia,
bus_sd85,1,3,bus_gabbuni,
bus_sd85,1,4,bus_charabidya,
bus_sd85,1,5,bus_atharobanki,
bus_sd85,1,6,bus_dhuri_bazar,
bus_sd85,1,7,bus_amjhara,
bus_sd85,1,8,bus_kanthalberia,
bus_sd85,1,9,bus_dockghat,
bus_sd85,1,10,bus_matla_bridge,
bus_sd85,1,11,bus_canning,
bus_sd94,0,1,bus_kakdwip,
bus_sd94,0,2,bus_ukiler_hat,
bus_sd94,0,3,bus_namkhana_station,
bus_sd94,0,4,bus_narayanpur,
bus_sd94,0,5,bus_sibanagar,
bus_sd94,0,6,bus_10_mile_bazar,
bus_sd94,0,7,bus_frasergunje,
bus_sd94,0,8,bus_amrabati,
bus_sd94,0,9,bus_bakkhali,
bus_sd94,1,1,bus_bakkhali,
bus_sd94,1,2,bus_amrabati,
bus_sd94,1,3,bus_frasergunje,
bus_sd94,1,4,bus_10_mile_bazar,
bus_sd94,1,5,bus_sibanagar,
bus_sd94,1,6,bus_narayanpur,
bus_sd94,1,7,bus_namkhana_station,
bus_sd94,1,8,bus_ukiler_hat,
bus_sd94,1,9,bus_kakdwip,
bus_dn2,0,1,bus_barasat,
bus_dn2,0,2,bus_chapadali_more,
bus_dn2,0,3,bus_madhyamgram,
bus_dn2,0,4,bus_b_t_college,
bus_dn2,0,5,bus_birati_more,
bus_dn2,0,6,bus_nimta_bazar,
bus_dn2,0,7,bus_culture_more,
bus_dn2,0,8,bus_badamtala,
bus_dn2,0,9,bus_belghoria_station,
bus_dn2,0,10,bus_rathtala_more,
bus_dn2,0,11,bus_dunlop_more,
bus_dn2,0,12,bus_dakshineswar,
bus_dn2,1,1,bus_dakshineswar,
bus_dn2,1,2,bus_dunlop_more,
bus_dn2,1,3,bus_rathtala_more,
bus_dn2,1,4,bus_belghoria_station,
bus_dn2,1,5,bus_badamtala,
bus_dn2,1,6,bus_culture_more,
bus_dn2,1,7,bus_nimta_bazar,
bus_dn2,1,8,bus_birati_more,
bus_dn2,1,9,bus_b_t_college,
bus_dn2,1,10,bus_madhyamgram,
bus_dn2,1,11,bus_chapadali_more,
bus_dn2,1,12,bus_barasat,
bus_dn2_1,0,1,bus_shapoorji,
bus_dn2_1,0,2,bus_sukhobrishti_more,
bus_dn2_1,0,3,bus_karigari_bhawan,
bus_dn2_1,0,4,bus_u_e_m_campus,
bus_dn2_1,0,5,bus_unitech_gate_1,
bus_dn2_1,0,6,bus_unitech_gate_2,
bus_dn2_1,0,7,bus_d_l_f_2,
bus_dn2_1,0,8,bus_ecospace,
bus_dn2_1,0,9,bus_aliah_university,
bus_dn2_1,0,10,bus_eco_park,
bus_dn2_1,0,11,bus_nawabpur,
bus_dn2_1,0,12,bus_akankha_more,
bus_dn2_1,0,13,bus_city_center_2,
bus_dn2_1,0,14,bus_chinar_park,
bus_dn2_1,0,15,bus_haldirams,
bus_dn2_1,0,16,bus_kaikhali,
bus_dn2_1,0,17,bus_airport_1no,
bus_dn2_1,0,18,bus_airport_3no,
bus_dn2_1,0,19,bus_durganagar,
bus_dn2_1,0,20,bus_mathkal,
bus_dn2_1,0,21,bus_dunlop_bridge,
bus_dn2_1,0,22,bus_dakshineswar,
bus_dn2_1,1,1,bus_dakshineswar,
bus_dn2_1,1,2,bus_dunlop_bridge,
bus_dn2_1,1,3,bus_mathkal,
bus_dn2_1,1,4,bus_durganagar,
bus_dn2_1,1,5,bus_airport_3no,
bus_dn2_1,1,6,bus_airport_1no,
bus_dn2_1,1,7,bus_kaikhali,
bus_dn2_1,1,8,bus_haldirams,
bus_dn2_1,1,9,bus_chinar_park,
bus_dn2_1,1,10,bus_city_center_2,
bus_dn2_1,1,11,bus_akankha_more,
bus_dn2_1,1,12,bus_nawabpur,
bus_dn2_1,1,13,bus_eco_park,
bus_dn2_1,1,14,bus_aliah_university,
bus_dn2_1,1,15,bus_ecospace,
bus_dn2_1,1,16,bus_d_l_f_2,
bus_dn2_1,1,17,bus_unitech_gate_2,
bus_dn2_1,1,18,bus_unitech_gate_1,
bus_dn2_1,1,19,bus_u_e_m_campus,
bus_dn2_1,1,20,bus_karigari_bhawan,
bus_dn2_1,1,21,bus_sukhobrishti_more,
bus_dn2_1,1,22,bus_shapoorji,
bus_dn5,0,1,bus_barasat,
bus_dn5,0,2,bus_chapadali_more,
bus_dn5,0,3,bus_colony_more,
bus_dn5,0,4,bus_barbaria,
bus_dn5,0,5,bus_jagannathpur,
bus_dn5,0,6,bus_kokapur,
bus_dn5,0,7,bus_rangapur,
bus_dn5,0,8,bus_neelgunge,
bus_dn5,0,9,bus_mathrangi,
bus_dn5,0,10,bus_chapuria,
bus_dn5,0,11,bus_debpukur,
bus_dn5,0,12,bus_mohanpur,
bus_dn5,0,13,bus_wireless_more,
bus_dn5,0,14,bus_kundubari,
bus_dn5,0,15,bus_babanpur,
bus_dn5,0,16,bus_kayrapur,
bus_dn5,0,17,bus_muthurapur,
bus_dn5,0,18,bus_kowgachi,
bus_dn5,0,19,bus_hansia,
bus_dn5,0,20,bus_basudebpur,
bus_dn5,0,21,bus_gurdah,
bus_dn5,0,22,bus_keutia,
bus_dn5,0,23,bus_panpur_more,
bus_dn5,0,24,bus_banstala,
bus_dn5,0,25,bus_dogachia_2,
bus_dn5,0,26,bus_saheb_colony_2,
bus_dn5,0,27,bus_naihati,
bus_dn5,1,1,bus_naihati,
bus_dn5,1,2,bus_saheb_colony_2,
bus_dn5,1,3,bus_dogachia_2,
bus_dn5,1,4,bus_banstala,
bus_dn5,1,5,bus_panpur_more,
bus_dn5,1,6,bus_keutia,
bus_dn5,1,7,bus_gurdah,
bus_dn5,1,8,bus_basudebpur,
bus_dn5,1,9,bus_hansia,
bus_dn5,1,10,bus_kowgachi,
bus_dn5,1,11,bus_muthurapur,
bus_dn5,1,12,bus_kayrapur,
bus_dn5,1,13,bus_babanpur,
bus_dn5,1,14,bus_kundubari,
bus_dn5,1,15,bus_wireless_more,
bus_dn5,1,16,bus_mohanpur,
bus_dn5,1,17,bus_debpukur,
bus_dn5,1,18,bus_chapuria,
bus_dn5,1,19,bus_mathrangi,
bus_dn5,1,20,bus_neelgunge,
bus_dn5,1,21,bus_rangapur,
bus_dn5,1,22,bus_kokapur,
bus_dn5,1,23,bus_jagannathpur,
bus_dn5,1,24,bus_barbaria,
bus_dn5,1,25,bus_colony_more,
bus_dn5,1,26,bus_chapadali_more,
bus_dn5,1,27,bus_barasat,
bus_dn8,0,1,bus_barasat,
bus_dn8,0,2,bus_colony_more,
bus_dn8,0,3,bus_madhyamgram,
bus_dn8,0,4,bus_b_t_college,
bus_dn8,0,5,bus_birati_more,
bus_dn8,0,6,bus_airport_3no,
bus_dn8,0,7,bus_airport_1no,
bus_dn8,0,8,bus_central_jail,
bus_dn8,0,9,bus_nagerbazar,
bus_dn8,0,10,bus_diamond_plaza,
bus_dn8,0,11,bus_bangur_avenue,
bus_dn8,0,12,bus_laketown,
bus_dn8,0,13,bus_sreebhumi,
bus_dn8,0,14,bus_ultadanga,
bus_dn8,0,15,bus_saltlake_p_n_b,
bus_dn8,0,16,bus_saltlake_4no_tank,
bus_dn8,0,17,bus_baisakhi_more,
bus_dn8,0,18,bus_purta_bhawan,
bus_dn8,0,19,bus_karunamoyee,
bus_dn8,0,20,bus_wipro_more,
bus_dn8,0,21,bus_s_d_f_more,
bus_dn8,0,22,bus_college_more,
bus_dn8,0,23,bus_sector_v_saltlake,
bus_dn8,1,1,bus_sector_v_saltlake,
bus_dn8,1,2,bus_college_more,
bus_dn8,1,3,bus_s_d_f_more,
bus_dn8,1,4,bus_wipro_more,
bus_dn8,1,5,bus_karunamoyee,
bus_dn8,1,6,bus_purta_bhawan,
bus_dn8,1,7,bus_baisakhi_more,
bus_dn8,1,8,bus_saltlake_4no_tank,
bus_dn8,1,9,bus_saltlake_p_n_b,
bus_dn8,1,10,bus_ultadanga,
bus_dn8,1,11,bus_sreebhumi,
bus_dn8,1,12,bus_laketown,
bus_dn8,1,13,bus_bangur_avenue,
bus_dn8,1,14,bus_diamond_plaza,
bus_dn8,1,15,bus_nagerbazar,
bus_dn8,1,16,bus_central_jail,
bus_dn8,1,17,bus_airport_1no,
bus_dn8,1,18,bus_airport_3no,
bus_dn8,1,19,bus_birati_more,
bus_dn8,1,20,bus_b_t_college,
bus_dn8,1,21,bus_madhyamgram,
bus_dn8,1,22,bus_colony_more,
bus_dn8,1,23,bus_barasat,
bus_dn9_1,0,1,bus_barasat,
bus_dn9_1,0,2,bus_chapadali_more,
bus_dn9_1,0,3,bus_madhyamgram,
bus_dn9_1,0,4,bus_b_t_college,
bus_dn9_1,0,5,bus_birati_more,
bus_dn9_1,0,6,bus_airport_3no,
bus_dn9_1,0,7,bus_durganagar,
bus_dn9_1,0,8,bus_mathkal,
bus_dn9_1,0,9,bus_dunlop_bridge,
bus_dn9_1,0,10,bus_dakshineswar,
bus_dn9_1,0,11,bus_ballyhalt,
bus_dn9_1,0,12,bus_rajchandrapur,
bus_dn9_1,1,1,bus_rajchandrapur,
bus_dn9_1,1,2,bus_ballyhalt,
bus_dn9_1,1,3,bus_dakshineswar,
bus_dn9_1,1,4,bus_dunlop_bridge,
bus_dn9_1,1,5,bus_mathkal,
bus_dn9_1,1,6,bus_durganagar,
bus_dn9_1,1,7,bus_airport_3no,
bus_dn9_1,1,8,bus_birati_more,
bus_dn9_1,1,9,bus_b_t_college,
bus_dn9_1,1,10,bus_madhyamgram,
bus_dn9_1,1,11,bus_chapadali_more,
bus_dn9_1,1,12,bus_barasat,
bus_dn12,0,1,bus_bongaon_motigunge_bus_stand,
bus_dn12,0,2,bus_bongaon_78e_bus_stand,
bus_dn12,0,3,bus_bongaon_1_no_railgate_bazar,
bus_dn12,0,4,bus_golaknagar,
bus_dn12,0,5,bus_kalupur,
bus_dn12,0,6,bus_dogachia,
bus_dn12,0,7,bus_mondolpara,
bus_dn12,0,8,bus_debipur,
bus_dn12,0,9,bus_chandpara_bazar,
bus_dn12,0,10,bus_bokchora,
bus_dn12,0,11,bus_gaighata_p_s,
bus_dn12,0,12,bus_amkola,
bus_dn12,0,13,bus_matikumra,
bus_dn12,0,14,bus_shripur_mallikpur,
bus_dn12,0,15,bus_hatkhola_bazar,
bus_dn12,0,16,bus_gobardanga_goipur,
bus_dn12,0,17,bus_kumorpally,
bus_dn12,0,18,bus_gobardanga_bazar,
bus_dn12,0,19,bus_nakpul,
bus_dn12,0,20,bus_machhlandapur_station,
bus_dn12,0,21,bus_biswashati_bazar,
bus_dn12,0,22,bus_shimulpur_senbari,
bus_dn12,0,23,bus_magra_bazar,
bus_dn12,0,24,bus_bagjola_bazar,
bus_dn12,0,25,bus_haidarpur,
bus_dn12,0,26,bus_rudrapur,
bus_dn12,0,27,bus_baduria_bazar,
bus_dn12,0,28,bus_taragunia,
bus_dn12,0,29,bus_gadarati,
bus_dn12,0,30,bus_kholapota,
bus_dn12,0,31,bus_maitrobagan,
bus_dn12,0,32,bus_basirhat_72_bus_stand,
bus_dn12,0,33,bus_basirhat,
bus_dn12,1,1,bus_basirhat,
bus_dn12,1,2,bus_basirhat_72_bus_stand,
bus_dn12,1,3,bus_maitrobagan,
bus_dn12,1,4,bus_kholapota,
bus_dn12,1,5,bus_gadarati,
bus_dn12,1,6,bus_taragunia,
bus_dn12,1,7,bus_baduria_bazar,
bus_dn12,1,8,bus_rudrapur,
bus_dn12,1,9,bus_haidarpur,
bus_dn12,1,10,bus_bagjola_bazar,
bus_dn12,1,11,bus_magra_bazar,
bus_dn12,1,12,bus_shimulpur_senbari,
bus_dn12,1,13,bus_biswashati_bazar,
bus_dn12,1,14,bus_machhlandapur_station,
bus_dn12,1,15,bus_nakpul,
bus_dn12,1,16,bus_gobardanga_bazar,
bus_dn12,1,17,bus_kumorpally,
bus_dn12,1,18,bus_gobardanga_goipur,
bus_dn12,1,19,bus_hatkhola_bazar,
bus_dn12,1,20,bus_shripur_mallikpur,
bus_dn12,1,21,bus_matikumra,
bus_dn12,1,22,bus_amkola,
bus_dn12,1,23,bus_gaighata_p_s,
bus_dn12,1,24,bus_bokchora,
bus_dn12,1,25,bus_chandpara_bazar,
bus_dn12,1,26,bus_debipur,
bus_dn12,1,27,bus_mondolpara,
bus_dn12,1,28,bus_dogachia,
bus_dn12,1,29,bus_kalupur,
bus_dn12,1,30,bus_golaknagar,
bus_dn12,1,31,bus_bongaon_1_no_railgate_bazar,
bus_dn12,1,32,bus_bongaon_78e_bus_stand,
bus_dn12,1,33,bus_bongaon_motigunge_bus_stand,
bus_dn12_1,0,1,bus_hazra_2,
bus_dn12_1,0,2,bus_joygachhi,
bus_dn12_1,0,3,bus_payragachi,
bus_dn12_1,0,4,bus_nakpul_bazar,
bus_dn12_1,0,5,bus_machhlandapur,
bus_dn12_1,0,6,bus_bagjola,
bus_dn12_1,0,7,bus_jangalpur,
bus_dn12_1,0,8,bus_narayanpur,
bus_dn12_1,0,9,bus_rudrapur,
bus_dn12_1,0,10,bus_baduria,
bus_dn12_1,0,11,bus_kholapota,
bus_dn12_1,0,12,bus_harishpur,
bus_dn12_1,0,13,bus_trimohani,
bus_dn12_1,0,14,bus_basirhat_chowmatha,
bus_dn12_1,0,15,bus_bhyabla_halt,
bus_dn12_1,0,16,bus_pifa,
bus_dn12_1,0,17,bus_murarishah_chowmatha,
bus_dn12_1,0,18,bus_bhebia_chowmatha,
bus_dn12_1,0,19,bus_dakshin_akhratala,
bus_dn12_1,0,20,bus_mitekhali,
bus_dn12_1,0,21,bus_nazat,
bus_dn12_1,1,1,bus_nazat,
bus_dn12_1,1,2,bus_mitekhali,
bus_dn12_1,1,3,bus_dakshin_akhratala,
bus_dn12_1,1,4,bus_bhebia_chowmatha,
bus_dn12_1,1,5,bus_murarishah_chowmatha,
bus_dn12_1,1,6,bus_pifa,
bus_dn12_1,1,7,bus_bhyabla_halt,
bus_dn12_1,1,8,bus_basirhat_chowmatha,
bus_dn12_1,1,9,bus_trimohani,
bus_dn12_1,1,10,bus_harishpur,
bus_dn12_1,1,11,bus_kholapota,
bus_dn12_1,1,12,bus_baduria,
bus_dn12_1,1,13,bus_rudrapur,
bus_dn12_1,1,14,bus_narayanpur,
bus_dn12_1,1,15,bus_jangalpur,
bus_dn12_1,1,16,bus_bagjola,
bus_dn12_1,1,17,bus_machhlandapur,
bus_dn12_1,1,18,bus_nakpul_bazar,
bus_dn12_1,1,19,bus_payragachi,
bus_dn12_1,1,20,bus_joygachhi,
bus_dn12_1,1,21,bus_hazra_2,
bus_dn13,0,1,bus_boshirhat_boardghat,
bus_dn13,0,2,bus_sadarpur,
bus_dn13,0,3,bus_madartala,
bus_dn13,0,4,bus_kendua_bazar,
bus_dn13,0,5,bus_malatipur,
bus_dn13,0,6,bus_korapara,
bus_dn13,0,7,bus_ghoraras_beltala,
bus_dn13,0,8,bus_gopalpur_more,
bus_dn13,0,9,bus_kholapota,
bus_dn13,0,10,bus_harishpur,
bus_dn13,0,11,bus_basirhat_trimohini,
bus_dn13,0,12,bus_basirhat_puratan_bazar,
bus_dn13,0,13,bus_basirhat_court,
bus_dn13,0,14,bus_sangrampur,
bus_dn13,0,15,bus_biramnagar,
bus_dn13,0,16,bus_gandharbapur,
bus_dn13,0,17,bus_katiahat_bazar,
bus_dn13,0,18,bus_aturia,
bus_dn13,0,19,bus_goaldaha,
bus_dn13,0,20,bus_gokulpur,
bus_dn13,0,21,bus_tentulia,
bus_dn13,0,22,bus_hathatgange,
bus_dn13,0,23,bus_swarupnagar_bdo_office,
bus_dn13,0,24,bus_malangapara,
bus_dn13,0,25,bus_jorabattala,
bus_dn13,0,26,bus_sarapul,
bus_dn13,0,27,bus_dakbungalow_bazar,
bus_dn13,0,28,bus_nirman,
bus_dn13,0,29,bus_duttapara,
bus_dn13,0,30,bus_bithari,
bus_dn13,0,31,bus_hakimpur,
bus_dn13,1,1,bus_hakimpur,
bus_dn13,1,2,bus_bithari,
bus_dn13,1,3,bus_duttapara,
bus_dn13,1,4,bus_nirman,
bus_dn13,1,5,bus_dakbungalow_bazar,
bus_dn13,1,6,bus_sarapul,
bus_dn13,1,7,bus_jorabattala,
bus_dn13,1,8,bus_malangapara,
bus_dn13,1,9,bus_swarupnagar_bdo_office,
bus_dn13,1,10,bus_hathatgange,
bus_dn13,1,11,bus_tentulia,
bus_dn13,1,12,bus_gokulpur,
bus_dn13,1,13,bus_goaldaha,
bus_dn13,1,14,bus_aturia,
bus_dn13,1,15,bus_katiahat_bazar,
bus_dn13,1,16,bus_gandharbapur,
bus_dn13,1,17,bus_biramnagar,
bus_dn13,1,18,bus_sangrampur,
bus_dn13,1,19,bus_basirhat_court,
bus_dn13,1,20,bus_basirhat_puratan_bazar,
bus_dn13,1,21,bus_basirhat_trimohini,
bus_dn13,1,22,bus_harishpur,
bus_dn13,1,23,bus_kholapota,
bus_dn13,1,24,bus_gopalpur_more,
bus_dn13,1,25,bus_ghoraras_beltala,
bus_dn13,1,26,bus_korapara,
bus_dn13,1,27,bus_malatipur,
bus_dn13,1,28,bus_kendua_bazar,
bus_dn13,1,29,bus_madartala,
bus_dn13,1,30,bus_sadarpur,
bus_dn13,1,31,bus_boshirhat_boardghat,
bus_dn13a,0,1,bus_haroa_upto_kholapota,
bus_dn13a,0,2,bus_sadarpur,
bus_dn13a,0,3,bus_madartala,
bus_dn13a,0,4,bus_kendua_bazar,
bus_dn13a,0,5,bus_malatipur,
bus_dn13a,0,6,bus_korapara,
bus_dn13a,0,7,bus_ghoraras_beltala,
bus_dn13a,0,8,bus_gopalpur_more,
bus_dn13a,0,9,bus_kholapota,
bus_dn13a,0,10,bus_harishpur,
bus_dn13a,0,11,bus_basirhat_trimohini,
bus_dn13a,0,12,bus_basirhat_puratan_bazar,
bus_dn13a,0,13,bus_basirhat_court,
bus_dn13a,0,14,bus_sangrampur,
bus_dn13a,0,15,bus_biramnagar,
bus_dn13a,0,16,bus_gandharbapur,
bus_dn13a,0,17,bus_katiahat_bazar,
bus_dn13a,0,18,bus_aturia,
bus_dn13a,0,19,bus_goaldaha,
bus_dn13a,0,20,bus_gokulpur,
bus_dn13a,0,21,bus_tentulia,
bus_dn13a,0,22,bus_hathatgange,
bus_dn13a,0,23,bus_swarupnagar_bdo_office,
bus_dn13a,0,24,bus_malangapara,
bus_dn13a,0,25,bus_jorabattala,
bus_dn13a,0,26,bus_sarapul,
bus_dn13a,0,27,bus_dakbungalow_bazar,
bus_dn13a,0,28,bus_nirman,
bus_dn13a,0,29,bus_duttapara,
bus_dn13a,0,30,bus_bithari,
bus_dn13a,0,31,bus_hakimpur,
bus_dn13a,1,1,bus_hakimpur,
bus_dn13a,1,2,bus_bithari,
bus_dn13a,1,3,bus_duttapara,
bus_dn13a,1,4,bus_nirman,
bus_dn13a,1,5,bus_dakbungalow_bazar,
bus_dn13a,1,6,bus_sarapul,
bus_dn13a,1,7,bus_jorabattala,
bus_dn13a,1,8,bus_malangapara,
bus_dn13a,1,9,bus_swarupnagar_bdo_office,
bus_dn13a,1,10,bus_hathatgange,
bus_dn13a,1,11,bus_tentulia,
bus_dn13a,1,12,bus_gokulpur,
bus_dn13a,1,13,bus_goaldaha,
bus_dn13a,1,14,bus_aturia,
bus_dn13a,1,15,bus_katiahat_bazar,
bus_dn13a,1,16,bus_gandharbapur,
bus_dn13a,1,17,bus_biramnagar,
bus_dn13a,1,18,bus_sangrampur,
bus_dn13a,1,19,bus_basirhat_court,
bus_dn13a,1,20,bus_basirhat_puratan_bazar,
bus_dn13a,1,21,bus_basirhat_trimohini,
bus_dn13a,1,22,bus_harishpur,
bus_dn13a,1,23,bus_kholapota,
bus_dn13a,1,24,bus_gopalpur_more,
bus_dn13a,1,25,bus_ghoraras_beltala,
bus_dn13a,1,26,bus_korapara,
bus_dn13a,1,27,bus_malatipur,
bus_dn13a,1,28,bus_kendua_bazar,
bus_dn13a,1,29,bus_madartala,
bus_dn13a,1,30,bus_sadarpur,
bus_dn13a,1,31,bus_haroa_upto_kholapota,
bus_dn16_1,0,1,bus_barasat,
bus_dn16_1,0,2,bus_barasat_dakbunglow_more,
bus_dn16_1,0,3,bus_madhyamgram_chowmatha,
bus_dn16_1,0,4,bus_doltala,
bus_dn16_1,0,5,bus_b_t_college,
bus_dn16_1,0,6,bus_gouripur,
bus_dn16_1,0,7,bus_birati_more,
bus_dn16_1,0,8,bus_airport_covers_all_4_gates,
bus_dn16_1,0,9,bus_haldiram,
bus_dn16_1,0,10,bus_tegharia,
bus_dn16_1,0,11,bus_baguihati,
bus_dn16_1,0,12,bus_kestopur,
bus_dn16_1,0,13,bus_laketown,
bus_dn16_1,0,14,bus_ultodanga,
bus_dn16_1,0,15,bus_bengal_chemical,
bus_dn16_1,0,16,bus_mani_square,
bus_dn16_1,0,17,bus_kadapara,
bus_dn16_1,0,18,bus_chingrihata,
bus_dn16_1,0,19,bus_mathpukur,
bus_dn16_1,0,20,bus_science_city,
bus_dn16_1,0,21,bus_chowbaga,
bus_dn16_1,0,22,bus_bantala,
bus_dn16_1,0,23,bus_bamanghata,
bus_dn16_1,0,24,bus_kantatala,
bus_dn16_1,0,25,bus_calcutta_leather_complex_covers_all_3_gates,
bus_dn16_1,0,26,bus_bhojerhat,
bus_dn16_1,0,27,bus_paglahat,
bus_dn16_1,0,28,bus_boralighat,
bus_dn16_1,0,29,bus_nalmuri,
bus_dn16_1,0,30,bus_ghatakpukur,
bus_dn16_1,0,31,bus_bamunia,
bus_dn16_1,0,32,bus_chandipur,
bus_dn16_1,0,33,bus_ghoshpur,
bus_dn16_1,0,34,bus_ghusighata,
bus_dn16_1,0,35,bus_bamanpukur,
bus_dn16_1,0,36,bus_kushangra,
bus_dn16_1,0,37,bus_minakhan,
bus_dn16_1,0,38,bus_joygram,
bus_dn16_1,0,39,bus_malancha,
bus_dn16_1,0,40,bus_mathbari,
bus_dn16_1,0,41,bus_rajbari,
bus_dn16_1,0,42,bus_shirishtala,
bus_dn16_1,0,43,bus_boyermari,
bus_dn16_1,0,44,bus_kanmari_more,
bus_dn16_1,0,45,bus_agarhati,
bus_dn16_1,0,46,bus_sarberia,
bus_dn16_1,0,47,bus_fakirtala,
bus_dn16_1,0,48,bus_rampur,
bus_dn16_1,0,49,bus_dhamakhali,
bus_dn16_1,1,1,bus_dhamakhali,
bus_dn16_1,1,2,bus_rampur,
bus_dn16_1,1,3,bus_fakirtala,
bus_dn16_1,1,4,bus_sarberia,
bus_dn16_1,1,5,bus_agarhati,
bus_dn16_1,1,6,bus_kanmari_more,
bus_dn16_1,1,7,bus_boyermari,
bus_dn16_1,1,8,bus_shirishtala,
bus_dn16_1,1,9,bus_rajbari,
bus_dn16_1,1,10,bus_mathbari,
bus_dn16_1,1,11,bus_malancha,
bus_dn16_1,1,12,bus_joygram,
bus_dn16_1,1,13,bus_minakhan,
bus_dn16_1,1,14,bus_kushangra,
bus_dn16_1,1,15,bus_bamanpukur,
bus_dn16_1,1,16,bus_ghusighata,
bus_dn16_1,1,17,bus_ghoshpur,
bus_dn16_1,1,18,bus_chandipur,
bus_dn16_1,1,19,bus_bamunia,
bus_dn16_1,1,20,bus_ghatakpukur,
bus_dn16_1,1,21,bus_nalmuri,
bus_dn16_1,1,22,bus_boralighat,
bus_dn16_1,1,23,bus_paglahat,
bus_dn16_1,1,24,bus_bhojerhat,
bus_dn16_1,1,25,bus_calcutta_leather_complex_covers_all_3_gates,
bus_dn16_1,1,26,bus_kantatala,
bus_dn16_1,1,27,bus_bamanghata,
bus_dn16_1,1,28,bus_bantala,
bus_dn16_1,1,29,bus_chowbaga,
bus_dn16_1,1,30,bus_science_city,
bus_dn16_1,1,31,bus_mathpukur,
bus_dn16_1,1,32,bus_chingrihata,
bus_dn16_1,1,33,bus_kadapara,
bus_dn16_1,1,34,bus_mani_square,
bus_dn16_1,1,35,bus_bengal_chemical,
bus_dn16_1,1,36,bus_ultodanga,
bus_dn16_1,1,37,bus_laketown,
bus_dn16_1,1,38,bus_kestopur,
bus_dn16_1,1,39,bus_baguihati,
bus_dn16_1,1,40,bus_tegharia,
bus_dn16_1,1,41,bus_haldiram,
bus_dn16_1,1,42,bus_airport_covers_all_4_gates,
bus_dn16_1,1,43,bus_birati_more,
bus_dn16_1,1,44,bus_gouripur,
bus_dn16_1,1,45,bus_b_t_college,
bus_dn16_1,1,46,bus_doltala,
bus_dn16_1,1,47,bus_madhyamgram_chowmatha,
bus_dn16_1,1,48,bus_barasat_dakbunglow_more,
bus_dn16_1,1,49,bus_barasat,
bus_dn17,0,1,bus_barasat_titumir_bus_stand,
bus_dn17,0,2,bus_dakbunglow_more,
bus_dn17,0,3,bus_madhyamgram_chowmatha,
bus_dn17,0,4,bus_doltala,
bus_dn17,0,5,bus_b_t_college,
bus_dn17,0,6,bus_sukanta_nagar_4,
bus_dn17,0,7,bus_michael_nagar,
bus_dn17,0,8,bus_bankra_2,
bus_dn17,0,9,bus_gouripur,
bus_dn17,0,10,bus_birati_more,
bus_dn17,0,11,bus_sarat_colony,
bus_dn17,0,12,bus_airport_covers_all_the_gates,
bus_dn17,0,13,bus_kaikhali,
bus_dn17,0,14,bus_haldiram,
bus_dn17,0,15,bus_teghoria,
bus_dn17,0,16,bus_baguihati,
bus_dn17,0,17,bus_kestopur,
bus_dn17,0,18,bus_laketown,
bus_dn17,0,19,bus_sreebhumi,
bus_dn17,0,20,bus_ultodanga,
bus_dn17,0,21,bus_kankurgachi,
bus_dn17,0,22,bus_phoolbagan,
bus_dn17,0,23,bus_beleghata_cit_more,
bus_dn17,0,24,bus_sarkar_bazar,
bus_dn17,0,25,bus_sales_tax,
bus_dn17,0,26,bus_munshibazar,
bus_dn17,0,27,bus_sealdah_court,
bus_dn17,0,28,bus_nrs_hospital,
bus_dn17,0,29,bus_moulali,
bus_dn17,0,30,bus_esplanade,
bus_dn17,0,31,bus_akashbani_bhaban,
bus_dn17,0,32,bus_babughat,
bus_dn17,1,1,bus_babughat,
bus_dn17,1,2,bus_akashbani_bhaban,
bus_dn17,1,3,bus_esplanade,
bus_dn17,1,4,bus_moulali,
bus_dn17,1,5,bus_nrs_hospital,
bus_dn17,1,6,bus_sealdah_court,
bus_dn17,1,7,bus_munshibazar,
bus_dn17,1,8,bus_sales_tax,
bus_dn17,1,9,bus_sarkar_bazar,
bus_dn17,1,10,bus_beleghata_cit_more,
bus_dn17,1,11,bus_phoolbagan,
bus_dn17,1,12,bus_kankurgachi,
bus_dn17,1,13,bus_ultodanga,
bus_dn17,1,14,bus_sreebhumi,
bus_dn17,1,15,bus_laketown,
bus_dn17,1,16,bus_kestopur,
bus_dn17,1,17,bus_baguihati,
bus_dn17,1,18,bus_teghoria,
bus_dn17,1,19,bus_haldiram,
bus_dn17,1,20,bus_kaikhali,
bus_dn17,1,21,bus_airport_covers_all_the_gates,
bus_dn17,1,22,bus_sarat_colony,
bus_dn17,1,23,bus_birati_more,
bus_dn17,1,24,bus_gouripur,
bus_dn17,1,25,bus_bankra_2,
bus_dn17,1,26,bus_michael_nagar,
bus_dn17,1,27,bus_sukanta_nagar_4,
bus_dn17,1,28,bus_b_t_college,
bus_dn17,1,29,bus_doltala,
bus_dn17,1,30,bus_madhyamgram_chowmatha,
bus_dn17,1,31,bus_dakbunglow_more,
bus_dn17,1,32,bus_barasat_titumir_bus_stand,
bus_dn18,0,1,bus_shyambazar,
bus_dn18,0,2,bus_r_g_kar_hospital,
bus_dn18,0,3,bus_belgachia,
bus_dn18,0,4,bus_nagerbazar,
bus_dn18,0,5,bus_airport,
bus_dn18,0,6,bus_birati_more,
bus_dn18,0,7,bus_b_t_college,
bus_dn18,0,8,bus_doltala,
bus_dn18,0,9,bus_madhyamgram_chowmatha,
bus_dn18,0,10,bus_barasat_champadali_more,
bus_dn18,0,11,bus_kadambagachi,
bus_dn18,0,12,bus_golabari,
bus_dn18,0,13,bus_beliaghata_bazar,
bus_dn18,0,14,bus_deganga,
bus_dn18,0,15,bus_berachampa,
bus_dn18,0,16,bus_jadurhati,
bus_dn18,0,17,bus_raghunathpur_2,
bus_dn18,0,18,bus_baduria,
bus_dn18,1,1,bus_baduria,
bus_dn18,1,2,bus_raghunathpur_2,
bus_dn18,1,3,bus_jadurhati,
bus_dn18,1,4,bus_berachampa,
bus_dn18,1,5,bus_deganga,
bus_dn18,1,6,bus_beliaghata_bazar,
bus_dn18,1,7,bus_golabari,
bus_dn18,1,8,bus_kadambagachi,
bus_dn18,1,9,bus_barasat_champadali_more,
bus_dn18,1,10,bus_madhyamgram_chowmatha,
bus_dn18,1,11,bus_doltala,
bus_dn18,1,12,bus_b_t_college,
bus_dn18,1,13,bus_birati_more,
bus_dn18,1,14,bus_airport,
bus_dn18,1,15,bus_nagerbazar,
bus_dn18,1,16,bus_belgachia,
bus_dn18,1,17,bus_r_g_kar_hospital,
bus_dn18,1,18,bus_shyambazar,
bus_dn19,0,1,bus_barrackpore_court_2,
bus_dn19,0,2,bus_barrackpore_cantonment,
bus_dn19,0,3,bus_chiria_more_2,
bus_dn19,0,4,bus_barrackpore_station,
bus_dn19,0,5,bus_nonachandanpukur,
bus_dn19,0,6,bus_wireless_gate,
bus_dn19,0,7,bus_mohanpur,
bus_dn19,0,8,bus_chapuria,
bus_dn19,0,9,bus_gheedah,
bus_dn19,0,10,bus_mathrangi_more,
bus_dn19,0,11,bus_nilgunge_hat,
bus_dn19,0,12,bus_kazibari,
bus_dn19,0,13,bus_jagannathpur,
bus_dn19,0,14,bus_hela_battala,
bus_dn19,0,15,bus_colony_more,
bus_dn19,0,16,bus_chapadali_shuttle,
bus_dn19,1,1,bus_chapadali_shuttle,
bus_dn19,1,2,bus_colony_more,
bus_dn19,1,3,bus_hela_battala,
bus_dn19,1,4,bus_jagannathpur,
bus_dn19,1,5,bus_kazibari,
bus_dn19,1,6,bus_nilgunge_hat,
bus_dn19,1,7,bus_mathrangi_more,
bus_dn19,1,8,bus_gheedah,
bus_dn19,1,9,bus_chapuria,
bus_dn19,1,10,bus_mohanpur,
bus_dn19,1,11,bus_wireless_gate,
bus_dn19,1,12,bus_nonachandanpukur,
bus_dn19,1,13,bus_barrackpore_station,
bus_dn19,1,14,bus_chiria_more_2,
bus_dn19,1,15,bus_barrackpore_cantonment,
bus_dn19,1,16,bus_barrackpore_court_2,
bus_dn26,0,1,bus_gaighata_habra,
bus_dn26,0,2,bus_joygachhi,
bus_dn26,0,3,bus_habra_station,
bus_dn26,0,4,bus_habra_mansabari,
bus_dn26,0,5,bus_radha_chemical_more,
bus_dn26,0,6,bus_kalyangarh,
bus_dn26,0,7,bus_kachua_more,
bus_dn26,0,8,bus_kankpul_school,
bus_dn26,0,9,bus_kankpul_more,
bus_dn26,0,10,bus_daulatpur,
bus_dn26,0,11,bus_sendanga,
bus_dn26,0,12,bus_pumlia_bazar,
bus_dn26,0,13,bus_noorpur,
bus_dn26,0,14,bus_shrikrishnapur,
bus_dn26,0,15,bus_amragachhi,
bus_dn26,0,16,bus_rajberia,
bus_dn26,0,17,bus_jaguli_anandapur,
bus_dn26,0,18,bus_kapileshwar,
bus_dn26,0,19,bus_kalyani_jagulia,
bus_dn26,1,1,bus_kalyani_jagulia,
bus_dn26,1,2,bus_kapileshwar,
bus_dn26,1,3,bus_jaguli_anandapur,
bus_dn26,1,4,bus_rajberia,
bus_dn26,1,5,bus_amragachhi,
bus_dn26,1,6,bus_shrikrishnapur,
bus_dn26,1,7,bus_noorpur,
bus_dn26,1,8,bus_pumlia_bazar,
bus_dn26,1,9,bus_sendanga,
bus_dn26,1,10,bus_daulatpur,
bus_dn26,1,11,bus_kankpul_more,
bus_dn26,1,12,bus_kankpul_school,
bus_dn26,1,13,bus_kachua_more,
bus_dn26,1,14,bus_kalyangarh,
bus_dn26,1,15,bus_radha_chemical_more,
bus_dn26,1,16,bus_habra_mansabari,
bus_dn26,1,17,bus_habra_station,
bus_dn26,1,18,bus_joygachhi,
bus_dn26,1,19,bus_gaighata_habra,
bus_dn28,0,1,bus_barasat_titumir_bus_stand_2,
bus_dn28,0,2,bus_champadali_more_2,
bus_dn28,0,3,bus_kalikapur_2,
bus_dn28,0,4,bus_kazipara,
bus_dn28,0,5,bus_ctc_depot,
bus_dn28,0,6,bus_shimultala_2,
bus_dn28,0,7,bus_bamunmura,
bus_dn28,0,8,bus_pirgacha,
bus_dn28,0,9,bus_kadambagachi,
bus_dn28,0,10,bus_goakhali,
bus_dn28,0,11,bus_golabari_more,
bus_dn28,0,12,bus_bokunda,
bus_dn28,0,13,bus_baidyapur_kanchkal,
bus_dn28,0,14,bus_beliaghata_bridge,
bus_dn28,0,15,bus_biswanathpur,
bus_dn28,0,16,bus_kartikpur,
bus_dn28,0,17,bus_deganga,
bus_dn28,0,18,bus_aturia_2,
bus_dn28,0,19,bus_berachampa,
bus_dn28,0,20,bus_debaloy_hadipur_post_office,
bus_dn28,0,21,bus_hadipur_colony,
bus_dn28,0,22,bus_haroa_railgate,
bus_dn28,0,23,bus_hamadama,
bus_dn28,0,24,bus_ramnagar,
bus_dn28,0,25,bus_adampur,
bus_dn28,0,26,bus_piyara,
bus_dn28,0,27,bus_haroa,
bus_dn28,1,1,bus_haroa,
bus_dn28,1,2,bus_piyara,
bus_dn28,1,3,bus_adampur,
bus_dn28,1,4,bus_ramnagar,
bus_dn28,1,5,bus_hamadama,
bus_dn28,1,6,bus_haroa_railgate,
bus_dn28,1,7,bus_hadipur_colony,
bus_dn28,1,8,bus_debaloy_hadipur_post_office,
bus_dn28,1,9,bus_berachampa,
bus_dn28,1,10,bus_aturia_2,
bus_dn28,1,11,bus_deganga,
bus_dn28,1,12,bus_kartikpur,
bus_dn28,1,13,bus_biswanathpur,
bus_dn28,1,14,bus_beliaghata_bridge,
bus_dn28,1,15,bus_baidyapur_kanchkal,
bus_dn28,1,16,bus_bokunda,
bus_dn28,1,17,bus_golabari_more,
bus_dn28,1,18,bus_goakhali,
bus_dn28,1,19,bus_kadambagachi,
bus_dn28,1,20,bus_pirgacha,
bus_dn28,1,21,bus_bamunmura,
bus_dn28,1,22,bus_shimultala_2,
bus_dn28,1,23,bus_ctc_depot,
bus_dn28,1,24,bus_kazipara,
bus_dn28,1,25,bus_kalikapur_2,
bus_dn28,1,26,bus_champadali_more_2,
bus_dn28,1,27,bus_barasat_titumir_bus_stand_2,
bus_dn35,0,1,bus_barasat_titumir_bus_stand,
bus_dn35,0,2,bus_kazipara_railgate,
bus_dn35,0,3,bus_mondongathi,
bus_dn35,0,4,bus_bamangachi,
bus_dn35,0,5,bus_duttapukur,
bus_dn35,0,6,bus_bira_joypul_chowmatha,
bus_dn35,0,7,bus_guma_chowmatha,
bus_dn35,0,8,bus_khosdelpur,
bus_dn35,0,9,bus_ashoknagar_railgate,
bus_dn35,0,10,bus_ashoknagar_5_no_more,
bus_dn35,0,11,bus_habra_deshbandhu_park,
bus_dn35,0,12,bus_habra_station,
bus_dn35,0,13,bus_joygachhi,
bus_dn35,0,14,bus_saptapally_more,
bus_dn35,0,15,bus_chongda_more,
bus_dn35,0,16,bus_sonpukur,
bus_dn35,0,17,bus_natunhat,
bus_dn35,0,18,bus_bergum,
bus_dn35,0,19,bus_jamtala_boropole,
bus_dn35,0,20,bus_nakpul,
bus_dn35,0,21,bus_machhlandapur_station,
bus_dn35,0,22,bus_mandalpur,
bus_dn35,0,23,bus_chatra_bazar,
bus_dn35,0,24,bus_kalupur,
bus_dn35,0,25,bus_chandipur_2,
bus_dn35,0,26,bus_benar_more,
bus_dn35,0,27,bus_kayosa_bazar,
bus_dn35,0,28,bus_ramchandrapur_bazar,
bus_dn35,0,29,bus_tentulia,
bus_dn35,0,30,bus_hathatgange,
bus_dn35,0,31,bus_swarupnagar,
bus_dn35,0,32,bus_malangapara,
bus_dn35,0,33,bus_mallickbari,
bus_dn35,0,34,bus_sarapul,
bus_dn35,0,35,bus_duttapara,
bus_dn35,0,36,bus_nandibari,
bus_dn35,0,37,bus_bithari,
bus_dn35,0,38,bus_goalbathan,
bus_dn35,0,39,bus_nityanandakati,
bus_dn35,0,40,bus_balti,
bus_dn35,0,41,bus_mallickpur_tematha,
bus_dn35,0,42,bus_hirghata,
bus_dn35,0,43,bus_nabatkati,
bus_dn35,1,1,bus_nabatkati,
bus_dn35,1,2,bus_hirghata,
bus_dn35,1,3,bus_mallickpur_tematha,
bus_dn35,1,4,bus_balti,
bus_dn35,1,5,bus_nityanandakati,
bus_dn35,1,6,bus_goalbathan,
bus_dn35,1,7,bus_bithari,
bus_dn35,1,8,bus_nandibari,
bus_dn35,1,9,bus_duttapara,
bus_dn35,1,10,bus_sarapul,
bus_dn35,1,11,bus_mallickbari,
bus_dn35,1,12,bus_malangapara,
bus_dn35,1,13,bus_swarupnagar,
bus_dn35,1,14,bus_hathatgange,
bus_dn35,1,15,bus_tentulia,
bus_dn35,1,16,bus_ramchandrapur_bazar,
bus_dn35,1,17,bus_kayosa_bazar,
bus_dn35,1,18,bus_benar_more,
bus_dn35,1,19,bus_chandipur_2,
bus_dn35,1,20,bus_kalupur,
bus_dn35,1,21,bus_chatra_bazar,
bus_dn35,1,22,bus_mandalpur,
bus_dn35,1,23,bus_machhlandapur_station,
bus_dn35,1,24,bus_nakpul,
bus_dn35,1,25,bus_jamtala_boropole,
bus_dn35,1,26,bus_bergum,
bus_dn35,1,27,bus_natunhat,
bus_dn35,1,28,bus_sonpukur,
bus_dn35,1,29,bus_chongda_more,
bus_dn35,1,30,bus_saptapally_more,
bus_dn35,1,31,bus_joygachhi,
bus_dn35,1,32,bus_habra_station,
bus_dn35,1,33,bus_habra_deshbandhu_park,
bus_dn35,1,34,bus_ashoknagar_5_no_more,
bus_dn35,1,35,bus_ashoknagar_railgate,
bus_dn35,1,36,bus_khosdelpur,
bus_dn35,1,37,bus_guma_chowmatha,
bus_dn35,1,38,bus_bira_joypul_chowmatha,
bus_dn35,1,39,bus_duttapukur,
bus_dn35,1,40,bus_bamangachi,
bus_dn35,1,41,bus_mondongathi,
bus_dn35,1,42,bus_kazipara_railgate,
bus_dn35,1,43,bus_barasat_titumir_bus_stand,
bus_dn38,0,1,bus_bashirhat_malancha,
bus_dn38,0,2,bus_sangrampur,
bus_dn38,0,3,bus_biramnagar,
bus_dn38,0,4,bus_gandharbapur,
bus_dn38,0,5,bus_kefayetkati,
bus_dn38,0,6,bus_katiahat,
bus_dn38,0,7,bus_aturia,
bus_dn38,0,8,bus_tentulia_bazar,
bus_dn38,0,9,bus_hathatgange,
bus_dn38,0,10,bus_swarupnagar,
bus_dn38,0,11,bus_sarapul,
bus_dn38,0,12,bus_raghabkati,
bus_dn38,0,13,bus_gobindapur_2,
bus_dn38,0,14,bus_taranipur,
bus_dn38,1,1,bus_taranipur,
bus_dn38,1,2,bus_gobindapur_2,
bus_dn38,1,3,bus_raghabkati,
bus_dn38,1,4,bus_sarapul,
bus_dn38,1,5,bus_swarupnagar,
bus_dn38,1,6,bus_hathatgange,
bus_dn38,1,7,bus_tentulia_bazar,
bus_dn38,1,8,bus_aturia,
bus_dn38,1,9,bus_katiahat,
bus_dn38,1,10,bus_kefayetkati,
bus_dn38,1,11,bus_gandharbapur,
bus_dn38,1,12,bus_biramnagar,
bus_dn38,1,13,bus_sangrampur,
bus_dn38,1,14,bus_bashirhat_malancha,
bus_dn43,0,1,bus_dakshineswar,
bus_dn43,0,2,bus_dunlop,
bus_dn43,0,3,bus_kamarhati,
bus_dn43,0,4,bus_sodpur_traffic_more,
bus_dn43,0,5,bus_kanchkal,
bus_dn43,0,6,bus_ghola,
bus_dn43,0,7,bus_muragacha,
bus_dn43,0,8,bus_boardghar,
bus_dn43,0,9,bus_sajirhat,
bus_dn43,0,10,bus_a_p_c_college,
bus_dn43,0,11,bus_madhyamgram_chowmatha,
bus_dn43,0,12,bus_hridaypur,
bus_dn43,0,13,bus_barasat_dak_bunglow,
bus_dn43,0,14,bus_colony_more,
bus_dn43,0,15,bus_barasat_moyna_check_post,
bus_dn43,1,1,bus_barasat_moyna_check_post,
bus_dn43,1,2,bus_colony_more,
bus_dn43,1,3,bus_barasat_dak_bunglow,
bus_dn43,1,4,bus_hridaypur,
bus_dn43,1,5,bus_madhyamgram_chowmatha,
bus_dn43,1,6,bus_a_p_c_college,
bus_dn43,1,7,bus_sajirhat,
bus_dn43,1,8,bus_boardghar,
bus_dn43,1,9,bus_muragacha,
bus_dn43,1,10,bus_ghola,
bus_dn43,1,11,bus_kanchkal,
bus_dn43,1,12,bus_sodpur_traffic_more,
bus_dn43,1,13,bus_kamarhati,
bus_dn43,1,14,bus_dunlop,
bus_dn43,1,15,bus_dakshineswar,
bus_dn44,0,1,bus_bongaon,
bus_dn44,0,2,bus_bongaon_1_no_railgate_bazar,
bus_dn44,0,3,bus_yogendranath_high_school,
bus_dn44,0,4,bus_panchpota_school_more,
bus_dn44,0,5,bus_kalupur,
bus_dn44,0,6,bus_dogachia,
bus_dn44,0,7,bus_mondonpara,
bus_dn44,0,8,bus_debipur,
bus_dn44,0,9,bus_chandpara_b_d_o_office,
bus_dn44,0,10,bus_chandpara_bazar,
bus_dn44,0,11,bus_bokchora,
bus_dn44,0,12,bus_gaighata_p_s,
bus_dn44,0,13,bus_gaighata_bazar,
bus_dn44,0,14,bus_bagna_more,
bus_dn44,0,15,bus_dharampur,
bus_dn44,0,16,bus_kolashim_bazar,
bus_dn44,0,17,bus_kulpukur,
bus_dn44,0,18,bus_chongda_more,
bus_dn44,0,19,bus_hatthuba,
bus_dn44,0,20,bus_saptapally_more,
bus_dn44,0,21,bus_joygachhi,
bus_dn44,0,22,bus_habra_station,
bus_dn44,0,23,bus_ashoknagar_station,
bus_dn44,0,24,bus_khosdelpur,
bus_dn44,0,25,bus_guma_chowmatha,
bus_dn44,0,26,bus_bira_chowmatha,
bus_dn44,0,27,bus_joypul_bazar,
bus_dn44,0,28,bus_duttapukur,
bus_dn44,0,29,bus_bamangachi,
bus_dn44,0,30,bus_mondonkathi,
bus_dn44,0,31,bus_kazipara,
bus_dn44,0,32,bus_barasat_champadali,
bus_dn44,0,33,bus_dakbungalow_more,
bus_dn44,0,34,bus_madhyamgram_chowmatha,
bus_dn44,0,35,bus_doltala,
bus_dn44,0,36,bus_b_t_college,
bus_dn44,0,37,bus_michael_nagar,
bus_dn44,0,38,bus_gouripur,
bus_dn44,0,39,bus_birati_more,
bus_dn44,0,40,bus_airport_3_no_gate,
bus_dn44,0,41,bus_belghoria_expressway,
bus_dn44,0,42,bus_durganagar,
bus_dn44,0,43,bus_pramodnagar,
bus_dn44,0,44,bus_baranagar_road_station,
bus_dn44,0,45,bus_alambazar,
bus_dn44,0,46,bus_dakshineswar,
bus_dn44,1,1,bus_dakshineswar,
bus_dn44,1,2,bus_alambazar,
bus_dn44,1,3,bus_baranagar_road_station,
bus_dn44,1,4,bus_pramodnagar,
bus_dn44,1,5,bus_durganagar,
bus_dn44,1,6,bus_belghoria_expressway,
bus_dn44,1,7,bus_airport_3_no_gate,
bus_dn44,1,8,bus_birati_more,
bus_dn44,1,9,bus_gouripur,
bus_dn44,1,10,bus_michael_nagar,
bus_dn44,1,11,bus_b_t_college,
bus_dn44,1,12,bus_doltala,
bus_dn44,1,13,bus_madhyamgram_chowmatha,
bus_dn44,1,14,bus_dakbungalow_more,
bus_dn44,1,15,bus_barasat_champadali,
bus_dn44,1,16,bus_kazipara,
bus_dn44,1,17,bus_mondonkathi,
bus_dn44,1,18,bus_bamangachi,
bus_dn44,1,19,bus_duttapukur,
bus_dn44,1,20,bus_joypul_bazar,
bus_dn44,1,21,bus_bira_chowmatha,
bus_dn44,1,22,bus_guma_chowmatha,
bus_dn44,1,23,bus_khosdelpur,
bus_dn44,1,24,bus_ashoknagar_station,
bus_dn44,1,25,bus_habra_station,
bus_dn44,1,26,bus_joygachhi,
bus_dn44,1,27,bus_saptapally_more,
bus_dn44,1,28,bus_hatthuba,
bus_dn44,1,29,bus_chongda_more,
bus_dn44,1,30,bus_kulpukur,
bus_dn44,1,31,bus_kolashim_bazar,
bus_dn44,1,32,bus_dharampur,
bus_dn44,1,33,bus_bagna_more,
bus_dn44,1,34,bus_gaighata_bazar,
bus_dn44,1,35,bus_gaighata_p_s,
bus_dn44,1,36,bus_bokchora,
bus_dn44,1,37,bus_chandpara_bazar,
bus_dn44,1,38,bus_chandpara_b_d_o_office,
bus_dn44,1,39,bus_debipur,
bus_dn44,1,40,bus_mondonpara,
bus_dn44,1,41,bus_dogachia,
bus_dn44,1,42,bus_kalupur,
bus_dn44,1,43,bus_panchpota_school_more,
bus_dn44,1,44,bus_yogendranath_high_school,
bus_dn44,1,45,bus_bongaon_1_no_railgate_bazar,
bus_dn44,1,46,bus_bongaon,
bus_dn46,0,1,bus_belgharia_teachers_colony,
bus_dn46,0,2,bus_nilgunge_road,
bus_dn46,0,3,bus_rathtala,
bus_dn46,0,4,bus_dunlop,
bus_dn46,0,5,bus_sinthi,
bus_dn46,0,6,bus_chiria_more,
bus_dn46,0,7,bus_shyambazar,
bus_dn46,0,8,bus_khanna,
bus_dn46,0,9,bus_bidhannagar_road_station,
bus_dn46,0,10,bus_hudco,
bus_dn46,0,11,bus_pnb,
bus_dn46,0,12,bus_baisakhi,
bus_dn46,0,13,bus_karunamoyee,
bus_dn46,0,14,bus_sector_v,
bus_dn46,0,15,bus_nazrul_tirtha,
bus_dn46,0,16,bus_narkelbagan,
bus_dn46,0,17,bus_eco_park,
bus_dn46,0,18,bus_newtown,
bus_dn46,1,1,bus_newtown,
bus_dn46,1,2,bus_eco_park,
bus_dn46,1,3,bus_narkelbagan,
bus_dn46,1,4,bus_nazrul_tirtha,
bus_dn46,1,5,bus_sector_v,
bus_dn46,1,6,bus_karunamoyee,
bus_dn46,1,7,bus_baisakhi,
bus_dn46,1,8,bus_pnb,
bus_dn46,1,9,bus_hudco,
bus_dn46,1,10,bus_bidhannagar_road_station,
bus_dn46,1,11,bus_khanna,
bus_dn46,1,12,bus_shyambazar,
bus_dn46,1,13,bus_chiria_more,
bus_dn46,1,14,bus_sinthi,
bus_dn46,1,15,bus_dunlop,
bus_dn46,1,16,bus_rathtala,
bus_dn46,1,17,bus_nilgunge_road,
bus_dn46,1,18,bus_belgharia_teachers_colony,
bus_dn47,0,1,bus_barasat_algaria,
bus_dn47,0,2,bus_moyna,
bus_dn47,0,3,bus_kathgola,
bus_dn47,0,4,bus_noapara,
bus_dn47,0,5,bus_hela_battala,
bus_dn47,0,6,bus_colony_more,
bus_dn47,0,7,bus_dakbungalow_more,
bus_dn47,0,8,bus_madhyamgram_chowmatha,
bus_dn47,0,9,bus_doltala,
bus_dn47,0,10,bus_b_t_college,
bus_dn47,0,11,bus_michael_nagar,
bus_dn47,0,12,bus_gouripur,
bus_dn47,0,13,bus_birati,
bus_dn47,0,14,bus_airport_covers_all_the_gates,
bus_dn47,0,15,bus_kaikhali,
bus_dn47,0,16,bus_chinar_park,
bus_dn47,0,17,bus_city_centre_2,
bus_dn47,0,18,bus_akansha,
bus_dn47,0,19,bus_nawabpur,
bus_dn47,0,20,bus_eco_park,
bus_dn47,0,21,bus_jatragachi,
bus_dn47,0,22,bus_narkelbagan,
bus_dn47,0,23,bus_newtown,
bus_dn47,0,24,bus_dlf,
bus_dn47,0,25,bus_mahishbathan,
bus_dn47,0,26,bus_godrej_waterside,
bus_dn47,0,27,bus_technopolis,
bus_dn47,0,28,bus_college_more,
bus_dn47,0,29,bus_wipro,
bus_dn47,0,30,bus_tank_no_10,
bus_dn47,0,31,bus_karunamoyee,
bus_dn47,1,1,bus_karunamoyee,
bus_dn47,1,2,bus_tank_no_10,
bus_dn47,1,3,bus_wipro,
bus_dn47,1,4,bus_college_more,
bus_dn47,1,5,bus_technopolis,
bus_dn47,1,6,bus_godrej_waterside,
bus_dn47,1,7,bus_mahishbathan,
bus_dn47,1,8,bus_dlf,
bus_dn47,1,9,bus_newtown,
bus_dn47,1,10,bus_narkelbagan,
bus_dn47,1,11,bus_jatragachi,
bus_dn47,1,12,bus_eco_park,
bus_dn47,1,13,bus_nawabpur,
bus_dn47,1,14,bus_akansha,
bus_dn47,1,15,bus_city_centre_2,
bus_dn47,1,16,bus_chinar_park,
bus_dn47,1,17,bus_kaikhali,
bus_dn47,1,18,bus_airport_covers_all_the_gates,
bus_dn47,1,19,bus_birati,
bus_dn47,1,20,bus_gouripur,
bus_dn47,1,21,bus_michael_nagar,
bus_dn47,1,22,bus_b_t_college,
bus_dn47,1,23,bus_doltala,
bus_dn47,1,24,bus_madhyamgram_chowmatha,
bus_dn47,1,25,bus_dakbungalow_more,
bus_dn47,1,26,bus_colony_more,
bus_dn47,1,27,bus_hela_battala,
bus_dn47,1,28,bus_noapara,
bus_dn47,1,29,bus_kathgola,
bus_dn47,1,30,bus_moyna,
bus_dn47,1,31,bus_barasat_algaria,
bus_k1,0,1,bus_hatishala,
bus_k1,0,2,bus_i_t_c_infotech,
bus_k1,0,3,bus_hajratala,
bus_k1,0,4,bus_karigari_bhawan,
bus_k1,0,5,bus_natunpukur,
bus_k1,0,6,bus_sirishbagan,
bus_k1,0,7,bus_unitech_gate_no_1,
bus_k1,0,8,bus_narkelbagan,
bus_k1,0,9,bus_newtown_bus_stand,
bus_k1,0,10,bus_technopolis,
bus_k1,0,11,bus_philips_more,
bus_k1,0,12,bus_college_more,
bus_k1,0,13,bus_wipro,
bus_k1,0,14,bus_10_no_tank,
bus_k1,0,15,bus_karunamoyee,
bus_k1,0,16,bus_bikash_bhawan,
bus_k1,0,17,bus_city_center_1,
bus_k1,0,18,bus_bidhan_nagar_college,
bus_k1,0,19,bus_pnb_more,
bus_k1,0,20,bus_hudco_more,
bus_k1,0,21,bus_ultadanga_station,
bus_k1,0,22,bus_gouribari,
bus_k1,0,23,bus_khanna,
bus_k1,0,24,bus_shyambazar,
bus_k1,0,25,bus_r_g_kar_hospital,
bus_k1,0,26,bus_kolkata_station,
bus_k1,1,1,bus_kolkata_station,
bus_k1,1,2,bus_r_g_kar_hospital,
bus_k1,1,3,bus_shyambazar,
bus_k1,1,4,bus_khanna,
bus_k1,1,5,bus_gouribari,
bus_k1,1,6,bus_ultadanga_station,
bus_k1,1,7,bus_hudco_more,
bus_k1,1,8,bus_pnb_more,
bus_k1,1,9,bus_bidhan_nagar_college,
bus_k1,1,10,bus_city_center_1,
bus_k1,1,11,bus_bikash_bhawan,
bus_k1,1,12,bus_karunamoyee,
bus_k1,1,13,bus_10_no_tank,
bus_k1,1,14,bus_wipro,
bus_k1,1,15,bus_college_more,
bus_k1,1,16,bus_philips_more,
bus_k1,1,17,bus_technopolis,
bus_k1,1,18,bus_newtown_bus_stand,
bus_k1,1,19,bus_narkelbagan,
bus_k1,1,20,bus_unitech_gate_no_1,
bus_k1,1,21,bus_sirishbagan,
bus_k1,1,22,bus_natunpukur,
bus_k1,1,23,bus_karigari_bhawan,
bus_k1,1,24,bus_hajratala,
bus_k1,1,25,bus_i_t_c_infotech,
bus_k1,1,26,bus_hatishala,
bus_k4,0,1,bus_park_circus,
bus_k4,0,2,bus_padmapukur,
bus_k4,0,3,bus_ananda_palit,
bus_k4,0,4,bus_philips_more,
bus_k4,0,5,bus_moulali,
bus_k4,0,6,bus_prachi_cinema_hall,
bus_k4,0,7,bus_jagat_cinema_hall,
bus_k4,0,8,bus_rajabazar,
bus_k4,0,9,bus_sukea_street,
bus_k4,0,10,bus_maniktala,
bus_k4,0,11,bus_sahitya_parishad,
bus_k4,0,12,bus_khanna,
bus_k4,0,13,bus_fariapukur,
bus_k4,0,14,bus_shyambazar,
bus_k4,0,15,bus_chiria_more,
bus_k4,0,16,bus_rabindra_bharati_university,
bus_k4,0,17,bus_sinthir_more,
bus_k4,0,18,bus_tobin_road,
bus_k4,0,19,bus_bonhooghly,
bus_k4,0,20,bus_indian_statistical_institute,
bus_k4,0,21,bus_dunlop,
bus_k4,0,22,bus_sabedabagan,
bus_k4,0,23,bus_tantipara,
bus_k4,0,24,bus_alambazar_more,
bus_k4,0,25,bus_dakshineswar,
bus_k4,1,1,bus_dakshineswar,
bus_k4,1,2,bus_alambazar_more,
bus_k4,1,3,bus_tantipara,
bus_k4,1,4,bus_sabedabagan,
bus_k4,1,5,bus_dunlop,
bus_k4,1,6,bus_indian_statistical_institute,
bus_k4,1,7,bus_bonhooghly,
bus_k4,1,8,bus_tobin_road,
bus_k4,1,9,bus_sinthir_more,
bus_k4,1,10,bus_rabindra_bharati_university,
bus_k4,1,11,bus_chiria_more,
bus_k4,1,12,bus_shyambazar,
bus_k4,1,13,bus_fariapukur,
bus_k4,1,14,bus_khanna,
bus_k4,1,15,bus_sahitya_parishad,
bus_k4,1,16,bus_maniktala,
bus_k4,1,17,bus_sukea_street,
bus_k4,1,18,bus_rajabazar,
bus_k4,1,19,bus_jagat_cinema_hall,
bus_k4,1,20,bus_prachi_cinema_hall,
bus_k4,1,21,bus_moulali,
bus_k4,1,22,bus_philips_more,
bus_k4,1,23,bus_ananda_palit,
bus_k4,1,24,bus_padmapukur,
bus_k4,1,25,bus_park_circus,
bus_k11,0,1,bus_rabinrasadan_exide,
bus_k11,0,2,bus_pg_hospital,
bus_k11,0,3,bus_hastings,
bus_k11,0,4,bus_vidyasagar_setu,
bus_k11,0,5,bus_toll_plaza,
bus_k11,0,6,bus_belepole,
bus_k11,0,7,bus_santragachi,
bus_k11,0,8,bus_unsani,
bus_k11,0,9,bus_kona_xing,
bus_k11,0,10,bus_salap,
bus_k11,0,11,bus_makardaha,
bus_k11,0,12,bus_domjur_bdo_office,
bus_k11,0,13,bus_domjur,
bus_k11,1,1,bus_domjur,
bus_k11,1,2,bus_domjur_bdo_office,
bus_k11,1,3,bus_makardaha,
bus_k11,1,4,bus_salap,
bus_k11,1,5,bus_kona_xing,
bus_k11,1,6,bus_unsani,
bus_k11,1,7,bus_santragachi,
bus_k11,1,8,bus_belepole,
bus_k11,1,9,bus_toll_plaza,
bus_k11,1,10,bus_vidyasagar_setu,
bus_k11,1,11,bus_hastings,
bus_k11,1,12,bus_pg_hospital,
bus_k11,1,13,bus_rabinrasadan_exide,
bus_kb12,0,1,bus_behala_rabindranagar,
bus_kb12,0,2,bus_taratala,
bus_kb12,0,3,bus_mominpore,
bus_kb12,0,4,bus_kidderpore,
bus_kb12,0,5,bus_pg_hospital,
bus_kb12,0,6,bus_exide,
bus_kb12,0,7,bus_minto_park,
bus_kb12,0,8,bus_mullickbazar,
bus_kb12,0,9,bus_moulali,
bus_kb12,0,10,bus_sealdah_court,
bus_kb12,0,11,bus_sales_tax,
bus_kb12,0,12,bus_alochaya,
bus_kb12,0,13,bus_cit_more,
bus_kb12,0,14,bus_building_more,
bus_kb12,0,15,bus_chingrighata,
bus_kb12,0,16,bus_sector_v,
bus_kb12,0,17,bus_newtown,
bus_kb12,0,18,bus_narkelbagan,
bus_kb12,0,19,bus_dlf,
bus_kb12,0,20,bus_tata_medical,
bus_kb12,0,21,bus_unitech,
bus_kb12,1,1,bus_unitech,
bus_kb12,1,2,bus_tata_medical,
bus_kb12,1,3,bus_dlf,
bus_kb12,1,4,bus_narkelbagan,
bus_kb12,1,5,bus_newtown,
bus_kb12,1,6,bus_sector_v,
bus_kb12,1,7,bus_chingrighata,
bus_kb12,1,8,bus_building_more,
bus_kb12,1,9,bus_cit_more,
bus_kb12,1,10,bus_alochaya,
bus_kb12,1,11,bus_sales_tax,
bus_kb12,1,12,bus_sealdah_court,
bus_kb12,1,13,bus_moulali,
bus_kb12,1,14,bus_mullickbazar,
bus_kb12,1,15,bus_minto_park,
bus_kb12,1,16,bus_exide,
bus_kb12,1,17,bus_pg_hospital,
bus_kb12,1,18,bus_kidderpore,
bus_kb12,1,19,bus_mominpore,
bus_kb12,1,20,bus_taratala,
bus_kb12,1,21,bus_behala_rabindranagar,
bus_kb15,0,1,bus_anandapur,
bus_kb15,0,2,bus_ruby_hospital,
bus_kb15,0,3,bus_acropolis_mall,
bus_kb15,0,4,bus_bosepukur,
bus_kb15,0,5,bus_kasba_thana,
bus_kb15,0,6,bus_kasba_post_office,
bus_kb15,0,7,bus_bijan_setu_ballygunge_station,
bus_kb15,0,8,bus_gariahat,
bus_kb15,0,9,bus_deshapriya_park,
bus_kb15,0,10,bus_manoharpukur,
bus_kb15,0,11,bus_shishumangal_hospital,
bus_kb15,0,12,bus_lansdowne_crossing,
bus_kb15,0,13,bus_beltala,
bus_kb15,0,14,bus_south_calcutta_girls_college,
bus_kb15,0,15,bus_padmapukur,
bus_kb15,0,16,bus_chakraberia_road_xing,
bus_kb15,0,17,bus_rowland_road_xing,
bus_kb15,0,18,bus_minto_park,
bus_kb15,0,19,bus_camac_street,
bus_kb15,0,20,bus_exide,
bus_kb15,0,21,bus_pg_hospital,
bus_kb15,0,22,bus_pts,
bus_kb15,0,23,bus_hastings,
bus_kb15,0,24,bus_shibpur_toll_plaza,
bus_kb15,0,25,bus_carry_road,
bus_kb15,0,26,bus_belepole,
bus_kb15,0,27,bus_betore,
bus_kb15,0,28,bus_baksara,
bus_kb15,0,29,bus_santragachi_station,
bus_kb15,1,1,bus_santragachi_station,
bus_kb15,1,2,bus_baksara,
bus_kb15,1,3,bus_betore,
bus_kb15,1,4,bus_belepole,
bus_kb15,1,5,bus_carry_road,
bus_kb15,1,6,bus_shibpur_toll_plaza,
bus_kb15,1,7,bus_hastings,
bus_kb15,1,8,bus_pts,
bus_kb15,1,9,bus_pg_hospital,
bus_kb15,1,10,bus_exide,
bus_kb15,1,11,bus_camac_street,
bus_kb15,1,12,bus_minto_park,
bus_kb15,1,13,bus_rowland_road_xing,
bus_kb15,1,14,bus_chakraberia_road_xing,
bus_kb15,1,15,bus_padmapukur,
bus_kb15,1,16,bus_south_calcutta_girls_college,
bus_kb15,1,17,bus_beltala,
bus_kb15,1,18,bus_lansdowne_crossing,
bus_kb15,1,19,bus_shishumangal_hospital,
bus_kb15,1,20,bus_manoharpukur,
bus_kb15,1,21,bus_deshapriya_park,
bus_kb15,1,22,bus_gariahat,
bus_kb15,1,23,bus_bijan_setu_ballygunge_station,
bus_kb15,1,24,bus_kasba_post_office,
bus_kb15,1,25,bus_kasba_thana,
bus_kb15,1,26,bus_bosepukur,
bus_kb15,1,27,bus_acropolis_mall,
bus_kb15,1,28,bus_ruby_hospital,
bus_kb15,1,29,bus_anandapur,
bus_kb16,0,1,bus_shapoorji,
bus_kb16,0,2,bus_sukhobrishti,
bus_kb16,0,3,bus_natunpukur,
bus_kb16,0,4,bus_hajratala,
bus_kb16,0,5,bus_karigari_bhawan,
bus_kb16,0,6,bus_shirishtala,
bus_kb16,0,7,bus_infospace,
bus_kb16,0,8,bus_unitech,
bus_kb16,0,9,bus_narkelbagan,
bus_kb16,0,10,bus_newtown_bus_stand,
bus_kb16,0,11,bus_dlf,
bus_kb16,0,12,bus_mahishbathan,
bus_kb16,0,13,bus_nabadiganta,
bus_kb16,0,14,bus_sector_v,
bus_kb16,0,15,bus_college_more,
bus_kb16,0,16,bus_ibm,
bus_kb16,0,17,bus_wipro,
bus_kb16,0,18,bus_10_no_tank,
bus_kb16,0,19,bus_karunamoyee,
bus_kb16,0,20,bus_mayukh_bhaban,
bus_kb16,0,21,bus_bikash_bhawan,
bus_kb16,0,22,bus_central_park,
bus_kb16,0,23,bus_city_center_1,
bus_kb16,0,24,bus_c_a_island,
bus_kb16,0,25,bus_2_no_tank,
bus_kb16,0,26,bus_pnb_more,
bus_kb16,0,27,bus_hudco,
bus_kb16,0,28,bus_ultodanga,
bus_kb16,0,29,bus_gouribari,
bus_kb16,0,30,bus_khanna,
bus_kb16,0,31,bus_shyambazar,
bus_kb16,0,32,bus_r_g_kar_hospital,
bus_kb16,0,33,bus_belgachia,
bus_kb16,0,34,bus_duttabagan,
bus_kb16,0,35,bus_patipukur,
bus_kb16,0,36,bus_kalindi,
bus_kb16,0,37,bus_lake_town_jessore_road,
bus_kb16,0,38,bus_bangur_avenue,
bus_kb16,1,1,bus_bangur_avenue,
bus_kb16,1,2,bus_lake_town_jessore_road,
bus_kb16,1,3,bus_kalindi,
bus_kb16,1,4,bus_patipukur,
bus_kb16,1,5,bus_duttabagan,
bus_kb16,1,6,bus_belgachia,
bus_kb16,1,7,bus_r_g_kar_hospital,
bus_kb16,1,8,bus_shyambazar,
bus_kb16,1,9,bus_khanna,
bus_kb16,1,10,bus_gouribari,
bus_kb16,1,11,bus_ultodanga,
bus_kb16,1,12,bus_hudco,
bus_kb16,1,13,bus_pnb_more,
bus_kb16,1,14,bus_2_no_tank,
bus_kb16,1,15,bus_c_a_island,
bus_kb16,1,16,bus_city_center_1,
bus_kb16,1,17,bus_central_park,
bus_kb16,1,18,bus_bikash_bhawan,
bus_kb16,1,19,bus_mayukh_bhaban,
bus_kb16,1,20,bus_karunamoyee,
bus_kb16,1,21,bus_10_no_tank,
bus_kb16,1,22,bus_wipro,
bus_kb16,1,23,bus_ibm,
bus_kb16,1,24,bus_college_more,
bus_kb16,1,25,bus_sector_v,
bus_kb16,1,26,bus_nabadiganta,
bus_kb16,1,27,bus_mahishbathan,
bus_kb16,1,28,bus_dlf,
bus_kb16,1,29,bus_newtown_bus_stand,
bus_kb16,1,30,bus_narkelbagan,
bus_kb16,1,31,bus_unitech,
bus_kb16,1,32,bus_infospace,
bus_kb16,1,33,bus_shirishtala,
bus_kb16,1,34,bus_karigari_bhawan,
bus_kb16,1,35,bus_hajratala,
bus_kb16,1,36,bus_natunpukur,
bus_kb16,1,37,bus_sukhobrishti,
bus_kb16,1,38,bus_shapoorji,
bus_kb17,0,1,bus_sonarpur_station,
bus_kb17,0,2,bus_kamalgazi,
bus_kb17,0,3,bus_garia_bus_stand,
bus_kb17,0,4,bus_baishnabghata,
bus_kb17,0,5,bus_baghajatin,
bus_kb17,0,6,bus_sulekha,
bus_kb17,0,7,bus_jadavpur_8b,
bus_kb17,0,8,bus_jadavpur_thana,
bus_kb17,0,9,bus_dhakuria,
bus_kb17,0,10,bus_gariahat,
bus_kb17,0,11,bus_ballygunge_phari,
bus_kb17,0,12,bus_park_circus,
bus_kb17,0,13,bus_c_i_t_road,
bus_kb17,0,14,bus_moulali,
bus_kb17,0,15,bus_sealdah_station,
bus_kb17,0,16,bus_manicktala,
bus_kb17,0,17,bus_kankurgachi,
bus_kb17,0,18,bus_hudco,
bus_kb17,0,19,bus_pnb_more,
bus_kb17,0,20,bus_tank_4,
bus_kb17,0,21,bus_sech_bhawan,
bus_kb17,0,22,bus_bikash_bhawan,
bus_kb17,0,23,bus_karunamoyee,
bus_kb17,0,24,bus_wipro,
bus_kb17,0,25,bus_sec_v,
bus_kb17,0,26,bus_newtown_bus_terminus,
bus_kb17,0,27,bus_narkelbagan,
bus_kb17,0,28,bus_tata_medical,
bus_kb17,0,29,bus_unitech_gate_1,
bus_kb17,1,1,bus_unitech_gate_1,
bus_kb17,1,2,bus_tata_medical,
bus_kb17,1,3,bus_narkelbagan,
bus_kb17,1,4,bus_newtown_bus_terminus,
bus_kb17,1,5,bus_sec_v,
bus_kb17,1,6,bus_wipro,
bus_kb17,1,7,bus_karunamoyee,
bus_kb17,1,8,bus_bikash_bhawan,
bus_kb17,1,9,bus_sech_bhawan,
bus_kb17,1,10,bus_tank_4,
bus_kb17,1,11,bus_pnb_more,
bus_kb17,1,12,bus_hudco,
bus_kb17,1,13,bus_kankurgachi,
bus_kb17,1,14,bus_manicktala,
bus_kb17,1,15,bus_sealdah_station,
bus_kb17,1,16,bus_moulali,
bus_kb17,1,17,bus_c_i_t_road,
bus_kb17,1,18,bus_park_circus,
bus_kb17,1,19,bus_ballygunge_phari,
bus_kb17,1,20,bus_gariahat,
bus_kb17,1,21,bus_dhakuria,
bus_kb17,1,22,bus_jadavpur_thana,
bus_kb17,1,23,bus_jadavpur_8b,
bus_kb17,1,24,bus_sulekha,
bus_kb17,1,25,bus_baghajatin,
bus_kb17,1,26,bus_baishnabghata,
bus_kb17,1,27,bus_garia_bus_stand,
bus_kb17,1,28,bus_kamalgazi,
bus_kb17,1,29,bus_sonarpur_station,
bus_kb21,0,1,bus_science_city_chowbagha,
bus_kb21,0,2,bus_topsia,
bus_kb21,0,3,bus_4no_bridge,
bus_kb21,0,4,bus_zeeshan_crossing,
bus_kb21,0,5,bus_darga_road,
bus_kb21,0,6,bus_park_circus_7_point,
bus_kb21,0,7,bus_mallikbazar,
bus_kb21,0,8,bus_nonapukur,
bus_kb21,0,9,bus_ripon_street,
bus_kb21,0,10,bus_jora_girja,
bus_kb21,0,11,bus_entally_market,
bus_kb21,0,12,bus_moulali,
bus_kb21,0,13,bus_sealdah,
bus_kb21,0,14,bus_rajabazar,
bus_kb21,0,15,bus_sukea_street,
bus_kb21,0,16,bus_maniktala,
bus_kb21,0,17,bus_sahitya_parishad,
bus_kb21,0,18,bus_khanna,
bus_kb21,0,19,bus_gouribari,
bus_kb21,0,20,bus_ultodanga,
bus_kb21,0,21,bus_sreebhumi,
bus_kb21,0,22,bus_laketown_vip,
bus_kb21,0,23,bus_bangur,
bus_kb21,0,24,bus_dumdum_park,
bus_kb21,0,25,bus_kestopur,
bus_kb21,0,26,bus_baguihati,
bus_kb21,0,27,bus_teghoria,
bus_kb21,0,28,bus_haldiram,
bus_kb21,0,29,bus_kaikhali,
bus_kb21,0,30,bus_airport_covers_all_the_gates,
bus_kb21,0,31,bus_sarat_colony,
bus_kb21,0,32,bus_birati_more,
bus_kb21,0,33,bus_gouripur,
bus_kb21,0,34,bus_bankra_2,
bus_kb21,0,35,bus_michael_nagar,
bus_kb21,0,36,bus_sukanta_nagar,
bus_kb21,0,37,bus_b_t_college,
bus_kb21,0,38,bus_katakhal,
bus_kb21,0,39,bus_ganganagar_julien_day_school,
bus_kb21,1,1,bus_ganganagar_julien_day_school,
bus_kb21,1,2,bus_katakhal,
bus_kb21,1,3,bus_b_t_college,
bus_kb21,1,4,bus_sukanta_nagar,
bus_kb21,1,5,bus_michael_nagar,
bus_kb21,1,6,bus_bankra_2,
bus_kb21,1,7,bus_gouripur,
bus_kb21,1,8,bus_birati_more,
bus_kb21,1,9,bus_sarat_colony,
bus_kb21,1,10,bus_airport_covers_all_the_gates,
bus_kb21,1,11,bus_kaikhali,
bus_kb21,1,12,bus_haldiram,
bus_kb21,1,13,bus_teghoria,
bus_kb21,1,14,bus_baguihati,
bus_kb21,1,15,bus_kestopur,
bus_kb21,1,16,bus_dumdum_park,
bus_kb21,1,17,bus_bangur,
bus_kb21,1,18,bus_laketown_vip,
bus_kb21,1,19,bus_sreebhumi,
bus_kb21,1,20,bus_ultodanga,
bus_kb21,1,21,bus_gouribari,
bus_kb21,1,22,bus_khanna,
bus_kb21,1,23,bus_sahitya_parishad,
bus_kb21,1,24,bus_maniktala,
bus_kb21,1,25,bus_sukea_street,
bus_kb21,1,26,bus_rajabazar,
bus_kb21,1,27,bus_sealdah,
bus_kb21,1,28,bus_moulali,
bus_kb21,1,29,bus_entally_market,
bus_kb21,1,30,bus_jora_girja,
bus_kb21,1,31,bus_ripon_street,
bus_kb21,1,32,bus_nonapukur,
bus_kb21,1,33,bus_mallikbazar,
bus_kb21,1,34,bus_park_circus_7_point,
bus_kb21,1,35,bus_darga_road,
bus_kb21,1,36,bus_zeeshan_crossing,
bus_kb21,1,37,bus_4no_bridge,
bus_kb21,1,38,bus_topsia,
bus_kb21,1,39,bus_science_city_chowbagha,
bus_kb22,0,1,bus_kolkata_station,
bus_kb22,0,2,bus_r_g_kar_hospital,
bus_kb22,0,3,bus_shyambazar,
bus_kb22,0,4,bus_khanna,
bus_kb22,0,5,bus_ultadanga,
bus_kb22,0,6,bus_hudco,
bus_kb22,0,7,bus_pnb,
bus_kb22,0,8,bus_bidhhanagar_college,
bus_kb22,0,9,bus_cc1,
bus_kb22,0,10,bus_central_park,
bus_kb22,0,11,bus_bikash_bhawan,
bus_kb22,0,12,bus_karunamoyee,
bus_kb22,0,13,bus_tank_10,
bus_kb22,0,14,bus_wipro,
bus_kb22,0,15,bus_college_more,
bus_kb22,0,16,bus_technopolis,
bus_kb22,0,17,bus_eastern_enclave,
bus_kb22,0,18,bus_coal_india,
bus_kb22,0,19,bus_axis_mall,
bus_kb22,0,20,bus_narkelbagan,
bus_kb22,0,21,bus_unitech,
bus_kb22,0,22,bus_karigari_bhawan,
bus_kb22,0,23,bus_hatishala,
bus_kb22,0,24,bus_gabtola_bazar,
bus_kb22,0,25,bus_satulia_bridge,
bus_kb22,0,26,bus_saduli,
bus_kb22,0,27,bus_shonepur,
bus_kb22,0,28,bus_bhogali,
bus_kb22,0,29,bus_jamirgachi,
bus_kb22,1,1,bus_jamirgachi,
bus_kb22,1,2,bus_bhogali,
bus_kb22,1,3,bus_shonepur,
bus_kb22,1,4,bus_saduli,
bus_kb22,1,5,bus_satulia_bridge,
bus_kb22,1,6,bus_gabtola_bazar,
bus_kb22,1,7,bus_hatishala,
bus_kb22,1,8,bus_karigari_bhawan,
bus_kb22,1,9,bus_unitech,
bus_kb22,1,10,bus_narkelbagan,
bus_kb22,1,11,bus_axis_mall,
bus_kb22,1,12,bus_coal_india,
bus_kb22,1,13,bus_eastern_enclave,
bus_kb22,1,14,bus_technopolis,
bus_kb22,1,15,bus_college_more,
bus_kb22,1,16,bus_wipro,
bus_kb22,1,17,bus_tank_10,
bus_kb22,1,18,bus_karunamoyee,
bus_kb22,1,19,bus_bikash_bhawan,
bus_kb22,1,20,bus_central_park,
bus_kb22,1,21,bus_cc1,
bus_kb22,1,22,bus_bidhhanagar_college,
bus_kb22,1,23,bus_pnb,
bus_kb22,1,24,bus_hudco,
bus_kb22,1,25,bus_ultadanga,
bus_kb22,1,26,bus_khanna,
bus_kb22,1,27,bus_shyambazar,
bus_kb22,1,28,bus_r_g_kar_hospital,
bus_kb22,1,29,bus_kolkata_station,
bus_m10_ac_corporate,0,1,bus_rashbehari,
bus_m10_ac_corporate,0,2,bus_lake_mall,
bus_m10_ac_corporate,0,3,bus_deshapriya_park,
bus_m10_ac_corporate,0,4,bus_gariahat,
bus_m10_ac_corporate,0,5,bus_ballygunge_station,
bus_m10_ac_corporate,0,6,bus_acropolis_mall,
bus_m10_ac_corporate,0,7,bus_ruby_hospital,
bus_m10_ac_corporate,0,8,bus_science_city,
bus_m10_ac_corporate,0,9,bus_chingrighata,
bus_m10_ac_corporate,0,10,bus_beliaghata,
bus_m10_ac_corporate,0,11,bus_saltlake_stadium,
bus_m10_ac_corporate,0,12,bus_mani_square,
bus_m10_ac_corporate,0,13,bus_ultadanga,
bus_m10_ac_corporate,0,14,bus_laketown,
bus_m10_ac_corporate,0,15,bus_baguihati,
bus_m10_ac_corporate,0,16,bus_airport,
bus_m10_ac_corporate,0,17,bus_birati,
bus_m10_ac_corporate,0,18,bus_gouripur,
bus_m10_ac_corporate,0,19,bus_b_t_college,
bus_m10_ac_corporate,0,20,bus_new_barrackpore,
bus_m10_ac_corporate,0,21,bus_doltala,
bus_m10_ac_corporate,0,22,bus_madhyamgram_chowmatha,
bus_m10_ac_corporate,0,23,bus_hridaypur,
bus_m10_ac_corporate,0,24,bus_dakbungalow_more,
bus_m10_ac_corporate,0,25,bus_barasat,
bus_m10_ac_corporate,1,1,bus_barasat,
bus_m10_ac_corporate,1,2,bus_dakbungalow_more,
bus_m10_ac_corporate,1,3,bus_hridaypur,
bus_m10_ac_corporate,1,4,bus_madhyamgram_chowmatha,
bus_m10_ac_corporate,1,5,bus_doltala,
bus_m10_ac_corporate,1,6,bus_new_barrackpore,
bus_m10_ac_corporate,1,7,bus_b_t_college,
bus_m10_ac_corporate,1,8,bus_gouripur,
bus_m10_ac_corporate,1,9,bus_birati,
bus_m10_ac_corporate,1,10,bus_airport,
bus_m10_ac_corporate,1,11,bus_baguihati,
bus_m10_ac_corporate,1,12,bus_laketown,
bus_m10_ac_corporate,1,13,bus_ultadanga,
bus_m10_ac_corporate,1,14,bus_mani_square,
bus_m10_ac_corporate,1,15,bus_saltlake_stadium,
bus_m10_ac_corporate,1,16,bus_beliaghata,
bus_m10_ac_corporate,1,17,bus_chingrighata,
bus_m10_ac_corporate,1,18,bus_science_city,
bus_m10_ac_corporate,1,19,bus_ruby_hospital,
bus_m10_ac_corporate,1,20,bus_acropolis_mall,
bus_m10_ac_corporate,1,21,bus_ballygunge_station,
bus_m10_ac_corporate,1,22,bus_gariahat,
bus_m10_ac_corporate,1,23,bus_deshapriya_park,
bus_m10_ac_corporate,1,24,bus_lake_mall,
bus_m10_ac_corporate,1,25,bus_rashbehari,
bus_mm3,0,1,bus_dakshineswar,
bus_mm3,0,2,bus_kashimpur,
bus_mm3,0,3,bus_shibalaya,
bus_mm3,0,4,bus_santoshpur,
bus_mm3,0,5,bus_mirhati,
bus_mm3,0,6,bus_daripukur,
bus_mm3,0,7,bus_khilkapur,
bus_mm3,0,8,bus_kathgola,
bus_mm3,0,9,bus_noapara,
bus_mm3,0,10,bus_hela_battala_more,
bus_mm3,0,11,bus_satabharat,
bus_mm3,0,12,bus_nababharati,
bus_mm3,0,13,bus_talikhola,
bus_mm3,0,14,bus_lokenath_mandir,
bus_mm3,0,15,bus_barbadia,
bus_mm3,0,16,bus_bishnu_cotton_mill,
bus_mm3,0,17,bus_barasat_state_university,
bus_mm3,0,18,bus_jagannathpur,
bus_mm3,0,19,bus_kokapur,
bus_mm3,0,20,bus_subhash_nagar,
bus_mm3,0,21,bus_rangapur,
bus_mm3,0,22,bus_nilgunge_hut,
bus_mm3,0,23,bus_neelgunge,
bus_mm3,0,24,bus_sahebbagan_gate,
bus_mm3,0,25,bus_matharani_more,
bus_mm3,0,26,bus_nilgunge_depot,
bus_mm3,0,27,bus_chapuria,
bus_mm3,0,28,bus_debpukur,
bus_mm3,0,29,bus_calcutta_technical_school,
bus_mm3,0,30,bus_boro_kanthalia_more,
bus_mm3,0,31,bus_mohanpur,
bus_mm3,0,32,bus_wireless_gate,
bus_mm3,0,33,bus_nonachandanpukur,
bus_mm3,0,34,bus_barrackpore_station,
bus_mm3,0,35,bus_barrackpore_chiriamore,
bus_mm3,0,36,bus_talpukur,
bus_mm3,0,37,bus_titagarh,
bus_mm3,0,38,bus_khardah,
bus_mm3,0,39,bus_sodepur,
bus_mm3,0,40,bus_panihati,
bus_mm3,0,41,bus_bengal_chemical_2,
bus_mm3,0,42,bus_agarpara,
bus_mm3,0,43,bus_alpan_diary,
bus_mm3,0,44,bus_kamarhati,
bus_mm3,0,45,bus_prabartak_jute_mill,
bus_mm3,0,46,bus_rubber_factory,
bus_mm3,0,47,bus_rathtala,
bus_mm3,0,48,bus_saraswati_press,
bus_mm3,0,49,bus_dunlop,
bus_mm3,0,50,bus_sabedabagan,
bus_mm3,0,51,bus_alambazar_2,
bus_mm3,0,52,bus_duttapukur,
bus_mm3,1,1,bus_duttapukur,
bus_mm3,1,2,bus_alambazar_2,
bus_mm3,1,3,bus_sabedabagan,
bus_mm3,1,4,bus_dunlop,
bus_mm3,1,5,bus_saraswati_press,
bus_mm3,1,6,bus_rathtala,
bus_mm3,1,7,bus_rubber_factory,
bus_mm3,1,8,bus_prabartak_jute_mill,
bus_mm3,1,9,bus_kamarhati,
bus_mm3,1,10,bus_alpan_diary,
bus_mm3,1,11,bus_agarpara,
bus_mm3,1,12,bus_bengal_chemical_2,
bus_mm3,1,13,bus_panihati,
bus_mm3,1,14,bus_sodepur,
bus_mm3,1,15,bus_khardah,
bus_mm3,1,16,bus_titagarh,
bus_mm3,1,17,bus_talpukur,
bus_mm3,1,18,bus_barrackpore_chiriamore,
bus_mm3,1,19,bus_barrackpore_station,
bus_mm3,1,20,bus_nonachandanpukur,
bus_mm3,1,21,bus_wireless_gate,
bus_mm3,1,22,bus_mohanpur,
bus_mm3,1,23,bus_boro_kanthalia_more,
bus_mm3,1,24,bus_calcutta_technical_school,
bus_mm3,1,25,bus_debpukur,
bus_mm3,1,26,bus_chapuria,
bus_mm3,1,27,bus_nilgunge_depot,
bus_mm3,1,28,bus_matharani_more,
bus_mm3,1,29,bus_sahebbagan_gate,
bus_mm3,1,30,bus_neelgunge,
bus_mm3,1,31,bus_nilgunge_hut,
bus_mm3,1,32,bus_rangapur,
bus_mm3,1,33,bus_subhash_nagar,
bus_mm3,1,34,bus_kokapur,
bus_mm3,1,35,bus_jagannathpur,
bus_mm3,1,36,bus_barasat_state_university,
bus_mm3,1,37,bus_bishnu_cotton_mill,
bus_mm3,1,38,bus_barbadia,
bus_mm3,1,39,bus_lokenath_mandir,
bus_mm3,1,40,bus_talikhola,
bus_mm3,1,41,bus_nababharati,
bus_mm3,1,42,bus_satabharat,
bus_mm3,1,43,bus_hela_battala_more,
bus_mm3,1,44,bus_noapara,
bus_mm3,1,45,bus_kathgola,
bus_mm3,1,46,bus_khilkapur,
bus_mm3,1,47,bus_daripukur,
bus_mm3,1,48,bus_mirhati,
bus_mm3,1,49,bus_santoshpur,
bus_mm3,1,50,bus_shibalaya,
bus_mm3,1,51,bus_kashimpur,
bus_mm3,1,52,bus_dakshineswar,
bus_mm5,0,1,bus_barrackpore_court,
bus_mm5,0,2,bus_barrackpore_cantonment,
bus_mm5,0,3,bus_barrackpore_chiriamore,
bus_mm5,0,4,bus_barrackpore_station,
bus_mm5,0,5,bus_lalkuthi,
bus_mm5,0,6,bus_nonachandanpukur,
bus_mm5,0,7,bus_wireless_gate,
bus_mm5,0,8,bus_nilgunge_hut,
bus_mm5,0,9,bus_beraberia,
bus_mm5,0,10,bus_madhabpur,
bus_mm5,0,11,bus_santoshpur_2,
bus_mm5,0,12,bus_kamdebpur_2,
bus_mm5,0,13,bus_amdanga,
bus_mm5,0,14,bus_awalsiddhi,
bus_mm5,0,15,bus_ashoknagar,
bus_mm5,0,16,bus_habra_station,
bus_mm5,1,1,bus_habra_station,
bus_mm5,1,2,bus_ashoknagar,
bus_mm5,1,3,bus_awalsiddhi,
bus_mm5,1,4,bus_amdanga,
bus_mm5,1,5,bus_kamdebpur_2,
bus_mm5,1,6,bus_santoshpur_2,
bus_mm5,1,7,bus_madhabpur,
bus_mm5,1,8,bus_beraberia,
bus_mm5,1,9,bus_nilgunge_hut,
bus_mm5,1,10,bus_wireless_gate,
bus_mm5,1,11,bus_nonachandanpukur,
bus_mm5,1,12,bus_lalkuthi,
bus_mm5,1,13,bus_barrackpore_station,
bus_mm5,1,14,bus_barrackpore_chiriamore,
bus_mm5,1,15,bus_barrackpore_cantonment,
bus_mm5,1,16,bus_barrackpore_court,
bus_mm6,0,1,bus_jafarpur_barasat,
bus_mm6,0,2,bus_banamalipur,
bus_mm6,0,3,bus_champadali_more,
bus_mm6,0,4,bus_barasat_depot,
bus_mm6,0,5,bus_kadambagachi,
bus_mm6,0,6,bus_golabari,
bus_mm6,0,7,bus_tona,
bus_mm6,0,8,bus_beliaghata,
bus_mm6,0,9,bus_mohanpur,
bus_mm6,0,10,bus_chakla_sohai,
bus_mm6,1,1,bus_chakla_sohai,
bus_mm6,1,2,bus_mohanpur,
bus_mm6,1,3,bus_beliaghata,
bus_mm6,1,4,bus_tona,
bus_mm6,1,5,bus_golabari,
bus_mm6,1,6,bus_kadambagachi,
bus_mm6,1,7,bus_barasat_depot,
bus_mm6,1,8,bus_champadali_more,
bus_mm6,1,9,bus_banamalipur,
bus_mm6,1,10,bus_jafarpur_barasat,
bus_mm6_1,0,1,bus_jafarpur,
bus_mm6_1,0,2,bus_barasat,
bus_mm6_1,0,3,bus_berachampa,
bus_mm6_1,0,4,bus_jadurhati,
bus_mm6_1,0,5,bus_bagjola,
bus_mm6_1,1,1,bus_bagjola,
bus_mm6_1,1,2,bus_jadurhati,
bus_mm6_1,1,3,bus_berachampa,
bus_mm6_1,1,4,bus_barasat,
bus_mm6_1,1,5,bus_jafarpur,
bus_mm7,0,1,bus_basirhat_court,
bus_mm7,0,2,bus_rampur,
bus_mm7,0,3,bus_sarberia,
bus_mm7,0,4,bus_kanmari_more,
bus_mm7,0,5,bus_mathbari,
bus_mm7,0,6,bus_malancha,
bus_mm7,0,7,bus_chaital_ghat,
bus_mm7,0,8,bus_nimchi,
bus_mm7,0,9,bus_bokchora,
bus_mm7,0,10,bus_bhebia,
bus_mm7,0,11,bus_murarishah_chowmatha,
bus_mm7,0,12,bus_tentultala,
bus_mm7,0,13,bus_ramnagar,
bus_mm7,0,14,bus_tantipara,
bus_mm7,0,15,bus_bhyabla_halt_2,
bus_mm7,0,16,bus_dhamakhali,
bus_mm7,1,1,bus_dhamakhali,
bus_mm7,1,2,bus_bhyabla_halt_2,
bus_mm7,1,3,bus_tantipara,
bus_mm7,1,4,bus_ramnagar,
bus_mm7,1,5,bus_tentultala,
bus_mm7,1,6,bus_murarishah_chowmatha,
bus_mm7,1,7,bus_bhebia,
bus_mm7,1,8,bus_bokchora,
bus_mm7,1,9,bus_nimchi,
bus_mm7,1,10,bus_chaital_ghat,
bus_mm7,1,11,bus_malancha,
bus_mm7,1,12,bus_mathbari,
bus_mm7,1,13,bus_kanmari_more,
bus_mm7,1,14,bus_sarberia,
bus_mm7,1,15,bus_rampur,
bus_mm7,1,16,bus_basirhat_court,
bus_mn2,0,1,bus_hasnabad,
bus_mn2,0,2,bus_hingalgunge,
bus_mn2,0,3,bus_lebukhali,
bus_mn2,1,1,bus_lebukhali,
bus_mn2,1,2,bus_hingalgunge,
bus_mn2,1,3,bus_hasnabad,
bus_mn3,0,1,bus_barasat_titumir_bus_stand,
bus_mn3,0,2,bus_barasat_district_hospital,
bus_mn3,0,3,bus_kazipara_railgate,
bus_mn3,0,4,bus_mandalganthi,
bus_mn3,0,5,bus_bamangachi_chowmatha,
bus_mn3,0,6,bus_duttapukur,
bus_mn3,0,7,bus_bira_joypul_chowmatha,
bus_mn3,0,8,bus_guma_chowmatha,
bus_mn3,0,9,bus_khosdelpur,
bus_mn3,0,10,bus_ashokenagar_railgate,
bus_mn3,0,11,bus_sherpur_kalibari,
bus_mn3,0,12,bus_8_no_kalibari_more,
bus_mn3,0,13,bus_kachua_more,
bus_mn3,0,14,bus_kalyangarh,
bus_mn3,0,15,bus_habra_manasabari,
bus_mn3,0,16,bus_habra_station,
bus_mn3,0,17,bus_nagarukhra_more,
bus_mn3,0,18,bus_banbania_chowmatha,
bus_mn3,0,19,bus_kajla,
bus_mn3,0,20,bus_jhikra_battala,
bus_mn3,0,21,bus_singa,
bus_mn3,0,22,bus_hapania,
bus_mn3,0,23,bus_nagarukhra,
bus_mn3,0,24,bus_haripara,
bus_mn3,0,25,bus_kashtodanga,
bus_mn3,0,26,bus_chouberia_chowrasta,
bus_mn3,0,27,bus_fulbari,
bus_mn3,0,28,bus_nahata,
bus_mn3,1,1,bus_nahata,
bus_mn3,1,2,bus_fulbari,
bus_mn3,1,3,bus_chouberia_chowrasta,
bus_mn3,1,4,bus_kashtodanga,
bus_mn3,1,5,bus_haripara,
bus_mn3,1,6,bus_nagarukhra,
bus_mn3,1,7,bus_hapania,
bus_mn3,1,8,bus_singa,
bus_mn3,1,9,bus_jhikra_battala,
bus_mn3,1,10,bus_kajla,
bus_mn3,1,11,bus_banbania_chowmatha,
bus_mn3,1,12,bus_nagarukhra_more,
bus_mn3,1,13,bus_habra_station,
bus_mn3,1,14,bus_habra_manasabari,
bus_mn3,1,15,bus_kalyangarh,
bus_mn3,1,16,bus_kachua_more,
bus_mn3,1,17,bus_8_no_kalibari_more,
bus_mn3,1,18,bus_sherpur_kalibari,
bus_mn3,1,19,bus_ashokenagar_railgate,
bus_mn3,1,20,bus_khosdelpur,
bus_mn3,1,21,bus_guma_chowmatha,
bus_mn3,1,22,bus_bira_joypul_chowmatha,
bus_mn3,1,23,bus_duttapukur,
bus_mn3,1,24,bus_bamangachi_chowmatha,
bus_mn3,1,25,bus_mandalganthi,
bus_mn3,1,26,bus_kazipara_railgate,
bus_mn3,1,27,bus_barasat_district_hospital,
bus_mn3,1,28,bus_barasat_titumir_bus_stand,
bus_mn6,0,1,bus_barasat_titumir_bus_stand,
bus_mn6,0,2,bus_kazipara_railgate,
bus_mn6,0,3,bus_bamangachi,
bus_mn6,0,4,bus_duttapukur,
bus_mn6,0,5,bus_joypul_bazar,
bus_mn6,0,6,bus_bira_chowmatha,
bus_mn6,0,7,bus_guma_chowmatha,
bus_mn6,0,8,bus_khosdelpur,
bus_mn6,0,9,bus_ashoknagar_railgate,
bus_mn6,0,10,bus_sherpur_kalibari,
bus_mn6,0,11,bus_8_no_kalibari_more,
bus_mn6,0,12,bus_ashoknagar_chowrangi,
bus_mn6,0,13,bus_kachua_more,
bus_mn6,0,14,bus_kalyangarh_more,
bus_mn6,0,15,bus_radha_chemical_more,
bus_mn6,0,16,bus_manasabari_bazar,
bus_mn6,0,17,bus_habra_station,
bus_mn6,0,18,bus_joygachhi,
bus_mn6,0,19,bus_saptapally_more,
bus_mn6,0,20,bus_chongda_more,
bus_mn6,0,21,bus_sanpukur_bazar,
bus_mn6,0,22,bus_bergum,
bus_mn6,0,23,bus_jamtala_boropole,
bus_mn6,0,24,bus_nakpul,
bus_mn6,0,25,bus_gobardanga_bazar,
bus_mn6,0,26,bus_khatura_bazar,
bus_mn6,0,27,bus_jamdani,
bus_mn6,0,28,bus_madhusankati,
bus_mn6,0,29,bus_gazna_bazar,
bus_mn6,0,30,bus_boldeghata,
bus_mn6,0,31,bus_sutia,
bus_mn6,0,32,bus_panchpota,
bus_mn6,0,33,bus_acharipara,
bus_mn6,0,34,bus_purandarpur,
bus_mn6,0,35,bus_banstala,
bus_mn6,0,36,bus_beri_gopalpur,
bus_mn6,1,1,bus_beri_gopalpur,
bus_mn6,1,2,bus_banstala,
bus_mn6,1,3,bus_purandarpur,
bus_mn6,1,4,bus_acharipara,
bus_mn6,1,5,bus_panchpota,
bus_mn6,1,6,bus_sutia,
bus_mn6,1,7,bus_boldeghata,
bus_mn6,1,8,bus_gazna_bazar,
bus_mn6,1,9,bus_madhusankati,
bus_mn6,1,10,bus_jamdani,
bus_mn6,1,11,bus_khatura_bazar,
bus_mn6,1,12,bus_gobardanga_bazar,
bus_mn6,1,13,bus_nakpul,
bus_mn6,1,14,bus_jamtala_boropole,
bus_mn6,1,15,bus_bergum,
bus_mn6,1,16,bus_sanpukur_bazar,
bus_mn6,1,17,bus_chongda_more,
bus_mn6,1,18,bus_saptapally_more,
bus_mn6,1,19,bus_joygachhi,
bus_mn6,1,20,bus_habra_station,
bus_mn6,1,21,bus_manasabari_bazar,
bus_mn6,1,22,bus_radha_chemical_more,
bus_mn6,1,23,bus_kalyangarh_more,
bus_mn6,1,24,bus_kachua_more,
bus_mn6,1,25,bus_ashoknagar_chowrangi,
bus_mn6,1,26,bus_8_no_kalibari_more,
bus_mn6,1,27,bus_sherpur_kalibari,
bus_mn6,1,28,bus_ashoknagar_railgate,
bus_mn6,1,29,bus_khosdelpur,
bus_mn6,1,30,bus_guma_chowmatha,
bus_mn6,1,31,bus_bira_chowmatha,
bus_mn6,1,32,bus_joypul_bazar,
bus_mn6,1,33,bus_duttapukur,
bus_mn6,1,34,bus_bamangachi,
bus_mn6,1,35,bus_kazipara_railgate,
bus_mn6,1,36,bus_barasat_titumir_bus_stand,
bus_e43,0,1,bus_howrah_station,
bus_e43,0,2,bus_howrah_maidan,
bus_e43,0,3,bus_kadamtala,
bus_e43,0,4,bus_shanpur,
bus_e43,0,5,bus_dasnagar,
bus_e43,0,6,bus_japani_gate,
bus_e43,0,7,bus_bankra,
bus_e43,0,8,bus_salap,
bus_e43,0,9,bus_nibra_crossing,
bus_e43,0,10,bus_ankurhati,
bus_e43,0,11,bus_alampur,
bus_e43,0,12,bus_dhulagarh,
bus_e43,0,13,bus_ranihati,
bus_e43,0,14,bus_gabberia,
bus_e43,0,15,bus_manikpir,
bus_e43,0,16,bus_bhandargacha,
bus_e43,0,17,bus_kaltala,
bus_e43,0,18,bus_amta,
bus_e43,0,19,bus_betai_bandar_more,
bus_e43,0,20,bus_khorop,
bus_e43,0,21,bus_sehagori_more,
bus_e43,0,22,bus_thaliya,
bus_e43,0,23,bus_nischintapur,
bus_e43,0,24,bus_binala,
bus_e43,0,25,bus_manashatala,
bus_e43,0,26,bus_shaoraberia,
bus_e43,0,27,bus_barda,
bus_e43,0,28,bus_chitrasenpur,
bus_e43,0,29,bus_kumarchak,
bus_e43,0,30,bus_purpat,
bus_e43,0,31,bus_rajapur,
bus_e43,0,32,bus_udainarayanpur,
bus_e43,0,33,bus_kurchi,
bus_e43,0,34,bus_al_ameen_mission,
bus_e43,0,35,bus_lebutala,
bus_e43,0,36,bus_dihibhurshut,
bus_e43,1,1,bus_dihibhurshut,
bus_e43,1,2,bus_lebutala,
bus_e43,1,3,bus_al_ameen_mission,
bus_e43,1,4,bus_kurchi,
bus_e43,1,5,bus_udainarayanpur,
bus_e43,1,6,bus_rajapur,
bus_e43,1,7,bus_purpat,
bus_e43,1,8,bus_kumarchak,
bus_e43,1,9,bus_chitrasenpur,
bus_e43,1,10,bus_barda,
bus_e43,1,11,bus_shaoraberia,
bus_e43,1,12,bus_manashatala,
bus_e43,1,13,bus_binala,
bus_e43,1,14,bus_nischintapur,
bus_e43,1,15,bus_thaliya,
bus_e43,1,16,bus_sehagori_more,
bus_e43,1,17,bus_khorop,
bus_e43,1,18,bus_betai_bandar_more,
bus_e43,1,19,bus_amta,
bus_e43,1,20,bus_kaltala,
bus_e43,1,21,bus_bhandargacha,
bus_e43,1,22,bus_manikpir,
bus_e43,1,23,bus_gabberia,
bus_e43,1,24,bus_ranihati,
bus_e43,1,25,bus_dhulagarh,
bus_e43,1,26,bus_alampur,
bus_e43,1,27,bus_ankurhati,
bus_e43,1,28,bus_nibra_crossing,
bus_e43,1,29,bus_salap,
bus_e43,1,30,bus_bankra,
bus_e43,1,31,bus_japani_gate,
bus_e43,1,32,bus_dasnagar,
bus_e43,1,33,bus_shanpur,
bus_e43,1,34,bus_kadamtala,
bus_e43,1,35,bus_howrah_maidan,
bus_e43,1,36,bus_howrah_station,
bus_e53,0,1,bus_howrah_station,
bus_e53,0,2,bus_howrah_maidan,
bus_e53,0,3,bus_kadamtala,
bus_e53,0,4,bus_shanpur,
bus_e53,0,5,bus_dasnagar,
bus_e53,0,6,bus_japani_gate,
bus_e53,0,7,bus_bankra,
bus_e53,0,8,bus_salap,
bus_e53,0,9,bus_nibra_crossing,
bus_e53,0,10,bus_ankurhati,
bus_e53,0,11,bus_alampur,
bus_e53,0,12,bus_dhulagarh,
bus_e53,0,13,bus_ranihati,
bus_e53,0,14,bus_gabberia,
bus_e53,0,15,bus_manikpir,
bus_e53,0,16,bus_bhandargacha,
bus_e53,0,17,bus_kaltala,
bus_e53,0,18,bus_amta,
bus_e53,0,19,bus_betai_bandar_more,
bus_e53,0,20,bus_jayanti,
bus_e53,0,21,bus_paschim_gazipur,
bus_e53,0,22,bus_tikiapara,
bus_e53,0,23,bus_fansitala,
bus_e53,0,24,bus_narit,
bus_e53,1,1,bus_narit,
bus_e53,1,2,bus_fansitala,
bus_e53,1,3,bus_tikiapara,
bus_e53,1,4,bus_paschim_gazipur,
bus_e53,1,5,bus_jayanti,
bus_e53,1,6,bus_betai_bandar_more,
bus_e53,1,7,bus_amta,
bus_e53,1,8,bus_kaltala,
bus_e53,1,9,bus_bhandargacha,
bus_e53,1,10,bus_manikpir,
bus_e53,1,11,bus_gabberia,
bus_e53,1,12,bus_ranihati,
bus_e53,1,13,bus_dhulagarh,
bus_e53,1,14,bus_alampur,
bus_e53,1,15,bus_ankurhati,
bus_e53,1,16,bus_nibra_crossing,
bus_e53,1,17,bus_salap,
bus_e53,1,18,bus_bankra,
bus_e53,1,19,bus_japani_gate,
bus_e53,1,20,bus_dasnagar,
bus_e53,1,21,bus_shanpur,
bus_e53,1,22,bus_kadamtala,
bus_e53,1,23,bus_howrah_maidan,
bus_e53,1,24,bus_howrah_station,
bus_sta_amta_airport,0,1,bus_amta,
bus_sta_amta_airport,0,2,bus_chakhna,
bus_sta_amta_airport,0,3,bus_kalatala,
bus_sta_amta_airport,0,4,bus_asuttola,
bus_sta_amta_airport,0,5,bus_vandergacha,
bus_sta_amta_airport,0,6,bus_10_no_pole,
bus_sta_amta_airport,0,7,bus_manikpir_bazar,
bus_sta_amta_airport,0,8,bus_jala_biswanathpur,
bus_sta_amta_airport,0,9,bus_dhulorbandh,
bus_sta_amta_airport,0,10,bus_gabberia,
bus_sta_amta_airport,0,11,bus_mallikbagan,
bus_sta_amta_airport,0,12,bus_ranihati,
bus_sta_amta_airport,0,13,bus_dhulagarh,
bus_sta_amta_airport,0,14,bus_alampur,
bus_sta_amta_airport,0,15,bus_jalan_complex,
bus_sta_amta_airport,0,16,bus_ankurhati,
bus_sta_amta_airport,0,17,bus_kona_expressway_crossing_nibra,
bus_sta_amta_airport,0,18,bus_salap,
bus_sta_amta_airport,0,19,bus_kona_high_road,
bus_sta_amta_airport,0,20,bus_joypur_bill,
bus_sta_amta_airport,0,21,bus_bamondanga,
bus_sta_amta_airport,0,22,bus_thakuranichak_kalitala,
bus_sta_amta_airport,0,23,bus_rajchandrapur,
bus_sta_amta_airport,0,24,bus_sahebbagan,
bus_sta_amta_airport,0,25,bus_bally_halt_station,
bus_sta_amta_airport,0,26,bus_bally_bridge,
bus_sta_amta_airport,0,27,bus_dakshineswar,
bus_sta_amta_airport,0,28,bus_dunlop_baranagar_road_station,
bus_sta_amta_airport,0,29,bus_pramodnagar_mathkal,
bus_sta_amta_airport,0,30,bus_durganagar,
bus_sta_amta_airport,0,31,bus_belgharia_expressway,
bus_sta_amta_airport,0,32,bus_airport_3_no_gate,
bus_sta_amta_airport,0,33,bus_airport_2_no_gate,
bus_sta_amta_airport,0,34,bus_airport_1_no_gate,
bus_sta_amta_airport,0,35,bus_airport,
bus_sta_amta_airport,1,1,bus_airport,
bus_sta_amta_airport,1,2,bus_airport_1_no_gate,
bus_sta_amta_airport,1,3,bus_airport_2_no_gate,
bus_sta_amta_airport,1,4,bus_airport_3_no_gate,
bus_sta_amta_airport,1,5,bus_belgharia_expressway,
bus_sta_amta_airport,1,6,bus_durganagar,
bus_sta_amta_airport,1,7,bus_pramodnagar_mathkal,
bus_sta_amta_airport,1,8,bus_dunlop_baranagar_road_station,
bus_sta_amta_airport,1,9,bus_dakshineswar,
bus_sta_amta_airport,1,10,bus_bally_bridge,
bus_sta_amta_airport,1,11,bus_bally_halt_station,
bus_sta_amta_airport,1,12,bus_sahebbagan,
bus_sta_amta_airport,1,13,bus_rajchandrapur,
bus_sta_amta_airport,1,14,bus_thakuranichak_kalitala,
bus_sta_amta_airport,1,15,bus_bamondanga,
bus_sta_amta_airport,1,16,bus_joypur_bill,
bus_sta_amta_airport,1,17,bus_kona_high_road,
bus_sta_amta_airport,1,18,bus_salap,
bus_sta_amta_airport,1,19,bus_kona_expressway_crossing_nibra,
bus_sta_amta_airport,1,20,bus_ankurhati,
bus_sta_amta_airport,1,21,bus_jalan_complex,
bus_sta_amta_airport,1,22,bus_alampur,
bus_sta_amta_airport,1,23,bus_dhulagarh,
bus_sta_amta_airport,1,24,bus_ranihati,
bus_sta_amta_airport,1,25,bus_mallikbagan,
bus_sta_amta_airport,1,26,bus_gabberia,
bus_sta_amta_airport,1,27,bus_dhulorbandh,
bus_sta_amta_airport,1,28,bus_jala_biswanathpur,
bus_sta_amta_airport,1,29,bus_manikpir_bazar,
bus_sta_amta_airport,1,30,bus_10_no_pole,
bus_sta_amta_airport,1,31,bus_vandergacha,
bus_sta_amta_airport,1,32,bus_asuttola,
bus_sta_amta_airport,1,33,bus_kalatala,
bus_sta_amta_airport,1,34,bus_chakhna,
bus_sta_amta_airport,1,35,bus_amta,
bus_sta_amta_mukundapur,0,1,bus_amta,
bus_sta_amta_mukundapur,0,2,bus_chakhna,
bus_sta_amta_mukundapur,0,3,bus_kalatala,
bus_sta_amta_mukundapur,0,4,bus_asuttola,
bus_sta_amta_mukundapur,0,5,bus_vandergacha,
bus_sta_amta_mukundapur,0,6,bus_10_no_pole,
bus_sta_amta_mukundapur,0,7,bus_manikpir_bazar,
bus_sta_amta_mukundapur,0,8,bus_jala_biswanathpur,
bus_sta_amta_mukundapur,0,9,bus_dhulorbandh,
bus_sta_amta_mukundapur,0,10,bus_gabberia,
bus_sta_amta_mukundapur,0,11,bus_mallikbagan,
bus_sta_amta_mukundapur,0,12,bus_ranihati,
bus_sta_amta_mukundapur,0,13,bus_dhulagarh,
bus_sta_amta_mukundapur,0,14,bus_alampur,
bus_sta_amta_mukundapur,0,15,bus_jalan_complex,
bus_sta_amta_mukundapur,0,16,bus_ankurhati,
bus_sta_amta_mukundapur,0,17,bus_kona_expressway_crossing_nibra,
bus_sta_amta_mukundapur,0,18,bus_unsani,
bus_sta_amta_mukundapur,0,19,bus_santragachi_station,
bus_sta_amta_mukundapur,0,20,bus_belepole,
bus_sta_amta_mukundapur,0,21,bus_carry_road,
bus_sta_amta_mukundapur,0,22,bus_shibpur_toll_plaza,
bus_sta_amta_mukundapur,0,23,bus_vidyasagar_setu,
bus_sta_amta_mukundapur,0,24,bus_pts,
bus_sta_amta_mukundapur,0,25,bus_pg_hospital,
bus_sta_amta_mukundapur,0,26,bus_rabindra_sadan_exide_more,
bus_sta_amta_mukundapur,0,27,bus_minto_park,
bus_sta_amta_mukundapur,0,28,bus_park_circus,
bus_sta_amta_mukundapur,0,29,bus_4no_bridge,
bus_sta_amta_mukundapur,0,30,bus_topsia,
bus_sta_amta_mukundapur,0,31,bus_science_city,
bus_sta_amta_mukundapur,0,32,bus_vip_bazar,
bus_sta_amta_mukundapur,0,33,bus_ruby_hospital,
bus_sta_amta_mukundapur,0,34,bus_kalikapur,
bus_sta_amta_mukundapur,0,35,bus_mukundapur,
bus_sta_amta_mukundapur,1,1,bus_mukundapur,
bus_sta_amta_mukundapur,1,2,bus_kalikapur,
bus_sta_amta_mukundapur,1,3,bus_ruby_hospital,
bus_sta_amta_mukundapur,1,4,bus_vip_bazar,
bus_sta_amta_mukundapur,1,5,bus_science_city,
bus_sta_amta_mukundapur,1,6,bus_topsia,
bus_sta_amta_mukundapur,1,7,bus_4no_bridge,
bus_sta_amta_mukundapur,1,8,bus_park_circus,
bus_sta_amta_mukundapur,1,9,bus_minto_park,
bus_sta_amta_mukundapur,1,10,bus_rabindra_sadan_exide_more,
bus_sta_amta_mukundapur,1,11,bus_pg_hospital,
bus_sta_amta_mukundapur,1,12,bus_pts,
bus_sta_amta_mukundapur,1,13,bus_vidyasagar_setu,
bus_sta_amta_mukundapur,1,14,bus_shibpur_toll_plaza,
bus_sta_amta_mukundapur,1,15,bus_carry_road,
bus_sta_amta_mukundapur,1,16,bus_belepole,
bus_sta_amta_mukundapur,1,17,bus_santragachi_station,
bus_sta_amta_mukundapur,1,18,bus_unsani,
bus_sta_amta_mukundapur,1,19,bus_kona_expressway_crossing_nibra,
bus_sta_amta_mukundapur,1,20,bus_ankurhati,
bus_sta_amta_mukundapur,1,21,bus_jalan_complex,
bus_sta_amta_mukundapur,1,22,bus_alampur,
bus_sta_amta_mukundapur,1,23,bus_dhulagarh,
bus_sta_amta_mukundapur,1,24,bus_ranihati,
bus_sta_amta_mukundapur,1,25,bus_mallikbagan,
bus_sta_amta_mukundapur,1,26,bus_gabberia,
bus_sta_amta_mukundapur,1,27,bus_dhulorbandh,
bus_sta_amta_mukundapur,1,28,bus_jala_biswanathpur,
bus_sta_amta_mukundapur,1,29,bus_manikpir_bazar,
bus_sta_amta_mukundapur,1,30,bus_10_no_pole,
bus_sta_amta_mukundapur,1,31,bus_vandergacha,
bus_sta_amta_mukundapur,1,32,bus_asuttola,
bus_sta_amta_mukundapur,1,33,bus_kalatala,
bus_sta_amta_mukundapur,1,34,bus_chakhna,
bus_sta_amta_mukundapur,1,35,bus_amta,
bus_sta_amta_newtown,0,1,bus_amta,
bus_sta_amta_newtown,0,2,bus_chakhna,
bus_sta_amta_newtown,0,3,bus_kalatala,
bus_sta_amta_newtown,0,4,bus_asuttola,
bus_sta_amta_newtown,0,5,bus_vandergacha,
bus_sta_amta_newtown,0,6,bus_10_no_pole,
bus_sta_amta_newtown,0,7,bus_manikpir_bazar,
bus_sta_amta_newtown,0,8,bus_jala_biswanathpur,
bus_sta_amta_newtown,0,9,bus_dhulorbandh,
bus_sta_amta_newtown,0,10,bus_gabberia,
bus_sta_amta_newtown,0,11,bus_mallikbagan,
bus_sta_amta_newtown,0,12,bus_ranihati,
bus_sta_amta_newtown,0,13,bus_dhulagarh,
bus_sta_amta_newtown,0,14,bus_alampur,
bus_sta_amta_newtown,0,15,bus_jalan_complex,
bus_sta_amta_newtown,0,16,bus_ankurhati,
bus_sta_amta_newtown,0,17,bus_kona_expressway_crossing_nibra,
bus_sta_amta_newtown,0,18,bus_unsani,
bus_sta_amta_newtown,0,19,bus_santragachi,
bus_sta_amta_newtown,0,20,bus_belepole,
bus_sta_amta_newtown,0,21,bus_carry_road,
bus_sta_amta_newtown,0,22,bus_shibpur_toll_plaza,
bus_sta_amta_newtown,0,23,bus_vidyasagar_setu,
bus_sta_amta_newtown,0,24,bus_pts,
bus_sta_amta_newtown,0,25,bus_pg_hospital,
bus_sta_amta_newtown,0,26,bus_rabindra_sadan,
bus_sta_amta_newtown,0,27,bus_exide,
bus_sta_amta_newtown,0,28,bus_minto_park,
bus_sta_amta_newtown,0,29,bus_park_circus,
bus_sta_amta_newtown,0,30,bus_4no_bridge,
bus_sta_amta_newtown,0,31,bus_topsia,
bus_sta_amta_newtown,0,32,bus_science_city,
bus_sta_amta_newtown,0,33,bus_em_bypass,
bus_sta_amta_newtown,0,34,bus_chingrighata,
bus_sta_amta_newtown,0,35,bus_building_more,
bus_sta_amta_newtown,0,36,bus_nicco_park,
bus_sta_amta_newtown,0,37,bus_college_more,
bus_sta_amta_newtown,0,38,bus_philips_more,
bus_sta_amta_newtown,0,39,bus_technopolis,
bus_sta_amta_newtown,0,40,bus_newtown,
bus_sta_amta_newtown,0,41,bus_narkelbagan,
bus_sta_amta_newtown,0,42,bus_tata_cancer_hospital,
bus_sta_amta_newtown,0,43,bus_newtown,
bus_sta_amta_newtown,1,1,bus_newtown,
bus_sta_amta_newtown,1,2,bus_tata_cancer_hospital,
bus_sta_amta_newtown,1,3,bus_narkelbagan,
bus_sta_amta_newtown,1,4,bus_newtown,
bus_sta_amta_newtown,1,5,bus_technopolis,
bus_sta_amta_newtown,1,6,bus_philips_more,
bus_sta_amta_newtown,1,7,bus_college_more,
bus_sta_amta_newtown,1,8,bus_nicco_park,
bus_sta_amta_newtown,1,9,bus_building_more,
bus_sta_amta_newtown,1,10,bus_chingrighata,
bus_sta_amta_newtown,1,11,bus_em_bypass,
bus_sta_amta_newtown,1,12,bus_science_city,
bus_sta_amta_newtown,1,13,bus_topsia,
bus_sta_amta_newtown,1,14,bus_4no_bridge,
bus_sta_amta_newtown,1,15,bus_park_circus,
bus_sta_amta_newtown,1,16,bus_minto_park,
bus_sta_amta_newtown,1,17,bus_exide,
bus_sta_amta_newtown,1,18,bus_rabindra_sadan,
bus_sta_amta_newtown,1,19,bus_pg_hospital,
bus_sta_amta_newtown,1,20,bus_pts,
bus_sta_amta_newtown,1,21,bus_vidyasagar_setu,
bus_sta_amta_newtown,1,22,bus_shibpur_toll_plaza,
bus_sta_amta_newtown,1,23,bus_carry_road,
bus_sta_amta_newtown,1,24,bus_belepole,
bus_sta_amta_newtown,1,25,bus_santragachi,
bus_sta_amta_newtown,1,26,bus_unsani,
bus_sta_amta_newtown,1,27,bus_kona_expressway_crossing_nibra,
bus_sta_amta_newtown,1,28,bus_ankurhati,
bus_sta_amta_newtown,1,29,bus_jalan_complex,
bus_sta_amta_newtown,1,30,bus_alampur,
bus_sta_amta_newtown,1,31,bus_dhulagarh,
bus_sta_amta_newtown,1,32,bus_ranihati,
bus_sta_amta_newtown,1,33,bus_mallikbagan,
bus_sta_amta_newtown,1,34,bus_gabberia,
bus_sta_amta_newtown,1,35,bus_dhulorbandh,
bus_sta_amta_newtown,1,36,bus_jala_biswanathpur,
bus_sta_amta_newtown,1,37,bus_manikpir_bazar,
bus_sta_amta_newtown,1,38,bus_10_no_pole,
bus_sta_amta_newtown,1,39,bus_vandergacha,
bus_sta_amta_newtown,1,40,bus_asuttola,
bus_sta_amta_newtown,1,41,bus_kalatala,
bus_sta_amta_newtown,1,42,bus_chakhna,
bus_sta_amta_newtown,1,43,bus_amta,
bus_sta_bagnan_ecospace,0,1,bus_bagnan,
bus_sta_bagnan_ecospace,0,2,bus_bagnan_thana_more,
bus_sta_bagnan_ecospace,0,3,bus_bagnan_library_more,
bus_sta_bagnan_ecospace,0,4,bus_madhabpur,
bus_sta_bagnan_ecospace,0,5,bus_om_dayal,
bus_sta_bagnan_ecospace,0,6,bus_uluberia,
bus_sta_bagnan_ecospace,0,7,bus_decathlon,
bus_sta_bagnan_ecospace,0,8,bus_panchla,
bus_sta_bagnan_ecospace,0,9,bus_ranihati,
bus_sta_bagnan_ecospace,0,10,bus_dhulagarh,
bus_sta_bagnan_ecospace,0,11,bus_alampur,
bus_sta_bagnan_ecospace,0,12,bus_kona_expressway_more,
bus_sta_bagnan_ecospace,0,13,bus_salap,
bus_sta_bagnan_ecospace,0,14,bus_kona,
bus_sta_bagnan_ecospace,0,15,bus_rajchandrapur,
bus_sta_bagnan_ecospace,0,16,bus_ballyhalt,
bus_sta_bagnan_ecospace,0,17,bus_dakshineswar,
bus_sta_bagnan_ecospace,0,18,bus_dunlop,
bus_sta_bagnan_ecospace,0,19,bus_sinthi,
bus_sta_bagnan_ecospace,0,20,bus_chiria_more,
bus_sta_bagnan_ecospace,0,21,bus_shyambazar,
bus_sta_bagnan_ecospace,0,22,bus_khanna,
bus_sta_bagnan_ecospace,0,23,bus_ultadanga,
bus_sta_bagnan_ecospace,0,24,bus_city_centre,
bus_sta_bagnan_ecospace,0,25,bus_karunamoyee,
bus_sta_bagnan_ecospace,0,26,bus_wipro,
bus_sta_bagnan_ecospace,0,27,bus_college_more,
bus_sta_bagnan_ecospace,0,28,bus_technopolis,
bus_sta_bagnan_ecospace,0,29,bus_newtown,
bus_sta_bagnan_ecospace,0,30,bus_narkelbagan,
bus_sta_bagnan_ecospace,0,31,bus_unitech,
bus_sta_bagnan_ecospace,0,32,bus_ecospace,
bus_sta_bagnan_ecospace,1,1,bus_ecospace,
bus_sta_bagnan_ecospace,1,2,bus_unitech,
bus_sta_bagnan_ecospace,1,3,bus_narkelbagan,
bus_sta_bagnan_ecospace,1,4,bus_newtown,
bus_sta_bagnan_ecospace,1,5,bus_technopolis,
bus_sta_bagnan_ecospace,1,6,bus_college_more,
bus_sta_bagnan_ecospace,1,7,bus_wipro,
bus_sta_bagnan_ecospace,1,8,bus_karunamoyee,
bus_sta_bagnan_ecospace,1,9,bus_city_centre,
bus_sta_bagnan_ecospace,1,10,bus_ultadanga,
bus_sta_bagnan_ecospace,1,11,bus_khanna,
bus_sta_bagnan_ecospace,1,12,bus_shyambazar,
bus_sta_bagnan_ecospace,1,13,bus_chiria_more,
bus_sta_bagnan_ecospace,1,14,bus_sinthi,
bus_sta_bagnan_ecospace,1,15,bus_dunlop,
bus_sta_bagnan_ecospace,1,16,bus_dakshineswar,
bus_sta_bagnan_ecospace,1,17,bus_ballyhalt,
bus_sta_bagnan_ecospace,1,18,bus_rajchandrapur,
bus_sta_bagnan_ecospace,1,19,bus_kona,
bus_sta_bagnan_ecospace,1,20,bus_salap,
bus_sta_bagnan_ecospace,1,21,bus_kona_expressway_more,
bus_sta_bagnan_ecospace,1,22,bus_alampur,
bus_sta_bagnan_ecospace,1,23,bus_dhulagarh,
bus_sta_bagnan_ecospace,1,24,bus_ranihati,
bus_sta_bagnan_ecospace,1,25,bus_panchla,
bus_sta_bagnan_ecospace,1,26,bus_decathlon,
bus_sta_bagnan_ecospace,1,27,bus_uluberia,
bus_sta_bagnan_ecospace,1,28,bus_om_dayal,
bus_sta_bagnan_ecospace,1,29,bus_madhabpur,
bus_sta_bagnan_ecospace,1,30,bus_bagnan_library_more,
bus_sta_bagnan_ecospace,1,31,bus_bagnan_thana_more,
bus_sta_bagnan_ecospace,1,32,bus_bagnan,
bus_sta_bally_halt_saltlake_karunamoyee,0,1,bus_ballyhalt,
bus_sta_bally_halt_saltlake_karunamoyee,0,2,bus_ballyghat,
bus_sta_bally_halt_saltlake_karunamoyee,0,3,bus_dakshineswar,
bus_sta_bally_halt_saltlake_karunamoyee,0,4,bus_dunlop_bridge,
bus_sta_bally_halt_saltlake_karunamoyee,0,5,bus_baranagar_road_station,
bus_sta_bally_halt_saltlake_karunamoyee,0,6,bus_prafulla_nagar,
bus_sta_bally_halt_saltlake_karunamoyee,0,7,bus_pramodnagar,
bus_sta_bally_halt_saltlake_karunamoyee,0,8,bus_mathkol,
bus_sta_bally_halt_saltlake_karunamoyee,0,9,bus_durganagar,
bus_sta_bally_halt_saltlake_karunamoyee,0,10,bus_belghoria_expressway,
bus_sta_bally_halt_saltlake_karunamoyee,0,11,bus_airport_gate_3,
bus_sta_bally_halt_saltlake_karunamoyee,0,12,bus_airport_gate_1,
bus_sta_bally_halt_saltlake_karunamoyee,0,13,bus_kaikhali,
bus_sta_bally_halt_saltlake_karunamoyee,0,14,bus_chinar_park,
bus_sta_bally_halt_saltlake_karunamoyee,0,15,bus_city_center_2,
bus_sta_bally_halt_saltlake_karunamoyee,0,16,bus_noapara,
bus_sta_bally_halt_saltlake_karunamoyee,0,17,bus_akanksha_more,
bus_sta_bally_halt_saltlake_karunamoyee,0,18,bus_nawabpur,
bus_sta_bally_halt_saltlake_karunamoyee,0,19,bus_eco_tourism_park,
bus_sta_bally_halt_saltlake_karunamoyee,0,20,bus_westin,
bus_sta_bally_halt_saltlake_karunamoyee,0,21,bus_aliah_university,
bus_sta_bally_halt_saltlake_karunamoyee,0,22,bus_ecospace,
bus_sta_bally_halt_saltlake_karunamoyee,0,23,bus_tata_medical_center,
bus_sta_bally_halt_saltlake_karunamoyee,0,24,bus_unitech,
bus_sta_bally_halt_saltlake_karunamoyee,0,25,bus_narkelbagan,
bus_sta_bally_halt_saltlake_karunamoyee,0,26,bus_rabindra_tirtha,
bus_sta_bally_halt_saltlake_karunamoyee,0,27,bus_newtown,
bus_sta_bally_halt_saltlake_karunamoyee,0,28,bus_home_town,
bus_sta_bally_halt_saltlake_karunamoyee,0,29,bus_nazrul_tirtha,
bus_sta_bally_halt_saltlake_karunamoyee,0,30,bus_eastern_club,
bus_sta_bally_halt_saltlake_karunamoyee,0,31,bus_mahishbathan,
bus_sta_bally_halt_saltlake_karunamoyee,0,32,bus_nabadiganta_bus_terminus,
bus_sta_bally_halt_saltlake_karunamoyee,0,33,bus_ring_road,
bus_sta_bally_halt_saltlake_karunamoyee,0,34,bus_godrej_waterside,
bus_sta_bally_halt_saltlake_karunamoyee,0,35,bus_gp_block,
bus_sta_bally_halt_saltlake_karunamoyee,0,36,bus_fire_brigade,
bus_sta_bally_halt_saltlake_karunamoyee,0,37,bus_sdf,
bus_sta_bally_halt_saltlake_karunamoyee,0,38,bus_wipro,
bus_sta_bally_halt_saltlake_karunamoyee,0,39,bus_tank_no_10,
bus_sta_bally_halt_saltlake_karunamoyee,0,40,bus_saltlake_karunamoyee,
bus_sta_bally_halt_saltlake_karunamoyee,1,1,bus_saltlake_karunamoyee,
bus_sta_bally_halt_saltlake_karunamoyee,1,2,bus_tank_no_10,
bus_sta_bally_halt_saltlake_karunamoyee,1,3,bus_wipro,
bus_sta_bally_halt_saltlake_karunamoyee,1,4,bus_sdf,
bus_sta_bally_halt_saltlake_karunamoyee,1,5,bus_fire_brigade,
bus_sta_bally_halt_saltlake_karunamoyee,1,6,bus_gp_block,
bus_sta_bally_halt_saltlake_karunamoyee,1,7,bus_godrej_waterside,
bus_sta_bally_halt_saltlake_karunamoyee,1,8,bus_ring_road,
bus_sta_bally_halt_saltlake_karunamoyee,1,9,bus_nabadiganta_bus_terminus,
bus_sta_bally_halt_saltlake_karunamoyee,1,10,bus_mahishbathan,
bus_sta_bally_halt_saltlake_karunamoyee,1,11,bus_eastern_club,
bus_sta_bally_halt_saltlake_karunamoyee,1,12,bus_nazrul_tirtha,
bus_sta_bally_halt_saltlake_karunamoyee,1,13,bus_home_town,
bus_sta_bally_halt_saltlake_karunamoyee,1,14,bus_newtown,
bus_sta_bally_halt_saltlake_karunamoyee,1,15,bus_rabindra_tirtha,
bus_sta_bally_halt_saltlake_karunamoyee,1,16,bus_narkelbagan,
bus_sta_bally_halt_saltlake_karunamoyee,1,17,bus_unitech,
bus_sta_bally_halt_saltlake_karunamoyee,1,18,bus_tata_medical_center,
bus_sta_bally_halt_saltlake_karunamoyee,1,19,bus_ecospace,
bus_sta_bally_halt_saltlake_karunamoyee,1,20,bus_aliah_university,
bus_sta_bally_halt_saltlake_karunamoyee,1,21,bus_westin,
bus_sta_bally_halt_saltlake_karunamoyee,1,22,bus_eco_tourism_park,
bus_sta_bally_halt_saltlake_karunamoyee,1,23,bus_nawabpur,
bus_sta_bally_halt_saltlake_karunamoyee,1,24,bus_akanksha_more,
bus_sta_bally_halt_saltlake_karunamoyee,1,25,bus_noapara,
bus_sta_bally_halt_saltlake_karunamoyee,1,26,bus_city_center_2,
bus_sta_bally_halt_saltlake_karunamoyee,1,27,bus_chinar_park,
bus_sta_bally_halt_saltlake_karunamoyee,1,28,bus_kaikhali,
bus_sta_bally_halt_saltlake_karunamoyee,1,29,bus_airport_gate_1,
bus_sta_bally_halt_saltlake_karunamoyee,1,30,bus_airport_gate_3,
bus_sta_bally_halt_saltlake_karunamoyee,1,31,bus_belghoria_expressway,
bus_sta_bally_halt_saltlake_karunamoyee,1,32,bus_durganagar,
bus_sta_bally_halt_saltlake_karunamoyee,1,33,bus_mathkol,
bus_sta_bally_halt_saltlake_karunamoyee,1,34,bus_pramodnagar,
bus_sta_bally_halt_saltlake_karunamoyee,1,35,bus_prafulla_nagar,
bus_sta_bally_halt_saltlake_karunamoyee,1,36,bus_baranagar_road_station,
bus_sta_bally_halt_saltlake_karunamoyee,1,37,bus_dunlop_bridge,
bus_sta_bally_halt_saltlake_karunamoyee,1,38,bus_dakshineswar,
bus_sta_bally_halt_saltlake_karunamoyee,1,39,bus_ballyghat,
bus_sta_bally_halt_saltlake_karunamoyee,1,40,bus_ballyhalt,
bus_sta_bandar_howrah_station,0,1,bus_bandar,
bus_sta_bandar_howrah_station,0,2,bus_ghoshpur,
bus_sta_bandar_howrah_station,0,3,bus_gourhati,
bus_sta_bandar_howrah_station,0,4,bus_arambagh,
bus_sta_bandar_howrah_station,0,5,bus_purshura,
bus_sta_bandar_howrah_station,0,6,bus_champadanga,
bus_sta_bandar_howrah_station,0,7,bus_gajar_more,
bus_sta_bandar_howrah_station,0,8,bus_shiakhala,
bus_sta_bandar_howrah_station,0,9,bus_chanditala,
bus_sta_bandar_howrah_station,0,10,bus_dankuni,
bus_sta_bandar_howrah_station,0,11,bus_salap,
bus_sta_bandar_howrah_station,0,12,bus_kona_expressway,
bus_sta_bandar_howrah_station,0,13,bus_santragachi,
bus_sta_bandar_howrah_station,0,14,bus_belepole,
bus_sta_bandar_howrah_station,0,15,bus_howrah_maidan,
bus_sta_bandar_howrah_station,0,16,bus_howrah_station,
bus_sta_bandar_howrah_station,1,1,bus_howrah_station,
bus_sta_bandar_howrah_station,1,2,bus_howrah_maidan,
bus_sta_bandar_howrah_station,1,3,bus_belepole,
bus_sta_bandar_howrah_station,1,4,bus_santragachi,
bus_sta_bandar_howrah_station,1,5,bus_kona_expressway,
bus_sta_bandar_howrah_station,1,6,bus_salap,
bus_sta_bandar_howrah_station,1,7,bus_dankuni,
bus_sta_bandar_howrah_station,1,8,bus_chanditala,
bus_sta_bandar_howrah_station,1,9,bus_shiakhala,
bus_sta_bandar_howrah_station,1,10,bus_gajar_more,
bus_sta_bandar_howrah_station,1,11,bus_champadanga,
bus_sta_bandar_howrah_station,1,12,bus_purshura,
bus_sta_bandar_howrah_station,1,13,bus_arambagh,
bus_sta_bandar_howrah_station,1,14,bus_gourhati,
bus_sta_bandar_howrah_station,1,15,bus_ghoshpur,
bus_sta_bandar_howrah_station,1,16,bus_bandar,
bus_sta_barasat_santragachi_newtown_version,0,1,bus_barasat,
bus_sta_barasat_santragachi_newtown_version,0,2,bus_dakbunglow_more,
bus_sta_barasat_santragachi_newtown_version,0,3,bus_hridaypur,
bus_sta_barasat_santragachi_newtown_version,0,4,bus_madhyamgram_chowmatha,
bus_sta_barasat_santragachi_newtown_version,0,5,bus_b_t_college,
bus_sta_barasat_santragachi_newtown_version,0,6,bus_gouripur,
bus_sta_barasat_santragachi_newtown_version,0,7,bus_airport,
bus_sta_barasat_santragachi_newtown_version,0,8,bus_kaikhali,
bus_sta_barasat_santragachi_newtown_version,0,9,bus_chinar_park,
bus_sta_barasat_santragachi_newtown_version,0,10,bus_city_centre_2,
bus_sta_barasat_santragachi_newtown_version,0,11,bus_eco_park,
bus_sta_barasat_santragachi_newtown_version,0,12,bus_narkelbagan,
bus_sta_barasat_santragachi_newtown_version,0,13,bus_najrul_tirtha,
bus_sta_barasat_santragachi_newtown_version,0,14,bus_mahishbathan,
bus_sta_barasat_santragachi_newtown_version,0,15,bus_sector_v,
bus_sta_barasat_santragachi_newtown_version,0,16,bus_sdf,
bus_sta_barasat_santragachi_newtown_version,0,17,bus_nicco_park,
bus_sta_barasat_santragachi_newtown_version,0,18,bus_chingrighata,
bus_sta_barasat_santragachi_newtown_version,0,19,bus_mathpukur,
bus_sta_barasat_santragachi_newtown_version,0,20,bus_science_city,
bus_sta_barasat_santragachi_newtown_version,0,21,bus_topsia,
bus_sta_barasat_santragachi_newtown_version,0,22,bus_park_circus,
bus_sta_barasat_santragachi_newtown_version,0,23,bus_minto_park,
bus_sta_barasat_santragachi_newtown_version,0,24,bus_rabindra_sadan,
bus_sta_barasat_santragachi_newtown_version,0,25,bus_pts,
bus_sta_barasat_santragachi_newtown_version,0,26,bus_hastings,
bus_sta_barasat_santragachi_newtown_version,0,27,bus_toll_plaza,
bus_sta_barasat_santragachi_newtown_version,0,28,bus_carry_road,
bus_sta_barasat_santragachi_newtown_version,0,29,bus_belepole,
bus_sta_barasat_santragachi_newtown_version,0,30,bus_santragachi_newtown_version,
bus_sta_barasat_santragachi_newtown_version,1,1,bus_santragachi_newtown_version,
bus_sta_barasat_santragachi_newtown_version,1,2,bus_belepole,
bus_sta_barasat_santragachi_newtown_version,1,3,bus_carry_road,
bus_sta_barasat_santragachi_newtown_version,1,4,bus_toll_plaza,
bus_sta_barasat_santragachi_newtown_version,1,5,bus_hastings,
bus_sta_barasat_santragachi_newtown_version,1,6,bus_pts,
bus_sta_barasat_santragachi_newtown_version,1,7,bus_rabindra_sadan,
bus_sta_barasat_santragachi_newtown_version,1,8,bus_minto_park,
bus_sta_barasat_santragachi_newtown_version,1,9,bus_park_circus,
bus_sta_barasat_santragachi_newtown_version,1,10,bus_topsia,
bus_sta_barasat_santragachi_newtown_version,1,11,bus_science_city,
bus_sta_barasat_santragachi_newtown_version,1,12,bus_mathpukur,
bus_sta_barasat_santragachi_newtown_version,1,13,bus_chingrighata,
bus_sta_barasat_santragachi_newtown_version,1,14,bus_nicco_park,
bus_sta_barasat_santragachi_newtown_version,1,15,bus_sdf,
bus_sta_barasat_santragachi_newtown_version,1,16,bus_sector_v,
bus_sta_barasat_santragachi_newtown_version,1,17,bus_mahishbathan,
bus_sta_barasat_santragachi_newtown_version,1,18,bus_najrul_tirtha,
bus_sta_barasat_santragachi_newtown_version,1,19,bus_narkelbagan,
bus_sta_barasat_santragachi_newtown_version,1,20,bus_eco_park,
bus_sta_barasat_santragachi_newtown_version,1,21,bus_city_centre_2,
bus_sta_barasat_santragachi_newtown_version,1,22,bus_chinar_park,
bus_sta_barasat_santragachi_newtown_version,1,23,bus_kaikhali,
bus_sta_barasat_santragachi_newtown_version,1,24,bus_airport,
bus_sta_barasat_santragachi_newtown_version,1,25,bus_gouripur,
bus_sta_barasat_santragachi_newtown_version,1,26,bus_b_t_college,
bus_sta_barasat_santragachi_newtown_version,1,27,bus_madhyamgram_chowmatha,
bus_sta_barasat_santragachi_newtown_version,1,28,bus_hridaypur,
bus_sta_barasat_santragachi_newtown_version,1,29,bus_dakbunglow_more,
bus_sta_barasat_santragachi_newtown_version,1,30,bus_barasat,
bus_sta_barasat_titumir_bus_stand_santragachi,0,1,bus_barasat_titumir_bus_stand,
bus_sta_barasat_titumir_bus_stand_santragachi,0,2,bus_dakbanglow_more,
bus_sta_barasat_titumir_bus_stand_santragachi,0,3,bus_hridaypur,
bus_sta_barasat_titumir_bus_stand_santragachi,0,4,bus_madhyamgram_chowmatha,
bus_sta_barasat_titumir_bus_stand_santragachi,0,5,bus_doltala,
bus_sta_barasat_titumir_bus_stand_santragachi,0,6,bus_b_t_college,
bus_sta_barasat_titumir_bus_stand_santragachi,0,7,bus_michael_nagar,
bus_sta_barasat_titumir_bus_stand_santragachi,0,8,bus_gouripur,
bus_sta_barasat_titumir_bus_stand_santragachi,0,9,bus_birati_more,
bus_sta_barasat_titumir_bus_stand_santragachi,0,10,bus_airport_3_no_gate,
bus_sta_barasat_titumir_bus_stand_santragachi,0,11,bus_airport_2_no_gate,
bus_sta_barasat_titumir_bus_stand_santragachi,0,12,bus_airport_1_no_gate,
bus_sta_barasat_titumir_bus_stand_santragachi,0,13,bus_kaikhali,
bus_sta_barasat_titumir_bus_stand_santragachi,0,14,bus_haldiram,
bus_sta_barasat_titumir_bus_stand_santragachi,0,15,bus_baguiati,
bus_sta_barasat_titumir_bus_stand_santragachi,0,16,bus_kestopur,
bus_sta_barasat_titumir_bus_stand_santragachi,0,17,bus_laketown_vip,
bus_sta_barasat_titumir_bus_stand_santragachi,0,18,bus_sreebhumi,
bus_sta_barasat_titumir_bus_stand_santragachi,0,19,bus_ultadanga,
bus_sta_barasat_titumir_bus_stand_santragachi,0,20,bus_em_bypass,
bus_sta_barasat_titumir_bus_stand_santragachi,0,21,bus_saltlake_stadium,
bus_sta_barasat_titumir_bus_stand_santragachi,0,22,bus_beleghata_cit_building,
bus_sta_barasat_titumir_bus_stand_santragachi,0,23,bus_chingrighata,
bus_sta_barasat_titumir_bus_stand_santragachi,0,24,bus_science_city,
bus_sta_barasat_titumir_bus_stand_santragachi,0,25,bus_topsia,
bus_sta_barasat_titumir_bus_stand_santragachi,0,26,bus_4no_bridge,
bus_sta_barasat_titumir_bus_stand_santragachi,0,27,bus_park_circus,
bus_sta_barasat_titumir_bus_stand_santragachi,0,28,bus_minto_park,
bus_sta_barasat_titumir_bus_stand_santragachi,0,29,bus_rabindra_sadan_exide_more,
bus_sta_barasat_titumir_bus_stand_santragachi,0,30,bus_pg_hospital,
bus_sta_barasat_titumir_bus_stand_santragachi,0,31,bus_pts,
bus_sta_barasat_titumir_bus_stand_santragachi,0,32,bus_vidyasagar_setu,
bus_sta_barasat_titumir_bus_stand_santragachi,0,33,bus_shibpur_toll_plaza,
bus_sta_barasat_titumir_bus_stand_santragachi,0,34,bus_carry_road,
bus_sta_barasat_titumir_bus_stand_santragachi,0,35,bus_belepol,
bus_sta_barasat_titumir_bus_stand_santragachi,0,36,bus_santragachi,
bus_sta_barasat_titumir_bus_stand_santragachi,1,1,bus_santragachi,
bus_sta_barasat_titumir_bus_stand_santragachi,1,2,bus_belepol,
bus_sta_barasat_titumir_bus_stand_santragachi,1,3,bus_carry_road,
bus_sta_barasat_titumir_bus_stand_santragachi,1,4,bus_shibpur_toll_plaza,
bus_sta_barasat_titumir_bus_stand_santragachi,1,5,bus_vidyasagar_setu,
bus_sta_barasat_titumir_bus_stand_santragachi,1,6,bus_pts,
bus_sta_barasat_titumir_bus_stand_santragachi,1,7,bus_pg_hospital,
bus_sta_barasat_titumir_bus_stand_santragachi,1,8,bus_rabindra_sadan_exide_more,
bus_sta_barasat_titumir_bus_stand_santragachi,1,9,bus_minto_park,
bus_sta_barasat_titumir_bus_stand_santragachi,1,10,bus_park_circus,
bus_sta_barasat_titumir_bus_stand_santragachi,1,11,bus_4no_bridge,
bus_sta_barasat_titumir_bus_stand_santragachi,1,12,bus_topsia,
bus_sta_barasat_titumir_bus_stand_santragachi,1,13,bus_science_city,
bus_sta_barasat_titumir_bus_stand_santragachi,1,14,bus_chingrighata,
bus_sta_barasat_titumir_bus_stand_santragachi,1,15,bus_beleghata_cit_building,
bus_sta_barasat_titumir_bus_stand_santragachi,1,16,bus_saltlake_stadium,
bus_sta_barasat_titumir_bus_stand_santragachi,1,17,bus_em_bypass,
bus_sta_barasat_titumir_bus_stand_santragachi,1,18,bus_ultadanga,
bus_sta_barasat_titumir_bus_stand_santragachi,1,19,bus_sreebhumi,
bus_sta_barasat_titumir_bus_stand_santragachi,1,20,bus_laketown_vip,
bus_sta_barasat_titumir_bus_stand_santragachi,1,21,bus_kestopur,
bus_sta_barasat_titumir_bus_stand_santragachi,1,22,bus_baguiati,
bus_sta_barasat_titumir_bus_stand_santragachi,1,23,bus_haldiram,
bus_sta_barasat_titumir_bus_stand_santragachi,1,24,bus_kaikhali,
bus_sta_barasat_titumir_bus_stand_santragachi,1,25,bus_airport_1_no_gate,
bus_sta_barasat_titumir_bus_stand_santragachi,1,26,bus_airport_2_no_gate,
bus_sta_barasat_titumir_bus_stand_santragachi,1,27,bus_airport_3_no_gate,
bus_sta_barasat_titumir_bus_stand_santragachi,1,28,bus_birati_more,
bus_sta_barasat_titumir_bus_stand_santragachi,1,29,bus_gouripur,
bus_sta_barasat_titumir_bus_stand_santragachi,1,30,bus_michael_nagar,
bus_sta_barasat_titumir_bus_stand_santragachi,1,31,bus_b_t_college,
bus_sta_barasat_titumir_bus_stand_santragachi,1,32,bus_doltala,
bus_sta_barasat_titumir_bus_stand_santragachi,1,33,bus_madhyamgram_chowmatha,
bus_sta_barasat_titumir_bus_stand_santragachi,1,34,bus_hridaypur,
bus_sta_barasat_titumir_bus_stand_santragachi,1,35,bus_dakbanglow_more,
bus_sta_barasat_titumir_bus_stand_santragachi,1,36,bus_barasat_titumir_bus_stand,
bus_sta_barasat_baruipur,0,1,bus_barasat,
bus_sta_barasat_baruipur,0,2,bus_dakbanglow_more,
bus_sta_barasat_baruipur,0,3,bus_madhyamgram_chowmatha,
bus_sta_barasat_baruipur,0,4,bus_new_barrackpore,
bus_sta_barasat_baruipur,0,5,bus_doltala,
bus_sta_barasat_baruipur,0,6,bus_b_t_college,
bus_sta_barasat_baruipur,0,7,bus_michael_nagar,
bus_sta_barasat_baruipur,0,8,bus_gouripur,
bus_sta_barasat_baruipur,0,9,bus_birati_more,
bus_sta_barasat_baruipur,0,10,bus_airport_3_no_gate,
bus_sta_barasat_baruipur,0,11,bus_airport_2_no_gate,
bus_sta_barasat_baruipur,0,12,bus_airport_1_no_gate,
bus_sta_barasat_baruipur,0,13,bus_kaikhali,
bus_sta_barasat_baruipur,0,14,bus_haldiram,
bus_sta_barasat_baruipur,0,15,bus_tegharia,
bus_sta_barasat_baruipur,0,16,bus_bratachari_ashram_baguiati_big_bazar,
bus_sta_barasat_baruipur,0,17,bus_joramandir,
bus_sta_barasat_baruipur,0,18,bus_baguiati,
bus_sta_barasat_baruipur,0,19,bus_kestopur,
bus_sta_barasat_baruipur,0,20,bus_dumdum_park,
bus_sta_barasat_baruipur,0,21,bus_laketown_vip,
bus_sta_barasat_baruipur,0,22,bus_sreebhumi,
bus_sta_barasat_baruipur,0,23,bus_ultadanga,
bus_sta_barasat_baruipur,0,24,bus_bengal_chemical,
bus_sta_barasat_baruipur,0,25,bus_kadapara,
bus_sta_barasat_baruipur,0,26,bus_beleghata_building_more,
bus_sta_barasat_baruipur,0,27,bus_chingrighata,
bus_sta_barasat_baruipur,0,28,bus_science_city,
bus_sta_barasat_baruipur,0,29,bus_vip_bazar,
bus_sta_barasat_baruipur,0,30,bus_ruby_hospital,
bus_sta_barasat_baruipur,0,31,bus_kalikapur,
bus_sta_barasat_baruipur,0,32,bus_mukundapur,
bus_sta_barasat_baruipur,0,33,bus_ajaynagar,
bus_sta_barasat_baruipur,0,34,bus_hiland_park,
bus_sta_barasat_baruipur,0,35,bus_peerless_hospital,
bus_sta_barasat_baruipur,0,36,bus_patuli,
bus_sta_barasat_baruipur,0,37,bus_kendua,
bus_sta_barasat_baruipur,0,38,bus_baishnabghata,
bus_sta_barasat_baruipur,0,39,bus_garia,
bus_sta_barasat_baruipur,0,40,bus_mahamayatala,
bus_sta_barasat_baruipur,0,41,bus_kamalgazi,
bus_sta_barasat_baruipur,0,42,bus_mandir_gate,
bus_sta_barasat_baruipur,0,43,bus_narendrapur,
bus_sta_barasat_baruipur,0,44,bus_rajpur,
bus_sta_barasat_baruipur,0,45,bus_gazipur,
bus_sta_barasat_baruipur,0,46,bus_chouhati,
bus_sta_barasat_baruipur,0,47,bus_harinavi,
bus_sta_barasat_baruipur,0,48,bus_haraharitala,
bus_sta_barasat_baruipur,0,49,bus_lalbari,
bus_sta_barasat_baruipur,0,50,bus_kedar_ashram,
bus_sta_barasat_baruipur,0,51,bus_atlas_more,
bus_sta_barasat_baruipur,0,52,bus_malancha_phari,
bus_sta_barasat_baruipur,0,53,bus_langalberia,
bus_sta_barasat_baruipur,0,54,bus_khashmallik,
bus_sta_barasat_baruipur,0,55,bus_baruipur,
bus_sta_barasat_baruipur,1,1,bus_baruipur,
bus_sta_barasat_baruipur,1,2,bus_khashmallik,
bus_sta_barasat_baruipur,1,3,bus_langalberia,
bus_sta_barasat_baruipur,1,4,bus_malancha_phari,
bus_sta_barasat_baruipur,1,5,bus_atlas_more,
bus_sta_barasat_baruipur,1,6,bus_kedar_ashram,
bus_sta_barasat_baruipur,1,7,bus_lalbari,
bus_sta_barasat_baruipur,1,8,bus_haraharitala,
bus_sta_barasat_baruipur,1,9,bus_harinavi,
bus_sta_barasat_baruipur,1,10,bus_chouhati,
bus_sta_barasat_baruipur,1,11,bus_gazipur,
bus_sta_barasat_baruipur,1,12,bus_rajpur,
bus_sta_barasat_baruipur,1,13,bus_narendrapur,
bus_sta_barasat_baruipur,1,14,bus_mandir_gate,
bus_sta_barasat_baruipur,1,15,bus_kamalgazi,
bus_sta_barasat_baruipur,1,16,bus_mahamayatala,
bus_sta_barasat_baruipur,1,17,bus_garia,
bus_sta_barasat_baruipur,1,18,bus_baishnabghata,
bus_sta_barasat_baruipur,1,19,bus_kendua,
bus_sta_barasat_baruipur,1,20,bus_patuli,
bus_sta_barasat_baruipur,1,21,bus_peerless_hospital,
bus_sta_barasat_baruipur,1,22,bus_hiland_park,
bus_sta_barasat_baruipur,1,23,bus_ajaynagar,
bus_sta_barasat_baruipur,1,24,bus_mukundapur,
bus_sta_barasat_baruipur,1,25,bus_kalikapur,
bus_sta_barasat_baruipur,1,26,bus_ruby_hospital,
bus_sta_barasat_baruipur,1,27,bus_vip_bazar,
bus_sta_barasat_baruipur,1,28,bus_science_city,
bus_sta_barasat_baruipur,1,29,bus_chingrighata,
bus_sta_barasat_baruipur,1,30,bus_beleghata_building_more,
bus_sta_barasat_baruipur,1,31,bus_kadapara,
bus_sta_barasat_baruipur,1,32,bus_bengal_chemical,
bus_sta_barasat_baruipur,1,33,bus_ultadanga,
bus_sta_barasat_baruipur,1,34,bus_sreebhumi,
bus_sta_barasat_baruipur,1,35,bus_laketown_vip,
bus_sta_barasat_baruipur,1,36,bus_dumdum_park,
bus_sta_barasat_baruipur,1,37,bus_kestopur,
bus_sta_barasat_baruipur,1,38,bus_baguiati,
bus_sta_barasat_baruipur,1,39,bus_joramandir,
bus_sta_barasat_baruipur,1,40,bus_bratachari_ashram_baguiati_big_bazar,
bus_sta_barasat_baruipur,1,41,bus_tegharia,
bus_sta_barasat_baruipur,1,42,bus_haldiram,
bus_sta_barasat_baruipur,1,43,bus_kaikhali,
bus_sta_barasat_baruipur,1,44,bus_airport_1_no_gate,
bus_sta_barasat_baruipur,1,45,bus_airport_2_no_gate,
bus_sta_barasat_baruipur,1,46,bus_airport_3_no_gate,
bus_sta_barasat_baruipur,1,47,bus_birati_more,
bus_sta_barasat_baruipur,1,48,bus_gouripur,
bus_sta_barasat_baruipur,1,49,bus_michael_nagar,
bus_sta_barasat_baruipur,1,50,bus_b_t_college,
bus_sta_barasat_baruipur,1,51,bus_doltala,
bus_sta_barasat_baruipur,1,52,bus_new_barrackpore,
bus_sta_barasat_baruipur,1,53,bus_madhyamgram_chowmatha,
bus_sta_barasat_baruipur,1,54,bus_dakbanglow_more,
bus_sta_barasat_baruipur,1,55,bus_barasat,
bus_sta_barasat_garia,0,1,bus_barasat,
bus_sta_barasat_garia,0,2,bus_dakbanglow_more,
bus_sta_barasat_garia,0,3,bus_madhyamgram_chowmatha,
bus_sta_barasat_garia,0,4,bus_new_barrackpore,
bus_sta_barasat_garia,0,5,bus_doltala,
bus_sta_barasat_garia,0,6,bus_b_t_college,
bus_sta_barasat_garia,0,7,bus_michael_nagar,
bus_sta_barasat_garia,0,8,bus_gouripur,
bus_sta_barasat_garia,0,9,bus_birati_more,
bus_sta_barasat_garia,0,10,bus_airport_3_no_gate,
bus_sta_barasat_garia,0,11,bus_airport_2_no_gate,
bus_sta_barasat_garia,0,12,bus_airport_1_no_gate,
bus_sta_barasat_garia,0,13,bus_kaikhali,
bus_sta_barasat_garia,0,14,bus_haldiram,
bus_sta_barasat_garia,0,15,bus_tegharia,
bus_sta_barasat_garia,0,16,bus_bratachari_ashram_baguiati_big_bazar,
bus_sta_barasat_garia,0,17,bus_joramandir,
bus_sta_barasat_garia,0,18,bus_baguiati,
bus_sta_barasat_garia,0,19,bus_kestopur,
bus_sta_barasat_garia,0,20,bus_dumdum_park,
bus_sta_barasat_garia,0,21,bus_laketown_vip,
bus_sta_barasat_garia,0,22,bus_sreebhumi,
bus_sta_barasat_garia,0,23,bus_ultadanga,
bus_sta_barasat_garia,0,24,bus_bengal_chemical,
bus_sta_barasat_garia,0,25,bus_kadapara,
bus_sta_barasat_garia,0,26,bus_beleghata_building_more,
bus_sta_barasat_garia,0,27,bus_chingrighata,
bus_sta_barasat_garia,0,28,bus_science_city,
bus_sta_barasat_garia,0,29,bus_vip_bazar,
bus_sta_barasat_garia,0,30,bus_ruby_hospital,
bus_sta_barasat_garia,0,31,bus_kalikapur,
bus_sta_barasat_garia,0,32,bus_mukundapur,
bus_sta_barasat_garia,0,33,bus_ajaynagar,
bus_sta_barasat_garia,0,34,bus_hiland_park,
bus_sta_barasat_garia,0,35,bus_peerless_hospital,
bus_sta_barasat_garia,0,36,bus_patuli,
bus_sta_barasat_garia,0,37,bus_kendua,
bus_sta_barasat_garia,0,38,bus_baishnabghata,
bus_sta_barasat_garia,0,39,bus_garia,
bus_sta_barasat_garia,1,1,bus_garia,
bus_sta_barasat_garia,1,2,bus_baishnabghata,
bus_sta_barasat_garia,1,3,bus_kendua,
bus_sta_barasat_garia,1,4,bus_patuli,
bus_sta_barasat_garia,1,5,bus_peerless_hospital,
bus_sta_barasat_garia,1,6,bus_hiland_park,
bus_sta_barasat_garia,1,7,bus_ajaynagar,
bus_sta_barasat_garia,1,8,bus_mukundapur,
bus_sta_barasat_garia,1,9,bus_kalikapur,
bus_sta_barasat_garia,1,10,bus_ruby_hospital,
bus_sta_barasat_garia,1,11,bus_vip_bazar,
bus_sta_barasat_garia,1,12,bus_science_city,
bus_sta_barasat_garia,1,13,bus_chingrighata,
bus_sta_barasat_garia,1,14,bus_beleghata_building_more,
bus_sta_barasat_garia,1,15,bus_kadapara,
bus_sta_barasat_garia,1,16,bus_bengal_chemical,
bus_sta_barasat_garia,1,17,bus_ultadanga,
bus_sta_barasat_garia,1,18,bus_sreebhumi,
bus_sta_barasat_garia,1,19,bus_laketown_vip,
bus_sta_barasat_garia,1,20,bus_dumdum_park,
bus_sta_barasat_garia,1,21,bus_kestopur,
bus_sta_barasat_garia,1,22,bus_baguiati,
bus_sta_barasat_garia,1,23,bus_joramandir,
bus_sta_barasat_garia,1,24,bus_bratachari_ashram_baguiati_big_bazar,
bus_sta_barasat_garia,1,25,bus_tegharia,
bus_sta_barasat_garia,1,26,bus_haldiram,
bus_sta_barasat_garia,1,27,bus_kaikhali,
bus_sta_barasat_garia,1,28,bus_airport_1_no_gate,
bus_sta_barasat_garia,1,29,bus_airport_2_no_gate,
bus_sta_barasat_garia,1,30,bus_airport_3_no_gate,
bus_sta_barasat_garia,1,31,bus_birati_more,
bus_sta_barasat_garia,1,32,bus_gouripur,
bus_sta_barasat_garia,1,33,bus_michael_nagar,
bus_sta_barasat_garia,1,34,bus_b_t_college,
bus_sta_barasat_garia,1,35,bus_doltala,
bus_sta_barasat_garia,1,36,bus_new_barrackpore,
bus_sta_barasat_garia,1,37,bus_madhyamgram_chowmatha,
bus_sta_barasat_garia,1,38,bus_dakbanglow_more,
bus_sta_barasat_garia,1,39,bus_barasat,
bus_sta_barasat_botanical_garden_b_garden,0,1,bus_barasat,
bus_sta_barasat_botanical_garden_b_garden,0,2,bus_dakbunglow_more,
bus_sta_barasat_botanical_garden_b_garden,0,3,bus_hridaypur_more,
bus_sta_barasat_botanical_garden_b_garden,0,4,bus_madhyamgram_chowmatha,
bus_sta_barasat_botanical_garden_b_garden,0,5,bus_new_barrackpore,
bus_sta_barasat_botanical_garden_b_garden,0,6,bus_doltala,
bus_sta_barasat_botanical_garden_b_garden,0,7,bus_b_t_college,
bus_sta_barasat_botanical_garden_b_garden,0,8,bus_michael_nagar,
bus_sta_barasat_botanical_garden_b_garden,0,9,bus_gouripur,
bus_sta_barasat_botanical_garden_b_garden,0,10,bus_birati_more,
bus_sta_barasat_botanical_garden_b_garden,0,11,bus_airport_2_no_gate,
bus_sta_barasat_botanical_garden_b_garden,0,12,bus_airport_1_no_gate,
bus_sta_barasat_botanical_garden_b_garden,0,13,bus_kaikhali,
bus_sta_barasat_botanical_garden_b_garden,0,14,bus_haldirams,
bus_sta_barasat_botanical_garden_b_garden,0,15,bus_chinar_park,
bus_sta_barasat_botanical_garden_b_garden,0,16,bus_city_centre_2,
bus_sta_barasat_botanical_garden_b_garden,0,17,bus_akanksha_more,
bus_sta_barasat_botanical_garden_b_garden,0,18,bus_nawabpur,
bus_sta_barasat_botanical_garden_b_garden,0,19,bus_eco_park,
bus_sta_barasat_botanical_garden_b_garden,0,20,bus_jatragachi,
bus_sta_barasat_botanical_garden_b_garden,0,21,bus_narkelbagan,
bus_sta_barasat_botanical_garden_b_garden,0,22,bus_newtown_bus_stand,
bus_sta_barasat_botanical_garden_b_garden,0,23,bus_technopolis,
bus_sta_barasat_botanical_garden_b_garden,0,24,bus_philips_more,
bus_sta_barasat_botanical_garden_b_garden,0,25,bus_college_more,
bus_sta_barasat_botanical_garden_b_garden,0,26,bus_sdf,
bus_sta_barasat_botanical_garden_b_garden,0,27,bus_nicco_park,
bus_sta_barasat_botanical_garden_b_garden,0,28,bus_em_bypass,
bus_sta_barasat_botanical_garden_b_garden,0,29,bus_chingrighata,
bus_sta_barasat_botanical_garden_b_garden,0,30,bus_science_city,
bus_sta_barasat_botanical_garden_b_garden,0,31,bus_v_i_p_bazer,
bus_sta_barasat_botanical_garden_b_garden,0,32,bus_ruby_hospital,
bus_sta_barasat_botanical_garden_b_garden,0,33,bus_acropolis_mall,
bus_sta_barasat_botanical_garden_b_garden,0,34,bus_bosepukur,
bus_sta_barasat_botanical_garden_b_garden,0,35,bus_ballygunge_s_t_n,
bus_sta_barasat_botanical_garden_b_garden,0,36,bus_gariahat,
bus_sta_barasat_botanical_garden_b_garden,0,37,bus_rash_behari_avenue,
bus_sta_barasat_botanical_garden_b_garden,0,38,bus_deshapriya_park,
bus_sta_barasat_botanical_garden_b_garden,0,39,bus_rashbehari_crossing_kalighat,
bus_sta_barasat_botanical_garden_b_garden,0,40,bus_hazra,
bus_sta_barasat_botanical_garden_b_garden,0,41,bus_bhawanipur,
bus_sta_barasat_botanical_garden_b_garden,0,42,bus_rabindra_sadan_exide_more,
bus_sta_barasat_botanical_garden_b_garden,0,43,bus_pg_hospital,
bus_sta_barasat_botanical_garden_b_garden,0,44,bus_pts,
bus_sta_barasat_botanical_garden_b_garden,0,45,bus_vidyasagar_setu,
bus_sta_barasat_botanical_garden_b_garden,0,46,bus_shibpur_toll_plaza,
bus_sta_barasat_botanical_garden_b_garden,0,47,bus_nabanna,
bus_sta_barasat_botanical_garden_b_garden,0,48,bus_mandirtala,
bus_sta_barasat_botanical_garden_b_garden,0,49,bus_betaitala,
bus_sta_barasat_botanical_garden_b_garden,0,50,bus_shalimar,
bus_sta_barasat_botanical_garden_b_garden,0,51,bus_b_e_college,
bus_sta_barasat_botanical_garden_b_garden,0,52,bus_botanical_garden_b_garden,
bus_sta_barasat_botanical_garden_b_garden,1,1,bus_botanical_garden_b_garden,
bus_sta_barasat_botanical_garden_b_garden,1,2,bus_b_e_college,
bus_sta_barasat_botanical_garden_b_garden,1,3,bus_shalimar,
bus_sta_barasat_botanical_garden_b_garden,1,4,bus_betaitala,
bus_sta_barasat_botanical_garden_b_garden,1,5,bus_mandirtala,
bus_sta_barasat_botanical_garden_b_garden,1,6,bus_nabanna,
bus_sta_barasat_botanical_garden_b_garden,1,7,bus_shibpur_toll_plaza,
bus_sta_barasat_botanical_garden_b_garden,1,8,bus_vidyasagar_setu,
bus_sta_barasat_botanical_garden_b_garden,1,9,bus_pts,
bus_sta_barasat_botanical_garden_b_garden,1,10,bus_pg_hospital,
bus_sta_barasat_botanical_garden_b_garden,1,11,bus_rabindra_sadan_exide_more,
bus_sta_barasat_botanical_garden_b_garden,1,12,bus_bhawanipur,
bus_sta_barasat_botanical_garden_b_garden,1,13,bus_hazra,
bus_sta_barasat_botanical_garden_b_garden,1,14,bus_rashbehari_crossing_kalighat,
bus_sta_barasat_botanical_garden_b_garden,1,15,bus_deshapriya_park,
bus_sta_barasat_botanical_garden_b_garden,1,16,bus_rash_behari_avenue,
bus_sta_barasat_botanical_garden_b_garden,1,17,bus_gariahat,
bus_sta_barasat_botanical_garden_b_garden,1,18,bus_ballygunge_s_t_n,
bus_sta_barasat_botanical_garden_b_garden,1,19,bus_bosepukur,
bus_sta_barasat_botanical_garden_b_garden,1,20,bus_acropolis_mall,
bus_sta_barasat_botanical_garden_b_garden,1,21,bus_ruby_hospital,
bus_sta_barasat_botanical_garden_b_garden,1,22,bus_v_i_p_bazer,
bus_sta_barasat_botanical_garden_b_garden,1,23,bus_science_city,
bus_sta_barasat_botanical_garden_b_garden,1,24,bus_chingrighata,
bus_sta_barasat_botanical_garden_b_garden,1,25,bus_em_bypass,
bus_sta_barasat_botanical_garden_b_garden,1,26,bus_nicco_park,
bus_sta_barasat_botanical_garden_b_garden,1,27,bus_sdf,
bus_sta_barasat_botanical_garden_b_garden,1,28,bus_college_more,
bus_sta_barasat_botanical_garden_b_garden,1,29,bus_philips_more,
bus_sta_barasat_botanical_garden_b_garden,1,30,bus_technopolis,
bus_sta_barasat_botanical_garden_b_garden,1,31,bus_newtown_bus_stand,
bus_sta_barasat_botanical_garden_b_garden,1,32,bus_narkelbagan,
bus_sta_barasat_botanical_garden_b_garden,1,33,bus_jatragachi,
bus_sta_barasat_botanical_garden_b_garden,1,34,bus_eco_park,
bus_sta_barasat_botanical_garden_b_garden,1,35,bus_nawabpur,
bus_sta_barasat_botanical_garden_b_garden,1,36,bus_akanksha_more,
bus_sta_barasat_botanical_garden_b_garden,1,37,bus_city_centre_2,
bus_sta_barasat_botanical_garden_b_garden,1,38,bus_chinar_park,
bus_sta_barasat_botanical_garden_b_garden,1,39,bus_haldirams,
bus_sta_barasat_botanical_garden_b_garden,1,40,bus_kaikhali,
bus_sta_barasat_botanical_garden_b_garden,1,41,bus_airport_1_no_gate,
bus_sta_barasat_botanical_garden_b_garden,1,42,bus_airport_2_no_gate,
bus_sta_barasat_botanical_garden_b_garden,1,43,bus_birati_more,
bus_sta_barasat_botanical_garden_b_garden,1,44,bus_gouripur,
bus_sta_barasat_botanical_garden_b_garden,1,45,bus_michael_nagar,
bus_sta_barasat_botanical_garden_b_garden,1,46,bus_b_t_college,
bus_sta_barasat_botanical_garden_b_garden,1,47,bus_doltala,
bus_sta_barasat_botanical_garden_b_garden,1,48,bus_new_barrackpore,
bus_sta_barasat_botanical_garden_b_garden,1,49,bus_madhyamgram_chowmatha,
bus_sta_barasat_botanical_garden_b_garden,1,50,bus_hridaypur_more,
bus_sta_barasat_botanical_garden_b_garden,1,51,bus_dakbunglow_more,
bus_sta_barasat_botanical_garden_b_garden,1,52,bus_barasat,
bus_sta_bargachia_sealdah_court,0,1,bus_bargachia,
bus_sta_bargachia_sealdah_court,0,2,bus_domjur,
bus_sta_bargachia_sealdah_court,0,3,bus_makardah,
bus_sta_bargachia_sealdah_court,0,4,bus_salap,
bus_sta_bargachia_sealdah_court,0,5,bus_nibra,
bus_sta_bargachia_sealdah_court,0,6,bus_khejurtala,
bus_sta_bargachia_sealdah_court,0,7,bus_santragachi_station,
bus_sta_bargachia_sealdah_court,0,8,bus_baksara,
bus_sta_bargachia_sealdah_court,0,9,bus_betore,
bus_sta_bargachia_sealdah_court,0,10,bus_belepole,
bus_sta_bargachia_sealdah_court,0,11,bus_carry_road,
bus_sta_bargachia_sealdah_court,0,12,bus_pts,
bus_sta_bargachia_sealdah_court,0,13,bus_pg_hospital,
bus_sta_bargachia_sealdah_court,0,14,bus_rabindra_sadan,
bus_sta_bargachia_sealdah_court,0,15,bus_exide,
bus_sta_bargachia_sealdah_court,0,16,bus_park_street,
bus_sta_bargachia_sealdah_court,0,17,bus_new_market,
bus_sta_bargachia_sealdah_court,0,18,bus_esplanade,
bus_sta_bargachia_sealdah_court,0,19,bus_moulai,
bus_sta_bargachia_sealdah_court,0,20,bus_sealdah_station,
bus_sta_bargachia_sealdah_court,0,21,bus_sealdah_court,
bus_sta_bargachia_sealdah_court,1,1,bus_sealdah_court,
bus_sta_bargachia_sealdah_court,1,2,bus_sealdah_station,
bus_sta_bargachia_sealdah_court,1,3,bus_moulai,
bus_sta_bargachia_sealdah_court,1,4,bus_esplanade,
bus_sta_bargachia_sealdah_court,1,5,bus_new_market,
bus_sta_bargachia_sealdah_court,1,6,bus_park_street,
bus_sta_bargachia_sealdah_court,1,7,bus_exide,
bus_sta_bargachia_sealdah_court,1,8,bus_rabindra_sadan,
bus_sta_bargachia_sealdah_court,1,9,bus_pg_hospital,
bus_sta_bargachia_sealdah_court,1,10,bus_pts,
bus_sta_bargachia_sealdah_court,1,11,bus_carry_road,
bus_sta_bargachia_sealdah_court,1,12,bus_belepole,
bus_sta_bargachia_sealdah_court,1,13,bus_betore,
bus_sta_bargachia_sealdah_court,1,14,bus_baksara,
bus_sta_bargachia_sealdah_court,1,15,bus_santragachi_station,
bus_sta_bargachia_sealdah_court,1,16,bus_khejurtala,
bus_sta_bargachia_sealdah_court,1,17,bus_nibra,
bus_sta_bargachia_sealdah_court,1,18,bus_salap,
bus_sta_bargachia_sealdah_court,1,19,bus_makardah,
bus_sta_bargachia_sealdah_court,1,20,bus_domjur,
bus_sta_bargachia_sealdah_court,1,21,bus_bargachia,
bus_sta_barrackpore_howrah_station,0,1,bus_barrackpore,
bus_sta_barrackpore_howrah_station,0,2,bus_lalkuthi,
bus_sta_barrackpore_howrah_station,0,3,bus_barrackpore_station,
bus_sta_barrackpore_howrah_station,0,4,bus_barrackpore_chiriamore,
bus_sta_barrackpore_howrah_station,0,5,bus_titagarh,
bus_sta_barrackpore_howrah_station,0,6,bus_khardah,
bus_sta_barrackpore_howrah_station,0,7,bus_sodepur,
bus_sta_barrackpore_howrah_station,0,8,bus_panihati,
bus_sta_barrackpore_howrah_station,0,9,bus_agarpara,
bus_sta_barrackpore_howrah_station,0,10,bus_kamarhati,
bus_sta_barrackpore_howrah_station,0,11,bus_rathtala,
bus_sta_barrackpore_howrah_station,0,12,bus_dunlop,
bus_sta_barrackpore_howrah_station,0,13,bus_tobin_road,
bus_sta_barrackpore_howrah_station,0,14,bus_sinthi,
bus_sta_barrackpore_howrah_station,0,15,bus_chiria_more,
bus_sta_barrackpore_howrah_station,0,16,bus_sovabazar,
bus_sta_barrackpore_howrah_station,0,17,bus_girish_park,
bus_sta_barrackpore_howrah_station,0,18,bus_m_g_road,
bus_sta_barrackpore_howrah_station,0,19,bus_burrabazar,
bus_sta_barrackpore_howrah_station,0,20,bus_howrah_station,
bus_sta_barrackpore_howrah_station,1,1,bus_howrah_station,
bus_sta_barrackpore_howrah_station,1,2,bus_burrabazar,
bus_sta_barrackpore_howrah_station,1,3,bus_m_g_road,
bus_sta_barrackpore_howrah_station,1,4,bus_girish_park,
bus_sta_barrackpore_howrah_station,1,5,bus_sovabazar,
bus_sta_barrackpore_howrah_station,1,6,bus_chiria_more,
bus_sta_barrackpore_howrah_station,1,7,bus_sinthi,
bus_sta_barrackpore_howrah_station,1,8,bus_tobin_road,
bus_sta_barrackpore_howrah_station,1,9,bus_dunlop,
bus_sta_barrackpore_howrah_station,1,10,bus_rathtala,
bus_sta_barrackpore_howrah_station,1,11,bus_kamarhati,
bus_sta_barrackpore_howrah_station,1,12,bus_agarpara,
bus_sta_barrackpore_howrah_station,1,13,bus_panihati,
bus_sta_barrackpore_howrah_station,1,14,bus_sodepur,
bus_sta_barrackpore_howrah_station,1,15,bus_khardah,
bus_sta_barrackpore_howrah_station,1,16,bus_titagarh,
bus_sta_barrackpore_howrah_station,1,17,bus_barrackpore_chiriamore,
bus_sta_barrackpore_howrah_station,1,18,bus_barrackpore_station,
bus_sta_barrackpore_howrah_station,1,19,bus_lalkuthi,
bus_sta_barrackpore_howrah_station,1,20,bus_barrackpore,
bus_sta_bashirhat_gadiara,0,1,bus_basirhat,
bus_sta_bashirhat_gadiara,0,2,bus_kholapota,
bus_sta_bashirhat_gadiara,0,3,bus_berachampa,
bus_sta_bashirhat_gadiara,0,4,bus_deganga,
bus_sta_bashirhat_gadiara,0,5,bus_kadambagachi,
bus_sta_bashirhat_gadiara,0,6,bus_barasat,
bus_sta_bashirhat_gadiara,0,7,bus_madhyamgram,
bus_sta_bashirhat_gadiara,0,8,bus_birati,
bus_sta_bashirhat_gadiara,0,9,bus_airport_gate,
bus_sta_bashirhat_gadiara,0,10,bus_kaikhali,
bus_sta_bashirhat_gadiara,0,11,bus_haldirams,
bus_sta_bashirhat_gadiara,0,12,bus_baguiati,
bus_sta_bashirhat_gadiara,0,13,bus_kestopur,
bus_sta_bashirhat_gadiara,0,14,bus_laketown,
bus_sta_bashirhat_gadiara,0,15,bus_ultadanga,
bus_sta_bashirhat_gadiara,0,16,bus_kankurgachi,
bus_sta_bashirhat_gadiara,0,17,bus_manicktala,
bus_sta_bashirhat_gadiara,0,18,bus_girish_park,
bus_sta_bashirhat_gadiara,0,19,bus_m_g_road,
bus_sta_bashirhat_gadiara,0,20,bus_burrabazar,
bus_sta_bashirhat_gadiara,0,21,bus_howrah_station_30_min_stop,
bus_sta_bashirhat_gadiara,0,22,bus_howrah_court,
bus_sta_bashirhat_gadiara,0,23,bus_foreshore_road,
bus_sta_bashirhat_gadiara,0,24,bus_nabanna,
bus_sta_bashirhat_gadiara,0,25,bus_belepole,
bus_sta_bashirhat_gadiara,0,26,bus_santragachi,
bus_sta_bashirhat_gadiara,0,27,bus_alampur,
bus_sta_bashirhat_gadiara,0,28,bus_dhulagarh,
bus_sta_bashirhat_gadiara,0,29,bus_ranihati,
bus_sta_bashirhat_gadiara,0,30,bus_panchla,
bus_sta_bashirhat_gadiara,0,31,bus_phuleshwar,
bus_sta_bashirhat_gadiara,0,32,bus_nimdighi,
bus_sta_bashirhat_gadiara,0,33,bus_uluberia_checkpost,
bus_sta_bashirhat_gadiara,0,34,bus_gourhati_more,
bus_sta_bashirhat_gadiara,0,35,bus_mahishali_jagadishpur_more,
bus_sta_bashirhat_gadiara,0,36,bus_dhulasimla,
bus_sta_bashirhat_gadiara,0,37,bus_mohani_more,
bus_sta_bashirhat_gadiara,0,38,bus_58_gate,
bus_sta_bashirhat_gadiara,0,39,bus_garchumuk,
bus_sta_bashirhat_gadiara,0,40,bus_morshal,
bus_sta_bashirhat_gadiara,0,41,bus_shyampur,
bus_sta_bashirhat_gadiara,0,42,bus_goaldaha,
bus_sta_bashirhat_gadiara,0,43,bus_gujarpur,
bus_sta_bashirhat_gadiara,0,44,bus_chaulkhola,
bus_sta_bashirhat_gadiara,0,45,bus_gadiara,
bus_sta_bashirhat_gadiara,1,1,bus_gadiara,
bus_sta_bashirhat_gadiara,1,2,bus_chaulkhola,
bus_sta_bashirhat_gadiara,1,3,bus_gujarpur,
bus_sta_bashirhat_gadiara,1,4,bus_goaldaha,
bus_sta_bashirhat_gadiara,1,5,bus_shyampur,
bus_sta_bashirhat_gadiara,1,6,bus_morshal,
bus_sta_bashirhat_gadiara,1,7,bus_garchumuk,
bus_sta_bashirhat_gadiara,1,8,bus_58_gate,
bus_sta_bashirhat_gadiara,1,9,bus_mohani_more,
bus_sta_bashirhat_gadiara,1,10,bus_dhulasimla,
bus_sta_bashirhat_gadiara,1,11,bus_mahishali_jagadishpur_more,
bus_sta_bashirhat_gadiara,1,12,bus_gourhati_more,
bus_sta_bashirhat_gadiara,1,13,bus_uluberia_checkpost,
bus_sta_bashirhat_gadiara,1,14,bus_nimdighi,
bus_sta_bashirhat_gadiara,1,15,bus_phuleshwar,
bus_sta_bashirhat_gadiara,1,16,bus_panchla,
bus_sta_bashirhat_gadiara,1,17,bus_ranihati,
bus_sta_bashirhat_gadiara,1,18,bus_dhulagarh,
bus_sta_bashirhat_gadiara,1,19,bus_alampur,
bus_sta_bashirhat_gadiara,1,20,bus_santragachi,
bus_sta_bashirhat_gadiara,1,21,bus_belepole,
bus_sta_bashirhat_gadiara,1,22,bus_nabanna,
bus_sta_bashirhat_gadiara,1,23,bus_foreshore_road,
bus_sta_bashirhat_gadiara,1,24,bus_howrah_court,
bus_sta_bashirhat_gadiara,1,25,bus_howrah_station_30_min_stop,
bus_sta_bashirhat_gadiara,1,26,bus_burrabazar,
bus_sta_bashirhat_gadiara,1,27,bus_m_g_road,
bus_sta_bashirhat_gadiara,1,28,bus_girish_park,
bus_sta_bashirhat_gadiara,1,29,bus_manicktala,
bus_sta_bashirhat_gadiara,1,30,bus_kankurgachi,
bus_sta_bashirhat_gadiara,1,31,bus_ultadanga,
bus_sta_bashirhat_gadiara,1,32,bus_laketown,
bus_sta_bashirhat_gadiara,1,33,bus_kestopur,
bus_sta_bashirhat_gadiara,1,34,bus_baguiati,
bus_sta_bashirhat_gadiara,1,35,bus_haldirams,
bus_sta_bashirhat_gadiara,1,36,bus_kaikhali,
bus_sta_bashirhat_gadiara,1,37,bus_airport_gate,
bus_sta_bashirhat_gadiara,1,38,bus_birati,
bus_sta_bashirhat_gadiara,1,39,bus_madhyamgram,
bus_sta_bashirhat_gadiara,1,40,bus_barasat,
bus_sta_bashirhat_gadiara,1,41,bus_kadambagachi,
bus_sta_bashirhat_gadiara,1,42,bus_deganga,
bus_sta_bashirhat_gadiara,1,43,bus_berachampa,
bus_sta_bashirhat_gadiara,1,44,bus_kholapota,
bus_sta_bashirhat_gadiara,1,45,bus_basirhat,
bus_sta_berachampa_saltlake_karunamoyee,0,1,bus_berachampa,
bus_sta_berachampa_saltlake_karunamoyee,0,2,bus_shahidullah_college,
bus_sta_berachampa_saltlake_karunamoyee,0,3,bus_berachampa_crossing,
bus_sta_berachampa_saltlake_karunamoyee,0,4,bus_kartikpur,
bus_sta_berachampa_saltlake_karunamoyee,0,5,bus_deganga,
bus_sta_berachampa_saltlake_karunamoyee,0,6,bus_golabari,
bus_sta_berachampa_saltlake_karunamoyee,0,7,bus_sondalia_station,
bus_sta_berachampa_saltlake_karunamoyee,0,8,bus_aminpur,
bus_sta_berachampa_saltlake_karunamoyee,0,9,bus_kharibari,
bus_sta_berachampa_saltlake_karunamoyee,0,10,bus_kamduni_more,
bus_sta_berachampa_saltlake_karunamoyee,0,11,bus_krishnamati,
bus_sta_berachampa_saltlake_karunamoyee,0,12,bus_langalpota,
bus_sta_berachampa_saltlake_karunamoyee,0,13,bus_rajarhat_chowmatha,
bus_sta_berachampa_saltlake_karunamoyee,0,14,bus_reckjuani,
bus_sta_berachampa_saltlake_karunamoyee,0,15,bus_derozio_college,
bus_sta_berachampa_saltlake_karunamoyee,0,16,bus_kalipark,
bus_sta_berachampa_saltlake_karunamoyee,0,17,bus_salua,
bus_sta_berachampa_saltlake_karunamoyee,0,18,bus_chinar_park,
bus_sta_berachampa_saltlake_karunamoyee,0,19,bus_lokenath_mandir,
bus_sta_berachampa_saltlake_karunamoyee,0,20,bus_joramandir,
bus_sta_berachampa_saltlake_karunamoyee,0,21,bus_baguiati,
bus_sta_berachampa_saltlake_karunamoyee,0,22,bus_kestopur,
bus_sta_berachampa_saltlake_karunamoyee,0,23,bus_laketown,
bus_sta_berachampa_saltlake_karunamoyee,0,24,bus_ultadanga,
bus_sta_berachampa_saltlake_karunamoyee,0,25,bus_pnb,
bus_sta_berachampa_saltlake_karunamoyee,0,26,bus_bidhan_nagar_college,
bus_sta_berachampa_saltlake_karunamoyee,0,27,bus_city_center,
bus_sta_berachampa_saltlake_karunamoyee,0,28,bus_bikash_bhawan,
bus_sta_berachampa_saltlake_karunamoyee,0,29,bus_saltlake_karunamoyee,
bus_sta_berachampa_saltlake_karunamoyee,1,1,bus_saltlake_karunamoyee,
bus_sta_berachampa_saltlake_karunamoyee,1,2,bus_bikash_bhawan,
bus_sta_berachampa_saltlake_karunamoyee,1,3,bus_city_center,
bus_sta_berachampa_saltlake_karunamoyee,1,4,bus_bidhan_nagar_college,
bus_sta_berachampa_saltlake_karunamoyee,1,5,bus_pnb,
bus_sta_berachampa_saltlake_karunamoyee,1,6,bus_ultadanga,
bus_sta_berachampa_saltlake_karunamoyee,1,7,bus_laketown,
bus_sta_berachampa_saltlake_karunamoyee,1,8,bus_kestopur,
bus_sta_berachampa_saltlake_karunamoyee,1,9,bus_baguiati,
bus_sta_berachampa_saltlake_karunamoyee,1,10,bus_joramandir,
bus_sta_berachampa_saltlake_karunamoyee,1,11,bus_lokenath_mandir,
bus_sta_berachampa_saltlake_karunamoyee,1,12,bus_chinar_park,
bus_sta_berachampa_saltlake_karunamoyee,1,13,bus_salua,
bus_sta_berachampa_saltlake_karunamoyee,1,14,bus_kalipark,
bus_sta_berachampa_saltlake_karunamoyee,1,15,bus_derozio_college,
bus_sta_berachampa_saltlake_karunamoyee,1,16,bus_reckjuani,
bus_sta_berachampa_saltlake_karunamoyee,1,17,bus_rajarhat_chowmatha,
bus_sta_berachampa_saltlake_karunamoyee,1,18,bus_langalpota,
bus_sta_berachampa_saltlake_karunamoyee,1,19,bus_krishnamati,
bus_sta_berachampa_saltlake_karunamoyee,1,20,bus_kamduni_more,
bus_sta_berachampa_saltlake_karunamoyee,1,21,bus_kharibari,
bus_sta_berachampa_saltlake_karunamoyee,1,22,bus_aminpur,
bus_sta_berachampa_saltlake_karunamoyee,1,23,bus_sondalia_station,
bus_sta_berachampa_saltlake_karunamoyee,1,24,bus_golabari,
bus_sta_berachampa_saltlake_karunamoyee,1,25,bus_deganga,
bus_sta_berachampa_saltlake_karunamoyee,1,26,bus_kartikpur,
bus_sta_berachampa_saltlake_karunamoyee,1,27,bus_berachampa_crossing,
bus_sta_berachampa_saltlake_karunamoyee,1,28,bus_shahidullah_college,
bus_sta_berachampa_saltlake_karunamoyee,1,29,bus_berachampa,
bus_sta_botanical_garden_dhamakhali,0,1,bus_botanical_garden,
bus_sta_botanical_garden_dhamakhali,0,2,bus_moulali,
bus_sta_botanical_garden_dhamakhali,0,3,bus_sealdah_station,
bus_sta_botanical_garden_dhamakhali,0,4,bus_palmer_bazar,
bus_sta_botanical_garden_dhamakhali,0,5,bus_kilkhana,
bus_sta_botanical_garden_dhamakhali,0,6,bus_vaishali,
bus_sta_botanical_garden_dhamakhali,0,7,bus_tangra,
bus_sta_botanical_garden_dhamakhali,0,8,bus_purbanchal,
bus_sta_botanical_garden_dhamakhali,0,9,bus_post_office,
bus_sta_botanical_garden_dhamakhali,0,10,bus_gobinda_khatik_road,
bus_sta_botanical_garden_dhamakhali,0,11,bus_topsia,
bus_sta_botanical_garden_dhamakhali,0,12,bus_science_city,
bus_sta_botanical_garden_dhamakhali,0,13,bus_arupota,
bus_sta_botanical_garden_dhamakhali,0,14,bus_paschim_chowbhaga,
bus_sta_botanical_garden_dhamakhali,0,15,bus_bantala,
bus_sta_botanical_garden_dhamakhali,0,16,bus_bamanghata,
bus_sta_botanical_garden_dhamakhali,0,17,bus_kantatala,
bus_sta_botanical_garden_dhamakhali,0,18,bus_kolkata_leather_complex,
bus_sta_botanical_garden_dhamakhali,0,19,bus_bhojerhat,
bus_sta_botanical_garden_dhamakhali,0,20,bus_paglarhat,
bus_sta_botanical_garden_dhamakhali,0,21,bus_boralighat,
bus_sta_botanical_garden_dhamakhali,0,22,bus_nalmuri,
bus_sta_botanical_garden_dhamakhali,0,23,bus_ghatakpukur,
bus_sta_botanical_garden_dhamakhali,0,24,bus_chandipur,
bus_sta_botanical_garden_dhamakhali,0,25,bus_ghusighata,
bus_sta_botanical_garden_dhamakhali,0,26,bus_bamanpukur,
bus_sta_botanical_garden_dhamakhali,0,27,bus_minakhan,
bus_sta_botanical_garden_dhamakhali,0,28,bus_jaygram,
bus_sta_botanical_garden_dhamakhali,0,29,bus_malancha,
bus_sta_botanical_garden_dhamakhali,0,30,bus_mathbari,
bus_sta_botanical_garden_dhamakhali,0,31,bus_boyermari,
bus_sta_botanical_garden_dhamakhali,0,32,bus_kanmari_more,
bus_sta_botanical_garden_dhamakhali,0,33,bus_sarberia,
bus_sta_botanical_garden_dhamakhali,0,34,bus_rampur,
bus_sta_botanical_garden_dhamakhali,0,35,bus_arsadmiya_ghat,
bus_sta_botanical_garden_dhamakhali,0,36,bus_dhamakhali,
bus_sta_botanical_garden_dhamakhali,1,1,bus_dhamakhali,
bus_sta_botanical_garden_dhamakhali,1,2,bus_arsadmiya_ghat,
bus_sta_botanical_garden_dhamakhali,1,3,bus_rampur,
bus_sta_botanical_garden_dhamakhali,1,4,bus_sarberia,
bus_sta_botanical_garden_dhamakhali,1,5,bus_kanmari_more,
bus_sta_botanical_garden_dhamakhali,1,6,bus_boyermari,
bus_sta_botanical_garden_dhamakhali,1,7,bus_mathbari,
bus_sta_botanical_garden_dhamakhali,1,8,bus_malancha,
bus_sta_botanical_garden_dhamakhali,1,9,bus_jaygram,
bus_sta_botanical_garden_dhamakhali,1,10,bus_minakhan,
bus_sta_botanical_garden_dhamakhali,1,11,bus_bamanpukur,
bus_sta_botanical_garden_dhamakhali,1,12,bus_ghusighata,
bus_sta_botanical_garden_dhamakhali,1,13,bus_chandipur,
bus_sta_botanical_garden_dhamakhali,1,14,bus_ghatakpukur,
bus_sta_botanical_garden_dhamakhali,1,15,bus_nalmuri,
bus_sta_botanical_garden_dhamakhali,1,16,bus_boralighat,
bus_sta_botanical_garden_dhamakhali,1,17,bus_paglarhat,
bus_sta_botanical_garden_dhamakhali,1,18,bus_bhojerhat,
bus_sta_botanical_garden_dhamakhali,1,19,bus_kolkata_leather_complex,
bus_sta_botanical_garden_dhamakhali,1,20,bus_kantatala,
bus_sta_botanical_garden_dhamakhali,1,21,bus_bamanghata,
bus_sta_botanical_garden_dhamakhali,1,22,bus_bantala,
bus_sta_botanical_garden_dhamakhali,1,23,bus_paschim_chowbhaga,
bus_sta_botanical_garden_dhamakhali,1,24,bus_arupota,
bus_sta_botanical_garden_dhamakhali,1,25,bus_science_city,
bus_sta_botanical_garden_dhamakhali,1,26,bus_topsia,
bus_sta_botanical_garden_dhamakhali,1,27,bus_gobinda_khatik_road,
bus_sta_botanical_garden_dhamakhali,1,28,bus_post_office,
bus_sta_botanical_garden_dhamakhali,1,29,bus_purbanchal,
bus_sta_botanical_garden_dhamakhali,1,30,bus_tangra,
bus_sta_botanical_garden_dhamakhali,1,31,bus_vaishali,
bus_sta_botanical_garden_dhamakhali,1,32,bus_kilkhana,
bus_sta_botanical_garden_dhamakhali,1,33,bus_palmer_bazar,
bus_sta_botanical_garden_dhamakhali,1,34,bus_sealdah_station,
bus_sta_botanical_garden_dhamakhali,1,35,bus_moulali,
bus_sta_botanical_garden_dhamakhali,1,36,bus_botanical_garden,
bus_sta_boyra_saltlake_karunamoyee,0,1,bus_boyra,
bus_sta_boyra_saltlake_karunamoyee,0,2,bus_bagdah,
bus_sta_boyra_saltlake_karunamoyee,0,3,bus_nunchapota,
bus_sta_boyra_saltlake_karunamoyee,0,4,bus_changabottala,
bus_sta_boyra_saltlake_karunamoyee,0,5,bus_5_no_kalimath,
bus_sta_boyra_saltlake_karunamoyee,0,6,bus_helencha,
bus_sta_boyra_saltlake_karunamoyee,0,7,bus_asharu,
bus_sta_boyra_saltlake_karunamoyee,0,8,bus_bonchakhali_bazar,
bus_sta_boyra_saltlake_karunamoyee,0,9,bus_pathshimuliya_bazar,
bus_sta_boyra_saltlake_karunamoyee,0,10,bus_kalambagan_market,
bus_sta_boyra_saltlake_karunamoyee,0,11,bus_garapota,
bus_sta_boyra_saltlake_karunamoyee,0,12,bus_chandabazar,
bus_sta_boyra_saltlake_karunamoyee,0,13,bus_dharmapukuria,
bus_sta_boyra_saltlake_karunamoyee,0,14,bus_manigaon,
bus_sta_boyra_saltlake_karunamoyee,0,15,bus_ghatbaor,
bus_sta_boyra_saltlake_karunamoyee,0,16,bus_bongaon_paikpara,
bus_sta_boyra_saltlake_karunamoyee,0,17,bus_college_ghat,
bus_sta_boyra_saltlake_karunamoyee,0,18,bus_bongaon,
bus_sta_boyra_saltlake_karunamoyee,0,19,bus_1_no_railgate_bazar,
bus_sta_boyra_saltlake_karunamoyee,0,20,bus_yogendranath_high_school,
bus_sta_boyra_saltlake_karunamoyee,0,21,bus_panchpota_school_more,
bus_sta_boyra_saltlake_karunamoyee,0,22,bus_kalupur,
bus_sta_boyra_saltlake_karunamoyee,0,23,bus_dogachia,
bus_sta_boyra_saltlake_karunamoyee,0,24,bus_mondonpara,
bus_sta_boyra_saltlake_karunamoyee,0,25,bus_debipur,
bus_sta_boyra_saltlake_karunamoyee,0,26,bus_chandpara_b_d_o_office,
bus_sta_boyra_saltlake_karunamoyee,0,27,bus_chandpara_bazar,
bus_sta_boyra_saltlake_karunamoyee,0,28,bus_bokchora,
bus_sta_boyra_saltlake_karunamoyee,0,29,bus_gaighata_p_s,
bus_sta_boyra_saltlake_karunamoyee,0,30,bus_gaighata_bazar,
bus_sta_boyra_saltlake_karunamoyee,0,31,bus_bagna_more,
bus_sta_boyra_saltlake_karunamoyee,0,32,bus_dharampur,
bus_sta_boyra_saltlake_karunamoyee,0,33,bus_kolashim_bazar,
bus_sta_boyra_saltlake_karunamoyee,0,34,bus_kulpukur,
bus_sta_boyra_saltlake_karunamoyee,0,35,bus_chongda_more,
bus_sta_boyra_saltlake_karunamoyee,0,36,bus_hatthuba,
bus_sta_boyra_saltlake_karunamoyee,0,37,bus_saptapally_more,
bus_sta_boyra_saltlake_karunamoyee,0,38,bus_joygachhi,
bus_sta_boyra_saltlake_karunamoyee,0,39,bus_habra_station,
bus_sta_boyra_saltlake_karunamoyee,0,40,bus_ashoknagar_station,
bus_sta_boyra_saltlake_karunamoyee,0,41,bus_khosdelpur,
bus_sta_boyra_saltlake_karunamoyee,0,42,bus_guma_chowmatha,
bus_sta_boyra_saltlake_karunamoyee,0,43,bus_bira_chowmatha,
bus_sta_boyra_saltlake_karunamoyee,0,44,bus_joypul_bazar,
bus_sta_boyra_saltlake_karunamoyee,0,45,bus_duttapukur,
bus_sta_boyra_saltlake_karunamoyee,0,46,bus_bamangachi,
bus_sta_boyra_saltlake_karunamoyee,0,47,bus_mondonkathi,
bus_sta_boyra_saltlake_karunamoyee,0,48,bus_kazipara,
bus_sta_boyra_saltlake_karunamoyee,0,49,bus_barasat_champadali,
bus_sta_boyra_saltlake_karunamoyee,0,50,bus_dakbanglow_more,
bus_sta_boyra_saltlake_karunamoyee,0,51,bus_hridaypur,
bus_sta_boyra_saltlake_karunamoyee,0,52,bus_madhyamgram_chowmatha,
bus_sta_boyra_saltlake_karunamoyee,0,53,bus_doltala,
bus_sta_boyra_saltlake_karunamoyee,0,54,bus_b_t_college,
bus_sta_boyra_saltlake_karunamoyee,0,55,bus_birati_more,
bus_sta_boyra_saltlake_karunamoyee,0,56,bus_airport_2_no_gate,
bus_sta_boyra_saltlake_karunamoyee,0,57,bus_airport_1_no_gate,
bus_sta_boyra_saltlake_karunamoyee,0,58,bus_kaikhali,
bus_sta_boyra_saltlake_karunamoyee,0,59,bus_haldirams,
bus_sta_boyra_saltlake_karunamoyee,0,60,bus_baguiati,
bus_sta_boyra_saltlake_karunamoyee,0,61,bus_kestopur,
bus_sta_boyra_saltlake_karunamoyee,0,62,bus_laketown,
bus_sta_boyra_saltlake_karunamoyee,0,63,bus_ultadanga,
bus_sta_boyra_saltlake_karunamoyee,0,64,bus_hudco,
bus_sta_boyra_saltlake_karunamoyee,0,65,bus_pnb,
bus_sta_boyra_saltlake_karunamoyee,0,66,bus_c_a_island,
bus_sta_boyra_saltlake_karunamoyee,0,67,bus_city_center_1,
bus_sta_boyra_saltlake_karunamoyee,0,68,bus_bikash_bhawan,
bus_sta_boyra_saltlake_karunamoyee,0,69,bus_saltlake_karunamoyee,
bus_sta_boyra_saltlake_karunamoyee,1,1,bus_saltlake_karunamoyee,
bus_sta_boyra_saltlake_karunamoyee,1,2,bus_bikash_bhawan,
bus_sta_boyra_saltlake_karunamoyee,1,3,bus_city_center_1,
bus_sta_boyra_saltlake_karunamoyee,1,4,bus_c_a_island,
bus_sta_boyra_saltlake_karunamoyee,1,5,bus_pnb,
bus_sta_boyra_saltlake_karunamoyee,1,6,bus_hudco,
bus_sta_boyra_saltlake_karunamoyee,1,7,bus_ultadanga,
bus_sta_boyra_saltlake_karunamoyee,1,8,bus_laketown,
bus_sta_boyra_saltlake_karunamoyee,1,9,bus_kestopur,
bus_sta_boyra_saltlake_karunamoyee,1,10,bus_baguiati,
bus_sta_boyra_saltlake_karunamoyee,1,11,bus_haldirams,
bus_sta_boyra_saltlake_karunamoyee,1,12,bus_kaikhali,
bus_sta_boyra_saltlake_karunamoyee,1,13,bus_airport_1_no_gate,
bus_sta_boyra_saltlake_karunamoyee,1,14,bus_airport_2_no_gate,
bus_sta_boyra_saltlake_karunamoyee,1,15,bus_birati_more,
bus_sta_boyra_saltlake_karunamoyee,1,16,bus_b_t_college,
bus_sta_boyra_saltlake_karunamoyee,1,17,bus_doltala,
bus_sta_boyra_saltlake_karunamoyee,1,18,bus_madhyamgram_chowmatha,
bus_sta_boyra_saltlake_karunamoyee,1,19,bus_hridaypur,
bus_sta_boyra_saltlake_karunamoyee,1,20,bus_dakbanglow_more,
bus_sta_boyra_saltlake_karunamoyee,1,21,bus_barasat_champadali,
bus_sta_boyra_saltlake_karunamoyee,1,22,bus_kazipara,
bus_sta_boyra_saltlake_karunamoyee,1,23,bus_mondonkathi,
bus_sta_boyra_saltlake_karunamoyee,1,24,bus_bamangachi,
bus_sta_boyra_saltlake_karunamoyee,1,25,bus_duttapukur,
bus_sta_boyra_saltlake_karunamoyee,1,26,bus_joypul_bazar,
bus_sta_boyra_saltlake_karunamoyee,1,27,bus_bira_chowmatha,
bus_sta_boyra_saltlake_karunamoyee,1,28,bus_guma_chowmatha,
bus_sta_boyra_saltlake_karunamoyee,1,29,bus_khosdelpur,
bus_sta_boyra_saltlake_karunamoyee,1,30,bus_ashoknagar_station,
bus_sta_boyra_saltlake_karunamoyee,1,31,bus_habra_station,
bus_sta_boyra_saltlake_karunamoyee,1,32,bus_joygachhi,
bus_sta_boyra_saltlake_karunamoyee,1,33,bus_saptapally_more,
bus_sta_boyra_saltlake_karunamoyee,1,34,bus_hatthuba,
bus_sta_boyra_saltlake_karunamoyee,1,35,bus_chongda_more,
bus_sta_boyra_saltlake_karunamoyee,1,36,bus_kulpukur,
bus_sta_boyra_saltlake_karunamoyee,1,37,bus_kolashim_bazar,
bus_sta_boyra_saltlake_karunamoyee,1,38,bus_dharampur,
bus_sta_boyra_saltlake_karunamoyee,1,39,bus_bagna_more,
bus_sta_boyra_saltlake_karunamoyee,1,40,bus_gaighata_bazar,
bus_sta_boyra_saltlake_karunamoyee,1,41,bus_gaighata_p_s,
bus_sta_boyra_saltlake_karunamoyee,1,42,bus_bokchora,
bus_sta_boyra_saltlake_karunamoyee,1,43,bus_chandpara_bazar,
bus_sta_boyra_saltlake_karunamoyee,1,44,bus_chandpara_b_d_o_office,
bus_sta_boyra_saltlake_karunamoyee,1,45,bus_debipur,
bus_sta_boyra_saltlake_karunamoyee,1,46,bus_mondonpara,
bus_sta_boyra_saltlake_karunamoyee,1,47,bus_dogachia,
bus_sta_boyra_saltlake_karunamoyee,1,48,bus_kalupur,
bus_sta_boyra_saltlake_karunamoyee,1,49,bus_panchpota_school_more,
bus_sta_boyra_saltlake_karunamoyee,1,50,bus_yogendranath_high_school,
bus_sta_boyra_saltlake_karunamoyee,1,51,bus_1_no_railgate_bazar,
bus_sta_boyra_saltlake_karunamoyee,1,52,bus_bongaon,
bus_sta_boyra_saltlake_karunamoyee,1,53,bus_college_ghat,
bus_sta_boyra_saltlake_karunamoyee,1,54,bus_bongaon_paikpara,
bus_sta_boyra_saltlake_karunamoyee,1,55,bus_ghatbaor,
bus_sta_boyra_saltlake_karunamoyee,1,56,bus_manigaon,
bus_sta_boyra_saltlake_karunamoyee,1,57,bus_dharmapukuria,
bus_sta_boyra_saltlake_karunamoyee,1,58,bus_chandabazar,
bus_sta_boyra_saltlake_karunamoyee,1,59,bus_garapota,
bus_sta_boyra_saltlake_karunamoyee,1,60,bus_kalambagan_market,
bus_sta_boyra_saltlake_karunamoyee,1,61,bus_pathshimuliya_bazar,
bus_sta_boyra_saltlake_karunamoyee,1,62,bus_bonchakhali_bazar,
bus_sta_boyra_saltlake_karunamoyee,1,63,bus_asharu,
bus_sta_boyra_saltlake_karunamoyee,1,64,bus_helencha,
bus_sta_boyra_saltlake_karunamoyee,1,65,bus_5_no_kalimath,
bus_sta_boyra_saltlake_karunamoyee,1,66,bus_changabottala,
bus_sta_boyra_saltlake_karunamoyee,1,67,bus_nunchapota,
bus_sta_boyra_saltlake_karunamoyee,1,68,bus_bagdah,
bus_sta_boyra_saltlake_karunamoyee,1,69,bus_boyra,
bus_sta_deulti_saltlake_karunamoyee,0,1,bus_deulti,
bus_sta_deulti_saltlake_karunamoyee,0,2,bus_barunda,
bus_sta_deulti_saltlake_karunamoyee,0,3,bus_bagnan,
bus_sta_deulti_saltlake_karunamoyee,0,4,bus_kulgachia,
bus_sta_deulti_saltlake_karunamoyee,0,5,bus_uluberia,
bus_sta_deulti_saltlake_karunamoyee,0,6,bus_panchla,
bus_sta_deulti_saltlake_karunamoyee,0,7,bus_ranihati,
bus_sta_deulti_saltlake_karunamoyee,0,8,bus_dhulagarh,
bus_sta_deulti_saltlake_karunamoyee,0,9,bus_salap,
bus_sta_deulti_saltlake_karunamoyee,0,10,bus_rajchandrapur,
bus_sta_deulti_saltlake_karunamoyee,0,11,bus_ballyghat,
bus_sta_deulti_saltlake_karunamoyee,0,12,bus_dakshineswar,
bus_sta_deulti_saltlake_karunamoyee,0,13,bus_belgharia_expressway,
bus_sta_deulti_saltlake_karunamoyee,0,14,bus_airport_gate,
bus_sta_deulti_saltlake_karunamoyee,0,15,bus_kaikhali,
bus_sta_deulti_saltlake_karunamoyee,0,16,bus_chinar_park,
bus_sta_deulti_saltlake_karunamoyee,0,17,bus_eco_park,
bus_sta_deulti_saltlake_karunamoyee,0,18,bus_narkelbagan,
bus_sta_deulti_saltlake_karunamoyee,0,19,bus_technopolis,
bus_sta_deulti_saltlake_karunamoyee,0,20,bus_sector_v,
bus_sta_deulti_saltlake_karunamoyee,0,21,bus_nicco_park,
bus_sta_deulti_saltlake_karunamoyee,0,22,bus_saltlake_karunamoyee,
bus_sta_deulti_saltlake_karunamoyee,1,1,bus_saltlake_karunamoyee,
bus_sta_deulti_saltlake_karunamoyee,1,2,bus_nicco_park,
bus_sta_deulti_saltlake_karunamoyee,1,3,bus_sector_v,
bus_sta_deulti_saltlake_karunamoyee,1,4,bus_technopolis,
bus_sta_deulti_saltlake_karunamoyee,1,5,bus_narkelbagan,
bus_sta_deulti_saltlake_karunamoyee,1,6,bus_eco_park,
bus_sta_deulti_saltlake_karunamoyee,1,7,bus_chinar_park,
bus_sta_deulti_saltlake_karunamoyee,1,8,bus_kaikhali,
bus_sta_deulti_saltlake_karunamoyee,1,9,bus_airport_gate,
bus_sta_deulti_saltlake_karunamoyee,1,10,bus_belgharia_expressway,
bus_sta_deulti_saltlake_karunamoyee,1,11,bus_dakshineswar,
bus_sta_deulti_saltlake_karunamoyee,1,12,bus_ballyghat,
bus_sta_deulti_saltlake_karunamoyee,1,13,bus_rajchandrapur,
bus_sta_deulti_saltlake_karunamoyee,1,14,bus_salap,
bus_sta_deulti_saltlake_karunamoyee,1,15,bus_dhulagarh,
bus_sta_deulti_saltlake_karunamoyee,1,16,bus_ranihati,
bus_sta_deulti_saltlake_karunamoyee,1,17,bus_panchla,
bus_sta_deulti_saltlake_karunamoyee,1,18,bus_uluberia,
bus_sta_deulti_saltlake_karunamoyee,1,19,bus_kulgachia,
bus_sta_deulti_saltlake_karunamoyee,1,20,bus_bagnan,
bus_sta_deulti_saltlake_karunamoyee,1,21,bus_barunda,
bus_sta_deulti_saltlake_karunamoyee,1,22,bus_deulti,
bus_sta_dhulagarh_newtown,0,1,bus_dhulagarh,
bus_sta_dhulagarh_newtown,0,2,bus_alampur,
bus_sta_dhulagarh_newtown,0,3,bus_ankurhati,
bus_sta_dhulagarh_newtown,0,4,bus_nibra_crossing,
bus_sta_dhulagarh_newtown,0,5,bus_unsani,
bus_sta_dhulagarh_newtown,0,6,bus_santragachi,
bus_sta_dhulagarh_newtown,0,7,bus_belepole,
bus_sta_dhulagarh_newtown,0,8,bus_carry_road,
bus_sta_dhulagarh_newtown,0,9,bus_shibpur_toll_plaza,
bus_sta_dhulagarh_newtown,0,10,bus_hastings,
bus_sta_dhulagarh_newtown,0,11,bus_pts,
bus_sta_dhulagarh_newtown,0,12,bus_pg_hospital,
bus_sta_dhulagarh_newtown,0,13,bus_exide,
bus_sta_dhulagarh_newtown,0,14,bus_minto_park,
bus_sta_dhulagarh_newtown,0,15,bus_bekbagan,
bus_sta_dhulagarh_newtown,0,16,bus_park_circus_7_point,
bus_sta_dhulagarh_newtown,0,17,bus_don_bosco_more,
bus_sta_dhulagarh_newtown,0,18,bus_4no_bridge,
bus_sta_dhulagarh_newtown,0,19,bus_hindu_kabristan,
bus_sta_dhulagarh_newtown,0,20,bus_topsia,
bus_sta_dhulagarh_newtown,0,21,bus_science_city,
bus_sta_dhulagarh_newtown,0,22,bus_mathpukur,
bus_sta_dhulagarh_newtown,0,23,bus_chingrighata,
bus_sta_dhulagarh_newtown,0,24,bus_beleghata_building_more,
bus_sta_dhulagarh_newtown,0,25,bus_amri_hospital,
bus_sta_dhulagarh_newtown,0,26,bus_gd_island,
bus_sta_dhulagarh_newtown,0,27,bus_sushrut_hospital,
bus_sta_dhulagarh_newtown,0,28,bus_wipro,
bus_sta_dhulagarh_newtown,0,29,bus_college_more,
bus_sta_dhulagarh_newtown,0,30,bus_technopolis,
bus_sta_dhulagarh_newtown,0,31,bus_mahishbathan,
bus_sta_dhulagarh_newtown,0,32,bus_nazrul_tirtha,
bus_sta_dhulagarh_newtown,0,33,bus_newtown_bus_stand,
bus_sta_dhulagarh_newtown,0,34,bus_axis_mall,
bus_sta_dhulagarh_newtown,0,35,bus_narkelbagan,
bus_sta_dhulagarh_newtown,0,36,bus_newtown,
bus_sta_dhulagarh_newtown,1,1,bus_newtown,
bus_sta_dhulagarh_newtown,1,2,bus_narkelbagan,
bus_sta_dhulagarh_newtown,1,3,bus_axis_mall,
bus_sta_dhulagarh_newtown,1,4,bus_newtown_bus_stand,
bus_sta_dhulagarh_newtown,1,5,bus_nazrul_tirtha,
bus_sta_dhulagarh_newtown,1,6,bus_mahishbathan,
bus_sta_dhulagarh_newtown,1,7,bus_technopolis,
bus_sta_dhulagarh_newtown,1,8,bus_college_more,
bus_sta_dhulagarh_newtown,1,9,bus_wipro,
bus_sta_dhulagarh_newtown,1,10,bus_sushrut_hospital,
bus_sta_dhulagarh_newtown,1,11,bus_gd_island,
bus_sta_dhulagarh_newtown,1,12,bus_amri_hospital,
bus_sta_dhulagarh_newtown,1,13,bus_beleghata_building_more,
bus_sta_dhulagarh_newtown,1,14,bus_chingrighata,
bus_sta_dhulagarh_newtown,1,15,bus_mathpukur,
bus_sta_dhulagarh_newtown,1,16,bus_science_city,
bus_sta_dhulagarh_newtown,1,17,bus_topsia,
bus_sta_dhulagarh_newtown,1,18,bus_hindu_kabristan,
bus_sta_dhulagarh_newtown,1,19,bus_4no_bridge,
bus_sta_dhulagarh_newtown,1,20,bus_don_bosco_more,
bus_sta_dhulagarh_newtown,1,21,bus_park_circus_7_point,
bus_sta_dhulagarh_newtown,1,22,bus_bekbagan,
bus_sta_dhulagarh_newtown,1,23,bus_minto_park,
bus_sta_dhulagarh_newtown,1,24,bus_exide,
bus_sta_dhulagarh_newtown,1,25,bus_pg_hospital,
bus_sta_dhulagarh_newtown,1,26,bus_pts,
bus_sta_dhulagarh_newtown,1,27,bus_hastings,
bus_sta_dhulagarh_newtown,1,28,bus_shibpur_toll_plaza,
bus_sta_dhulagarh_newtown,1,29,bus_carry_road,
bus_sta_dhulagarh_newtown,1,30,bus_belepole,
bus_sta_dhulagarh_newtown,1,31,bus_santragachi,
bus_sta_dhulagarh_newtown,1,32,bus_unsani,
bus_sta_dhulagarh_newtown,1,33,bus_nibra_crossing,
bus_sta_dhulagarh_newtown,1,34,bus_ankurhati,
bus_sta_dhulagarh_newtown,1,35,bus_alampur,
bus_sta_dhulagarh_newtown,1,36,bus_dhulagarh,
bus_sta_dhulagarh_sealdah,0,1,bus_dhulagarh,
bus_sta_dhulagarh_sealdah,0,2,bus_dhulagarh_toll_plaza,
bus_sta_dhulagarh_sealdah,0,3,bus_new_karola,
bus_sta_dhulagarh_sealdah,0,4,bus_alampur,
bus_sta_dhulagarh_sealdah,0,5,bus_jalan_complex,
bus_sta_dhulagarh_sealdah,0,6,bus_ankurhati,
bus_sta_dhulagarh_sealdah,0,7,bus_kona_expressway_crossing_nibra,
bus_sta_dhulagarh_sealdah,0,8,bus_unsani,
bus_sta_dhulagarh_sealdah,0,9,bus_santragachi,
bus_sta_dhulagarh_sealdah,0,10,bus_baksara,
bus_sta_dhulagarh_sealdah,0,11,bus_belepole,
bus_sta_dhulagarh_sealdah,0,12,bus_carry_road,
bus_sta_dhulagarh_sealdah,0,13,bus_nabanna,
bus_sta_dhulagarh_sealdah,0,14,bus_toll_plaza,
bus_sta_dhulagarh_sealdah,0,15,bus_vidyasagar_setu,
bus_sta_dhulagarh_sealdah,0,16,bus_hastings,
bus_sta_dhulagarh_sealdah,0,17,bus_pts,
bus_sta_dhulagarh_sealdah,0,18,bus_pg_hospital,
bus_sta_dhulagarh_sealdah,0,19,bus_rabindra_sadan,
bus_sta_dhulagarh_sealdah,0,20,bus_exide,
bus_sta_dhulagarh_sealdah,0,21,bus_jeevan_deep,
bus_sta_dhulagarh_sealdah,0,22,bus_maidan,
bus_sta_dhulagarh_sealdah,0,23,bus_park_street,
bus_sta_dhulagarh_sealdah,0,24,bus_new_market,
bus_sta_dhulagarh_sealdah,0,25,bus_esplanade,
bus_sta_dhulagarh_sealdah,0,26,bus_chadni_chowk,
bus_sta_dhulagarh_sealdah,0,27,bus_wellington,
bus_sta_dhulagarh_sealdah,0,28,bus_moulali,
bus_sta_dhulagarh_sealdah,0,29,bus_sealdah_court,
bus_sta_dhulagarh_sealdah,0,30,bus_sealdah,
bus_sta_dhulagarh_sealdah,1,1,bus_sealdah,
bus_sta_dhulagarh_sealdah,1,2,bus_sealdah_court,
bus_sta_dhulagarh_sealdah,1,3,bus_moulali,
bus_sta_dhulagarh_sealdah,1,4,bus_wellington,
bus_sta_dhulagarh_sealdah,1,5,bus_chadni_chowk,
bus_sta_dhulagarh_sealdah,1,6,bus_esplanade,
bus_sta_dhulagarh_sealdah,1,7,bus_new_market,
bus_sta_dhulagarh_sealdah,1,8,bus_park_street,
bus_sta_dhulagarh_sealdah,1,9,bus_maidan,
bus_sta_dhulagarh_sealdah,1,10,bus_jeevan_deep,
bus_sta_dhulagarh_sealdah,1,11,bus_exide,
bus_sta_dhulagarh_sealdah,1,12,bus_rabindra_sadan,
bus_sta_dhulagarh_sealdah,1,13,bus_pg_hospital,
bus_sta_dhulagarh_sealdah,1,14,bus_pts,
bus_sta_dhulagarh_sealdah,1,15,bus_hastings,
bus_sta_dhulagarh_sealdah,1,16,bus_vidyasagar_setu,
bus_sta_dhulagarh_sealdah,1,17,bus_toll_plaza,
bus_sta_dhulagarh_sealdah,1,18,bus_nabanna,
bus_sta_dhulagarh_sealdah,1,19,bus_carry_road,
bus_sta_dhulagarh_sealdah,1,20,bus_belepole,
bus_sta_dhulagarh_sealdah,1,21,bus_baksara,
bus_sta_dhulagarh_sealdah,1,22,bus_santragachi,
bus_sta_dhulagarh_sealdah,1,23,bus_unsani,
bus_sta_dhulagarh_sealdah,1,24,bus_kona_expressway_crossing_nibra,
bus_sta_dhulagarh_sealdah,1,25,bus_ankurhati,
bus_sta_dhulagarh_sealdah,1,26,bus_jalan_complex,
bus_sta_dhulagarh_sealdah,1,27,bus_alampur,
bus_sta_dhulagarh_sealdah,1,28,bus_new_karola,
bus_sta_dhulagarh_sealdah,1,29,bus_dhulagarh_toll_plaza,
bus_sta_dhulagarh_sealdah,1,30,bus_dhulagarh,
bus_sta_dhulagarh_unitech,0,1,bus_dhulagarh,
bus_sta_dhulagarh_unitech,0,2,bus_alampur,
bus_sta_dhulagarh_unitech,0,3,bus_ankurhati,
bus_sta_dhulagarh_unitech,0,4,bus_kona_express,
bus_sta_dhulagarh_unitech,0,5,bus_santragachi,
bus_sta_dhulagarh_unitech,0,6,bus_belepole,
bus_sta_dhulagarh_unitech,0,7,bus_vidyasagar_setu,
bus_sta_dhulagarh_unitech,0,8,bus_rabindra_sadan,
bus_sta_dhulagarh_unitech,0,9,bus_minto_park,
bus_sta_dhulagarh_unitech,0,10,bus_beckbagan,
bus_sta_dhulagarh_unitech,0,11,bus_park_circus,
bus_sta_dhulagarh_unitech,0,12,bus_science_city,
bus_sta_dhulagarh_unitech,0,13,bus_chingrighata,
bus_sta_dhulagarh_unitech,0,14,bus_nicco_park,
bus_sta_dhulagarh_unitech,0,15,bus_sector_v,
bus_sta_dhulagarh_unitech,0,16,bus_newtown,
bus_sta_dhulagarh_unitech,0,17,bus_narkelbagan,
bus_sta_dhulagarh_unitech,0,18,bus_unitech_gate_2,
bus_sta_dhulagarh_unitech,0,19,bus_ecospace,
bus_sta_dhulagarh_unitech,0,20,bus_aliah_university,
bus_sta_dhulagarh_unitech,0,21,bus_unitech,
bus_sta_dhulagarh_unitech,1,1,bus_unitech,
bus_sta_dhulagarh_unitech,1,2,bus_aliah_university,
bus_sta_dhulagarh_unitech,1,3,bus_ecospace,
bus_sta_dhulagarh_unitech,1,4,bus_unitech_gate_2,
bus_sta_dhulagarh_unitech,1,5,bus_narkelbagan,
bus_sta_dhulagarh_unitech,1,6,bus_newtown,
bus_sta_dhulagarh_unitech,1,7,bus_sector_v,
bus_sta_dhulagarh_unitech,1,8,bus_nicco_park,
bus_sta_dhulagarh_unitech,1,9,bus_chingrighata,
bus_sta_dhulagarh_unitech,1,10,bus_science_city,
bus_sta_dhulagarh_unitech,1,11,bus_park_circus,
bus_sta_dhulagarh_unitech,1,12,bus_beckbagan,
bus_sta_dhulagarh_unitech,1,13,bus_minto_park,
bus_sta_dhulagarh_unitech,1,14,bus_rabindra_sadan,
bus_sta_dhulagarh_unitech,1,15,bus_vidyasagar_setu,
bus_sta_dhulagarh_unitech,1,16,bus_belepole,
bus_sta_dhulagarh_unitech,1,17,bus_santragachi,
bus_sta_dhulagarh_unitech,1,18,bus_kona_express,
bus_sta_dhulagarh_unitech,1,19,bus_ankurhati,
bus_sta_dhulagarh_unitech,1,20,bus_alampur,
bus_sta_dhulagarh_unitech,1,21,bus_dhulagarh,
bus_sta_gadiara_rajarhat,0,1,bus_gadiara,
bus_sta_gadiara_rajarhat,0,2,bus_gurjorpur,
bus_sta_gadiara_rajarhat,0,3,bus_laxmi_bazar,
bus_sta_gadiara_rajarhat,0,4,bus_shyampur,
bus_sta_gadiara_rajarhat,0,5,bus_58_gate,
bus_sta_gadiara_rajarhat,0,6,bus_uluberia_station,
bus_sta_gadiara_rajarhat,0,7,bus_panchla,
bus_sta_gadiara_rajarhat,0,8,bus_ranihati,
bus_sta_gadiara_rajarhat,0,9,bus_dhulagarh,
bus_sta_gadiara_rajarhat,0,10,bus_santragachi,
bus_sta_gadiara_rajarhat,0,11,bus_toll_plaza,
bus_sta_gadiara_rajarhat,0,12,bus_pts,
bus_sta_gadiara_rajarhat,0,13,bus_pg_hospital,
bus_sta_gadiara_rajarhat,0,14,bus_rabindra_sadan,
bus_sta_gadiara_rajarhat,0,15,bus_exide,
bus_sta_gadiara_rajarhat,0,16,bus_minto_park,
bus_sta_gadiara_rajarhat,0,17,bus_park_circus,
bus_sta_gadiara_rajarhat,0,18,bus_4no_bridge,
bus_sta_gadiara_rajarhat,0,19,bus_topsia,
bus_sta_gadiara_rajarhat,0,20,bus_science_city,
bus_sta_gadiara_rajarhat,0,21,bus_chingrighata,
bus_sta_gadiara_rajarhat,0,22,bus_building_more,
bus_sta_gadiara_rajarhat,0,23,bus_amri_hospital,
bus_sta_gadiara_rajarhat,0,24,bus_gd_island,
bus_sta_gadiara_rajarhat,0,25,bus_sushrut_hospital,
bus_sta_gadiara_rajarhat,0,26,bus_sdf,
bus_sta_gadiara_rajarhat,0,27,bus_college_more,
bus_sta_gadiara_rajarhat,0,28,bus_technopolis,
bus_sta_gadiara_rajarhat,0,29,bus_newtown,
bus_sta_gadiara_rajarhat,0,30,bus_narkelbagan,
bus_sta_gadiara_rajarhat,0,31,bus_rajarhat,
bus_sta_gadiara_rajarhat,1,1,bus_rajarhat,
bus_sta_gadiara_rajarhat,1,2,bus_narkelbagan,
bus_sta_gadiara_rajarhat,1,3,bus_newtown,
bus_sta_gadiara_rajarhat,1,4,bus_technopolis,
bus_sta_gadiara_rajarhat,1,5,bus_college_more,
bus_sta_gadiara_rajarhat,1,6,bus_sdf,
bus_sta_gadiara_rajarhat,1,7,bus_sushrut_hospital,
bus_sta_gadiara_rajarhat,1,8,bus_gd_island,
bus_sta_gadiara_rajarhat,1,9,bus_amri_hospital,
bus_sta_gadiara_rajarhat,1,10,bus_building_more,
bus_sta_gadiara_rajarhat,1,11,bus_chingrighata,
bus_sta_gadiara_rajarhat,1,12,bus_science_city,
bus_sta_gadiara_rajarhat,1,13,bus_topsia,
bus_sta_gadiara_rajarhat,1,14,bus_4no_bridge,
bus_sta_gadiara_rajarhat,1,15,bus_park_circus,
bus_sta_gadiara_rajarhat,1,16,bus_minto_park,
bus_sta_gadiara_rajarhat,1,17,bus_exide,
bus_sta_gadiara_rajarhat,1,18,bus_rabindra_sadan,
bus_sta_gadiara_rajarhat,1,19,bus_pg_hospital,
bus_sta_gadiara_rajarhat,1,20,bus_pts,
bus_sta_gadiara_rajarhat,1,21,bus_toll_plaza,
bus_sta_gadiara_rajarhat,1,22,bus_santragachi,
bus_sta_gadiara_rajarhat,1,23,bus_dhulagarh,
bus_sta_gadiara_rajarhat,1,24,bus_ranihati,
bus_sta_gadiara_rajarhat,1,25,bus_panchla,
bus_sta_gadiara_rajarhat,1,26,bus_uluberia_station,
bus_sta_gadiara_rajarhat,1,27,bus_58_gate,
bus_sta_gadiara_rajarhat,1,28,bus_shyampur,
bus_sta_gadiara_rajarhat,1,29,bus_laxmi_bazar,
bus_sta_gadiara_rajarhat,1,30,bus_gurjorpur,
bus_sta_gadiara_rajarhat,1,31,bus_gadiara,
bus_sta_garia_ultodanga,0,1,bus_garia,
bus_sta_garia_ultodanga,0,2,bus_garia_bazar,
bus_sta_garia_ultodanga,0,3,bus_dinabandhu_andrews_college,
bus_sta_garia_ultodanga,0,4,bus_baishnabghata,
bus_sta_garia_ultodanga,0,5,bus_patuli,
bus_sta_garia_ultodanga,0,6,bus_peerless_hospital,
bus_sta_garia_ultodanga,0,7,bus_hiland_park,
bus_sta_garia_ultodanga,0,8,bus_ajaynagar,
bus_sta_garia_ultodanga,0,9,bus_singhabari,
bus_sta_garia_ultodanga,0,10,bus_kalikapur_avishikta,
bus_sta_garia_ultodanga,0,11,bus_ruby_hospital,
bus_sta_garia_ultodanga,0,12,bus_vip_bazar,
bus_sta_garia_ultodanga,0,13,bus_uttar_panchannagram,
bus_sta_garia_ultodanga,0,14,bus_science_city,
bus_sta_garia_ultodanga,0,15,bus_mathpukur,
bus_sta_garia_ultodanga,0,16,bus_chingrihata,
bus_sta_garia_ultodanga,0,17,bus_building_more,
bus_sta_garia_ultodanga,0,18,bus_kadapara,
bus_sta_garia_ultodanga,0,19,bus_bengal_chemical,
bus_sta_garia_ultodanga,0,20,bus_hudco,
bus_sta_garia_ultodanga,0,21,bus_ultodanga,
bus_sta_garia_ultodanga,1,1,bus_ultodanga,
bus_sta_garia_ultodanga,1,2,bus_hudco,
bus_sta_garia_ultodanga,1,3,bus_bengal_chemical,
bus_sta_garia_ultodanga,1,4,bus_kadapara,
bus_sta_garia_ultodanga,1,5,bus_building_more,
bus_sta_garia_ultodanga,1,6,bus_chingrihata,
bus_sta_garia_ultodanga,1,7,bus_mathpukur,
bus_sta_garia_ultodanga,1,8,bus_science_city,
bus_sta_garia_ultodanga,1,9,bus_uttar_panchannagram,
bus_sta_garia_ultodanga,1,10,bus_vip_bazar,
bus_sta_garia_ultodanga,1,11,bus_ruby_hospital,
bus_sta_garia_ultodanga,1,12,bus_kalikapur_avishikta,
bus_sta_garia_ultodanga,1,13,bus_singhabari,
bus_sta_garia_ultodanga,1,14,bus_ajaynagar,
bus_sta_garia_ultodanga,1,15,bus_hiland_park,
bus_sta_garia_ultodanga,1,16,bus_peerless_hospital,
bus_sta_garia_ultodanga,1,17,bus_patuli,
bus_sta_garia_ultodanga,1,18,bus_baishnabghata,
bus_sta_garia_ultodanga,1,19,bus_dinabandhu_andrews_college,
bus_sta_garia_ultodanga,1,20,bus_garia_bazar,
bus_sta_garia_ultodanga,1,21,bus_garia,
bus_sta_garia_station_bagbazar,0,1,bus_garia_station,
bus_sta_garia_station_bagbazar,0,2,bus_panchasayar,
bus_sta_garia_station_bagbazar,0,3,bus_new_garia_metro,
bus_sta_garia_station_bagbazar,0,4,bus_peerless,
bus_sta_garia_station_bagbazar,0,5,bus_mukundapur,
bus_sta_garia_station_bagbazar,0,6,bus_hiland_park,
bus_sta_garia_station_bagbazar,0,7,bus_metro_cash_and_carry,
bus_sta_garia_station_bagbazar,0,8,bus_kalikapur,
bus_sta_garia_station_bagbazar,0,9,bus_ruby,
bus_sta_garia_station_bagbazar,0,10,bus_rajdanga,
bus_sta_garia_station_bagbazar,0,11,bus_bosepukur,
bus_sta_garia_station_bagbazar,0,12,bus_ballygunge,
bus_sta_garia_station_bagbazar,0,13,bus_gariahat,
bus_sta_garia_station_bagbazar,0,14,bus_ballygunge_phari,
bus_sta_garia_station_bagbazar,0,15,bus_beckbagan,
bus_sta_garia_station_bagbazar,0,16,bus_park_circus_7_point,
bus_sta_garia_station_bagbazar,0,17,bus_central_garage,
bus_sta_garia_station_bagbazar,0,18,bus_moulali,
bus_sta_garia_station_bagbazar,0,19,bus_sealdah,
bus_sta_garia_station_bagbazar,0,20,bus_rajabazar,
bus_sta_garia_station_bagbazar,0,21,bus_manicktala,
bus_sta_garia_station_bagbazar,0,22,bus_khanna,
bus_sta_garia_station_bagbazar,0,23,bus_shyambazar,
bus_sta_garia_station_bagbazar,0,24,bus_bagbazar,
bus_sta_garia_station_bagbazar,1,1,bus_bagbazar,
bus_sta_garia_station_bagbazar,1,2,bus_shyambazar,
bus_sta_garia_station_bagbazar,1,3,bus_khanna,
bus_sta_garia_station_bagbazar,1,4,bus_manicktala,
bus_sta_garia_station_bagbazar,1,5,bus_rajabazar,
bus_sta_garia_station_bagbazar,1,6,bus_sealdah,
bus_sta_garia_station_bagbazar,1,7,bus_moulali,
bus_sta_garia_station_bagbazar,1,8,bus_central_garage,
bus_sta_garia_station_bagbazar,1,9,bus_park_circus_7_point,
bus_sta_garia_station_bagbazar,1,10,bus_beckbagan,
bus_sta_garia_station_bagbazar,1,11,bus_ballygunge_phari,
bus_sta_garia_station_bagbazar,1,12,bus_gariahat,
bus_sta_garia_station_bagbazar,1,13,bus_ballygunge,
bus_sta_garia_station_bagbazar,1,14,bus_bosepukur,
bus_sta_garia_station_bagbazar,1,15,bus_rajdanga,
bus_sta_garia_station_bagbazar,1,16,bus_ruby,
bus_sta_garia_station_bagbazar,1,17,bus_kalikapur,
bus_sta_garia_station_bagbazar,1,18,bus_metro_cash_and_carry,
bus_sta_garia_station_bagbazar,1,19,bus_hiland_park,
bus_sta_garia_station_bagbazar,1,20,bus_mukundapur,
bus_sta_garia_station_bagbazar,1,21,bus_peerless,
bus_sta_garia_station_bagbazar,1,22,bus_new_garia_metro,
bus_sta_garia_station_bagbazar,1,23,bus_panchasayar,
bus_sta_garia_station_bagbazar,1,24,bus_garia_station,
bus_sta_garia_station_kolkata_station,0,1,bus_garia_station,
bus_sta_garia_station_kolkata_station,0,2,bus_balia,
bus_sta_garia_station_kolkata_station,0,3,bus_dhalai_bridge,
bus_sta_garia_station_kolkata_station,0,4,bus_patuli,
bus_sta_garia_station_kolkata_station,0,5,bus_peerless_hospital,
bus_sta_garia_station_kolkata_station,0,6,bus_hiland_park,
bus_sta_garia_station_kolkata_station,0,7,bus_ajaynagar,
bus_sta_garia_station_kolkata_station,0,8,bus_mukundapur,
bus_sta_garia_station_kolkata_station,0,9,bus_kalikapur,
bus_sta_garia_station_kolkata_station,0,10,bus_ruby,
bus_sta_garia_station_kolkata_station,0,11,bus_uttar_panchannagram,
bus_sta_garia_station_kolkata_station,0,12,bus_science_city,
bus_sta_garia_station_kolkata_station,0,13,bus_dhapa,
bus_sta_garia_station_kolkata_station,0,14,bus_metropolitan,
bus_sta_garia_station_kolkata_station,0,15,bus_chingrighata,
bus_sta_garia_station_kolkata_station,0,16,bus_beleghata,
bus_sta_garia_station_kolkata_station,0,17,bus_kadapara,
bus_sta_garia_station_kolkata_station,0,18,bus_apollo_hospital,
bus_sta_garia_station_kolkata_station,0,19,bus_mani_square,
bus_sta_garia_station_kolkata_station,0,20,bus_bengal_chemical,
bus_sta_garia_station_kolkata_station,0,21,bus_hudco,
bus_sta_garia_station_kolkata_station,0,22,bus_bidhannagar_road_station,
bus_sta_garia_station_kolkata_station,0,23,bus_muchibazar,
bus_sta_garia_station_kolkata_station,0,24,bus_khanna,
bus_sta_garia_station_kolkata_station,0,25,bus_fariapukur,
bus_sta_garia_station_kolkata_station,0,26,bus_shyambazar,
bus_sta_garia_station_kolkata_station,0,27,bus_r_g_kar_hospital,
bus_sta_garia_station_kolkata_station,0,28,bus_kolkata_station,
bus_sta_garia_station_kolkata_station,1,1,bus_kolkata_station,
bus_sta_garia_station_kolkata_station,1,2,bus_r_g_kar_hospital,
bus_sta_garia_station_kolkata_station,1,3,bus_shyambazar,
bus_sta_garia_station_kolkata_station,1,4,bus_fariapukur,
bus_sta_garia_station_kolkata_station,1,5,bus_khanna,
bus_sta_garia_station_kolkata_station,1,6,bus_muchibazar,
bus_sta_garia_station_kolkata_station,1,7,bus_bidhannagar_road_station,
bus_sta_garia_station_kolkata_station,1,8,bus_hudco,
bus_sta_garia_station_kolkata_station,1,9,bus_bengal_chemical,
bus_sta_garia_station_kolkata_station,1,10,bus_mani_square,
bus_sta_garia_station_kolkata_station,1,11,bus_apollo_hospital,
bus_sta_garia_station_kolkata_station,1,12,bus_kadapara,
bus_sta_garia_station_kolkata_station,1,13,bus_beleghata,
bus_sta_garia_station_kolkata_station,1,14,bus_chingrighata,
bus_sta_garia_station_kolkata_station,1,15,bus_metropolitan,
bus_sta_garia_station_kolkata_station,1,16,bus_dhapa,
bus_sta_garia_station_kolkata_station,1,17,bus_science_city,
bus_sta_garia_station_kolkata_station,1,18,bus_uttar_panchannagram,
bus_sta_garia_station_kolkata_station,1,19,bus_ruby,
bus_sta_garia_station_kolkata_station,1,20,bus_kalikapur,
bus_sta_garia_station_kolkata_station,1,21,bus_mukundapur,
bus_sta_garia_station_kolkata_station,1,22,bus_ajaynagar,
bus_sta_garia_station_kolkata_station,1,23,bus_hiland_park,
bus_sta_garia_station_kolkata_station,1,24,bus_peerless_hospital,
bus_sta_garia_station_kolkata_station,1,25,bus_patuli,
bus_sta_garia_station_kolkata_station,1,26,bus_dhalai_bridge,
bus_sta_garia_station_kolkata_station,1,27,bus_balia,
bus_sta_garia_station_kolkata_station,1,28,bus_garia_station,
bus_sta_garia_station_paikpara,0,1,bus_garia_station,
bus_sta_garia_station_paikpara,0,2,bus_dhalai_bridge,
bus_sta_garia_station_paikpara,0,3,bus_patuli,
bus_sta_garia_station_paikpara,0,4,bus_peerless_hospital,
bus_sta_garia_station_paikpara,0,5,bus_highland_park,
bus_sta_garia_station_paikpara,0,6,bus_ajaynagar,
bus_sta_garia_station_paikpara,0,7,bus_metro_cash_and_carry,
bus_sta_garia_station_paikpara,0,8,bus_kalikapur,
bus_sta_garia_station_paikpara,0,9,bus_ruby,
bus_sta_garia_station_paikpara,0,10,bus_vip_bazar,
bus_sta_garia_station_paikpara,0,11,bus_uttar_panchannangram,
bus_sta_garia_station_paikpara,0,12,bus_science_city,
bus_sta_garia_station_paikpara,0,13,bus_dhapa,
bus_sta_garia_station_paikpara,0,14,bus_chingrighata,
bus_sta_garia_station_paikpara,0,15,bus_building_more,
bus_sta_garia_station_paikpara,0,16,bus_apollo_hospital,
bus_sta_garia_station_paikpara,0,17,bus_mani_square,
bus_sta_garia_station_paikpara,0,18,bus_bengal_chemical,
bus_sta_garia_station_paikpara,0,19,bus_hudco,
bus_sta_garia_station_paikpara,0,20,bus_ultadanga_station,
bus_sta_garia_station_paikpara,0,21,bus_gouribari,
bus_sta_garia_station_paikpara,0,22,bus_khanna,
bus_sta_garia_station_paikpara,0,23,bus_shyambazar,
bus_sta_garia_station_paikpara,0,24,bus_paikpara,
bus_sta_garia_station_paikpara,1,1,bus_paikpara,
bus_sta_garia_station_paikpara,1,2,bus_shyambazar,
bus_sta_garia_station_paikpara,1,3,bus_khanna,
bus_sta_garia_station_paikpara,1,4,bus_gouribari,
bus_sta_garia_station_paikpara,1,5,bus_ultadanga_station,
bus_sta_garia_station_paikpara,1,6,bus_hudco,
bus_sta_garia_station_paikpara,1,7,bus_bengal_chemical,
bus_sta_garia_station_paikpara,1,8,bus_mani_square,
bus_sta_garia_station_paikpara,1,9,bus_apollo_hospital,
bus_sta_garia_station_paikpara,1,10,bus_building_more,
bus_sta_garia_station_paikpara,1,11,bus_chingrighata,
bus_sta_garia_station_paikpara,1,12,bus_dhapa,
bus_sta_garia_station_paikpara,1,13,bus_science_city,
bus_sta_garia_station_paikpara,1,14,bus_uttar_panchannangram,
bus_sta_garia_station_paikpara,1,15,bus_vip_bazar,
bus_sta_garia_station_paikpara,1,16,bus_ruby,
bus_sta_garia_station_paikpara,1,17,bus_kalikapur,
bus_sta_garia_station_paikpara,1,18,bus_metro_cash_and_carry,
bus_sta_garia_station_paikpara,1,19,bus_ajaynagar,
bus_sta_garia_station_paikpara,1,20,bus_highland_park,
bus_sta_garia_station_paikpara,1,21,bus_peerless_hospital,
bus_sta_garia_station_paikpara,1,22,bus_patuli,
bus_sta_garia_station_paikpara,1,23,bus_dhalai_bridge,
bus_sta_garia_station_paikpara,1,24,bus_garia_station,
bus_sta_kamalgazi_dankuni_housing,0,1,bus_kamalgazi,
bus_sta_kamalgazi_dankuni_housing,0,2,bus_mahamayatala,
bus_sta_kamalgazi_dankuni_housing,0,3,bus_garia,
bus_sta_kamalgazi_dankuni_housing,0,4,bus_baishnabghata,
bus_sta_kamalgazi_dankuni_housing,0,5,bus_patuli,
bus_sta_kamalgazi_dankuni_housing,0,6,bus_peerless_hospital,
bus_sta_kamalgazi_dankuni_housing,0,7,bus_highland_park,
bus_sta_kamalgazi_dankuni_housing,0,8,bus_ajaynagar,
bus_sta_kamalgazi_dankuni_housing,0,9,bus_metro_cash_and_carry,
bus_sta_kamalgazi_dankuni_housing,0,10,bus_kalikapur,
bus_sta_kamalgazi_dankuni_housing,0,11,bus_ruby_hospital,
bus_sta_kamalgazi_dankuni_housing,0,12,bus_vip_bazar,
bus_sta_kamalgazi_dankuni_housing,0,13,bus_uttar_panchannagram,
bus_sta_kamalgazi_dankuni_housing,0,14,bus_science_city,
bus_sta_kamalgazi_dankuni_housing,0,15,bus_mathpukur,
bus_sta_kamalgazi_dankuni_housing,0,16,bus_chingrighata,
bus_sta_kamalgazi_dankuni_housing,0,17,bus_beleghata_building_more,
bus_sta_kamalgazi_dankuni_housing,0,18,bus_saltlake_stadium,
bus_sta_kamalgazi_dankuni_housing,0,19,bus_hyatt_regency,
bus_sta_kamalgazi_dankuni_housing,0,20,bus_apollo_hospital,
bus_sta_kamalgazi_dankuni_housing,0,21,bus_mani_square,
bus_sta_kamalgazi_dankuni_housing,0,22,bus_bengal_chemical,
bus_sta_kamalgazi_dankuni_housing,0,23,bus_hudco,
bus_sta_kamalgazi_dankuni_housing,0,24,bus_ultadanga,
bus_sta_kamalgazi_dankuni_housing,0,25,bus_laketown,
bus_sta_kamalgazi_dankuni_housing,0,26,bus_dumdum_park,
bus_sta_kamalgazi_dankuni_housing,0,27,bus_kestopur,
bus_sta_kamalgazi_dankuni_housing,0,28,bus_baguihati,
bus_sta_kamalgazi_dankuni_housing,0,29,bus_teghoria,
bus_sta_kamalgazi_dankuni_housing,0,30,bus_haldiram,
bus_sta_kamalgazi_dankuni_housing,0,31,bus_kaikhali,
bus_sta_kamalgazi_dankuni_housing,0,32,bus_airport_covers_all_the_gates,
bus_sta_kamalgazi_dankuni_housing,0,33,bus_durganagar,
bus_sta_kamalgazi_dankuni_housing,0,34,bus_pramodnagar,
bus_sta_kamalgazi_dankuni_housing,0,35,bus_prafulla_nagar,
bus_sta_kamalgazi_dankuni_housing,0,36,bus_mathkol,
bus_sta_kamalgazi_dankuni_housing,0,37,bus_baranagar_road_station,
bus_sta_kamalgazi_dankuni_housing,0,38,bus_dakshineswar,
bus_sta_kamalgazi_dankuni_housing,0,39,bus_ballyghat,
bus_sta_kamalgazi_dankuni_housing,0,40,bus_ballyhalt,
bus_sta_kamalgazi_dankuni_housing,0,41,bus_sahebbagan,
bus_sta_kamalgazi_dankuni_housing,0,42,bus_rajchandrapur,
bus_sta_kamalgazi_dankuni_housing,0,43,bus_maiti_para,
bus_sta_kamalgazi_dankuni_housing,0,44,bus_fci_godown,
bus_sta_kamalgazi_dankuni_housing,0,45,bus_dankuni_housing,
bus_sta_kamalgazi_dankuni_housing,1,1,bus_dankuni_housing,
bus_sta_kamalgazi_dankuni_housing,1,2,bus_fci_godown,
bus_sta_kamalgazi_dankuni_housing,1,3,bus_maiti_para,
bus_sta_kamalgazi_dankuni_housing,1,4,bus_rajchandrapur,
bus_sta_kamalgazi_dankuni_housing,1,5,bus_sahebbagan,
bus_sta_kamalgazi_dankuni_housing,1,6,bus_ballyhalt,
bus_sta_kamalgazi_dankuni_housing,1,7,bus_ballyghat,
bus_sta_kamalgazi_dankuni_housing,1,8,bus_dakshineswar,
bus_sta_kamalgazi_dankuni_housing,1,9,bus_baranagar_road_station,
bus_sta_kamalgazi_dankuni_housing,1,10,bus_mathkol,
bus_sta_kamalgazi_dankuni_housing,1,11,bus_prafulla_nagar,
bus_sta_kamalgazi_dankuni_housing,1,12,bus_pramodnagar,
bus_sta_kamalgazi_dankuni_housing,1,13,bus_durganagar,
bus_sta_kamalgazi_dankuni_housing,1,14,bus_airport_covers_all_the_gates,
bus_sta_kamalgazi_dankuni_housing,1,15,bus_kaikhali,
bus_sta_kamalgazi_dankuni_housing,1,16,bus_haldiram,
bus_sta_kamalgazi_dankuni_housing,1,17,bus_teghoria,
bus_sta_kamalgazi_dankuni_housing,1,18,bus_baguihati,
bus_sta_kamalgazi_dankuni_housing,1,19,bus_kestopur,
bus_sta_kamalgazi_dankuni_housing,1,20,bus_dumdum_park,
bus_sta_kamalgazi_dankuni_housing,1,21,bus_laketown,
bus_sta_kamalgazi_dankuni_housing,1,22,bus_ultadanga,
bus_sta_kamalgazi_dankuni_housing,1,23,bus_hudco,
bus_sta_kamalgazi_dankuni_housing,1,24,bus_bengal_chemical,
bus_sta_kamalgazi_dankuni_housing,1,25,bus_mani_square,
bus_sta_kamalgazi_dankuni_housing,1,26,bus_apollo_hospital,
bus_sta_kamalgazi_dankuni_housing,1,27,bus_hyatt_regency,
bus_sta_kamalgazi_dankuni_housing,1,28,bus_saltlake_stadium,
bus_sta_kamalgazi_dankuni_housing,1,29,bus_beleghata_building_more,
bus_sta_kamalgazi_dankuni_housing,1,30,bus_chingrighata,
bus_sta_kamalgazi_dankuni_housing,1,31,bus_mathpukur,
bus_sta_kamalgazi_dankuni_housing,1,32,bus_science_city,
bus_sta_kamalgazi_dankuni_housing,1,33,bus_uttar_panchannagram,
bus_sta_kamalgazi_dankuni_housing,1,34,bus_vip_bazar,
bus_sta_kamalgazi_dankuni_housing,1,35,bus_ruby_hospital,
bus_sta_kamalgazi_dankuni_housing,1,36,bus_kalikapur,
bus_sta_kamalgazi_dankuni_housing,1,37,bus_metro_cash_and_carry,
bus_sta_kamalgazi_dankuni_housing,1,38,bus_ajaynagar,
bus_sta_kamalgazi_dankuni_housing,1,39,bus_highland_park,
bus_sta_kamalgazi_dankuni_housing,1,40,bus_peerless_hospital,
bus_sta_kamalgazi_dankuni_housing,1,41,bus_patuli,
bus_sta_kamalgazi_dankuni_housing,1,42,bus_baishnabghata,
bus_sta_kamalgazi_dankuni_housing,1,43,bus_garia,
bus_sta_kamalgazi_dankuni_housing,1,44,bus_mahamayatala,
bus_sta_kamalgazi_dankuni_housing,1,45,bus_kamalgazi,
bus_sta_kadamtala_newtown,0,1,bus_kadamtala,
bus_sta_kadamtala_newtown,0,2,bus_ichapur_jaltank,
bus_sta_kadamtala_newtown,0,3,bus_dumurjola_housing_complex,
bus_sta_kadamtala_newtown,0,4,bus_notun_rastar_more,
bus_sta_kadamtala_newtown,0,5,bus_belepole,
bus_sta_kadamtala_newtown,0,6,bus_carry_road,
bus_sta_kadamtala_newtown,0,7,bus_toll_plaza,
bus_sta_kadamtala_newtown,0,8,bus_hastings,
bus_sta_kadamtala_newtown,0,9,bus_pts,
bus_sta_kadamtala_newtown,0,10,bus_exide_rabindra_sadan,
bus_sta_kadamtala_newtown,0,11,bus_minto_park,
bus_sta_kadamtala_newtown,0,12,bus_park_circus_7_point,
bus_sta_kadamtala_newtown,0,13,bus_dargah_road,
bus_sta_kadamtala_newtown,0,14,bus_4no_bridge,
bus_sta_kadamtala_newtown,0,15,bus_topsia,
bus_sta_kadamtala_newtown,0,16,bus_science_city_milan_mela_ground_stoppage,
bus_sta_kadamtala_newtown,0,17,bus_mathpukur,
bus_sta_kadamtala_newtown,0,18,bus_chingrihata,
bus_sta_kadamtala_newtown,0,19,bus_nicco_park,
bus_sta_kadamtala_newtown,0,20,bus_sdf,
bus_sta_kadamtala_newtown,0,21,bus_najrul_tirtha,
bus_sta_kadamtala_newtown,0,22,bus_rabindra_tirtha,
bus_sta_kadamtala_newtown,0,23,bus_unitech,
bus_sta_kadamtala_newtown,0,24,bus_newtown,
bus_sta_kadamtala_newtown,1,1,bus_newtown,
bus_sta_kadamtala_newtown,1,2,bus_unitech,
bus_sta_kadamtala_newtown,1,3,bus_rabindra_tirtha,
bus_sta_kadamtala_newtown,1,4,bus_najrul_tirtha,
bus_sta_kadamtala_newtown,1,5,bus_sdf,
bus_sta_kadamtala_newtown,1,6,bus_nicco_park,
bus_sta_kadamtala_newtown,1,7,bus_chingrihata,
bus_sta_kadamtala_newtown,1,8,bus_mathpukur,
bus_sta_kadamtala_newtown,1,9,bus_science_city_milan_mela_ground_stoppage,
bus_sta_kadamtala_newtown,1,10,bus_topsia,
bus_sta_kadamtala_newtown,1,11,bus_4no_bridge,
bus_sta_kadamtala_newtown,1,12,bus_dargah_road,
bus_sta_kadamtala_newtown,1,13,bus_park_circus_7_point,
bus_sta_kadamtala_newtown,1,14,bus_minto_park,
bus_sta_kadamtala_newtown,1,15,bus_exide_rabindra_sadan,
bus_sta_kadamtala_newtown,1,16,bus_pts,
bus_sta_kadamtala_newtown,1,17,bus_hastings,
bus_sta_kadamtala_newtown,1,18,bus_toll_plaza,
bus_sta_kadamtala_newtown,1,19,bus_carry_road,
bus_sta_kadamtala_newtown,1,20,bus_belepole,
bus_sta_kadamtala_newtown,1,21,bus_notun_rastar_more,
bus_sta_kadamtala_newtown,1,22,bus_dumurjola_housing_complex,
bus_sta_kadamtala_newtown,1,23,bus_ichapur_jaltank,
bus_sta_kadamtala_newtown,1,24,bus_kadamtala,
bus_sta_madhyamgram_howrah,0,1,bus_madhyamgram,
bus_sta_madhyamgram_howrah,0,2,bus_sajirhat,
bus_sta_madhyamgram_howrah,0,3,bus_a_p_c_college,
bus_sta_madhyamgram_howrah,0,4,bus_boardghar,
bus_sta_madhyamgram_howrah,0,5,bus_muragacha,
bus_sta_madhyamgram_howrah,0,6,bus_ghola_bazar,
bus_sta_madhyamgram_howrah,0,7,bus_h_b_town,
bus_sta_madhyamgram_howrah,0,8,bus_sodepur_station,
bus_sta_madhyamgram_howrah,0,9,bus_sodepur_traffic_more,
bus_sta_madhyamgram_howrah,0,10,bus_panihati,
bus_sta_madhyamgram_howrah,0,11,bus_agarpara,
bus_sta_madhyamgram_howrah,0,12,bus_kamarhati,
bus_sta_madhyamgram_howrah,0,13,bus_belgharia_rathtala,
bus_sta_madhyamgram_howrah,0,14,bus_dunlop,
bus_sta_madhyamgram_howrah,0,15,bus_bonhoogly_isi,
bus_sta_madhyamgram_howrah,0,16,bus_tobin_road,
bus_sta_madhyamgram_howrah,0,17,bus_sinthee_more,
bus_sta_madhyamgram_howrah,0,18,bus_chiria_more,
bus_sta_madhyamgram_howrah,0,19,bus_tala_bridge,
bus_sta_madhyamgram_howrah,0,20,bus_shyambazar,
bus_sta_madhyamgram_howrah,0,21,bus_rajballavpara,
bus_sta_madhyamgram_howrah,0,22,bus_girish_park,
bus_sta_madhyamgram_howrah,0,23,bus_central_avenue,
bus_sta_madhyamgram_howrah,0,24,bus_m_g_road,
bus_sta_madhyamgram_howrah,0,25,bus_burrabazar,
bus_sta_madhyamgram_howrah,0,26,bus_howrah_bridge,
bus_sta_madhyamgram_howrah,0,27,bus_howrah,
bus_sta_madhyamgram_howrah,1,1,bus_howrah,
bus_sta_madhyamgram_howrah,1,2,bus_howrah_bridge,
bus_sta_madhyamgram_howrah,1,3,bus_burrabazar,
bus_sta_madhyamgram_howrah,1,4,bus_m_g_road,
bus_sta_madhyamgram_howrah,1,5,bus_central_avenue,
bus_sta_madhyamgram_howrah,1,6,bus_girish_park,
bus_sta_madhyamgram_howrah,1,7,bus_rajballavpara,
bus_sta_madhyamgram_howrah,1,8,bus_shyambazar,
bus_sta_madhyamgram_howrah,1,9,bus_tala_bridge,
bus_sta_madhyamgram_howrah,1,10,bus_chiria_more,
bus_sta_madhyamgram_howrah,1,11,bus_sinthee_more,
bus_sta_madhyamgram_howrah,1,12,bus_tobin_road,
bus_sta_madhyamgram_howrah,1,13,bus_bonhoogly_isi,
bus_sta_madhyamgram_howrah,1,14,bus_dunlop,
bus_sta_madhyamgram_howrah,1,15,bus_belgharia_rathtala,
bus_sta_madhyamgram_howrah,1,16,bus_kamarhati,
bus_sta_madhyamgram_howrah,1,17,bus_agarpara,
bus_sta_madhyamgram_howrah,1,18,bus_panihati,
bus_sta_madhyamgram_howrah,1,19,bus_sodepur_traffic_more,
bus_sta_madhyamgram_howrah,1,20,bus_sodepur_station,
bus_sta_madhyamgram_howrah,1,21,bus_h_b_town,
bus_sta_madhyamgram_howrah,1,22,bus_ghola_bazar,
bus_sta_madhyamgram_howrah,1,23,bus_muragacha,
bus_sta_madhyamgram_howrah,1,24,bus_boardghar,
bus_sta_madhyamgram_howrah,1,25,bus_a_p_c_college,
bus_sta_madhyamgram_howrah,1,26,bus_sajirhat,
bus_sta_madhyamgram_howrah,1,27,bus_madhyamgram,
bus_sta_malancha_kolkata_station,0,1,bus_malancha,
bus_sta_malancha_kolkata_station,0,2,bus_minakhan,
bus_sta_malancha_kolkata_station,0,3,bus_ghusighata,
bus_sta_malancha_kolkata_station,0,4,bus_chandipur,
bus_sta_malancha_kolkata_station,0,5,bus_ghatakpukur,
bus_sta_malancha_kolkata_station,0,6,bus_bhojerhat,
bus_sta_malancha_kolkata_station,0,7,bus_kolkata_leather_complex,
bus_sta_malancha_kolkata_station,0,8,bus_bamanghata,
bus_sta_malancha_kolkata_station,0,9,bus_bantala,
bus_sta_malancha_kolkata_station,0,10,bus_chowbaga,
bus_sta_malancha_kolkata_station,0,11,bus_science_city,
bus_sta_malancha_kolkata_station,0,12,bus_topsia,
bus_sta_malancha_kolkata_station,0,13,bus_4no_bridge,
bus_sta_malancha_kolkata_station,0,14,bus_park_circus,
bus_sta_malancha_kolkata_station,0,15,bus_chittaranjan_hospital,
bus_sta_malancha_kolkata_station,0,16,bus_c_i_t_road,
bus_sta_malancha_kolkata_station,0,17,bus_padmapukur,
bus_sta_malancha_kolkata_station,0,18,bus_entally,
bus_sta_malancha_kolkata_station,0,19,bus_moulali,
bus_sta_malancha_kolkata_station,0,20,bus_sealdah_station,
bus_sta_malancha_kolkata_station,0,21,bus_rajabazar_tram_depot,
bus_sta_malancha_kolkata_station,0,22,bus_rajabazar,
bus_sta_malancha_kolkata_station,0,23,bus_maniktala,
bus_sta_malancha_kolkata_station,0,24,bus_khanna,
bus_sta_malancha_kolkata_station,0,25,bus_shyambazar,
bus_sta_malancha_kolkata_station,0,26,bus_r_g_kar_hospital,
bus_sta_malancha_kolkata_station,0,27,bus_kolkata_station,
bus_sta_malancha_kolkata_station,1,1,bus_kolkata_station,
bus_sta_malancha_kolkata_station,1,2,bus_r_g_kar_hospital,
bus_sta_malancha_kolkata_station,1,3,bus_shyambazar,
bus_sta_malancha_kolkata_station,1,4,bus_khanna,
bus_sta_malancha_kolkata_station,1,5,bus_maniktala,
bus_sta_malancha_kolkata_station,1,6,bus_rajabazar,
bus_sta_malancha_kolkata_station,1,7,bus_rajabazar_tram_depot,
bus_sta_malancha_kolkata_station,1,8,bus_sealdah_station,
bus_sta_malancha_kolkata_station,1,9,bus_moulali,
bus_sta_malancha_kolkata_station,1,10,bus_entally,
bus_sta_malancha_kolkata_station,1,11,bus_padmapukur,
bus_sta_malancha_kolkata_station,1,12,bus_c_i_t_road,
bus_sta_malancha_kolkata_station,1,13,bus_chittaranjan_hospital,
bus_sta_malancha_kolkata_station,1,14,bus_park_circus,
bus_sta_malancha_kolkata_station,1,15,bus_4no_bridge,
bus_sta_malancha_kolkata_station,1,16,bus_topsia,
bus_sta_malancha_kolkata_station,1,17,bus_science_city,
bus_sta_malancha_kolkata_station,1,18,bus_chowbaga,
bus_sta_malancha_kolkata_station,1,19,bus_bantala,
bus_sta_malancha_kolkata_station,1,20,bus_bamanghata,
bus_sta_malancha_kolkata_station,1,21,bus_kolkata_leather_complex,
bus_sta_malancha_kolkata_station,1,22,bus_bhojerhat,
bus_sta_malancha_kolkata_station,1,23,bus_ghatakpukur,
bus_sta_malancha_kolkata_station,1,24,bus_chandipur,
bus_sta_malancha_kolkata_station,1,25,bus_ghusighata,
bus_sta_malancha_kolkata_station,1,26,bus_minakhan,
bus_sta_malancha_kolkata_station,1,27,bus_malancha,
bus_sta_matapara_newtown,0,1,bus_matapara,
bus_sta_matapara_newtown,0,2,bus_gohalberia,
bus_sta_matapara_newtown,0,3,bus_kolia_more,
bus_sta_matapara_newtown,0,4,bus_nabagram,
bus_sta_matapara_newtown,0,5,bus_dafarpur,
bus_sta_matapara_newtown,0,6,bus_58_gate,
bus_sta_matapara_newtown,0,7,bus_belari_mollah_more,
bus_sta_matapara_newtown,0,8,bus_mohani_more,
bus_sta_matapara_newtown,0,9,bus_baganda,
bus_sta_matapara_newtown,0,10,bus_dhulasimla,
bus_sta_matapara_newtown,0,11,bus_moubesia,
bus_sta_matapara_newtown,0,12,bus_kalinagar_more,
bus_sta_matapara_newtown,0,13,bus_mahishali_jagadishpur_more,
bus_sta_matapara_newtown,0,14,bus_gourhati_more,
bus_sta_matapara_newtown,0,15,bus_uluberia_station,
bus_sta_matapara_newtown,0,16,bus_gangarampur,
bus_sta_matapara_newtown,0,17,bus_dompara,
bus_sta_matapara_newtown,0,18,bus_uluberia_checkpost,
bus_sta_matapara_newtown,0,19,bus_nimdighi,
bus_sta_matapara_newtown,0,20,bus_phuleshwar,
bus_sta_matapara_newtown,0,21,bus_jamberia_bridge,
bus_sta_matapara_newtown,0,22,bus_khalisani,
bus_sta_matapara_newtown,0,23,bus_panchla,
bus_sta_matapara_newtown,0,24,bus_paniarah,
bus_sta_matapara_newtown,0,25,bus_ranihati,
bus_sta_matapara_newtown,0,26,bus_dhulagarh,
bus_sta_matapara_newtown,0,27,bus_alampur,
bus_sta_matapara_newtown,0,28,bus_jalan_complex,
bus_sta_matapara_newtown,0,29,bus_ankurhati,
bus_sta_matapara_newtown,0,30,bus_kona_expressway_crossing_nibra,
bus_sta_matapara_newtown,0,31,bus_unsani,
bus_sta_matapara_newtown,0,32,bus_santragachi_station,
bus_sta_matapara_newtown,0,33,bus_belepole,
bus_sta_matapara_newtown,0,34,bus_carry_road,
bus_sta_matapara_newtown,0,35,bus_shibpur_toll_plaza,
bus_sta_matapara_newtown,0,36,bus_vidyasagar_setu,
bus_sta_matapara_newtown,0,37,bus_pts,
bus_sta_matapara_newtown,0,38,bus_pg_hospital,
bus_sta_matapara_newtown,0,39,bus_rabindra_sadan,
bus_sta_matapara_newtown,0,40,bus_minto_park,
bus_sta_matapara_newtown,0,41,bus_bekbagan,
bus_sta_matapara_newtown,0,42,bus_park_circus_7_point,
bus_sta_matapara_newtown,0,43,bus_4no_bridge,
bus_sta_matapara_newtown,0,44,bus_topsia,
bus_sta_matapara_newtown,0,45,bus_science_city,
bus_sta_matapara_newtown,0,46,bus_mathpukur,
bus_sta_matapara_newtown,0,47,bus_chingrighata,
bus_sta_matapara_newtown,0,48,bus_nicco_park,
bus_sta_matapara_newtown,0,49,bus_wipro,
bus_sta_matapara_newtown,0,50,bus_sdf,
bus_sta_matapara_newtown,0,51,bus_college_more,
bus_sta_matapara_newtown,0,52,bus_technopolis,
bus_sta_matapara_newtown,0,53,bus_newtown,
bus_sta_matapara_newtown,0,54,bus_axis_mall,
bus_sta_matapara_newtown,0,55,bus_narkelbagan,
bus_sta_matapara_newtown,0,56,bus_newtown,
bus_sta_matapara_newtown,1,1,bus_newtown,
bus_sta_matapara_newtown,1,2,bus_narkelbagan,
bus_sta_matapara_newtown,1,3,bus_axis_mall,
bus_sta_matapara_newtown,1,4,bus_newtown,
bus_sta_matapara_newtown,1,5,bus_technopolis,
bus_sta_matapara_newtown,1,6,bus_college_more,
bus_sta_matapara_newtown,1,7,bus_sdf,
bus_sta_matapara_newtown,1,8,bus_wipro,
bus_sta_matapara_newtown,1,9,bus_nicco_park,
bus_sta_matapara_newtown,1,10,bus_chingrighata,
bus_sta_matapara_newtown,1,11,bus_mathpukur,
bus_sta_matapara_newtown,1,12,bus_science_city,
bus_sta_matapara_newtown,1,13,bus_topsia,
bus_sta_matapara_newtown,1,14,bus_4no_bridge,
bus_sta_matapara_newtown,1,15,bus_park_circus_7_point,
bus_sta_matapara_newtown,1,16,bus_bekbagan,
bus_sta_matapara_newtown,1,17,bus_minto_park,
bus_sta_matapara_newtown,1,18,bus_rabindra_sadan,
bus_sta_matapara_newtown,1,19,bus_pg_hospital,
bus_sta_matapara_newtown,1,20,bus_pts,
bus_sta_matapara_newtown,1,21,bus_vidyasagar_setu,
bus_sta_matapara_newtown,1,22,bus_shibpur_toll_plaza,
bus_sta_matapara_newtown,1,23,bus_carry_road,
bus_sta_matapara_newtown,1,24,bus_belepole,
bus_sta_matapara_newtown,1,25,bus_santragachi_station,
bus_sta_matapara_newtown,1,26,bus_unsani,
bus_sta_matapara_newtown,1,27,bus_kona_expressway_crossing_nibra,
bus_sta_matapara_newtown,1,28,bus_ankurhati,
bus_sta_matapara_newtown,1,29,bus_jalan_complex,
bus_sta_matapara_newtown,1,30,bus_alampur,
bus_sta_matapara_newtown,1,31,bus_dhulagarh,
bus_sta_matapara_newtown,1,32,bus_ranihati,
bus_sta_matapara_newtown,1,33,bus_paniarah,
bus_sta_matapara_newtown,1,34,bus_panchla,
bus_sta_matapara_newtown,1,35,bus_khalisani,
bus_sta_matapara_newtown,1,36,bus_jamberia_bridge,
bus_sta_matapara_newtown,1,37,bus_phuleshwar,
bus_sta_matapara_newtown,1,38,bus_nimdighi,
bus_sta_matapara_newtown,1,39,bus_uluberia_checkpost,
bus_sta_matapara_newtown,1,40,bus_dompara,
bus_sta_matapara_newtown,1,41,bus_gangarampur,
bus_sta_matapara_newtown,1,42,bus_uluberia_station,
bus_sta_matapara_newtown,1,43,bus_gourhati_more,
bus_sta_matapara_newtown,1,44,bus_mahishali_jagadishpur_more,
bus_sta_matapara_newtown,1,45,bus_kalinagar_more,
bus_sta_matapara_newtown,1,46,bus_moubesia,
bus_sta_matapara_newtown,1,47,bus_dhulasimla,
bus_sta_matapara_newtown,1,48,bus_baganda,
bus_sta_matapara_newtown,1,49,bus_mohani_more,
bus_sta_matapara_newtown,1,50,bus_belari_mollah_more,
bus_sta_matapara_newtown,1,51,bus_58_gate,
bus_sta_matapara_newtown,1,52,bus_dafarpur,
bus_sta_matapara_newtown,1,53,bus_nabagram,
bus_sta_matapara_newtown,1,54,bus_kolia_more,
bus_sta_matapara_newtown,1,55,bus_gohalberia,
bus_sta_matapara_newtown,1,56,bus_matapara,
bus_sta_muchighata_saltlake_karunamoyee,0,1,bus_muchighata,
bus_sta_muchighata_saltlake_karunamoyee,0,2,bus_jhikira,
bus_sta_muchighata_saltlake_karunamoyee,0,3,bus_amragari,
bus_sta_muchighata_saltlake_karunamoyee,0,4,bus_sehagori,
bus_sta_muchighata_saltlake_karunamoyee,0,5,bus_khorop,
bus_sta_muchighata_saltlake_karunamoyee,0,6,bus_shibtala,
bus_sta_muchighata_saltlake_karunamoyee,0,7,bus_betai_bondor_more,
bus_sta_muchighata_saltlake_karunamoyee,0,8,bus_narit_more,
bus_sta_muchighata_saltlake_karunamoyee,0,9,bus_amta_college_more,
bus_sta_muchighata_saltlake_karunamoyee,0,10,bus_amta_new_market,
bus_sta_muchighata_saltlake_karunamoyee,0,11,bus_amta_station,
bus_sta_muchighata_saltlake_karunamoyee,0,12,bus_chakhana,
bus_sta_muchighata_saltlake_karunamoyee,0,13,bus_asuthwatala,
bus_sta_muchighata_saltlake_karunamoyee,0,14,bus_vandergacha,
bus_sta_muchighata_saltlake_karunamoyee,0,15,bus_10_no_pole,
bus_sta_muchighata_saltlake_karunamoyee,0,16,bus_manikpir,
bus_sta_muchighata_saltlake_karunamoyee,0,17,bus_jala_biswanathpur,
bus_sta_muchighata_saltlake_karunamoyee,0,18,bus_dhulorbandh,
bus_sta_muchighata_saltlake_karunamoyee,0,19,bus_gabberia,
bus_sta_muchighata_saltlake_karunamoyee,0,20,bus_mallikbagan,
bus_sta_muchighata_saltlake_karunamoyee,0,21,bus_ranihati,
bus_sta_muchighata_saltlake_karunamoyee,0,22,bus_dhulagarh,
bus_sta_muchighata_saltlake_karunamoyee,0,23,bus_alampur,
bus_sta_muchighata_saltlake_karunamoyee,0,24,bus_jalan_complex,
bus_sta_muchighata_saltlake_karunamoyee,0,25,bus_ankurhati,
bus_sta_muchighata_saltlake_karunamoyee,0,26,bus_nibra,
bus_sta_muchighata_saltlake_karunamoyee,0,27,bus_khejurtala,
bus_sta_muchighata_saltlake_karunamoyee,0,28,bus_santragachi_station,
bus_sta_muchighata_saltlake_karunamoyee,0,29,bus_baksara,
bus_sta_muchighata_saltlake_karunamoyee,0,30,bus_belepole,
bus_sta_muchighata_saltlake_karunamoyee,0,31,bus_carry_road,
bus_sta_muchighata_saltlake_karunamoyee,0,32,bus_toll_plaza,
bus_sta_muchighata_saltlake_karunamoyee,0,33,bus_pts,
bus_sta_muchighata_saltlake_karunamoyee,0,34,bus_pg_hospital,
bus_sta_muchighata_saltlake_karunamoyee,0,35,bus_rabindra_sadan,
bus_sta_muchighata_saltlake_karunamoyee,0,36,bus_exide,
bus_sta_muchighata_saltlake_karunamoyee,0,37,bus_park_street,
bus_sta_muchighata_saltlake_karunamoyee,0,38,bus_esplanade,
bus_sta_muchighata_saltlake_karunamoyee,0,39,bus_moulali,
bus_sta_muchighata_saltlake_karunamoyee,0,40,bus_nrs_hospital,
bus_sta_muchighata_saltlake_karunamoyee,0,41,bus_sealdah_court,
bus_sta_muchighata_saltlake_karunamoyee,0,42,bus_sales_tax,
bus_sta_muchighata_saltlake_karunamoyee,0,43,bus_khalpol,
bus_sta_muchighata_saltlake_karunamoyee,0,44,bus_sarkar_bazar,
bus_sta_muchighata_saltlake_karunamoyee,0,45,bus_rashmoni_bazar,
bus_sta_muchighata_saltlake_karunamoyee,0,46,bus_cit_more,
bus_sta_muchighata_saltlake_karunamoyee,0,47,bus_id_hospital,
bus_sta_muchighata_saltlake_karunamoyee,0,48,bus_building_more,
bus_sta_muchighata_saltlake_karunamoyee,0,49,bus_chingrighata,
bus_sta_muchighata_saltlake_karunamoyee,0,50,bus_nicco_park,
bus_sta_muchighata_saltlake_karunamoyee,0,51,bus_wipro,
bus_sta_muchighata_saltlake_karunamoyee,0,52,bus_sdf,
bus_sta_muchighata_saltlake_karunamoyee,0,53,bus_college_more,
bus_sta_muchighata_saltlake_karunamoyee,0,54,bus_saltlake_karunamoyee,
bus_sta_muchighata_saltlake_karunamoyee,1,1,bus_saltlake_karunamoyee,
bus_sta_muchighata_saltlake_karunamoyee,1,2,bus_college_more,
bus_sta_muchighata_saltlake_karunamoyee,1,3,bus_sdf,
bus_sta_muchighata_saltlake_karunamoyee,1,4,bus_wipro,
bus_sta_muchighata_saltlake_karunamoyee,1,5,bus_nicco_park,
bus_sta_muchighata_saltlake_karunamoyee,1,6,bus_chingrighata,
bus_sta_muchighata_saltlake_karunamoyee,1,7,bus_building_more,
bus_sta_muchighata_saltlake_karunamoyee,1,8,bus_id_hospital,
bus_sta_muchighata_saltlake_karunamoyee,1,9,bus_cit_more,
bus_sta_muchighata_saltlake_karunamoyee,1,10,bus_rashmoni_bazar,
bus_sta_muchighata_saltlake_karunamoyee,1,11,bus_sarkar_bazar,
bus_sta_muchighata_saltlake_karunamoyee,1,12,bus_khalpol,
bus_sta_muchighata_saltlake_karunamoyee,1,13,bus_sales_tax,
bus_sta_muchighata_saltlake_karunamoyee,1,14,bus_sealdah_court,
bus_sta_muchighata_saltlake_karunamoyee,1,15,bus_nrs_hospital,
bus_sta_muchighata_saltlake_karunamoyee,1,16,bus_moulali,
bus_sta_muchighata_saltlake_karunamoyee,1,17,bus_esplanade,
bus_sta_muchighata_saltlake_karunamoyee,1,18,bus_park_street,
bus_sta_muchighata_saltlake_karunamoyee,1,19,bus_exide,
bus_sta_muchighata_saltlake_karunamoyee,1,20,bus_rabindra_sadan,
bus_sta_muchighata_saltlake_karunamoyee,1,21,bus_pg_hospital,
bus_sta_muchighata_saltlake_karunamoyee,1,22,bus_pts,
bus_sta_muchighata_saltlake_karunamoyee,1,23,bus_toll_plaza,
bus_sta_muchighata_saltlake_karunamoyee,1,24,bus_carry_road,
bus_sta_muchighata_saltlake_karunamoyee,1,25,bus_belepole,
bus_sta_muchighata_saltlake_karunamoyee,1,26,bus_baksara,
bus_sta_muchighata_saltlake_karunamoyee,1,27,bus_santragachi_station,
bus_sta_muchighata_saltlake_karunamoyee,1,28,bus_khejurtala,
bus_sta_muchighata_saltlake_karunamoyee,1,29,bus_nibra,
bus_sta_muchighata_saltlake_karunamoyee,1,30,bus_ankurhati,
bus_sta_muchighata_saltlake_karunamoyee,1,31,bus_jalan_complex,
bus_sta_muchighata_saltlake_karunamoyee,1,32,bus_alampur,
bus_sta_muchighata_saltlake_karunamoyee,1,33,bus_dhulagarh,
bus_sta_muchighata_saltlake_karunamoyee,1,34,bus_ranihati,
bus_sta_muchighata_saltlake_karunamoyee,1,35,bus_mallikbagan,
bus_sta_muchighata_saltlake_karunamoyee,1,36,bus_gabberia,
bus_sta_muchighata_saltlake_karunamoyee,1,37,bus_dhulorbandh,
bus_sta_muchighata_saltlake_karunamoyee,1,38,bus_jala_biswanathpur,
bus_sta_muchighata_saltlake_karunamoyee,1,39,bus_manikpir,
bus_sta_muchighata_saltlake_karunamoyee,1,40,bus_10_no_pole,
bus_sta_muchighata_saltlake_karunamoyee,1,41,bus_vandergacha,
bus_sta_muchighata_saltlake_karunamoyee,1,42,bus_asuthwatala,
bus_sta_muchighata_saltlake_karunamoyee,1,43,bus_chakhana,
bus_sta_muchighata_saltlake_karunamoyee,1,44,bus_amta_station,
bus_sta_muchighata_saltlake_karunamoyee,1,45,bus_amta_new_market,
bus_sta_muchighata_saltlake_karunamoyee,1,46,bus_amta_college_more,
bus_sta_muchighata_saltlake_karunamoyee,1,47,bus_narit_more,
bus_sta_muchighata_saltlake_karunamoyee,1,48,bus_betai_bondor_more,
bus_sta_muchighata_saltlake_karunamoyee,1,49,bus_shibtala,
bus_sta_muchighata_saltlake_karunamoyee,1,50,bus_khorop,
bus_sta_muchighata_saltlake_karunamoyee,1,51,bus_sehagori,
bus_sta_muchighata_saltlake_karunamoyee,1,52,bus_amragari,
bus_sta_muchighata_saltlake_karunamoyee,1,53,bus_jhikira,
bus_sta_muchighata_saltlake_karunamoyee,1,54,bus_muchighata,
bus_sta_naktala_garia_dakshineswar,0,1,bus_naktala_garia,
bus_sta_naktala_garia_dakshineswar,0,2,bus_baishnabghata,
bus_sta_naktala_garia_dakshineswar,0,3,bus_patuli,
bus_sta_naktala_garia_dakshineswar,0,4,bus_peerless_hospital,
bus_sta_naktala_garia_dakshineswar,0,5,bus_ajoynagar,
bus_sta_naktala_garia_dakshineswar,0,6,bus_mukundapur,
bus_sta_naktala_garia_dakshineswar,0,7,bus_ruby,
bus_sta_naktala_garia_dakshineswar,0,8,bus_science_city,
bus_sta_naktala_garia_dakshineswar,0,9,bus_chingrighata,
bus_sta_naktala_garia_dakshineswar,0,10,bus_beleghata_building_more,
bus_sta_naktala_garia_dakshineswar,0,11,bus_ultadanga,
bus_sta_naktala_garia_dakshineswar,0,12,bus_khanna,
bus_sta_naktala_garia_dakshineswar,0,13,bus_shyambazar,
bus_sta_naktala_garia_dakshineswar,0,14,bus_chiria_more,
bus_sta_naktala_garia_dakshineswar,0,15,bus_sinthee_more,
bus_sta_naktala_garia_dakshineswar,0,16,bus_dunlop,
bus_sta_naktala_garia_dakshineswar,0,17,bus_alambazar,
bus_sta_naktala_garia_dakshineswar,0,18,bus_dakshineswar,
bus_sta_naktala_garia_dakshineswar,1,1,bus_dakshineswar,
bus_sta_naktala_garia_dakshineswar,1,2,bus_alambazar,
bus_sta_naktala_garia_dakshineswar,1,3,bus_dunlop,
bus_sta_naktala_garia_dakshineswar,1,4,bus_sinthee_more,
bus_sta_naktala_garia_dakshineswar,1,5,bus_chiria_more,
bus_sta_naktala_garia_dakshineswar,1,6,bus_shyambazar,
bus_sta_naktala_garia_dakshineswar,1,7,bus_khanna,
bus_sta_naktala_garia_dakshineswar,1,8,bus_ultadanga,
bus_sta_naktala_garia_dakshineswar,1,9,bus_beleghata_building_more,
bus_sta_naktala_garia_dakshineswar,1,10,bus_chingrighata,
bus_sta_naktala_garia_dakshineswar,1,11,bus_science_city,
bus_sta_naktala_garia_dakshineswar,1,12,bus_ruby,
bus_sta_naktala_garia_dakshineswar,1,13,bus_mukundapur,
bus_sta_naktala_garia_dakshineswar,1,14,bus_ajoynagar,
bus_sta_naktala_garia_dakshineswar,1,15,bus_peerless_hospital,
bus_sta_naktala_garia_dakshineswar,1,16,bus_patuli,
bus_sta_naktala_garia_dakshineswar,1,17,bus_baishnabghata,
bus_sta_naktala_garia_dakshineswar,1,18,bus_naktala_garia,
bus_sta_polerhat_shyambazar,0,1,bus_polerhat,
bus_sta_polerhat_shyambazar,0,2,bus_anantapur,
bus_sta_polerhat_shyambazar,0,3,bus_gazipur_2,
bus_sta_polerhat_shyambazar,0,4,bus_bazetorof,
bus_sta_polerhat_shyambazar,0,5,bus_shikharpur,
bus_sta_polerhat_shyambazar,0,6,bus_vedic_village,
bus_sta_polerhat_shyambazar,0,7,bus_lauhati,
bus_sta_polerhat_shyambazar,0,8,bus_rajarhat_bishnupur,
bus_sta_polerhat_shyambazar,0,9,bus_kalaberia,
bus_sta_polerhat_shyambazar,0,10,bus_rajarhat_chowmatha,
bus_sta_polerhat_shyambazar,0,11,bus_rajarhat_bazar,
bus_sta_polerhat_shyambazar,0,12,bus_reckjuani,
bus_sta_polerhat_shyambazar,0,13,bus_indiranagar,
bus_sta_polerhat_shyambazar,0,14,bus_raigachhi,
bus_sta_polerhat_shyambazar,0,15,bus_derozio_college,
bus_sta_polerhat_shyambazar,0,16,bus_kalipark,
bus_sta_polerhat_shyambazar,0,17,bus_dashadrone,
bus_sta_polerhat_shyambazar,0,18,bus_chinar_park,
bus_sta_polerhat_shyambazar,0,19,bus_lokenath_mandir,
bus_sta_polerhat_shyambazar,0,20,bus_jyangra_chowmatha,
bus_sta_polerhat_shyambazar,0,21,bus_baguiati,
bus_sta_polerhat_shyambazar,0,22,bus_kestopur,
bus_sta_polerhat_shyambazar,0,23,bus_laketown_vip,
bus_sta_polerhat_shyambazar,0,24,bus_ultadanga_station,
bus_sta_polerhat_shyambazar,0,25,bus_gouribari,
bus_sta_polerhat_shyambazar,0,26,bus_khanna,
bus_sta_polerhat_shyambazar,0,27,bus_shyambazar,
bus_sta_polerhat_shyambazar,1,1,bus_shyambazar,
bus_sta_polerhat_shyambazar,1,2,bus_khanna,
bus_sta_polerhat_shyambazar,1,3,bus_gouribari,
bus_sta_polerhat_shyambazar,1,4,bus_ultadanga_station,
bus_sta_polerhat_shyambazar,1,5,bus_laketown_vip,
bus_sta_polerhat_shyambazar,1,6,bus_kestopur,
bus_sta_polerhat_shyambazar,1,7,bus_baguiati,
bus_sta_polerhat_shyambazar,1,8,bus_jyangra_chowmatha,
bus_sta_polerhat_shyambazar,1,9,bus_lokenath_mandir,
bus_sta_polerhat_shyambazar,1,10,bus_chinar_park,
bus_sta_polerhat_shyambazar,1,11,bus_dashadrone,
bus_sta_polerhat_shyambazar,1,12,bus_kalipark,
bus_sta_polerhat_shyambazar,1,13,bus_derozio_college,
bus_sta_polerhat_shyambazar,1,14,bus_raigachhi,
bus_sta_polerhat_shyambazar,1,15,bus_indiranagar,
bus_sta_polerhat_shyambazar,1,16,bus_reckjuani,
bus_sta_polerhat_shyambazar,1,17,bus_rajarhat_bazar,
bus_sta_polerhat_shyambazar,1,18,bus_rajarhat_chowmatha,
bus_sta_polerhat_shyambazar,1,19,bus_kalaberia,
bus_sta_polerhat_shyambazar,1,20,bus_rajarhat_bishnupur,
bus_sta_polerhat_shyambazar,1,21,bus_lauhati,
bus_sta_polerhat_shyambazar,1,22,bus_vedic_village,
bus_sta_polerhat_shyambazar,1,23,bus_shikharpur,
bus_sta_polerhat_shyambazar,1,24,bus_bazetorof,
bus_sta_polerhat_shyambazar,1,25,bus_gazipur_2,
bus_sta_polerhat_shyambazar,1,26,bus_anantapur,
bus_sta_polerhat_shyambazar,1,27,bus_polerhat,
bus_sta_rajabazar_dankuni_baburhat,0,1,bus_rajabazar_dankuni,
bus_sta_rajabazar_dankuni_baburhat,0,2,bus_sealdah,
bus_sta_rajabazar_dankuni_baburhat,0,3,bus_moulali,
bus_sta_rajabazar_dankuni_baburhat,0,4,bus_c_i_t_road,
bus_sta_rajabazar_dankuni_baburhat,0,5,bus_chittaranjan_hospital,
bus_sta_rajabazar_dankuni_baburhat,0,6,bus_4no_bridge,
bus_sta_rajabazar_dankuni_baburhat,0,7,bus_topsia,
bus_sta_rajabazar_dankuni_baburhat,0,8,bus_science_city,
bus_sta_rajabazar_dankuni_baburhat,0,9,bus_chowbaga,
bus_sta_rajabazar_dankuni_baburhat,0,10,bus_bantala,
bus_sta_rajabazar_dankuni_baburhat,0,11,bus_bamanghata,
bus_sta_rajabazar_dankuni_baburhat,0,12,bus_kantatala,
bus_sta_rajabazar_dankuni_baburhat,0,13,bus_leather_complex,
bus_sta_rajabazar_dankuni_baburhat,0,14,bus_bhojerhat,
bus_sta_rajabazar_dankuni_baburhat,0,15,bus_paglahat,
bus_sta_rajabazar_dankuni_baburhat,0,16,bus_nalmuri,
bus_sta_rajabazar_dankuni_baburhat,0,17,bus_ghatakpukur,
bus_sta_rajabazar_dankuni_baburhat,0,18,bus_chandipur,
bus_sta_rajabazar_dankuni_baburhat,0,19,bus_ghusighata,
bus_sta_rajabazar_dankuni_baburhat,0,20,bus_bamanpukur,
bus_sta_rajabazar_dankuni_baburhat,0,21,bus_kushangra,
bus_sta_rajabazar_dankuni_baburhat,0,22,bus_minakhan,
bus_sta_rajabazar_dankuni_baburhat,0,23,bus_deuli,
bus_sta_rajabazar_dankuni_baburhat,0,24,bus_baburhat,
bus_sta_rajabazar_dankuni_baburhat,1,1,bus_baburhat,
bus_sta_rajabazar_dankuni_baburhat,1,2,bus_deuli,
bus_sta_rajabazar_dankuni_baburhat,1,3,bus_minakhan,
bus_sta_rajabazar_dankuni_baburhat,1,4,bus_kushangra,
bus_sta_rajabazar_dankuni_baburhat,1,5,bus_bamanpukur,
bus_sta_rajabazar_dankuni_baburhat,1,6,bus_ghusighata,
bus_sta_rajabazar_dankuni_baburhat,1,7,bus_chandipur,
bus_sta_rajabazar_dankuni_baburhat,1,8,bus_ghatakpukur,
bus_sta_rajabazar_dankuni_baburhat,1,9,bus_nalmuri,
bus_sta_rajabazar_dankuni_baburhat,1,10,bus_paglahat,
bus_sta_rajabazar_dankuni_baburhat,1,11,bus_bhojerhat,
bus_sta_rajabazar_dankuni_baburhat,1,12,bus_leather_complex,
bus_sta_rajabazar_dankuni_baburhat,1,13,bus_kantatala,
bus_sta_rajabazar_dankuni_baburhat,1,14,bus_bamanghata,
bus_sta_rajabazar_dankuni_baburhat,1,15,bus_bantala,
bus_sta_rajabazar_dankuni_baburhat,1,16,bus_chowbaga,
bus_sta_rajabazar_dankuni_baburhat,1,17,bus_science_city,
bus_sta_rajabazar_dankuni_baburhat,1,18,bus_topsia,
bus_sta_rajabazar_dankuni_baburhat,1,19,bus_4no_bridge,
bus_sta_rajabazar_dankuni_baburhat,1,20,bus_chittaranjan_hospital,
bus_sta_rajabazar_dankuni_baburhat,1,21,bus_c_i_t_road,
bus_sta_rajabazar_dankuni_baburhat,1,22,bus_moulali,
bus_sta_rajabazar_dankuni_baburhat,1,23,bus_sealdah,
bus_sta_rajabazar_dankuni_baburhat,1,24,bus_rajabazar_dankuni,
bus_sta_rajabazar_hasnabad,0,1,bus_rajabazar,
bus_sta_rajabazar_hasnabad,0,2,bus_rajabazar_tram_depot,
bus_sta_rajabazar_hasnabad,0,3,bus_sealdah_station,
bus_sta_rajabazar_hasnabad,0,4,bus_moulali,
bus_sta_rajabazar_hasnabad,0,5,bus_entally,
bus_sta_rajabazar_hasnabad,0,6,bus_padmapukur,
bus_sta_rajabazar_hasnabad,0,7,bus_c_i_t_road,
bus_sta_rajabazar_hasnabad,0,8,bus_chittaranjan_hospital,
bus_sta_rajabazar_hasnabad,0,9,bus_park_circus,
bus_sta_rajabazar_hasnabad,0,10,bus_4no_bridge,
bus_sta_rajabazar_hasnabad,0,11,bus_topsia,
bus_sta_rajabazar_hasnabad,0,12,bus_science_city,
bus_sta_rajabazar_hasnabad,0,13,bus_arupota,
bus_sta_rajabazar_hasnabad,0,14,bus_paschim_chowbhaga,
bus_sta_rajabazar_hasnabad,0,15,bus_bantala,
bus_sta_rajabazar_hasnabad,0,16,bus_bamanghata,
bus_sta_rajabazar_hasnabad,0,17,bus_paglarhat,
bus_sta_rajabazar_hasnabad,0,18,bus_kantaltala,
bus_sta_rajabazar_hasnabad,0,19,bus_kolkata_leather_complex,
bus_sta_rajabazar_hasnabad,0,20,bus_bhojerhat,
bus_sta_rajabazar_hasnabad,0,21,bus_boralighat,
bus_sta_rajabazar_hasnabad,0,22,bus_nalmuri,
bus_sta_rajabazar_hasnabad,0,23,bus_ghatakpukur,
bus_sta_rajabazar_hasnabad,0,24,bus_chandipur,
bus_sta_rajabazar_hasnabad,0,25,bus_ghusighata,
bus_sta_rajabazar_hasnabad,0,26,bus_minakhan,
bus_sta_rajabazar_hasnabad,0,27,bus_malancha,
bus_sta_rajabazar_hasnabad,0,28,bus_chaital_ghat,
bus_sta_rajabazar_hasnabad,0,29,bus_bhebia_chowmatha,
bus_sta_rajabazar_hasnabad,0,30,bus_murarisha_chowmatha,
bus_sta_rajabazar_hasnabad,0,31,bus_taki,
bus_sta_rajabazar_hasnabad,0,32,bus_hasnabad,
bus_sta_rajabazar_hasnabad,1,1,bus_hasnabad,
bus_sta_rajabazar_hasnabad,1,2,bus_taki,
bus_sta_rajabazar_hasnabad,1,3,bus_murarisha_chowmatha,
bus_sta_rajabazar_hasnabad,1,4,bus_bhebia_chowmatha,
bus_sta_rajabazar_hasnabad,1,5,bus_chaital_ghat,
bus_sta_rajabazar_hasnabad,1,6,bus_malancha,
bus_sta_rajabazar_hasnabad,1,7,bus_minakhan,
bus_sta_rajabazar_hasnabad,1,8,bus_ghusighata,
bus_sta_rajabazar_hasnabad,1,9,bus_chandipur,
bus_sta_rajabazar_hasnabad,1,10,bus_ghatakpukur,
bus_sta_rajabazar_hasnabad,1,11,bus_nalmuri,
bus_sta_rajabazar_hasnabad,1,12,bus_boralighat,
bus_sta_rajabazar_hasnabad,1,13,bus_bhojerhat,
bus_sta_rajabazar_hasnabad,1,14,bus_kolkata_leather_complex,
bus_sta_rajabazar_hasnabad,1,15,bus_kantaltala,
bus_sta_rajabazar_hasnabad,1,16,bus_paglarhat,
bus_sta_rajabazar_hasnabad,1,17,bus_bamanghata,
bus_sta_rajabazar_hasnabad,1,18,bus_bantala,
bus_sta_rajabazar_hasnabad,1,19,bus_paschim_chowbhaga,
bus_sta_rajabazar_hasnabad,1,20,bus_arupota,
bus_sta_rajabazar_hasnabad,1,21,bus_science_city,
bus_sta_rajabazar_hasnabad,1,22,bus_topsia,
bus_sta_rajabazar_hasnabad,1,23,bus_4no_bridge,
bus_sta_rajabazar_hasnabad,1,24,bus_park_circus,
bus_sta_rajabazar_hasnabad,1,25,bus_chittaranjan_hospital,
bus_sta_rajabazar_hasnabad,1,26,bus_c_i_t_road,
bus_sta_rajabazar_hasnabad,1,27,bus_padmapukur,
bus_sta_rajabazar_hasnabad,1,28,bus_entally,
bus_sta_rajabazar_hasnabad,1,29,bus_moulali,
bus_sta_rajabazar_hasnabad,1,30,bus_sealdah_station,
bus_sta_rajabazar_hasnabad,1,31,bus_rajabazar_tram_depot,
bus_sta_rajabazar_hasnabad,1,32,bus_rajabazar,
bus_sta_rajchandrapur_saltlake_karunamoyee,0,1,bus_rajchandrapur,
bus_sta_rajchandrapur_saltlake_karunamoyee,0,2,bus_ballyhalt,
bus_sta_rajchandrapur_saltlake_karunamoyee,0,3,bus_ballyghat,
bus_sta_rajchandrapur_saltlake_karunamoyee,0,4,bus_dakshineswar,
bus_sta_rajchandrapur_saltlake_karunamoyee,0,5,bus_dunlop,
bus_sta_rajchandrapur_saltlake_karunamoyee,0,6,bus_mathkol,
bus_sta_rajchandrapur_saltlake_karunamoyee,0,7,bus_durganagar,
bus_sta_rajchandrapur_saltlake_karunamoyee,0,8,bus_belghoria_expressway,
bus_sta_rajchandrapur_saltlake_karunamoyee,0,9,bus_airport_gate_no_2_5,
bus_sta_rajchandrapur_saltlake_karunamoyee,0,10,bus_airport_gate_no_2,
bus_sta_rajchandrapur_saltlake_karunamoyee,0,11,bus_airport_gate_no_1,
bus_sta_rajchandrapur_saltlake_karunamoyee,0,12,bus_kaikhali,
bus_sta_rajchandrapur_saltlake_karunamoyee,0,13,bus_haldiram,
bus_sta_rajchandrapur_saltlake_karunamoyee,0,14,bus_chinar_park,
bus_sta_rajchandrapur_saltlake_karunamoyee,0,15,bus_noapara,
bus_sta_rajchandrapur_saltlake_karunamoyee,0,16,bus_city_centre_2,
bus_sta_rajchandrapur_saltlake_karunamoyee,0,17,bus_akansha_more,
bus_sta_rajchandrapur_saltlake_karunamoyee,0,18,bus_nawabpur,
bus_sta_rajchandrapur_saltlake_karunamoyee,0,19,bus_paechar_more_owl_more,
bus_sta_rajchandrapur_saltlake_karunamoyee,0,20,bus_eco_park,
bus_sta_rajchandrapur_saltlake_karunamoyee,0,21,bus_police_phari,
bus_sta_rajchandrapur_saltlake_karunamoyee,0,22,bus_the_westin,
bus_sta_rajchandrapur_saltlake_karunamoyee,0,23,bus_aliah_university,
bus_sta_rajchandrapur_saltlake_karunamoyee,0,24,bus_ecospace,
bus_sta_rajchandrapur_saltlake_karunamoyee,0,25,bus_tcs_gitanjani_park,
bus_sta_rajchandrapur_saltlake_karunamoyee,0,26,bus_unitech,
bus_sta_rajchandrapur_saltlake_karunamoyee,0,27,bus_tata_medical,
bus_sta_rajchandrapur_saltlake_karunamoyee,0,28,bus_narkelbagan,
bus_sta_rajchandrapur_saltlake_karunamoyee,0,29,bus_swapnobhor,
bus_sta_rajchandrapur_saltlake_karunamoyee,0,30,bus_novotel,
bus_sta_rajchandrapur_saltlake_karunamoyee,0,31,bus_axis_mall,
bus_sta_rajchandrapur_saltlake_karunamoyee,0,32,bus_home_town,
bus_sta_rajchandrapur_saltlake_karunamoyee,0,33,bus_newtown_bus_stand,
bus_sta_rajchandrapur_saltlake_karunamoyee,0,34,bus_ibm,
bus_sta_rajchandrapur_saltlake_karunamoyee,0,35,bus_eastern_club_east_enclave_housing_complex,
bus_sta_rajchandrapur_saltlake_karunamoyee,0,36,bus_mahishbathan,
bus_sta_rajchandrapur_saltlake_karunamoyee,0,37,bus_technopolis,
bus_sta_rajchandrapur_saltlake_karunamoyee,0,38,bus_philips_more,
bus_sta_rajchandrapur_saltlake_karunamoyee,0,39,bus_nabadiganta_bus_terminus,
bus_sta_rajchandrapur_saltlake_karunamoyee,0,40,bus_r_s_software,
bus_sta_rajchandrapur_saltlake_karunamoyee,0,41,bus_godrej_waterside,
bus_sta_rajchandrapur_saltlake_karunamoyee,0,42,bus_college_more,
bus_sta_rajchandrapur_saltlake_karunamoyee,0,43,bus_techno_india,
bus_sta_rajchandrapur_saltlake_karunamoyee,0,44,bus_wipro_more,
bus_sta_rajchandrapur_saltlake_karunamoyee,0,45,bus_tank_no_10,
bus_sta_rajchandrapur_saltlake_karunamoyee,0,46,bus_karunamoyee,
bus_sta_rajchandrapur_saltlake_karunamoyee,0,47,bus_saltlake_karunamoyee,
bus_sta_rajchandrapur_saltlake_karunamoyee,1,1,bus_saltlake_karunamoyee,
bus_sta_rajchandrapur_saltlake_karunamoyee,1,2,bus_karunamoyee,
bus_sta_rajchandrapur_saltlake_karunamoyee,1,3,bus_tank_no_10,
bus_sta_rajchandrapur_saltlake_karunamoyee,1,4,bus_wipro_more,
bus_sta_rajchandrapur_saltlake_karunamoyee,1,5,bus_techno_india,
bus_sta_rajchandrapur_saltlake_karunamoyee,1,6,bus_college_more,
bus_sta_rajchandrapur_saltlake_karunamoyee,1,7,bus_godrej_waterside,
bus_sta_rajchandrapur_saltlake_karunamoyee,1,8,bus_r_s_software,
bus_sta_rajchandrapur_saltlake_karunamoyee,1,9,bus_nabadiganta_bus_terminus,
bus_sta_rajchandrapur_saltlake_karunamoyee,1,10,bus_philips_more,
bus_sta_rajchandrapur_saltlake_karunamoyee,1,11,bus_technopolis,
bus_sta_rajchandrapur_saltlake_karunamoyee,1,12,bus_mahishbathan,
bus_sta_rajchandrapur_saltlake_karunamoyee,1,13,bus_eastern_club_east_enclave_housing_complex,
bus_sta_rajchandrapur_saltlake_karunamoyee,1,14,bus_ibm,
bus_sta_rajchandrapur_saltlake_karunamoyee,1,15,bus_newtown_bus_stand,
bus_sta_rajchandrapur_saltlake_karunamoyee,1,16,bus_home_town,
bus_sta_rajchandrapur_saltlake_karunamoyee,1,17,bus_axis_mall,
bus_sta_rajchandrapur_saltlake_karunamoyee,1,18,bus_novotel,
bus_sta_rajchandrapur_saltlake_karunamoyee,1,19,bus_swapnobhor,
bus_sta_rajchandrapur_saltlake_karunamoyee,1,20,bus_narkelbagan,
bus_sta_rajchandrapur_saltlake_karunamoyee,1,21,bus_tata_medical,
bus_sta_rajchandrapur_saltlake_karunamoyee,1,22,bus_unitech,
bus_sta_rajchandrapur_saltlake_karunamoyee,1,23,bus_tcs_gitanjani_park,
bus_sta_rajchandrapur_saltlake_karunamoyee,1,24,bus_ecospace,
bus_sta_rajchandrapur_saltlake_karunamoyee,1,25,bus_aliah_university,
bus_sta_rajchandrapur_saltlake_karunamoyee,1,26,bus_the_westin,
bus_sta_rajchandrapur_saltlake_karunamoyee,1,27,bus_police_phari,
bus_sta_rajchandrapur_saltlake_karunamoyee,1,28,bus_eco_park,
bus_sta_rajchandrapur_saltlake_karunamoyee,1,29,bus_paechar_more_owl_more,
bus_sta_rajchandrapur_saltlake_karunamoyee,1,30,bus_nawabpur,
bus_sta_rajchandrapur_saltlake_karunamoyee,1,31,bus_akansha_more,
bus_sta_rajchandrapur_saltlake_karunamoyee,1,32,bus_city_centre_2,
bus_sta_rajchandrapur_saltlake_karunamoyee,1,33,bus_noapara,
bus_sta_rajchandrapur_saltlake_karunamoyee,1,34,bus_chinar_park,
bus_sta_rajchandrapur_saltlake_karunamoyee,1,35,bus_haldiram,
bus_sta_rajchandrapur_saltlake_karunamoyee,1,36,bus_kaikhali,
bus_sta_rajchandrapur_saltlake_karunamoyee,1,37,bus_airport_gate_no_1,
bus_sta_rajchandrapur_saltlake_karunamoyee,1,38,bus_airport_gate_no_2,
bus_sta_rajchandrapur_saltlake_karunamoyee,1,39,bus_airport_gate_no_2_5,
bus_sta_rajchandrapur_saltlake_karunamoyee,1,40,bus_belghoria_expressway,
bus_sta_rajchandrapur_saltlake_karunamoyee,1,41,bus_durganagar,
bus_sta_rajchandrapur_saltlake_karunamoyee,1,42,bus_mathkol,
bus_sta_rajchandrapur_saltlake_karunamoyee,1,43,bus_dunlop,
bus_sta_rajchandrapur_saltlake_karunamoyee,1,44,bus_dakshineswar,
bus_sta_rajchandrapur_saltlake_karunamoyee,1,45,bus_ballyghat,
bus_sta_rajchandrapur_saltlake_karunamoyee,1,46,bus_ballyhalt,
bus_sta_rajchandrapur_saltlake_karunamoyee,1,47,bus_rajchandrapur,
bus_sta_shyambazar_malancha,0,1,bus_shyambazar,
bus_sta_shyambazar_malancha,0,2,bus_rajabazar,
bus_sta_shyambazar_malancha,0,3,bus_sealdah,
bus_sta_shyambazar_malancha,0,4,bus_moulali,
bus_sta_shyambazar_malancha,0,5,bus_c_i_t_road,
bus_sta_shyambazar_malancha,0,6,bus_chittaranjan_hospital,
bus_sta_shyambazar_malancha,0,7,bus_bridge_4,
bus_sta_shyambazar_malancha,0,8,bus_topsia,
bus_sta_shyambazar_malancha,0,9,bus_science_city,
bus_sta_shyambazar_malancha,0,10,bus_chowbaga,
bus_sta_shyambazar_malancha,0,11,bus_bantala_bazar,
bus_sta_shyambazar_malancha,0,12,bus_bit_college,
bus_sta_shyambazar_malancha,0,13,bus_bamanghata,
bus_sta_shyambazar_malancha,0,14,bus_kantatala,
bus_sta_shyambazar_malancha,0,15,bus_leather_complex,
bus_sta_shyambazar_malancha,0,16,bus_bhojerhat,
bus_sta_shyambazar_malancha,0,17,bus_paglarhat,
bus_sta_shyambazar_malancha,0,18,bus_boralighat,
bus_sta_shyambazar_malancha,0,19,bus_nalmuri,
bus_sta_shyambazar_malancha,0,20,bus_ghatakpukur,
bus_sta_shyambazar_malancha,0,21,bus_chandipur,
bus_sta_shyambazar_malancha,0,22,bus_ghusighata,
bus_sta_shyambazar_malancha,0,23,bus_bamanpukur,
bus_sta_shyambazar_malancha,0,24,bus_minakhan,
bus_sta_shyambazar_malancha,0,25,bus_joygram,
bus_sta_shyambazar_malancha,0,26,bus_kalitala,
bus_sta_shyambazar_malancha,0,27,bus_malancha,
bus_sta_shyambazar_malancha,1,1,bus_malancha,
bus_sta_shyambazar_malancha,1,2,bus_kalitala,
bus_sta_shyambazar_malancha,1,3,bus_joygram,
bus_sta_shyambazar_malancha,1,4,bus_minakhan,
bus_sta_shyambazar_malancha,1,5,bus_bamanpukur,
bus_sta_shyambazar_malancha,1,6,bus_ghusighata,
bus_sta_shyambazar_malancha,1,7,bus_chandipur,
bus_sta_shyambazar_malancha,1,8,bus_ghatakpukur,
bus_sta_shyambazar_malancha,1,9,bus_nalmuri,
bus_sta_shyambazar_malancha,1,10,bus_boralighat,
bus_sta_shyambazar_malancha,1,11,bus_paglarhat,
bus_sta_shyambazar_malancha,1,12,bus_bhojerhat,
bus_sta_shyambazar_malancha,1,13,bus_leather_complex,
bus_sta_shyambazar_malancha,1,14,bus_kantatala,
bus_sta_shyambazar_malancha,1,15,bus_bamanghata,
bus_sta_shyambazar_malancha,1,16,bus_bit_college,
bus_sta_shyambazar_malancha,1,17,bus_bantala_bazar,
bus_sta_shyambazar_malancha,1,18,bus_chowbaga,
bus_sta_shyambazar_malancha,1,19,bus_science_city,
bus_sta_shyambazar_malancha,1,20,bus_topsia,
bus_sta_shyambazar_malancha,1,21,bus_bridge_4,
bus_sta_shyambazar_malancha,1,22,bus_chittaranjan_hospital,
bus_sta_shyambazar_malancha,1,23,bus_c_i_t_road,
bus_sta_shyambazar_malancha,1,24,bus_moulali,
bus_sta_shyambazar_malancha,1,25,bus_sealdah,
bus_sta_shyambazar_malancha,1,26,bus_rajabazar,
bus_sta_shyambazar_malancha,1,27,bus_shyambazar,
bus_sta_shyampur_kolkata_station,0,1,bus_shyampur,
bus_sta_shyampur_kolkata_station,0,2,bus_kathilabar,
bus_sta_shyampur_kolkata_station,0,3,bus_hoglasi,
bus_sta_shyampur_kolkata_station,0,4,bus_belpukur,
bus_sta_shyampur_kolkata_station,0,5,bus_mugkalyan,
bus_sta_shyampur_kolkata_station,0,6,bus_sasati,
bus_sta_shyampur_kolkata_station,0,7,bus_antila,
bus_sta_shyampur_kolkata_station,0,8,bus_khalor,
bus_sta_shyampur_kolkata_station,0,9,bus_nuntia,
bus_sta_shyampur_kolkata_station,0,10,bus_bagnan_station,
bus_sta_shyampur_kolkata_station,0,11,bus_library_more,
bus_sta_shyampur_kolkata_station,0,12,bus_birshibpur,
bus_sta_shyampur_kolkata_station,0,13,bus_uluberia,
bus_sta_shyampur_kolkata_station,0,14,bus_panchla,
bus_sta_shyampur_kolkata_station,0,15,bus_ranihati,
bus_sta_shyampur_kolkata_station,0,16,bus_dhulagarh,
bus_sta_shyampur_kolkata_station,0,17,bus_alampur,
bus_sta_shyampur_kolkata_station,0,18,bus_ankurhati,
bus_sta_shyampur_kolkata_station,0,19,bus_nibra_crossing,
bus_sta_shyampur_kolkata_station,0,20,bus_salap,
bus_sta_shyampur_kolkata_station,0,21,bus_kona_more,
bus_sta_shyampur_kolkata_station,0,22,bus_joypur_bill,
bus_sta_shyampur_kolkata_station,0,23,bus_rajchandrapur,
bus_sta_shyampur_kolkata_station,0,24,bus_ballyhalt,
bus_sta_shyampur_kolkata_station,0,25,bus_dakshineswar,
bus_sta_shyampur_kolkata_station,0,26,bus_dunlop,
bus_sta_shyampur_kolkata_station,0,27,bus_bonhooghly,
bus_sta_shyampur_kolkata_station,0,28,bus_sinthee_more,
bus_sta_shyampur_kolkata_station,0,29,bus_chiria_more,
bus_sta_shyampur_kolkata_station,0,30,bus_kolkata_station,
bus_sta_shyampur_kolkata_station,1,1,bus_kolkata_station,
bus_sta_shyampur_kolkata_station,1,2,bus_chiria_more,
bus_sta_shyampur_kolkata_station,1,3,bus_sinthee_more,
bus_sta_shyampur_kolkata_station,1,4,bus_bonhooghly,
bus_sta_shyampur_kolkata_station,1,5,bus_dunlop,
bus_sta_shyampur_kolkata_station,1,6,bus_dakshineswar,
bus_sta_shyampur_kolkata_station,1,7,bus_ballyhalt,
bus_sta_shyampur_kolkata_station,1,8,bus_rajchandrapur,
bus_sta_shyampur_kolkata_station,1,9,bus_joypur_bill,
bus_sta_shyampur_kolkata_station,1,10,bus_kona_more,
bus_sta_shyampur_kolkata_station,1,11,bus_salap,
bus_sta_shyampur_kolkata_station,1,12,bus_nibra_crossing,
bus_sta_shyampur_kolkata_station,1,13,bus_ankurhati,
bus_sta_shyampur_kolkata_station,1,14,bus_alampur,
bus_sta_shyampur_kolkata_station,1,15,bus_dhulagarh,
bus_sta_shyampur_kolkata_station,1,16,bus_ranihati,
bus_sta_shyampur_kolkata_station,1,17,bus_panchla,
bus_sta_shyampur_kolkata_station,1,18,bus_uluberia,
bus_sta_shyampur_kolkata_station,1,19,bus_birshibpur,
bus_sta_shyampur_kolkata_station,1,20,bus_library_more,
bus_sta_shyampur_kolkata_station,1,21,bus_bagnan_station,
bus_sta_shyampur_kolkata_station,1,22,bus_nuntia,
bus_sta_shyampur_kolkata_station,1,23,bus_khalor,
bus_sta_shyampur_kolkata_station,1,24,bus_antila,
bus_sta_shyampur_kolkata_station,1,25,bus_sasati,
bus_sta_shyampur_kolkata_station,1,26,bus_mugkalyan,
bus_sta_shyampur_kolkata_station,1,27,bus_belpukur,
bus_sta_shyampur_kolkata_station,1,28,bus_hoglasi,
bus_sta_shyampur_kolkata_station,1,29,bus_kathilabar,
bus_sta_shyampur_kolkata_station,1,30,bus_shyampur,
bus_sta_santragachi_newtown,0,1,bus_santragachi,
bus_sta_santragachi_newtown,0,2,bus_belepole,
bus_sta_santragachi_newtown,0,3,bus_carry_road,
bus_sta_santragachi_newtown,0,4,bus_toll_plaza,
bus_sta_santragachi_newtown,0,5,bus_hastings,
bus_sta_santragachi_newtown,0,6,bus_pts,
bus_sta_santragachi_newtown,0,7,bus_rabindra_sadan,
bus_sta_santragachi_newtown,0,8,bus_minto_park,
bus_sta_santragachi_newtown,0,9,bus_beckbagan,
bus_sta_santragachi_newtown,0,10,bus_park_circus_7_point,
bus_sta_santragachi_newtown,0,11,bus_don_bosco_crossing,
bus_sta_santragachi_newtown,0,12,bus_darga_road,
bus_sta_santragachi_newtown,0,13,bus_4no_bridge,
bus_sta_santragachi_newtown,0,14,bus_park_circus_station,
bus_sta_santragachi_newtown,0,15,bus_hindu_kabristan_crossing_tiljala,
bus_sta_santragachi_newtown,0,16,bus_topsia,
bus_sta_santragachi_newtown,0,17,bus_science_city,
bus_sta_santragachi_newtown,0,18,bus_mathpukur,
bus_sta_santragachi_newtown,0,19,bus_chingrighata,
bus_sta_santragachi_newtown,0,20,bus_nicco_park,
bus_sta_santragachi_newtown,0,21,bus_sdf,
bus_sta_santragachi_newtown,0,22,bus_mahishbathan,
bus_sta_santragachi_newtown,0,23,bus_newtown,
bus_sta_santragachi_newtown,0,24,bus_narkelbagan,
bus_sta_santragachi_newtown,0,25,bus_newtown,
bus_sta_santragachi_newtown,1,1,bus_newtown,
bus_sta_santragachi_newtown,1,2,bus_narkelbagan,
bus_sta_santragachi_newtown,1,3,bus_newtown,
bus_sta_santragachi_newtown,1,4,bus_mahishbathan,
bus_sta_santragachi_newtown,1,5,bus_sdf,
bus_sta_santragachi_newtown,1,6,bus_nicco_park,
bus_sta_santragachi_newtown,1,7,bus_chingrighata,
bus_sta_santragachi_newtown,1,8,bus_mathpukur,
bus_sta_santragachi_newtown,1,9,bus_science_city,
bus_sta_santragachi_newtown,1,10,bus_topsia,
bus_sta_santragachi_newtown,1,11,bus_hindu_kabristan_crossing_tiljala,
bus_sta_santragachi_newtown,1,12,bus_park_circus_station,
bus_sta_santragachi_newtown,1,13,bus_4no_bridge,
bus_sta_santragachi_newtown,1,14,bus_darga_road,
bus_sta_santragachi_newtown,1,15,bus_don_bosco_crossing,
bus_sta_santragachi_newtown,1,16,bus_park_circus_7_point,
bus_sta_santragachi_newtown,1,17,bus_beckbagan,
bus_sta_santragachi_newtown,1,18,bus_minto_park,
bus_sta_santragachi_newtown,1,19,bus_rabindra_sadan,
bus_sta_santragachi_newtown,1,20,bus_pts,
bus_sta_santragachi_newtown,1,21,bus_hastings,
bus_sta_santragachi_newtown,1,22,bus_toll_plaza,
bus_sta_santragachi_newtown,1,23,bus_carry_road,
bus_sta_santragachi_newtown,1,24,bus_belepole,
bus_sta_santragachi_newtown,1,25,bus_santragachi,
bus_sta_udanarayanpur_saltlake_karunamoyee,0,1,bus_udanarayanpur,
bus_sta_udanarayanpur_saltlake_karunamoyee,0,2,bus_garh_bhawanipur,
bus_sta_udanarayanpur_saltlake_karunamoyee,0,3,bus_sehagori,
bus_sta_udanarayanpur_saltlake_karunamoyee,0,4,bus_betai,
bus_sta_udanarayanpur_saltlake_karunamoyee,0,5,bus_amta,
bus_sta_udanarayanpur_saltlake_karunamoyee,0,6,bus_kalatala,
bus_sta_udanarayanpur_saltlake_karunamoyee,0,7,bus_chakhna,
bus_sta_udanarayanpur_saltlake_karunamoyee,0,8,bus_senerdanga,
bus_sta_udanarayanpur_saltlake_karunamoyee,0,9,bus_asuttola,
bus_sta_udanarayanpur_saltlake_karunamoyee,0,10,bus_vandergacha,
bus_sta_udanarayanpur_saltlake_karunamoyee,0,11,bus_10_no_pole,
bus_sta_udanarayanpur_saltlake_karunamoyee,0,12,bus_manikpir_bazar,
bus_sta_udanarayanpur_saltlake_karunamoyee,0,13,bus_islampur,
bus_sta_udanarayanpur_saltlake_karunamoyee,0,14,bus_dhulorbandh,
bus_sta_udanarayanpur_saltlake_karunamoyee,0,15,bus_gabberia_chotopole,
bus_sta_udanarayanpur_saltlake_karunamoyee,0,16,bus_gabberia_hospital,
bus_sta_udanarayanpur_saltlake_karunamoyee,0,17,bus_bastala,
bus_sta_udanarayanpur_saltlake_karunamoyee,0,18,bus_beltala,
bus_sta_udanarayanpur_saltlake_karunamoyee,0,19,bus_mallikbagan,
bus_sta_udanarayanpur_saltlake_karunamoyee,0,20,bus_ranihati,
bus_sta_udanarayanpur_saltlake_karunamoyee,0,21,bus_sandhipur,
bus_sta_udanarayanpur_saltlake_karunamoyee,0,22,bus_dhulagarh,
bus_sta_udanarayanpur_saltlake_karunamoyee,0,23,bus_new_kolora,
bus_sta_udanarayanpur_saltlake_karunamoyee,0,24,bus_alampur,
bus_sta_udanarayanpur_saltlake_karunamoyee,0,25,bus_jangalpur,
bus_sta_udanarayanpur_saltlake_karunamoyee,0,26,bus_jalan_complex_1,
bus_sta_udanarayanpur_saltlake_karunamoyee,0,27,bus_ankurhati,
bus_sta_udanarayanpur_saltlake_karunamoyee,0,28,bus_nibra,
bus_sta_udanarayanpur_saltlake_karunamoyee,0,29,bus_khejurtala,
bus_sta_udanarayanpur_saltlake_karunamoyee,0,30,bus_santragachi_station,
bus_sta_udanarayanpur_saltlake_karunamoyee,0,31,bus_baksara,
bus_sta_udanarayanpur_saltlake_karunamoyee,0,32,bus_betore,
bus_sta_udanarayanpur_saltlake_karunamoyee,0,33,bus_belepole,
bus_sta_udanarayanpur_saltlake_karunamoyee,0,34,bus_carry_road,
bus_sta_udanarayanpur_saltlake_karunamoyee,0,35,bus_toll_plaza,
bus_sta_udanarayanpur_saltlake_karunamoyee,0,36,bus_vidyasagar_setu,
bus_sta_udanarayanpur_saltlake_karunamoyee,0,37,bus_pts,
bus_sta_udanarayanpur_saltlake_karunamoyee,0,38,bus_pg_hospital,
bus_sta_udanarayanpur_saltlake_karunamoyee,0,39,bus_rabindra_sadan,
bus_sta_udanarayanpur_saltlake_karunamoyee,0,40,bus_exide,
bus_sta_udanarayanpur_saltlake_karunamoyee,0,41,bus_camac_street,
bus_sta_udanarayanpur_saltlake_karunamoyee,0,42,bus_minto_park,
bus_sta_udanarayanpur_saltlake_karunamoyee,0,43,bus_beckbagan,
bus_sta_udanarayanpur_saltlake_karunamoyee,0,44,bus_park_circus,
bus_sta_udanarayanpur_saltlake_karunamoyee,0,45,bus_4no_bridge,
bus_sta_udanarayanpur_saltlake_karunamoyee,0,46,bus_topsia,
bus_sta_udanarayanpur_saltlake_karunamoyee,0,47,bus_science_city,
bus_sta_udanarayanpur_saltlake_karunamoyee,0,48,bus_dhapa_mathpukur,
bus_sta_udanarayanpur_saltlake_karunamoyee,0,49,bus_science_city,
bus_sta_udanarayanpur_saltlake_karunamoyee,0,50,bus_chingrighata,
bus_sta_udanarayanpur_saltlake_karunamoyee,0,51,bus_building_more,
bus_sta_udanarayanpur_saltlake_karunamoyee,0,52,bus_gd_island,
bus_sta_udanarayanpur_saltlake_karunamoyee,0,53,bus_sushrut_eye_hospital,
bus_sta_udanarayanpur_saltlake_karunamoyee,0,54,bus_sdf,
bus_sta_udanarayanpur_saltlake_karunamoyee,0,55,bus_college_more,
bus_sta_udanarayanpur_saltlake_karunamoyee,0,56,bus_wipro,
bus_sta_udanarayanpur_saltlake_karunamoyee,0,57,bus_tank_no_10,
bus_sta_udanarayanpur_saltlake_karunamoyee,0,58,bus_saltlake_karunamoyee,
bus_sta_udanarayanpur_saltlake_karunamoyee,1,1,bus_saltlake_karunamoyee,
bus_sta_udanarayanpur_saltlake_karunamoyee,1,2,bus_tank_no_10,
bus_sta_udanarayanpur_saltlake_karunamoyee,1,3,bus_wipro,
bus_sta_udanarayanpur_saltlake_karunamoyee,1,4,bus_college_more,
bus_sta_udanarayanpur_saltlake_karunamoyee,1,5,bus_sdf,
bus_sta_udanarayanpur_saltlake_karunamoyee,1,6,bus_sushrut_eye_hospital,
bus_sta_udanarayanpur_saltlake_karunamoyee,1,7,bus_gd_island,
bus_sta_udanarayanpur_saltlake_karunamoyee,1,8,bus_building_more,
bus_sta_udanarayanpur_saltlake_karunamoyee,1,9,bus_chingrighata,
bus_sta_udanarayanpur_saltlake_karunamoyee,1,10,bus_science_city,
bus_sta_udanarayanpur_saltlake_karunamoyee,1,11,bus_dhapa_mathpukur,
bus_sta_udanarayanpur_saltlake_karunamoyee,1,12,bus_science_city,
bus_sta_udanarayanpur_saltlake_karunamoyee,1,13,bus_topsia,
bus_sta_udanarayanpur_saltlake_karunamoyee,1,14,bus_4no_bridge,
bus_sta_udanarayanpur_saltlake_karunamoyee,1,15,bus_park_circus,
bus_sta_udanarayanpur_saltlake_karunamoyee,1,16,bus_beckbagan,
bus_sta_udanarayanpur_saltlake_karunamoyee,1,17,bus_minto_park,
bus_sta_udanarayanpur_saltlake_karunamoyee,1,18,bus_camac_street,
bus_sta_udanarayanpur_saltlake_karunamoyee,1,19,bus_exide,
bus_sta_udanarayanpur_saltlake_karunamoyee,1,20,bus_rabindra_sadan,
bus_sta_udanarayanpur_saltlake_karunamoyee,1,21,bus_pg_hospital,
bus_sta_udanarayanpur_saltlake_karunamoyee,1,22,bus_pts,
bus_sta_udanarayanpur_saltlake_karunamoyee,1,23,bus_vidyasagar_setu,
bus_sta_udanarayanpur_saltlake_karunamoyee,1,24,bus_toll_plaza,
bus_sta_udanarayanpur_saltlake_karunamoyee,1,25,bus_carry_road,
bus_sta_udanarayanpur_saltlake_karunamoyee,1,26,bus_belepole,
bus_sta_udanarayanpur_saltlake_karunamoyee,1,27,bus_betore,
bus_sta_udanarayanpur_saltlake_karunamoyee,1,28,bus_baksara,
bus_sta_udanarayanpur_saltlake_karunamoyee,1,29,bus_santragachi_station,
bus_sta_udanarayanpur_saltlake_karunamoyee,1,30,bus_khejurtala,
bus_sta_udanarayanpur_saltlake_karunamoyee,1,31,bus_nibra,
bus_sta_udanarayanpur_saltlake_karunamoyee,1,32,bus_ankurhati,
bus_sta_udanarayanpur_saltlake_karunamoyee,1,33,bus_jalan_complex_1,
bus_sta_udanarayanpur_saltlake_karunamoyee,1,34,bus_jangalpur,
bus_sta_udanarayanpur_saltlake_karunamoyee,1,35,bus_alampur,
bus_sta_udanarayanpur_saltlake_karunamoyee,1,36,bus_new_kolora,
bus_sta_udanarayanpur_saltlake_karunamoyee,1,37,bus_dhulagarh,
bus_sta_udanarayanpur_saltlake_karunamoyee,1,38,bus_sandhipur,
bus_sta_udanarayanpur_saltlake_karunamoyee,1,39,bus_ranihati,
bus_sta_udanarayanpur_saltlake_karunamoyee,1,40,bus_mallikbagan,
bus_sta_udanarayanpur_saltlake_karunamoyee,1,41,bus_beltala,
bus_sta_udanarayanpur_saltlake_karunamoyee,1,42,bus_bastala,
bus_sta_udanarayanpur_saltlake_karunamoyee,1,43,bus_gabberia_hospital,
bus_sta_udanarayanpur_saltlake_karunamoyee,1,44,bus_gabberia_chotopole,
bus_sta_udanarayanpur_saltlake_karunamoyee,1,45,bus_dhulorbandh,
bus_sta_udanarayanpur_saltlake_karunamoyee,1,46,bus_islampur,
bus_sta_udanarayanpur_saltlake_karunamoyee,1,47,bus_manikpir_bazar,
bus_sta_udanarayanpur_saltlake_karunamoyee,1,48,bus_10_no_pole,
bus_sta_udanarayanpur_saltlake_karunamoyee,1,49,bus_vandergacha,
bus_sta_udanarayanpur_saltlake_karunamoyee,1,50,bus_asuttola,
bus_sta_udanarayanpur_saltlake_karunamoyee,1,51,bus_senerdanga,
bus_sta_udanarayanpur_saltlake_karunamoyee,1,52,bus_chakhna,
bus_sta_udanarayanpur_saltlake_karunamoyee,1,53,bus_kalatala,
bus_sta_udanarayanpur_saltlake_karunamoyee,1,54,bus_amta,
bus_sta_udanarayanpur_saltlake_karunamoyee,1,55,bus_betai,
bus_sta_udanarayanpur_saltlake_karunamoyee,1,56,bus_sehagori,
bus_sta_udanarayanpur_saltlake_karunamoyee,1,57,bus_garh_bhawanipur,
bus_sta_udanarayanpur_saltlake_karunamoyee,1,58,bus_udanarayanpur,
bus_s2n,0,1,bus_kudghat,
bus_s2n,0,2,bus_tollygunge,
bus_s2n,0,3,bus_rashbehari,
bus_s2n,0,4,bus_kalighat,
bus_s2n,0,5,bus_hazra_more,
bus_s2n,0,6,bus_bhowanipore,
bus_s2n,0,7,bus_rabindra_sadan,
bus_s2n,0,8,bus_pts,
bus_s2n,0,9,bus_vidyasagar_setu,
bus_s2n,0,10,bus_nabanna,
bus_s2n,1,1,bus_nabanna,
bus_s2n,1,2,bus_vidyasagar_setu,
bus_s2n,1,3,bus_pts,
bus_s2n,1,4,bus_rabindra_sadan,
bus_s2n,1,5,bus_bhowanipore,
bus_s2n,1,6,bus_hazra_more,
bus_s2n,1,7,bus_kalighat,
bus_s2n,1,8,bus_rashbehari,
bus_s2n,1,9,bus_tollygunge,
bus_s2n,1,10,bus_kudghat,
bus_s5_n,0,1,bus_garia_5no_bus_stand,
bus_s5_n,0,2,bus_baishnabghata,
bus_s5_n,0,3,bus_ramgarh,
bus_s5_n,0,4,bus_baghajatin,
bus_s5_n,0,5,bus_sulekha,
bus_s5_n,0,6,bus_jadavpur_8b,
bus_s5_n,0,7,bus_jadavpur_ps,
bus_s5_n,0,8,bus_jodhpur_park,
bus_s5_n,0,9,bus_dhakuria,
bus_s5_n,0,10,bus_golpark,
bus_s5_n,0,11,bus_southern_avenue,
bus_s5_n,0,12,bus_rabindra_sarobar_stadium,
bus_s5_n,0,13,bus_rashbehari,
bus_s5_n,0,14,bus_kalighat,
bus_s5_n,0,15,bus_hazra,
bus_s5_n,0,16,bus_bhowanipur,
bus_s5_n,0,17,bus_elgin_crossing,
bus_s5_n,0,18,bus_exide,
bus_s5_n,0,19,bus_rabindra_sadan,
bus_s5_n,0,20,bus_pts,
bus_s5_n,0,21,bus_toll_tax,
bus_s5_n,0,22,bus_nabanna_bus_terminus,
bus_s5_n,1,1,bus_nabanna_bus_terminus,
bus_s5_n,1,2,bus_toll_tax,
bus_s5_n,1,3,bus_pts,
bus_s5_n,1,4,bus_rabindra_sadan,
bus_s5_n,1,5,bus_exide,
bus_s5_n,1,6,bus_elgin_crossing,
bus_s5_n,1,7,bus_bhowanipur,
bus_s5_n,1,8,bus_hazra,
bus_s5_n,1,9,bus_kalighat,
bus_s5_n,1,10,bus_rashbehari,
bus_s5_n,1,11,bus_rabindra_sarobar_stadium,
bus_s5_n,1,12,bus_southern_avenue,
bus_s5_n,1,13,bus_golpark,
bus_s5_n,1,14,bus_dhakuria,
bus_s5_n,1,15,bus_jodhpur_park,
bus_s5_n,1,16,bus_jadavpur_ps,
bus_s5_n,1,17,bus_jadavpur_8b,
bus_s5_n,1,18,bus_sulekha,
bus_s5_n,1,19,bus_baghajatin,
bus_s5_n,1,20,bus_ramgarh,
bus_s5_n,1,21,bus_baishnabghata,
bus_s5_n,1,22,bus_garia_5no_bus_stand,
bus_s7_n,0,1,bus_garia_6no_bus_stand,
bus_s7_n,0,2,bus_naktala,
bus_s7_n,0,3,bus_bansdroni,
bus_s7_n,0,4,bus_netaji_nagar,
bus_s7_n,0,5,bus_ranikuthi,
bus_s7_n,0,6,bus_malancha_2,
bus_s7_n,0,7,bus_tollygunge_metro,
bus_s7_n,0,8,bus_tollygunge_phari,
bus_s7_n,0,9,bus_rashbehari_xing,
bus_s7_n,0,10,bus_hazra_xing,
bus_s7_n,0,11,bus_jadu_babu_r_bajar,
bus_s7_n,0,12,bus_elgin_road,
bus_s7_n,0,13,bus_exide,
bus_s7_n,0,14,bus_pts,
bus_s7_n,0,15,bus_toll_tax,
bus_s7_n,0,16,bus_nabanna_bus_terminus,
bus_s7_n,1,1,bus_nabanna_bus_terminus,
bus_s7_n,1,2,bus_toll_tax,
bus_s7_n,1,3,bus_pts,
bus_s7_n,1,4,bus_exide,
bus_s7_n,1,5,bus_elgin_road,
bus_s7_n,1,6,bus_jadu_babu_r_bajar,
bus_s7_n,1,7,bus_hazra_xing,
bus_s7_n,1,8,bus_rashbehari_xing,
bus_s7_n,1,9,bus_tollygunge_phari,
bus_s7_n,1,10,bus_tollygunge_metro,
bus_s7_n,1,11,bus_malancha_2,
bus_s7_n,1,12,bus_ranikuthi,
bus_s7_n,1,13,bus_netaji_nagar,
bus_s7_n,1,14,bus_bansdroni,
bus_s7_n,1,15,bus_naktala,
bus_s7_n,1,16,bus_garia_6no_bus_stand,
bus_ac10,0,1,bus_howrah_station,
bus_ac10,0,2,bus_nilgunge_depot,
bus_ac10,1,1,bus_nilgunge_depot,
bus_ac10,1,2,bus_howrah_station,
bus_s12g,0,1,bus_newtown_bus_stand,
bus_s12g,0,2,bus_dlf1,
bus_s12g,0,3,bus_technopolis,
bus_s12g,0,4,bus_college_more,
bus_s12g,0,5,bus_sdf,
bus_s12g,0,6,bus_chingrighata,
bus_s12g,0,7,bus_building_more,
bus_s12g,0,8,bus_cit_more,
bus_s12g,0,9,bus_beleghata_sales_tax,
bus_s12g,0,10,bus_sealdah_station,
bus_s12g,0,11,bus_moulali,
bus_s12g,0,12,bus_esplanade,
bus_s12g,0,13,bus_gpo,
bus_s12g,0,14,bus_burrabazar,
bus_s12g,0,15,bus_howrah_station,
bus_s12g,0,16,bus_howrah_court,
bus_s12g,0,17,bus_kazipara_2,
bus_s12g,0,18,bus_betaitala,
bus_s12g,0,19,bus_nabanna_bus_terminus,
bus_s12g,1,1,bus_nabanna_bus_terminus,
bus_s12g,1,2,bus_betaitala,
bus_s12g,1,3,bus_kazipara_2,
bus_s12g,1,4,bus_howrah_court,
bus_s12g,1,5,bus_howrah_station,
bus_s12g,1,6,bus_burrabazar,
bus_s12g,1,7,bus_gpo,
bus_s12g,1,8,bus_esplanade,
bus_s12g,1,9,bus_moulali,
bus_s12g,1,10,bus_sealdah_station,
bus_s12g,1,11,bus_beleghata_sales_tax,
bus_s12g,1,12,bus_cit_more,
bus_s12g,1,13,bus_building_more,
bus_s12g,1,14,bus_chingrighata,
bus_s12g,1,15,bus_sdf,
bus_s12g,1,16,bus_college_more,
bus_s12g,1,17,bus_technopolis,
bus_s12g,1,18,bus_dlf1,
bus_s12g,1,19,bus_newtown_bus_stand,
bus_s23,0,1,bus_saltlake_karunamoyee,
bus_s23,0,2,bus_central_park,
bus_s23,0,3,bus_fd_park,
bus_s23,0,4,bus_laboni,
bus_s23,0,5,bus_purbachal_13no_tank,
bus_s23,0,6,bus_stadium_island,
bus_s23,0,7,bus_amri_hospital,
bus_s23,0,8,bus_building_more,
bus_s23,0,9,bus_chingrighata,
bus_s23,0,10,bus_dhapa_mathpukur,
bus_s23,0,11,bus_science_city,
bus_s23,0,12,bus_topsia,
bus_s23,0,13,bus_park_circus_4_number,
bus_s23,0,14,bus_park_circus_wbtc_depot,
bus_s23,0,15,bus_beckbagan,
bus_s23,0,16,bus_minto_park,
bus_s23,0,17,bus_exide,
bus_s23,0,18,bus_maidan,
bus_s23,0,19,bus_park_street,
bus_s23,0,20,bus_mayo_road_crossing,
bus_s23,0,21,bus_bbd_bag,
bus_s23,0,22,bus_gpo,
bus_s23,0,23,bus_shipping_corporation,
bus_s23,0,24,bus_burrabazar,
bus_s23,0,25,bus_howrah_station,
bus_s23,1,1,bus_howrah_station,
bus_s23,1,2,bus_burrabazar,
bus_s23,1,3,bus_shipping_corporation,
bus_s23,1,4,bus_gpo,
bus_s23,1,5,bus_bbd_bag,
bus_s23,1,6,bus_mayo_road_crossing,
bus_s23,1,7,bus_park_street,
bus_s23,1,8,bus_maidan,
bus_s23,1,9,bus_exide,
bus_s23,1,10,bus_minto_park,
bus_s23,1,11,bus_beckbagan,
bus_s23,1,12,bus_park_circus_wbtc_depot,
bus_s23,1,13,bus_park_circus_4_number,
bus_s23,1,14,bus_topsia,
bus_s23,1,15,bus_science_city,
bus_s23,1,16,bus_dhapa_mathpukur,
bus_s23,1,17,bus_chingrighata,
bus_s23,1,18,bus_building_more,
bus_s23,1,19,bus_amri_hospital,
bus_s23,1,20,bus_stadium_island,
bus_s23,1,21,bus_purbachal_13no_tank,
bus_s23,1,22,bus_laboni,
bus_s23,1,23,bus_fd_park,
bus_s23,1,24,bus_central_park,
bus_s23,1,25,bus_saltlake_karunamoyee,
bus_s30a_it_special,0,1,bus_bidhannagar_station,
bus_s30a_it_special,0,2,bus_hudco,
bus_s30a_it_special,0,3,bus_pnb_island,
bus_s30a_it_special,0,4,bus_c_a_island,
bus_s30a_it_special,0,5,bus_city_centre,
bus_s30a_it_special,0,6,bus_bikash_bhawan,
bus_s30a_it_special,0,7,bus_karunamoyee,
bus_s30a_it_special,0,8,bus_wipro,
bus_s30a_it_special,0,9,bus_techno_india,
bus_s30a_it_special,0,10,bus_college_more,
bus_s30a_it_special,0,11,bus_webel,
bus_s30a_it_special,0,12,bus_sdf,
bus_s30a_it_special,0,13,bus_swasthya_bhawan,
bus_s30a_it_special,0,14,bus_wipro,
bus_s30a_it_special,0,15,bus_karunamoyee,
bus_s30a_it_special,0,16,bus_city_centre,
bus_s30a_it_special,0,17,bus_pnb,
bus_s30a_it_special,0,18,bus_hudco,
bus_s30a_it_special,0,19,bus_bidhannagar_station_circular_route,
bus_s30a_it_special,1,1,bus_bidhannagar_station_circular_route,
bus_s30a_it_special,1,2,bus_hudco,
bus_s30a_it_special,1,3,bus_pnb,
bus_s30a_it_special,1,4,bus_city_centre,
bus_s30a_it_special,1,5,bus_karunamoyee,
bus_s30a_it_special,1,6,bus_wipro,
bus_s30a_it_special,1,7,bus_swasthya_bhawan,
bus_s30a_it_special,1,8,bus_sdf,
bus_s30a_it_special,1,9,bus_webel,
bus_s30a_it_special,1,10,bus_college_more,
bus_s30a_it_special,1,11,bus_techno_india,
bus_s30a_it_special,1,12,bus_wipro,
bus_s30a_it_special,1,13,bus_karunamoyee,
bus_s30a_it_special,1,14,bus_bikash_bhawan,
bus_s30a_it_special,1,15,bus_city_centre,
bus_s30a_it_special,1,16,bus_c_a_island,
bus_s30a_it_special,1,17,bus_pnb_island,
bus_s30a_it_special,1,18,bus_hudco,
bus_s30a_it_special,1,19,bus_bidhannagar_station,
bus_e32_executive_service,0,1,bus_nilgaunj_depot,
bus_e32_executive_service,0,2,bus_wireless_more,
bus_e32_executive_service,0,3,bus_lalkuthi,
bus_e32_executive_service,0,4,bus_barrackpore_station_2,
bus_e32_executive_service,0,5,bus_chiria_more_2,
bus_e32_executive_service,0,6,bus_titagarh_p_s,
bus_e32_executive_service,0,7,bus_khardaha_municipality,
bus_e32_executive_service,0,8,bus_sukhchar,
bus_e32_executive_service,0,9,bus_sodepur,
bus_e32_executive_service,0,10,bus_panihati,
bus_e32_executive_service,0,11,bus_kamarhati,
bus_e32_executive_service,0,12,bus_rathtala,
bus_e32_executive_service,0,13,bus_dunlop,
bus_e32_executive_service,0,14,bus_tobin_road,
bus_e32_executive_service,0,15,bus_sinthi,
bus_e32_executive_service,0,16,bus_chiriamore_dumdum,
bus_e32_executive_service,0,17,bus_shyambazar,
bus_e32_executive_service,0,18,bus_sovabazar,
bus_e32_executive_service,0,19,bus_girish_park,
bus_e32_executive_service,0,20,bus_m_g_road,
bus_e32_executive_service,0,21,bus_burrabazar,
bus_e32_executive_service,0,22,bus_howrah_station,
bus_e32_executive_service,1,1,bus_howrah_station,
bus_e32_executive_service,1,2,bus_burrabazar,
bus_e32_executive_service,1,3,bus_m_g_road,
bus_e32_executive_service,1,4,bus_girish_park,
bus_e32_executive_service,1,5,bus_sovabazar,
bus_e32_executive_service,1,6,bus_shyambazar,
bus_e32_executive_service,1,7,bus_chiriamore_dumdum,
bus_e32_executive_service,1,8,bus_sinthi,
bus_e32_executive_service,1,9,bus_tobin_road,
bus_e32_executive_service,1,10,bus_dunlop,
bus_e32_executive_service,1,11,bus_rathtala,
bus_e32_executive_service,1,12,bus_kamarhati,
bus_e32_executive_service,1,13,bus_panihati,
bus_e32_executive_service,1,14,bus_sodepur,
bus_e32_executive_service,1,15,bus_sukhchar,
bus_e32_executive_service,1,16,bus_khardaha_municipality,
bus_e32_executive_service,1,17,bus_titagarh_p_s,
bus_e32_executive_service,1,18,bus_chiria_more_2,
bus_e32_executive_service,1,19,bus_barrackpore_station_2,
bus_e32_executive_service,1,20,bus_lalkuthi,
bus_e32_executive_service,1,21,bus_wireless_more,
bus_e32_executive_service,1,22,bus_nilgaunj_depot,
bus_ac36,0,1,bus_barasat,
bus_ac36,0,2,bus_barasat_dak_bunglow,
bus_ac36,0,3,bus_hridaypur,
bus_ac36,0,4,bus_madhyamgram_chowmatha,
bus_ac36,0,5,bus_new_barrackpore,
bus_ac36,0,6,bus_doltola,
bus_ac36,0,7,bus_b_t_college,
bus_ac36,0,8,bus_sukanta_nagar_5,
bus_ac36,0,9,bus_birati,
bus_ac36,0,10,bus_airport,
bus_ac36,0,11,bus_haldiram,
bus_ac36,0,12,bus_chinar_park,
bus_ac36,0,13,bus_city_centre_2,
bus_ac36,0,14,bus_eco_park,
bus_ac36,0,15,bus_westin,
bus_ac36,0,16,bus_aliah_university,
bus_ac36,0,17,bus_ecospace,
bus_ac36,0,18,bus_tcs_gitanjali,
bus_ac36,0,19,bus_unitech_gate_2,
bus_ac36,0,20,bus_tata_cancer_hospital,
bus_ac36,0,21,bus_narkelbagan,
bus_ac36,0,22,bus_axis_mall,
bus_ac36,0,23,bus_newtown,
bus_ac36,0,24,bus_dlf1,
bus_ac36,0,25,bus_technopolis,
bus_ac36,0,26,bus_college_more,
bus_ac36,0,27,bus_wipro,
bus_ac36,0,28,bus_tank_10,
bus_ac36,0,29,bus_saltlake_karunamoyee,
bus_ac36,1,1,bus_saltlake_karunamoyee,
bus_ac36,1,2,bus_tank_10,
bus_ac36,1,3,bus_wipro,
bus_ac36,1,4,bus_college_more,
bus_ac36,1,5,bus_technopolis,
bus_ac36,1,6,bus_dlf1,
bus_ac36,1,7,bus_newtown,
bus_ac36,1,8,bus_axis_mall,
bus_ac36,1,9,bus_narkelbagan,
bus_ac36,1,10,bus_tata_cancer_hospital,
bus_ac36,1,11,bus_unitech_gate_2,
bus_ac36,1,12,bus_tcs_gitanjali,
bus_ac36,1,13,bus_ecospace,
bus_ac36,1,14,bus_aliah_university,
bus_ac36,1,15,bus_westin,
bus_ac36,1,16,bus_eco_park,
bus_ac36,1,17,bus_city_centre_2,
bus_ac36,1,18,bus_chinar_park,
bus_ac36,1,19,bus_haldiram,
bus_ac36,1,20,bus_airport,
bus_ac36,1,21,bus_birati,
bus_ac36,1,22,bus_sukanta_nagar_5,
bus_ac36,1,23,bus_b_t_college,
bus_ac36,1,24,bus_doltola,
bus_ac36,1,25,bus_new_barrackpore,
bus_ac36,1,26,bus_madhyamgram_chowmatha,
bus_ac36,1,27,bus_hridaypur,
bus_ac36,1,28,bus_barasat_dak_bunglow,
bus_ac36,1,29,bus_barasat,
bus_s37a,0,1,bus_airport_gate_1,
bus_s37a,0,2,bus_kaikhali,
bus_s37a,0,3,bus_haldiram,
bus_s37a,0,4,bus_teghoria,
bus_s37a,0,5,bus_baguihati,
bus_s37a,0,6,bus_kestopur,
bus_s37a,0,7,bus_dumdum_park,
bus_s37a,0,8,bus_laketown,
bus_s37a,0,9,bus_ultadanga_hudco,
bus_s37a,0,10,bus_saltlake_gate,
bus_s37a,0,11,bus_bengal_chemical,
bus_s37a,0,12,bus_mani_square,
bus_s37a,0,13,bus_apollo_hospital,
bus_s37a,0,14,bus_swabhumi,
bus_s37a,0,15,bus_building_more,
bus_s37a,0,16,bus_chingrighata,
bus_s37a,0,17,bus_dhapa_mathpukur,
bus_s37a,0,18,bus_science_city,
bus_s37a,0,19,bus_uttar_panchannagram,
bus_s37a,0,20,bus_vip_bazar,
bus_s37a,0,21,bus_fortis,
bus_s37a,0,22,bus_ruby_crossing,
bus_s37a,0,23,bus_kalikapur,
bus_s37a,0,24,bus_medica_hospital,
bus_s37a,0,25,bus_mukundapur,
bus_s37a,0,26,bus_ajaynagar,
bus_s37a,0,27,bus_hiland_park,
bus_s37a,0,28,bus_patuli,
bus_s37a,0,29,bus_45_bus_stand,
bus_s37a,0,30,bus_garia_bus_stand,
bus_s37a,1,1,bus_garia_bus_stand,
bus_s37a,1,2,bus_45_bus_stand,
bus_s37a,1,3,bus_patuli,
bus_s37a,1,4,bus_hiland_park,
bus_s37a,1,5,bus_ajaynagar,
bus_s37a,1,6,bus_mukundapur,
bus_s37a,1,7,bus_medica_hospital,
bus_s37a,1,8,bus_kalikapur,
bus_s37a,1,9,bus_ruby_crossing,
bus_s37a,1,10,bus_fortis,
bus_s37a,1,11,bus_vip_bazar,
bus_s37a,1,12,bus_uttar_panchannagram,
bus_s37a,1,13,bus_science_city,
bus_s37a,1,14,bus_dhapa_mathpukur,
bus_s37a,1,15,bus_chingrighata,
bus_s37a,1,16,bus_building_more,
bus_s37a,1,17,bus_swabhumi,
bus_s37a,1,18,bus_apollo_hospital,
bus_s37a,1,19,bus_mani_square,
bus_s37a,1,20,bus_bengal_chemical,
bus_s37a,1,21,bus_saltlake_gate,
bus_s37a,1,22,bus_ultadanga_hudco,
bus_s37a,1,23,bus_laketown,
bus_s37a,1,24,bus_dumdum_park,
bus_s37a,1,25,bus_kestopur,
bus_s37a,1,26,bus_baguihati,
bus_s37a,1,27,bus_teghoria,
bus_s37a,1,28,bus_haldiram,
bus_s37a,1,29,bus_kaikhali,
bus_s37a,1,30,bus_airport_gate_1,
bus_ac37c,0,1,bus_airport_domestic_terminus,
bus_ac37c,0,2,bus_kaikhali,
bus_ac37c,0,3,bus_haldiram,
bus_ac37c,0,4,bus_teghoria,
bus_ac37c,0,5,bus_baguihati,
bus_ac37c,0,6,bus_kestopur,
bus_ac37c,0,7,bus_dumdum_park,
bus_ac37c,0,8,bus_laketown,
bus_ac37c,0,9,bus_ultadanga_hudco,
bus_ac37c,0,10,bus_saltlake_gate,
bus_ac37c,0,11,bus_bengal_chemical,
bus_ac37c,0,12,bus_mani_square,
bus_ac37c,0,13,bus_apollo_hospital,
bus_ac37c,0,14,bus_swabhumi,
bus_ac37c,0,15,bus_building_more,
bus_ac37c,0,16,bus_chingrighata,
bus_ac37c,0,17,bus_dhapa_mathpukur,
bus_ac37c,0,18,bus_science_city,
bus_ac37c,0,19,bus_uttar_panchannagram,
bus_ac37c,0,20,bus_vip_bazar,
bus_ac37c,0,21,bus_fortis,
bus_ac37c,0,22,bus_ruby_crossing,
bus_ac37c,0,23,bus_kalikapur,
bus_ac37c,0,24,bus_medica_hospital,
bus_ac37c,0,25,bus_mukundapur,
bus_ac37c,0,26,bus_ajaynagar,
bus_ac37c,0,27,bus_hiland_park,
bus_ac37c,0,28,bus_patuli,
bus_ac37c,0,29,bus_45_bus_stand,
bus_ac37c,0,30,bus_garia_bus_stand,
bus_ac37c,1,1,bus_garia_bus_stand,
bus_ac37c,1,2,bus_45_bus_stand,
bus_ac37c,1,3,bus_patuli,
bus_ac37c,1,4,bus_hiland_park,
bus_ac37c,1,5,bus_ajaynagar,
bus_ac37c,1,6,bus_mukundapur,
bus_ac37c,1,7,bus_medica_hospital,
bus_ac37c,1,8,bus_kalikapur,
bus_ac37c,1,9,bus_ruby_crossing,
bus_ac37c,1,10,bus_fortis,
bus_ac37c,1,11,bus_vip_bazar,
bus_ac37c,1,12,bus_uttar_panchannagram,
bus_ac37c,1,13,bus_science_city,
bus_ac37c,1,14,bus_dhapa_mathpukur,
bus_ac37c,1,15,bus_chingrighata,
bus_ac37c,1,16,bus_building_more,
bus_ac37c,1,17,bus_swabhumi,
bus_ac37c,1,18,bus_apollo_hospital,
bus_ac37c,1,19,bus_mani_square,
bus_ac37c,1,20,bus_bengal_chemical,
bus_ac37c,1,21,bus_saltlake_gate,
bus_ac37c,1,22,bus_ultadanga_hudco,
bus_ac37c,1,23,bus_laketown,
bus_ac37c,1,24,bus_dumdum_park,
bus_ac37c,1,25,bus_kestopur,
bus_ac37c,1,26,bus_baguihati,
bus_ac37c,1,27,bus_teghoria,
bus_ac37c,1,28,bus_haldiram,
bus_ac37c,1,29,bus_kaikhali,
bus_ac37c,1,30,bus_airport_domestic_terminus,
bus_ac41,0,1,bus_santragachi,
bus_ac41,0,2,bus_belepol,
bus_ac41,0,3,bus_toll_tax,
bus_ac41,0,4,bus_hastings,
bus_ac41,0,5,bus_pts,
bus_ac41,0,6,bus_exide_crossing,
bus_ac41,0,7,bus_minto_park,
bus_ac41,0,8,bus_beckbagan,
bus_ac41,0,9,bus_park_circus_7_point,
bus_ac41,0,10,bus_don_bosco_crossing,
bus_ac41,0,11,bus_park_circus_4_number_bridge,
bus_ac41,0,12,bus_topsia,
bus_ac41,0,13,bus_science_city,
bus_ac41,0,14,bus_chingrighata,
bus_ac41,0,15,bus_building_more,
bus_ac41,0,16,bus_stadium_island,
bus_ac41,0,17,bus_sushrut_eye_hospital,
bus_ac41,0,18,bus_wipro,
bus_ac41,0,19,bus_college_more,
bus_ac41,0,20,bus_technopolis,
bus_ac41,0,21,bus_dlf1,
bus_ac41,0,22,bus_newtown,
bus_ac41,0,23,bus_axis_mall,
bus_ac41,0,24,bus_narkelbagan,
bus_ac41,0,25,bus_tata_cancer_hospital,
bus_ac41,0,26,bus_unitech_gate_2,
bus_ac41,0,27,bus_amity_university_ecospace,
bus_ac41,1,1,bus_amity_university_ecospace,
bus_ac41,1,2,bus_unitech_gate_2,
bus_ac41,1,3,bus_tata_cancer_hospital,
bus_ac41,1,4,bus_narkelbagan,
bus_ac41,1,5,bus_axis_mall,
bus_ac41,1,6,bus_newtown,
bus_ac41,1,7,bus_dlf1,
bus_ac41,1,8,bus_technopolis,
bus_ac41,1,9,bus_college_more,
bus_ac41,1,10,bus_wipro,
bus_ac41,1,11,bus_sushrut_eye_hospital,
bus_ac41,1,12,bus_stadium_island,
bus_ac41,1,13,bus_building_more,
bus_ac41,1,14,bus_chingrighata,
bus_ac41,1,15,bus_science_city,
bus_ac41,1,16,bus_topsia,
bus_ac41,1,17,bus_park_circus_4_number_bridge,
bus_ac41,1,18,bus_don_bosco_crossing,
bus_ac41,1,19,bus_park_circus_7_point,
bus_ac41,1,20,bus_beckbagan,
bus_ac41,1,21,bus_minto_park,
bus_ac41,1,22,bus_exide_crossing,
bus_ac41,1,23,bus_pts,
bus_ac41,1,24,bus_hastings,
bus_ac41,1,25,bus_toll_tax,
bus_ac41,1,26,bus_belepol,
bus_ac41,1,27,bus_santragachi,
bus_ac49,0,1,bus_eden_city,
bus_ac49,0,2,bus_dakghar,
bus_ac49,0,3,bus_jhinjhira_bazar,
bus_ac49,0,4,bus_state_garage,
bus_ac49,0,5,bus_taratala,
bus_ac49,0,6,bus_new_alipore,
bus_ac49,0,7,bus_chetla,
bus_ac49,0,8,bus_rashbihari,
bus_ac49,0,9,bus_deshoprio_park,
bus_ac49,0,10,bus_gariahat,
bus_ac49,0,11,bus_kasba,
bus_ac49,0,12,bus_acropolis_mall,
bus_ac49,0,13,bus_gst_bhawan,
bus_ac49,0,14,bus_ruby_crossing,
bus_ac49,0,15,bus_fortis_hospital,
bus_ac49,0,16,bus_uttar_panchannagram,
bus_ac49,0,17,bus_science_city,
bus_ac49,0,18,bus_dhapa_mathpukur,
bus_ac49,0,19,bus_chingrighata,
bus_ac49,0,20,bus_building_more,
bus_ac49,0,21,bus_stadium_island,
bus_ac49,0,22,bus_central_park,
bus_ac49,0,23,bus_karunamoyee,
bus_ac49,0,24,bus_wipro,
bus_ac49,0,25,bus_college_more,
bus_ac49,0,26,bus_technopolis,
bus_ac49,0,27,bus_dlf1,
bus_ac49,0,28,bus_newtown,
bus_ac49,0,29,bus_axis_mall,
bus_ac49,0,30,bus_narkelbagan,
bus_ac49,0,31,bus_jatragachi,
bus_ac49,0,32,bus_westin,
bus_ac49,0,33,bus_eco_park,
bus_ac49,0,34,bus_nawabpur,
bus_ac49,0,35,bus_akankha,
bus_ac49,0,36,bus_city_centre_2,
bus_ac49,0,37,bus_chinar_park,
bus_ac49,0,38,bus_charnock_hospital,
bus_ac49,0,39,bus_kaikhali,
bus_ac49,0,40,bus_airport_gate_1,
bus_ac49,0,41,bus_airport_domestic_terminus,
bus_ac49,1,1,bus_airport_domestic_terminus,
bus_ac49,1,2,bus_airport_gate_1,
bus_ac49,1,3,bus_kaikhali,
bus_ac49,1,4,bus_charnock_hospital,
bus_ac49,1,5,bus_chinar_park,
bus_ac49,1,6,bus_city_centre_2,
bus_ac49,1,7,bus_akankha,
bus_ac49,1,8,bus_nawabpur,
bus_ac49,1,9,bus_eco_park,
bus_ac49,1,10,bus_westin,
bus_ac49,1,11,bus_jatragachi,
bus_ac49,1,12,bus_narkelbagan,
bus_ac49,1,13,bus_axis_mall,
bus_ac49,1,14,bus_newtown,
bus_ac49,1,15,bus_dlf1,
bus_ac49,1,16,bus_technopolis,
bus_ac49,1,17,bus_college_more,
bus_ac49,1,18,bus_wipro,
bus_ac49,1,19,bus_karunamoyee,
bus_ac49,1,20,bus_central_park,
bus_ac49,1,21,bus_stadium_island,
bus_ac49,1,22,bus_building_more,
bus_ac49,1,23,bus_chingrighata,
bus_ac49,1,24,bus_dhapa_mathpukur,
bus_ac49,1,25,bus_science_city,
bus_ac49,1,26,bus_uttar_panchannagram,
bus_ac49,1,27,bus_fortis_hospital,
bus_ac49,1,28,bus_ruby_crossing,
bus_ac49,1,29,bus_gst_bhawan,
bus_ac49,1,30,bus_acropolis_mall,
bus_ac49,1,31,bus_kasba,
bus_ac49,1,32,bus_gariahat,
bus_ac49,1,33,bus_deshoprio_park,
bus_ac49,1,34,bus_rashbihari,
bus_ac49,1,35,bus_chetla,
bus_ac49,1,36,bus_new_alipore,
bus_ac49,1,37,bus_taratala,
bus_ac49,1,38,bus_state_garage,
bus_ac49,1,39,bus_jhinjhira_bazar,
bus_ac49,1,40,bus_dakghar,
bus_ac49,1,41,bus_eden_city,
bus_ac50,0,1,bus_belurmath,
bus_ac50,0,2,bus_lalbaba_college,
bus_ac50,0,3,bus_bally_bazar,
bus_ac50,0,4,bus_ballykhal,
bus_ac50,0,5,bus_ballyghat,
bus_ac50,0,6,bus_dakshineswar,
bus_ac50,0,7,bus_dunlop,
bus_ac50,0,8,bus_mathkal,
bus_ac50,0,9,bus_durganagar,
bus_ac50,0,10,bus_airport,
bus_ac50,0,11,bus_kaikhali,
bus_ac50,0,12,bus_haldiram,
bus_ac50,0,13,bus_teghoria,
bus_ac50,0,14,bus_baguihati,
bus_ac50,0,15,bus_kestopur,
bus_ac50,0,16,bus_dumdum_park,
bus_ac50,0,17,bus_laketown,
bus_ac50,0,18,bus_ultadanga_hudco,
bus_ac50,0,19,bus_saltlake_gate,
bus_ac50,0,20,bus_bengal_chemical,
bus_ac50,0,21,bus_mani_square,
bus_ac50,0,22,bus_apollo_hospital,
bus_ac50,0,23,bus_swabhumi,
bus_ac50,0,24,bus_saltlake_stadium,
bus_ac50,0,25,bus_building_more,
bus_ac50,0,26,bus_chingrighata,
bus_ac50,0,27,bus_dhapa_mathpukur,
bus_ac50,0,28,bus_science_city,
bus_ac50,0,29,bus_uttar_panchannagram,
bus_ac50,0,30,bus_fortis_hospital,
bus_ac50,0,31,bus_ruby_crossing,
bus_ac50,0,32,bus_kalikapur,
bus_ac50,0,33,bus_medica_hospital,
bus_ac50,0,34,bus_mukundapur,
bus_ac50,0,35,bus_ajaynagar,
bus_ac50,0,36,bus_highland_park,
bus_ac50,0,37,bus_patuli,
bus_ac50,0,38,bus_45_bus_stand,
bus_ac50,0,39,bus_garia_bus_stand,
bus_ac50,1,1,bus_garia_bus_stand,
bus_ac50,1,2,bus_45_bus_stand,
bus_ac50,1,3,bus_patuli,
bus_ac50,1,4,bus_highland_park,
bus_ac50,1,5,bus_ajaynagar,
bus_ac50,1,6,bus_mukundapur,
bus_ac50,1,7,bus_medica_hospital,
bus_ac50,1,8,bus_kalikapur,
bus_ac50,1,9,bus_ruby_crossing,
bus_ac50,1,10,bus_fortis_hospital,
bus_ac50,1,11,bus_uttar_panchannagram,
bus_ac50,1,12,bus_science_city,
bus_ac50,1,13,bus_dhapa_mathpukur,
bus_ac50,1,14,bus_chingrighata,
bus_ac50,1,15,bus_building_more,
bus_ac50,1,16,bus_saltlake_stadium,
bus_ac50,1,17,bus_swabhumi,
bus_ac50,1,18,bus_apollo_hospital,
bus_ac50,1,19,bus_mani_square,
bus_ac50,1,20,bus_bengal_chemical,
bus_ac50,1,21,bus_saltlake_gate,
bus_ac50,1,22,bus_ultadanga_hudco,
bus_ac50,1,23,bus_laketown,
bus_ac50,1,24,bus_dumdum_park,
bus_ac50,1,25,bus_kestopur,
bus_ac50,1,26,bus_baguihati,
bus_ac50,1,27,bus_teghoria,
bus_ac50,1,28,bus_haldiram,
bus_ac50,1,29,bus_kaikhali,
bus_ac50,1,30,bus_airport,
bus_ac50,1,31,bus_durganagar,
bus_ac50,1,32,bus_mathkal,
bus_ac50,1,33,bus_dunlop,
bus_ac50,1,34,bus_dakshineswar,
bus_ac50,1,35,bus_ballyghat,
bus_ac50,1,36,bus_ballykhal,
bus_ac50,1,37,bus_bally_bazar,
bus_ac50,1,38,bus_lalbaba_college,
bus_ac50,1,39,bus_belurmath,
bus_ac54,0,1,bus_kamarhati_rathtala,
bus_ac54,0,2,bus_dunlop,
bus_ac54,0,3,bus_tobin_road,
bus_ac54,0,4,bus_sinthi,
bus_ac54,0,5,bus_dumdum_chiriamore,
bus_ac54,0,6,bus_shyambazar,
bus_ac54,0,7,bus_sovabazar,
bus_ac54,0,8,bus_girish_park,
bus_ac54,0,9,bus_m_g_road,
bus_ac54,0,10,bus_burrabazar,
bus_ac54,0,11,bus_howrah_station,
bus_ac54,1,1,bus_howrah_station,
bus_ac54,1,2,bus_burrabazar,
bus_ac54,1,3,bus_m_g_road,
bus_ac54,1,4,bus_girish_park,
bus_ac54,1,5,bus_sovabazar,
bus_ac54,1,6,bus_shyambazar,
bus_ac54,1,7,bus_dumdum_chiriamore,
bus_ac54,1,8,bus_sinthi,
bus_ac54,1,9,bus_tobin_road,
bus_ac54,1,10,bus_dunlop,
bus_ac54,1,11,bus_kamarhati_rathtala,
bus_ac55,0,1,bus_naihati_bus_terminus,
bus_ac55,0,2,bus_rajendrapur,
bus_ac55,0,3,bus_saheb_colony,
bus_ac55,0,4,bus_panpur_more,
bus_ac55,0,5,bus_basudebpur,
bus_ac55,0,6,bus_paltapara,
bus_ac55,0,7,bus_wireless_more,
bus_ac55,0,8,bus_nilgaunj,
bus_ac55,0,9,bus_jagannathpur,
bus_ac55,0,10,bus_barasat_university,
bus_ac55,0,11,bus_colony_more,
bus_ac55,0,12,bus_champadali,
bus_ac55,0,13,bus_madhyamgram,
bus_ac55,0,14,bus_b_t_college,
bus_ac55,0,15,bus_airport,
bus_ac55,0,16,bus_haldiram,
bus_ac55,0,17,bus_teghoria,
bus_ac55,0,18,bus_baguihati,
bus_ac55,0,19,bus_kestopur,
bus_ac55,0,20,bus_dumdum_park,
bus_ac55,0,21,bus_laketown,
bus_ac55,0,22,bus_ultadanga_hudco,
bus_ac55,0,23,bus_saltlake_gate,
bus_ac55,0,24,bus_bengal_chemical,
bus_ac55,0,25,bus_mani_square,
bus_ac55,0,26,bus_apollo_hospital,
bus_ac55,0,27,bus_swabhumi,
bus_ac55,0,28,bus_building_more,
bus_ac55,0,29,bus_chingrighata,
bus_ac55,0,30,bus_sukanta_nagar,
bus_ac55,0,31,bus_nicco_park,
bus_ac55,0,32,bus_wipro,
bus_ac55,0,33,bus_college_more,
bus_ac55,0,34,bus_technopolis,
bus_ac55,0,35,bus_dlf1,
bus_ac55,0,36,bus_newtown_bus_stand,
bus_ac55,1,1,bus_newtown_bus_stand,
bus_ac55,1,2,bus_dlf1,
bus_ac55,1,3,bus_technopolis,
bus_ac55,1,4,bus_college_more,
bus_ac55,1,5,bus_wipro,
bus_ac55,1,6,bus_nicco_park,
bus_ac55,1,7,bus_sukanta_nagar,
bus_ac55,1,8,bus_chingrighata,
bus_ac55,1,9,bus_building_more,
bus_ac55,1,10,bus_swabhumi,
bus_ac55,1,11,bus_apollo_hospital,
bus_ac55,1,12,bus_mani_square,
bus_ac55,1,13,bus_bengal_chemical,
bus_ac55,1,14,bus_saltlake_gate,
bus_ac55,1,15,bus_ultadanga_hudco,
bus_ac55,1,16,bus_laketown,
bus_ac55,1,17,bus_dumdum_park,
bus_ac55,1,18,bus_kestopur,
bus_ac55,1,19,bus_baguihati,
bus_ac55,1,20,bus_teghoria,
bus_ac55,1,21,bus_haldiram,
bus_ac55,1,22,bus_airport,
bus_ac55,1,23,bus_b_t_college,
bus_ac55,1,24,bus_madhyamgram,
bus_ac55,1,25,bus_champadali,
bus_ac55,1,26,bus_colony_more,
bus_ac55,1,27,bus_barasat_university,
bus_ac55,1,28,bus_jagannathpur,
bus_ac55,1,29,bus_nilgaunj,
bus_ac55,1,30,bus_wireless_more,
bus_ac55,1,31,bus_paltapara,
bus_ac55,1,32,bus_basudebpur,
bus_ac55,1,33,bus_panpur_more,
bus_ac55,1,34,bus_saheb_colony,
bus_ac55,1,35,bus_rajendrapur,
bus_ac55,1,36,bus_naihati_bus_terminus,
bus_s59,0,1,bus_saltlake_karunamoyee,
bus_s59,0,2,bus_bikash_bhawan,
bus_s59,0,3,bus_laboni,
bus_s59,0,4,bus_gd_island,
bus_s59,0,5,bus_amri_hospital,
bus_s59,0,6,bus_stadium_island,
bus_s59,0,7,bus_building_more,
bus_s59,0,8,bus_beleghata_id_hospital,
bus_s59,0,9,bus_cit_more,
bus_s59,0,10,bus_sarkar_bazar,
bus_s59,0,11,bus_beleghata_sales_tax,
bus_s59,0,12,bus_sealdah_court,
bus_s59,0,13,bus_sealdah_station,
bus_s59,0,14,bus_nrs_hospital,
bus_s59,0,15,bus_moulali,
bus_s59,0,16,bus_esplanade,
bus_s59,0,17,bus_gpo,
bus_s59,0,18,bus_shipping_corporation,
bus_s59,0,19,bus_burrabazar,
bus_s59,0,20,bus_howrah_station,
bus_s59,1,1,bus_howrah_station,
bus_s59,1,2,bus_burrabazar,
bus_s59,1,3,bus_shipping_corporation,
bus_s59,1,4,bus_gpo,
bus_s59,1,5,bus_esplanade,
bus_s59,1,6,bus_moulali,
bus_s59,1,7,bus_nrs_hospital,
bus_s59,1,8,bus_sealdah_station,
bus_s59,1,9,bus_sealdah_court,
bus_s59,1,10,bus_beleghata_sales_tax,
bus_s59,1,11,bus_sarkar_bazar,
bus_s59,1,12,bus_cit_more,
bus_s59,1,13,bus_beleghata_id_hospital,
bus_s59,1,14,bus_building_more,
bus_s59,1,15,bus_stadium_island,
bus_s59,1,16,bus_amri_hospital,
bus_s59,1,17,bus_gd_island,
bus_s59,1,18,bus_laboni,
bus_s59,1,19,bus_bikash_bhawan,
bus_s59,1,20,bus_saltlake_karunamoyee,
bus_ac59,0,1,bus_saltlake_karunamoyee,
bus_ac59,0,2,bus_bikash_bhawan,
bus_ac59,0,3,bus_city_centre,
bus_ac59,0,4,bus_c_a_island,
bus_ac59,0,5,bus_pnb,
bus_ac59,0,6,bus_hudco,
bus_ac59,0,7,bus_kankurgachi,
bus_ac59,0,8,bus_manicktala,
bus_ac59,0,9,bus_girish_park,
bus_ac59,0,10,bus_m_g_road,
bus_ac59,0,11,bus_burrabazar,
bus_ac59,0,12,bus_howrah_station,
bus_ac59,1,1,bus_howrah_station,
bus_ac59,1,2,bus_burrabazar,
bus_ac59,1,3,bus_m_g_road,
bus_ac59,1,4,bus_girish_park,
bus_ac59,1,5,bus_manicktala,
bus_ac59,1,6,bus_kankurgachi,
bus_ac59,1,7,bus_hudco,
bus_ac59,1,8,bus_pnb,
bus_ac59,1,9,bus_c_a_island,
bus_ac59,1,10,bus_city_centre,
bus_ac59,1,11,bus_bikash_bhawan,
bus_ac59,1,12,bus_saltlake_karunamoyee,
bus_vs6,0,1,bus_diamond_harbour,
bus_vs6,0,2,bus_amtala_2,
bus_vs6,0,3,bus_bishnupur,
bus_vs6,0,4,bus_joka,
bus_vs6,0,5,bus_thakurpukur_3a,
bus_vs6,0,6,bus_thakurpukur_bazar,
bus_vs6,0,7,bus_kadamtala,
bus_vs6,0,8,bus_sakher_bazar,
bus_vs6,0,9,bus_behala_chowrasta,
bus_vs6,0,10,bus_manton,
bus_vs6,0,11,bus_behala_14_number,
bus_vs6,0,12,bus_taratala,
bus_vs6,0,13,bus_majherhat,
bus_vs6,0,14,bus_mominpur,
bus_vs6,0,15,bus_ekbalpur,
bus_vs6,0,16,bus_khiderpur,
bus_vs6,0,17,bus_hastings,
bus_vs6,0,18,bus_fort_william,
bus_vs6,0,19,bus_esplanade_l20_bus_terminus,
bus_vs6,1,1,bus_esplanade_l20_bus_terminus,
bus_vs6,1,2,bus_fort_william,
bus_vs6,1,3,bus_hastings,
bus_vs6,1,4,bus_khiderpur,
bus_vs6,1,5,bus_ekbalpur,
bus_vs6,1,6,bus_mominpur,
bus_vs6,1,7,bus_majherhat,
bus_vs6,1,8,bus_taratala,
bus_vs6,1,9,bus_behala_14_number,
bus_vs6,1,10,bus_manton,
bus_vs6,1,11,bus_behala_chowrasta,
bus_vs6,1,12,bus_sakher_bazar,
bus_vs6,1,13,bus_kadamtala,
bus_vs6,1,14,bus_thakurpukur_bazar,
bus_vs6,1,15,bus_thakurpukur_3a,
bus_vs6,1,16,bus_joka,
bus_vs6,1,17,bus_bishnupur,
bus_vs6,1,18,bus_amtala_2,
bus_vs6,1,19,bus_diamond_harbour,
bus_vs10,0,1,bus_unitech_ecospace,
bus_vs10,0,2,bus_tata_cancer_hospital,
bus_vs10,0,3,bus_narkelbagan,
bus_vs10,0,4,bus_axis_mall,
bus_vs10,0,5,bus_newtown,
bus_vs10,0,6,bus_dlf1,
bus_vs10,0,7,bus_technopolis,
bus_vs10,0,8,bus_college_more,
bus_vs10,0,9,bus_wipro,
bus_vs10,0,10,bus_tank_10,
bus_vs10,0,11,bus_karunamoyee,
bus_vs10,0,12,bus_central_park,
bus_vs10,0,13,bus_stadium_island,
bus_vs10,0,14,bus_building_more,
bus_vs10,0,15,bus_chingrighata,
bus_vs10,0,16,bus_dhapa_mathpukur,
bus_vs10,0,17,bus_science_city,
bus_vs10,0,18,bus_uttar_panchannagram,
bus_vs10,0,19,bus_fortis,
bus_vs10,0,20,bus_ruby_hospital,
bus_vs10,0,21,bus_acropolis_mall,
bus_vs10,0,22,bus_kasba,
bus_vs10,0,23,bus_ballygaunj_station,
bus_vs10,0,24,bus_gariahat,
bus_vs10,0,25,bus_deshoprio_park,
bus_vs10,0,26,bus_lake_mall,
bus_vs10,0,27,bus_rashbihari,
bus_vs10,0,28,bus_tollygunge_phari,
bus_vs10,0,29,bus_prince_anwar_shah_connector,
bus_vs10,0,30,bus_bangur_hospital,
bus_vs10,0,31,bus_tollygunge_metro,
bus_vs10,0,32,bus_nanu_babur_bazar,
bus_vs10,0,33,bus_parnashree,
bus_vs10,1,1,bus_parnashree,
bus_vs10,1,2,bus_nanu_babur_bazar,
bus_vs10,1,3,bus_tollygunge_metro,
bus_vs10,1,4,bus_bangur_hospital,
bus_vs10,1,5,bus_prince_anwar_shah_connector,
bus_vs10,1,6,bus_tollygunge_phari,
bus_vs10,1,7,bus_rashbihari,
bus_vs10,1,8,bus_lake_mall,
bus_vs10,1,9,bus_deshoprio_park,
bus_vs10,1,10,bus_gariahat,
bus_vs10,1,11,bus_ballygaunj_station,
bus_vs10,1,12,bus_kasba,
bus_vs10,1,13,bus_acropolis_mall,
bus_vs10,1,14,bus_ruby_hospital,
bus_vs10,1,15,bus_fortis,
bus_vs10,1,16,bus_uttar_panchannagram,
bus_vs10,1,17,bus_science_city,
bus_vs10,1,18,bus_dhapa_mathpukur,
bus_vs10,1,19,bus_chingrighata,
bus_vs10,1,20,bus_building_more,
bus_vs10,1,21,bus_stadium_island,
bus_vs10,1,22,bus_central_park,
bus_vs10,1,23,bus_karunamoyee,
bus_vs10,1,24,bus_tank_10,
bus_vs10,1,25,bus_wipro,
bus_vs10,1,26,bus_college_more,
bus_vs10,1,27,bus_technopolis,
bus_vs10,1,28,bus_dlf1,
bus_vs10,1,29,bus_newtown,
bus_vs10,1,30,bus_axis_mall,
bus_vs10,1,31,bus_narkelbagan,
bus_vs10,1,32,bus_tata_cancer_hospital,
bus_vs10,1,33,bus_unitech_ecospace,
bus_vs14a,0,1,bus_saltlake_karunamoyee,
bus_vs14a,0,2,bus_central_park,
bus_vs14a,0,3,bus_stadium_island,
bus_vs14a,0,4,bus_building_more,
bus_vs14a,0,5,bus_chingrighata,
bus_vs14a,0,6,bus_dhapa_mathpukur,
bus_vs14a,0,7,bus_science_city,
bus_vs14a,0,8,bus_topsia,
bus_vs14a,0,9,bus_park_circus_station,
bus_vs14a,0,10,bus_park_circus_4_number_bridge,
bus_vs14a,0,11,bus_park_circus_7_point_crossing,
bus_vs14a,0,12,bus_beckbagan,
bus_vs14a,0,13,bus_minto_park,
bus_vs14a,0,14,bus_camac_street,
bus_vs14a,0,15,bus_exide_crossing,
bus_vs14a,0,16,bus_maidan,
bus_vs14a,0,17,bus_park_street,
bus_vs14a,0,18,bus_esplanade_l20_bus_terminus,
bus_vs14a,1,1,bus_esplanade_l20_bus_terminus,
bus_vs14a,1,2,bus_park_street,
bus_vs14a,1,3,bus_maidan,
bus_vs14a,1,4,bus_exide_crossing,
bus_vs14a,1,5,bus_camac_street,
bus_vs14a,1,6,bus_minto_park,
bus_vs14a,1,7,bus_beckbagan,
bus_vs14a,1,8,bus_park_circus_7_point_crossing,
bus_vs14a,1,9,bus_park_circus_4_number_bridge,
bus_vs14a,1,10,bus_park_circus_station,
bus_vs14a,1,11,bus_topsia,
bus_vs14a,1,12,bus_science_city,
bus_vs14a,1,13,bus_dhapa_mathpukur,
bus_vs14a,1,14,bus_chingrighata,
bus_vs14a,1,15,bus_building_more,
bus_vs14a,1,16,bus_stadium_island,
bus_vs14a,1,17,bus_central_park,
bus_vs14a,1,18,bus_saltlake_karunamoyee,
bus_st7,0,1,bus_shapooji_housing,
bus_st7,0,2,bus_unitech_gate_1,
bus_st7,0,3,bus_tata_cancer_hospital,
bus_st7,0,4,bus_narkelbagan,
bus_st7,0,5,bus_newtown,
bus_st7,0,6,bus_dlf1,
bus_st7,0,7,bus_techonopolis,
bus_st7,0,8,bus_college_more,
bus_st7,0,9,bus_sdf,
bus_st7,0,10,bus_chingrighata,
bus_st7,0,11,bus_building_more,
bus_st7,0,12,bus_saltlake_gate,
bus_st7,0,13,bus_hudco,
bus_st7,0,14,bus_bidhannagar_station,
bus_st7,0,15,bus_ultadanga,
bus_st7,1,1,bus_ultadanga,
bus_st7,1,2,bus_bidhannagar_station,
bus_st7,1,3,bus_hudco,
bus_st7,1,4,bus_saltlake_gate,
bus_st7,1,5,bus_building_more,
bus_st7,1,6,bus_chingrighata,
bus_st7,1,7,bus_sdf,
bus_st7,1,8,bus_college_more,
bus_st7,1,9,bus_techonopolis,
bus_st7,1,10,bus_dlf1,
bus_st7,1,11,bus_newtown,
bus_st7,1,12,bus_narkelbagan,
bus_st7,1,13,bus_tata_cancer_hospital,
bus_st7,1,14,bus_unitech_gate_1,
bus_st7,1,15,bus_shapooji_housing,
bus_st10,0,1,bus_balaka_housing_ecopark,
bus_st10,0,2,bus_narkelbagan,
bus_st10,0,3,bus_newtown,
bus_st10,0,4,bus_dlf1,
bus_st10,0,5,bus_techonopolis,
bus_st10,0,6,bus_college_more,
bus_st10,0,7,bus_sdf,
bus_st10,0,8,bus_chingrighata,
bus_st10,0,9,bus_dhapa_mathpukur,
bus_st10,0,10,bus_science_city,
bus_st10,0,11,bus_park_circus_4_number,
bus_st10,0,12,bus_park_circus_7_point_crossing,
bus_st10,0,13,bus_beckbagan,
bus_st10,0,14,bus_minto_park,
bus_st10,0,15,bus_exide_crossing,
bus_st10,0,16,bus_pts,
bus_st10,0,17,bus_hastings,
bus_st10,0,18,bus_toll_tax,
bus_st10,0,19,bus_belepol,
bus_st10,0,20,bus_santragachi,
bus_st10,1,1,bus_santragachi,
bus_st10,1,2,bus_belepol,
bus_st10,1,3,bus_toll_tax,
bus_st10,1,4,bus_hastings,
bus_st10,1,5,bus_pts,
bus_st10,1,6,bus_exide_crossing,
bus_st10,1,7,bus_minto_park,
bus_st10,1,8,bus_beckbagan,
bus_st10,1,9,bus_park_circus_7_point_crossing,
bus_st10,1,10,bus_park_circus_4_number,
bus_st10,1,11,bus_science_city,
bus_st10,1,12,bus_dhapa_mathpukur,
bus_st10,1,13,bus_chingrighata,
bus_st10,1,14,bus_sdf,
bus_st10,1,15,bus_college_more,
bus_st10,1,16,bus_techonopolis,
bus_st10,1,17,bus_dlf1,
bus_st10,1,18,bus_newtown,
bus_st10,1,19,bus_narkelbagan,
bus_st10,1,20,bus_balaka_housing_ecopark,
bus_st12,0,1,bus_shapooji_housing,
bus_st12,0,2,bus_unitech_gate_1,
bus_st12,0,3,bus_tata_cancer_hospital,
bus_st12,0,4,bus_narkelbagan,
bus_st12,0,5,bus_newtown,
bus_st12,0,6,bus_dlf1,
bus_st12,0,7,bus_techonopolis,
bus_st12,0,8,bus_college_more,
bus_st12,0,9,bus_sdf,
bus_st12,0,10,bus_chingrighata,
bus_st12,0,11,bus_dhapa_mathpukur,
bus_st12,0,12,bus_science_city,
bus_st12,0,13,bus_uttar_panchannagram,
bus_st12,0,14,bus_fortis_hospital,
bus_st12,0,15,bus_ruby,
bus_st12,0,16,bus_kalikapur,
bus_st12,0,17,bus_mukundapur,
bus_st12,0,18,bus_ajoynagar,
bus_st12,0,19,bus_hiland_park,
bus_st12,0,20,bus_patuli,
bus_st12,0,21,bus_dhalai_bridge,
bus_st12,0,22,bus_kamalgazi,
bus_st12,0,23,bus_narendrapur_ramkrishna_mission,
bus_st12,0,24,bus_rajpur,
bus_st12,0,25,bus_chowhati,
bus_st12,0,26,bus_harinavi,
bus_st12,0,27,bus_haritala,
bus_st12,0,28,bus_malncha,
bus_st12,0,29,bus_gobindopur,
bus_st12,0,30,bus_antara_mental_hospital,
bus_st12,0,31,bus_khasmallick,
bus_st12,0,32,bus_jogi_battala,
bus_st12,0,33,bus_padmapukur_more,
bus_st12,0,34,bus_baruipur_station,
bus_st12,0,35,bus_kachari_bazar,
bus_st12,0,36,bus_baruipur_hospital,
bus_st12,0,37,bus_sibanipith,
bus_st12,0,38,bus_puratan_bazar,
bus_st12,0,39,bus_baruipur_fultala_central_terminus,
bus_st12,1,1,bus_baruipur_fultala_central_terminus,
bus_st12,1,2,bus_puratan_bazar,
bus_st12,1,3,bus_sibanipith,
bus_st12,1,4,bus_baruipur_hospital,
bus_st12,1,5,bus_kachari_bazar,
bus_st12,1,6,bus_baruipur_station,
bus_st12,1,7,bus_padmapukur_more,
bus_st12,1,8,bus_jogi_battala,
bus_st12,1,9,bus_khasmallick,
bus_st12,1,10,bus_antara_mental_hospital,
bus_st12,1,11,bus_gobindopur,
bus_st12,1,12,bus_malncha,
bus_st12,1,13,bus_haritala,
bus_st12,1,14,bus_harinavi,
bus_st12,1,15,bus_chowhati,
bus_st12,1,16,bus_rajpur,
bus_st12,1,17,bus_narendrapur_ramkrishna_mission,
bus_st12,1,18,bus_kamalgazi,
bus_st12,1,19,bus_dhalai_bridge,
bus_st12,1,20,bus_patuli,
bus_st12,1,21,bus_hiland_park,
bus_st12,1,22,bus_ajoynagar,
bus_st12,1,23,bus_mukundapur,
bus_st12,1,24,bus_kalikapur,
bus_st12,1,25,bus_ruby,
bus_st12,1,26,bus_fortis_hospital,
bus_st12,1,27,bus_uttar_panchannagram,
bus_st12,1,28,bus_science_city,
bus_st12,1,29,bus_dhapa_mathpukur,
bus_st12,1,30,bus_chingrighata,
bus_st12,1,31,bus_sdf,
bus_st12,1,32,bus_college_more,
bus_st12,1,33,bus_techonopolis,
bus_st12,1,34,bus_dlf1,
bus_st12,1,35,bus_newtown,
bus_st12,1,36,bus_narkelbagan,
bus_st12,1,37,bus_tata_cancer_hospital,
bus_st12,1,38,bus_unitech_gate_1,
bus_st12,1,39,bus_shapooji_housing,
bus_st21,0,1,bus_kanmari_bazar,
bus_st21,0,2,bus_kanmari_more,
bus_st21,0,3,bus_boyermari,
bus_st21,0,4,bus_mathbari,
bus_st21,0,5,bus_malancha,
bus_st21,0,6,bus_minakhan,
bus_st21,0,7,bus_ghusighata,
bus_st21,0,8,bus_ghatakpukur,
bus_st21,0,9,bus_bhojerhat,
bus_st21,0,10,bus_leather_complex,
bus_st21,0,11,bus_bantala,
bus_st21,0,12,bus_chowbaga,
bus_st21,0,13,bus_science_city,
bus_st21,0,14,bus_chingrighata,
bus_st21,0,15,bus_building_more,
bus_st21,0,16,bus_beleghata,
bus_st21,0,17,bus_sealdah_court,
bus_st21,0,18,bus_moulali,
bus_st21,0,19,bus_esplanade,
bus_st21,0,20,bus_bbd_bag,
bus_st21,0,21,bus_burrabazar,
bus_st21,0,22,bus_howrah_station,
bus_st21,1,1,bus_howrah_station,
bus_st21,1,2,bus_burrabazar,
bus_st21,1,3,bus_bbd_bag,
bus_st21,1,4,bus_esplanade,
bus_st21,1,5,bus_moulali,
bus_st21,1,6,bus_sealdah_court,
bus_st21,1,7,bus_beleghata,
bus_st21,1,8,bus_building_more,
bus_st21,1,9,bus_chingrighata,
bus_st21,1,10,bus_science_city,
bus_st21,1,11,bus_chowbaga,
bus_st21,1,12,bus_bantala,
bus_st21,1,13,bus_leather_complex,
bus_st21,1,14,bus_bhojerhat,
bus_st21,1,15,bus_ghatakpukur,
bus_st21,1,16,bus_ghusighata,
bus_st21,1,17,bus_minakhan,
bus_st21,1,18,bus_malancha,
bus_st21,1,19,bus_mathbari,
bus_st21,1,20,bus_boyermari,
bus_st21,1,21,bus_kanmari_more,
bus_st21,1,22,bus_kanmari_bazar,
bus_st21_2,0,1,bus_ultadanga,
bus_st21_2,0,2,bus_bidhannagar_road_station,
bus_st21_2,0,3,bus_gouribari,
bus_st21_2,0,4,bus_khanna,
bus_st21_2,0,5,bus_maniktala,
bus_st21_2,0,6,bus_sukiya_street,
bus_st21_2,0,7,bus_rajabazar_science_college,
bus_st21_2,0,8,bus_rajabazar_tram_depot,
bus_st21_2,0,9,bus_jagat_cinema,
bus_st21_2,0,10,bus_sealdah_station,
bus_st21_2,0,11,bus_sealdah_court,
bus_st21_2,0,12,bus_sales_tax,
bus_st21_2,0,13,bus_khalpol,
bus_st21_2,0,14,bus_sarkar_bazar,
bus_st21_2,0,15,bus_deshbandhu,
bus_st21_2,0,16,bus_rashmoni_bazar,
bus_st21_2,0,17,bus_beleghata_cit_more,
bus_st21_2,0,18,bus_id_hospital,
bus_st21_2,0,19,bus_building_more,
bus_st21_2,0,20,bus_chingrighata,
bus_st21_2,0,21,bus_dhapa_mathpukur,
bus_st21_2,0,22,bus_science_city,
bus_st21_2,0,23,bus_arupota,
bus_st21_2,0,24,bus_paschim_chowbhaga,
bus_st21_2,0,25,bus_bantala,
bus_st21_2,0,26,bus_bamanghata,
bus_st21_2,0,27,bus_kantatala,
bus_st21_2,0,28,bus_kolkata_leather_complex,
bus_st21_2,0,29,bus_bhojerhat,
bus_st21_2,0,30,bus_paglarhat,
bus_st21_2,0,31,bus_boralighat,
bus_st21_2,0,32,bus_nalmuri,
bus_st21_2,0,33,bus_ghatakpukur,
bus_st21_2,0,34,bus_chandipur,
bus_st21_2,0,35,bus_ghusighata,
bus_st21_2,0,36,bus_bamanpukur,
bus_st21_2,0,37,bus_minakhan,
bus_st21_2,0,38,bus_jaygram,
bus_st21_2,0,39,bus_malancha,
bus_st21_2,0,40,bus_mathbari,
bus_st21_2,0,41,bus_boyermari,
bus_st21_2,0,42,bus_kanmari_more,
bus_st21_2,0,43,bus_kanmari_bazar,
bus_st21_2,1,1,bus_kanmari_bazar,
bus_st21_2,1,2,bus_kanmari_more,
bus_st21_2,1,3,bus_boyermari,
bus_st21_2,1,4,bus_mathbari,
bus_st21_2,1,5,bus_malancha,
bus_st21_2,1,6,bus_jaygram,
bus_st21_2,1,7,bus_minakhan,
bus_st21_2,1,8,bus_bamanpukur,
bus_st21_2,1,9,bus_ghusighata,
bus_st21_2,1,10,bus_chandipur,
bus_st21_2,1,11,bus_ghatakpukur,
bus_st21_2,1,12,bus_nalmuri,
bus_st21_2,1,13,bus_boralighat,
bus_st21_2,1,14,bus_paglarhat,
bus_st21_2,1,15,bus_bhojerhat,
bus_st21_2,1,16,bus_kolkata_leather_complex,
bus_st21_2,1,17,bus_kantatala,
bus_st21_2,1,18,bus_bamanghata,
bus_st21_2,1,19,bus_bantala,
bus_st21_2,1,20,bus_paschim_chowbhaga,
bus_st21_2,1,21,bus_arupota,
bus_st21_2,1,22,bus_science_city,
bus_st21_2,1,23,bus_dhapa_mathpukur,
bus_st21_2,1,24,bus_chingrighata,
bus_st21_2,1,25,bus_building_more,
bus_st21_2,1,26,bus_id_hospital,
bus_st21_2,1,27,bus_beleghata_cit_more,
bus_st21_2,1,28,bus_rashmoni_bazar,
bus_st21_2,1,29,bus_deshbandhu,
bus_st21_2,1,30,bus_sarkar_bazar,
bus_st21_2,1,31,bus_khalpol,
bus_st21_2,1,32,bus_sales_tax,
bus_st21_2,1,33,bus_sealdah_court,
bus_st21_2,1,34,bus_sealdah_station,
bus_st21_2,1,35,bus_jagat_cinema,
bus_st21_2,1,36,bus_rajabazar_tram_depot,
bus_st21_2,1,37,bus_rajabazar_science_college,
bus_st21_2,1,38,bus_sukiya_street,
bus_st21_2,1,39,bus_maniktala,
bus_st21_2,1,40,bus_khanna,
bus_st21_2,1,41,bus_gouribari,
bus_st21_2,1,42,bus_bidhannagar_road_station,
bus_st21_2,1,43,bus_ultadanga,
bus_st22,0,1,bus_howrah_station,
bus_st22,0,2,bus_tea_board,
bus_st22,0,3,bus_esplanade,
bus_st22,0,4,bus_moulali,
bus_st22,0,5,bus_sealdah_court,
bus_st22,0,6,bus_beleghata,
bus_st22,0,7,bus_building_more,
bus_st22,0,8,bus_chingrighata,
bus_st22,0,9,bus_science_city,
bus_st22,0,10,bus_chowbaga,
bus_st22,0,11,bus_bantala,
bus_st22,0,12,bus_leather_complex,
bus_st22,0,13,bus_bhojerhat,
bus_st22,0,14,bus_ghatakpukur,
bus_st22,0,15,bus_ghusighata,
bus_st22,0,16,bus_minakhan,
bus_st22,0,17,bus_malancha,
bus_st22,0,18,bus_mathbari,
bus_st22,0,19,bus_kanmari_more,
bus_st22,0,20,bus_sarberia,
bus_st22,0,21,bus_atharobanki_more,
bus_st22,0,22,bus_kanthalberia,
bus_st22,0,23,bus_bhangankhali,
bus_st22,0,24,bus_kultali_bazar,
bus_st22,0,25,bus_uttar_sonakhali,
bus_st22,0,26,bus_sonakhali_bus_stand,
bus_st22,0,27,bus_basanti,
bus_st22,1,1,bus_basanti,
bus_st22,1,2,bus_sonakhali_bus_stand,
bus_st22,1,3,bus_uttar_sonakhali,
bus_st22,1,4,bus_kultali_bazar,
bus_st22,1,5,bus_bhangankhali,
bus_st22,1,6,bus_kanthalberia,
bus_st22,1,7,bus_atharobanki_more,
bus_st22,1,8,bus_sarberia,
bus_st22,1,9,bus_kanmari_more,
bus_st22,1,10,bus_mathbari,
bus_st22,1,11,bus_malancha,
bus_st22,1,12,bus_minakhan,
bus_st22,1,13,bus_ghusighata,
bus_st22,1,14,bus_ghatakpukur,
bus_st22,1,15,bus_bhojerhat,
bus_st22,1,16,bus_leather_complex,
bus_st22,1,17,bus_bantala,
bus_st22,1,18,bus_chowbaga,
bus_st22,1,19,bus_science_city,
bus_st22,1,20,bus_chingrighata,
bus_st22,1,21,bus_building_more,
bus_st22,1,22,bus_beleghata,
bus_st22,1,23,bus_sealdah_court,
bus_st22,1,24,bus_moulali,
bus_st22,1,25,bus_esplanade,
bus_st22,1,26,bus_tea_board,
bus_st22,1,27,bus_howrah_station,
bus_st22a,0,1,bus_basanti,
bus_st22a,0,2,bus_basanti_bridge,
bus_st22a,0,3,bus_sonakhali_bus_stand,
bus_st22a,0,4,bus_uttar_sonakhali,
bus_st22a,0,5,bus_kultali_bazar,
bus_st22a,0,6,bus_bhangankhali,
bus_st22a,0,7,bus_kanthalberia_hospital_more,
bus_st22a,0,8,bus_dockghat,
bus_st22a,0,9,bus_matla_bridge,
bus_st22a,0,10,bus_canning_station,
bus_st22a,0,11,bus_bahirsona_more,
bus_st22a,0,12,bus_taldi,
bus_st22a,0,13,bus_ramdhari,
bus_st22a,0,14,bus_uttarbhag,
bus_st22a,0,15,bus_phooltala,
bus_st22a,0,16,bus_puratan_bazar,
bus_st22a,0,17,bus_baruipur_rabindra_bhawan,
bus_st22a,0,18,bus_sibanipith,
bus_st22a,0,19,bus_baruipur_hospital,
bus_st22a,0,20,bus_baruipur_station,
bus_st22a,0,21,bus_padmapukur_2,
bus_st22a,0,22,bus_gobindapur,
bus_st22a,0,23,bus_harinavi,
bus_st22a,0,24,bus_rajpur,
bus_st22a,0,25,bus_narendrapur,
bus_st22a,0,26,bus_kamalgazi,
bus_st22a,0,27,bus_patuli,
bus_st22a,0,28,bus_ajaynagar,
bus_st22a,0,29,bus_mukundapur,
bus_st22a,0,30,bus_ruby,
bus_st22a,0,31,bus_science_city,
bus_st22a,0,32,bus_topsia,
bus_st22a,0,33,bus_bridge_no_4,
bus_st22a,0,34,bus_chittaranjan_hospital,
bus_st22a,0,35,bus_c_i_t_road,
bus_st22a,0,36,bus_moulali,
bus_st22a,0,37,bus_esplanade,
bus_st22a,0,38,bus_dalhousie,
bus_st22a,0,39,bus_burrabazar,
bus_st22a,0,40,bus_howrah_station,
bus_st22a,1,1,bus_howrah_station,
bus_st22a,1,2,bus_burrabazar,
bus_st22a,1,3,bus_dalhousie,
bus_st22a,1,4,bus_esplanade,
bus_st22a,1,5,bus_moulali,
bus_st22a,1,6,bus_c_i_t_road,
bus_st22a,1,7,bus_chittaranjan_hospital,
bus_st22a,1,8,bus_bridge_no_4,
bus_st22a,1,9,bus_topsia,
bus_st22a,1,10,bus_science_city,
bus_st22a,1,11,bus_ruby,
bus_st22a,1,12,bus_mukundapur,
bus_st22a,1,13,bus_ajaynagar,
bus_st22a,1,14,bus_patuli,
bus_st22a,1,15,bus_kamalgazi,
bus_st22a,1,16,bus_narendrapur,
bus_st22a,1,17,bus_rajpur,
bus_st22a,1,18,bus_harinavi,
bus_st22a,1,19,bus_gobindapur,
bus_st22a,1,20,bus_padmapukur_2,
bus_st22a,1,21,bus_baruipur_station,
bus_st22a,1,22,bus_baruipur_hospital,
bus_st22a,1,23,bus_sibanipith,
bus_st22a,1,24,bus_baruipur_rabindra_bhawan,
bus_st22a,1,25,bus_puratan_bazar,
bus_st22a,1,26,bus_phooltala,
bus_st22a,1,27,bus_uttarbhag,
bus_st22a,1,28,bus_ramdhari,
bus_st22a,1,29,bus_taldi,
bus_st22a,1,30,bus_bahirsona_more,
bus_st22a,1,31,bus_canning_station,
bus_st22a,1,32,bus_matla_bridge,
bus_st22a,1,33,bus_dockghat,
bus_st22a,1,34,bus_kanthalberia_hospital_more,
bus_st22a,1,35,bus_bhangankhali,
bus_st22a,1,36,bus_kultali_bazar,
bus_st22a,1,37,bus_uttar_sonakhali,
bus_st22a,1,38,bus_sonakhali_bus_stand,
bus_st22a,1,39,bus_basanti_bridge,
bus_st22a,1,40,bus_basanti,
bus_st25,0,1,bus_esplanade,
bus_st25,0,2,bus_pts,
bus_st25,0,3,bus_alipore_zoo,
bus_st25,0,4,bus_new_alipore_petrol_pump,
bus_st25,0,5,bus_taratala,
bus_st25,0,6,bus_behala_14_number,
bus_st25,0,7,bus_sakher_bazar,
bus_st25,0,8,bus_shilpara,
bus_st25,0,9,bus_thakurpukur_bazar,
bus_st25,0,10,bus_thakurpukur_3a,
bus_st25,0,11,bus_joka_tram_depot,
bus_st25,0,12,bus_joka_esi,
bus_st25,0,13,bus_joka_khalpole,
bus_st25,0,14,bus_iim_joka,
bus_st25,0,15,bus_bharat_sevashram_hospital,
bus_st25,0,16,bus_pailan,
bus_st25,0,17,bus_bhasa_swami_narayan_temple,
bus_st25,0,18,bus_bishnupur_ps,
bus_st25,0,19,bus_amtala,
bus_st25,0,20,bus_shirakole,
bus_st25,0,21,bus_sarisha,
bus_st25,0,22,bus_diamond_harbour,
bus_st25,0,23,bus_hatugunge,
bus_st25,0,24,bus_kulpi,
bus_st25,0,25,bus_polerhat_more,
bus_st25,0,26,bus_dhola,
bus_st25,0,27,bus_hospital_more,
bus_st25,0,28,bus_ganjer_bazar,
bus_st25,0,29,bus_dhruba_bazar,
bus_st25,0,30,bus_ramganga,
bus_st25,1,1,bus_ramganga,
bus_st25,1,2,bus_dhruba_bazar,
bus_st25,1,3,bus_ganjer_bazar,
bus_st25,1,4,bus_hospital_more,
bus_st25,1,5,bus_dhola,
bus_st25,1,6,bus_polerhat_more,
bus_st25,1,7,bus_kulpi,
bus_st25,1,8,bus_hatugunge,
bus_st25,1,9,bus_diamond_harbour,
bus_st25,1,10,bus_sarisha,
bus_st25,1,11,bus_shirakole,
bus_st25,1,12,bus_amtala,
bus_st25,1,13,bus_bishnupur_ps,
bus_st25,1,14,bus_bhasa_swami_narayan_temple,
bus_st25,1,15,bus_pailan,
bus_st25,1,16,bus_bharat_sevashram_hospital,
bus_st25,1,17,bus_iim_joka,
bus_st25,1,18,bus_joka_khalpole,
bus_st25,1,19,bus_joka_esi,
bus_st25,1,20,bus_joka_tram_depot,
bus_st25,1,21,bus_thakurpukur_3a,
bus_st25,1,22,bus_thakurpukur_bazar,
bus_st25,1,23,bus_shilpara,
bus_st25,1,24,bus_sakher_bazar,
bus_st25,1,25,bus_behala_14_number,
bus_st25,1,26,bus_taratala,
bus_st25,1,27,bus_new_alipore_petrol_pump,
bus_st25,1,28,bus_alipore_zoo,
bus_st25,1,29,bus_pts,
bus_st25,1,30,bus_esplanade,
bus_st26,0,1,bus_esplanade,
bus_st26,0,2,bus_pts,
bus_st26,0,3,bus_alipore_zoo,
bus_st26,0,4,bus_new_alipore_petrol_pump,
bus_st26,0,5,bus_taratala,
bus_st26,0,6,bus_behala_14_number,
bus_st26,0,7,bus_sakher_bazar,
bus_st26,0,8,bus_shilpara,
bus_st26,0,9,bus_thakurpukur_bazar,
bus_st26,0,10,bus_thakurpukur_3a,
bus_st26,0,11,bus_joka_tram_depot,
bus_st26,0,12,bus_joka_esi,
bus_st26,0,13,bus_joka_khalpole,
bus_st26,0,14,bus_iim_joka,
bus_st26,0,15,bus_bharat_sevashram_hospital,
bus_st26,0,16,bus_pailan,
bus_st26,0,17,bus_bhasa_swami_narayan_temple,
bus_st26,0,18,bus_bishnupur_ps,
bus_st26,0,19,bus_amtala,
bus_st26,0,20,bus_shirakol,
bus_st26,0,21,bus_bagaria,
bus_st26,0,22,bus_srichanda,
bus_st26,0,23,bus_adharmanik,
bus_st26,0,24,bus_usthi,
bus_st26,1,1,bus_usthi,
bus_st26,1,2,bus_adharmanik,
bus_st26,1,3,bus_srichanda,
bus_st26,1,4,bus_bagaria,
bus_st26,1,5,bus_shirakol,
bus_st26,1,6,bus_amtala,
bus_st26,1,7,bus_bishnupur_ps,
bus_st26,1,8,bus_bhasa_swami_narayan_temple,
bus_st26,1,9,bus_pailan,
bus_st26,1,10,bus_bharat_sevashram_hospital,
bus_st26,1,11,bus_iim_joka,
bus_st26,1,12,bus_joka_khalpole,
bus_st26,1,13,bus_joka_esi,
bus_st26,1,14,bus_joka_tram_depot,
bus_st26,1,15,bus_thakurpukur_3a,
bus_st26,1,16,bus_thakurpukur_bazar,
bus_st26,1,17,bus_shilpara,
bus_st26,1,18,bus_sakher_bazar,
bus_st26,1,19,bus_behala_14_number,
bus_st26,1,20,bus_taratala,
bus_st26,1,21,bus_new_alipore_petrol_pump,
bus_st26,1,22,bus_alipore_zoo,
bus_st26,1,23,bus_pts,
bus_st26,1,24,bus_esplanade,
bus_st27,0,1,bus_esplanade,
bus_st27,0,2,bus_pts,
bus_st27,0,3,bus_alipore_zoo,
bus_st27,0,4,bus_new_alipore_petrol_pump,
bus_st27,0,5,bus_taratala,
bus_st27,0,6,bus_behala_14_number,
bus_st27,0,7,bus_sakher_bazar,
bus_st27,0,8,bus_shilpara,
bus_st27,0,9,bus_thakurpukur_bazar,
bus_st27,0,10,bus_thakurpukur_3a,
bus_st27,0,11,bus_joka_tram_depot,
bus_st27,0,12,bus_joka_esi,
bus_st27,0,13,bus_joka_khalpole,
bus_st27,0,14,bus_iim_joka,
bus_st27,0,15,bus_bharat_sevashram_hospital,
bus_st27,0,16,bus_pailan,
bus_st27,0,17,bus_bhasa_swami_narayan_temple,
bus_st27,0,18,bus_bishnupur_ps,
bus_st27,0,19,bus_amtala,
bus_st27,0,20,bus_shirakol,
bus_st27,0,21,bus_sarisha,
bus_st27,0,22,bus_diamond_harbour,
bus_st27,0,23,bus_hatugunge,
bus_st27,0,24,bus_kulpi,
bus_st27,0,25,bus_karanjali,
bus_st27,0,26,bus_nischintipur,
bus_st27,0,27,bus_kakdip,
bus_st27,1,1,bus_kakdip,
bus_st27,1,2,bus_nischintipur,
bus_st27,1,3,bus_karanjali,
bus_st27,1,4,bus_kulpi,
bus_st27,1,5,bus_hatugunge,
bus_st27,1,6,bus_diamond_harbour,
bus_st27,1,7,bus_sarisha,
bus_st27,1,8,bus_shirakol,
bus_st27,1,9,bus_amtala,
bus_st27,1,10,bus_bishnupur_ps,
bus_st27,1,11,bus_bhasa_swami_narayan_temple,
bus_st27,1,12,bus_pailan,
bus_st27,1,13,bus_bharat_sevashram_hospital,
bus_st27,1,14,bus_iim_joka,
bus_st27,1,15,bus_joka_khalpole,
bus_st27,1,16,bus_joka_esi,
bus_st27,1,17,bus_joka_tram_depot,
bus_st27,1,18,bus_thakurpukur_3a,
bus_st27,1,19,bus_thakurpukur_bazar,
bus_st27,1,20,bus_shilpara,
bus_st27,1,21,bus_sakher_bazar,
bus_st27,1,22,bus_behala_14_number,
bus_st27,1,23,bus_taratala,
bus_st27,1,24,bus_new_alipore_petrol_pump,
bus_st27,1,25,bus_alipore_zoo,
bus_st27,1,26,bus_pts,
bus_st27,1,27,bus_esplanade,
bus_st28,0,1,bus_esplanade,
bus_st28,0,2,bus_pts,
bus_st28,0,3,bus_alipore_zoo,
bus_st28,0,4,bus_new_alipore_petrol_pump,
bus_st28,0,5,bus_taratala,
bus_st28,0,6,bus_behala_14_number,
bus_st28,0,7,bus_sakher_bazar,
bus_st28,0,8,bus_shilpara,
bus_st28,0,9,bus_thakurpukur_bazar,
bus_st28,0,10,bus_thakurpukur_3a,
bus_st28,0,11,bus_joka_tram_depot,
bus_st28,0,12,bus_joka_esi,
bus_st28,0,13,bus_joka_khalpole,
bus_st28,0,14,bus_iim_joka,
bus_st28,0,15,bus_bharat_sevashram_hospital,
bus_st28,0,16,bus_pailan,
bus_st28,0,17,bus_bhasa_swami_narayan_temple,
bus_st28,0,18,bus_bishnupur_ps,
bus_st28,0,19,bus_amtala,
bus_st28,0,20,bus_shirakole,
bus_st28,0,21,bus_sarisha,
bus_st28,0,22,bus_diamond_harbour,
bus_st28,0,23,bus_hatugunge,
bus_st28,0,24,bus_kulpi,
bus_st28,0,25,bus_karanjali,
bus_st28,0,26,bus_nischintipur,
bus_st28,0,27,bus_kakdip,
bus_st28,0,28,bus_ukiler_hat,
bus_st28,0,29,bus_namkhana,
bus_st28,1,1,bus_namkhana,
bus_st28,1,2,bus_ukiler_hat,
bus_st28,1,3,bus_kakdip,
bus_st28,1,4,bus_nischintipur,
bus_st28,1,5,bus_karanjali,
bus_st28,1,6,bus_kulpi,
bus_st28,1,7,bus_hatugunge,
bus_st28,1,8,bus_diamond_harbour,
bus_st28,1,9,bus_sarisha,
bus_st28,1,10,bus_shirakole,
bus_st28,1,11,bus_amtala,
bus_st28,1,12,bus_bishnupur_ps,
bus_st28,1,13,bus_bhasa_swami_narayan_temple,
bus_st28,1,14,bus_pailan,
bus_st28,1,15,bus_bharat_sevashram_hospital,
bus_st28,1,16,bus_iim_joka,
bus_st28,1,17,bus_joka_khalpole,
bus_st28,1,18,bus_joka_esi,
bus_st28,1,19,bus_joka_tram_depot,
bus_st28,1,20,bus_thakurpukur_3a,
bus_st28,1,21,bus_thakurpukur_bazar,
bus_st28,1,22,bus_shilpara,
bus_st28,1,23,bus_sakher_bazar,
bus_st28,1,24,bus_behala_14_number,
bus_st28,1,25,bus_taratala,
bus_st28,1,26,bus_new_alipore_petrol_pump,
bus_st28,1,27,bus_alipore_zoo,
bus_st28,1,28,bus_pts,
bus_st28,1,29,bus_esplanade,
bus_st29,0,1,bus_esplanade,
bus_st29,0,2,bus_pts,
bus_st29,0,3,bus_alipore_zoo,
bus_st29,0,4,bus_new_alipore_petrol_pump,
bus_st29,0,5,bus_taratala,
bus_st29,0,6,bus_behala_14_number,
bus_st29,0,7,bus_sakher_bazar,
bus_st29,0,8,bus_shilpara,
bus_st29,0,9,bus_thakurpukur_bazar,
bus_st29,0,10,bus_thakurpukur_3a,
bus_st29,0,11,bus_joka_tram_depot,
bus_st29,0,12,bus_joka_esi,
bus_st29,0,13,bus_joka_khalpole,
bus_st29,0,14,bus_iim_joka,
bus_st29,0,15,bus_bharat_sevashram_hospital,
bus_st29,0,16,bus_pailan,
bus_st29,0,17,bus_bhasa_swami_narayan_temple,
bus_st29,0,18,bus_bishnupur_ps,
bus_st29,0,19,bus_amtala,
bus_st29,0,20,bus_shirakol,
bus_st29,0,21,bus_sarisha,
bus_st29,0,22,bus_diamond_harbour,
bus_st29,0,23,bus_hatugunge,
bus_st29,0,24,bus_kulpi,
bus_st29,0,25,bus_polerhat_more,
bus_st29,0,26,bus_dhola_bus_stop,
bus_st29,1,1,bus_dhola_bus_stop,
bus_st29,1,2,bus_polerhat_more,
bus_st29,1,3,bus_kulpi,
bus_st29,1,4,bus_hatugunge,
bus_st29,1,5,bus_diamond_harbour,
bus_st29,1,6,bus_sarisha,
bus_st29,1,7,bus_shirakol,
bus_st29,1,8,bus_amtala,
bus_st29,1,9,bus_bishnupur_ps,
bus_st29,1,10,bus_bhasa_swami_narayan_temple,
bus_st29,1,11,bus_pailan,
bus_st29,1,12,bus_bharat_sevashram_hospital,
bus_st29,1,13,bus_iim_joka,
bus_st29,1,14,bus_joka_khalpole,
bus_st29,1,15,bus_joka_esi,
bus_st29,1,16,bus_joka_tram_depot,
bus_st29,1,17,bus_thakurpukur_3a,
bus_st29,1,18,bus_thakurpukur_bazar,
bus_st29,1,19,bus_shilpara,
bus_st29,1,20,bus_sakher_bazar,
bus_st29,1,21,bus_behala_14_number,
bus_st29,1,22,bus_taratala,
bus_st29,1,23,bus_new_alipore_petrol_pump,
bus_st29,1,24,bus_alipore_zoo,
bus_st29,1,25,bus_pts,
bus_st29,1,26,bus_esplanade,
bus_st31,0,1,bus_esplanade,
bus_st31,0,2,bus_pts,
bus_st31,0,3,bus_hastings,
bus_st31,0,4,bus_toll_tax,
bus_st31,0,5,bus_santragachi,
bus_st31,0,6,bus_ankurhati,
bus_st31,0,7,bus_dhulagarh,
bus_st31,0,8,bus_panchla,
bus_st31,0,9,bus_uluberia,
bus_st31,0,10,bus_bagnan,
bus_st31,0,11,bus_kolaghat,
bus_st31,0,12,bus_mecheda,
bus_st31,0,13,bus_nimtouri,
bus_st31,0,14,bus_nandakumar,
bus_st31,0,15,bus_norghat,
bus_st31,0,16,bus_bajkul,
bus_st31,0,17,bus_heria,
bus_st31,0,18,bus_nachinda,
bus_st31,0,19,bus_cotai_bypass,
bus_st31,0,20,bus_contai_central_bus_stand,
bus_st31,0,21,bus_chowalkhola,
bus_st31,0,22,bus_ramnagar,
bus_st31,0,23,bus_digha,
bus_st31,1,1,bus_digha,
bus_st31,1,2,bus_ramnagar,
bus_st31,1,3,bus_chowalkhola,
bus_st31,1,4,bus_contai_central_bus_stand,
bus_st31,1,5,bus_cotai_bypass,
bus_st31,1,6,bus_nachinda,
bus_st31,1,7,bus_heria,
bus_st31,1,8,bus_bajkul,
bus_st31,1,9,bus_norghat,
bus_st31,1,10,bus_nandakumar,
bus_st31,1,11,bus_nimtouri,
bus_st31,1,12,bus_mecheda,
bus_st31,1,13,bus_kolaghat,
bus_st31,1,14,bus_bagnan,
bus_st31,1,15,bus_uluberia,
bus_st31,1,16,bus_panchla,
bus_st31,1,17,bus_dhulagarh,
bus_st31,1,18,bus_ankurhati,
bus_st31,1,19,bus_santragachi,
bus_st31,1,20,bus_toll_tax,
bus_st31,1,21,bus_hastings,
bus_st31,1,22,bus_pts,
bus_st31,1,23,bus_esplanade,
bus_st32,0,1,bus_esplanade,
bus_st32,0,2,bus_pts,
bus_st32,0,3,bus_alipore_zoo,
bus_st32,0,4,bus_new_alipore_petrol_pump,
bus_st32,0,5,bus_taratala,
bus_st32,0,6,bus_behala_14_number,
bus_st32,0,7,bus_sakher_bazar,
bus_st32,0,8,bus_shilpara,
bus_st32,0,9,bus_thakurpukur_bazar,
bus_st32,0,10,bus_thakurpukur_3a,
bus_st32,0,11,bus_joka_tram_depot,
bus_st32,0,12,bus_joka_esi,
bus_st32,0,13,bus_joka_khalpole,
bus_st32,0,14,bus_iim_joka,
bus_st32,0,15,bus_bharat_sevashram_hospital,
bus_st32,0,16,bus_pailan,
bus_st32,0,17,bus_bhasa_swami_narayan_temple,
bus_st32,0,18,bus_bishnupur_ps,
bus_st32,0,19,bus_amtala,
bus_st32,0,20,bus_shirakol,
bus_st32,0,21,bus_sarisha,
bus_st32,0,22,bus_diamond_harbour,
bus_st32,0,23,bus_hatugunge,
bus_st32,0,24,bus_kulpi,
bus_st32,0,25,bus_karanjali,
bus_st32,0,26,bus_nischintipur,
bus_st32,0,27,bus_kakdip,
bus_st32,0,28,bus_namkhana,
bus_st32,0,29,bus_dwariknagar,
bus_st32,0,30,bus_frazerganj,
bus_st32,0,31,bus_bakkhali,
bus_st32,1,1,bus_bakkhali,
bus_st32,1,2,bus_frazerganj,
bus_st32,1,3,bus_dwariknagar,
bus_st32,1,4,bus_namkhana,
bus_st32,1,5,bus_kakdip,
bus_st32,1,6,bus_nischintipur,
bus_st32,1,7,bus_karanjali,
bus_st32,1,8,bus_kulpi,
bus_st32,1,9,bus_hatugunge,
bus_st32,1,10,bus_diamond_harbour,
bus_st32,1,11,bus_sarisha,
bus_st32,1,12,bus_shirakol,
bus_st32,1,13,bus_amtala,
bus_st32,1,14,bus_bishnupur_ps,
bus_st32,1,15,bus_bhasa_swami_narayan_temple,
bus_st32,1,16,bus_pailan,
bus_st32,1,17,bus_bharat_sevashram_hospital,
bus_st32,1,18,bus_iim_joka,
bus_st32,1,19,bus_joka_khalpole,
bus_st32,1,20,bus_joka_esi,
bus_st32,1,21,bus_joka_tram_depot,
bus_st32,1,22,bus_thakurpukur_3a,
bus_st32,1,23,bus_thakurpukur_bazar,
bus_st32,1,24,bus_shilpara,
bus_st32,1,25,bus_sakher_bazar,
bus_st32,1,26,bus_behala_14_number,
bus_st32,1,27,bus_taratala,
bus_st32,1,28,bus_new_alipore_petrol_pump,
bus_st32,1,29,bus_alipore_zoo,
bus_st32,1,30,bus_pts,
bus_st32,1,31,bus_esplanade,
bus_st39,0,1,bus_esplanade,
bus_st39,0,2,bus_park_street,
bus_st39,0,3,bus_exide,
bus_st39,0,4,bus_hazra,
bus_st39,0,5,bus_rashbihari_crossing,
bus_st39,0,6,bus_tollygunge_phari,
bus_st39,0,7,bus_p_a_sha_connector,
bus_st39,0,8,bus_tollygunj_tram_depot,
bus_st39,0,9,bus_naktala,
bus_st39,0,10,bus_garia,
bus_st39,0,11,bus_kamalgazi,
bus_st39,0,12,bus_narendrapur_ramkrishna_mission,
bus_st39,0,13,bus_rajpur,
bus_st39,0,14,bus_chowhati,
bus_st39,0,15,bus_harinavi,
bus_st39,0,16,bus_haritala,
bus_st39,0,17,bus_malncha,
bus_st39,0,18,bus_gobindopur,
bus_st39,0,19,bus_antara_mental_hospital,
bus_st39,0,20,bus_khasmallick,
bus_st39,0,21,bus_jogi_battala,
bus_st39,0,22,bus_padmapukur_more,
bus_st39,0,23,bus_baruipur_station,
bus_st39,0,24,bus_kachari_bazar,
bus_st39,0,25,bus_baruipur_hospital,
bus_st39,0,26,bus_sibanipith,
bus_st39,0,27,bus_puratan_bazar,
bus_st39,0,28,bus_kirtonkhola_sashan_bazar,
bus_st39,0,29,bus_gocharan,
bus_st39,0,30,bus_sarberia_2,
bus_st39,0,31,bus_padmerhat_hospital,
bus_st39,0,32,bus_dakshin_barasat,
bus_st39,0,33,bus_baharu,
bus_st39,0,34,bus_uttar_durgapur,
bus_st39,0,35,bus_jaynagar_post_office,
bus_st39,0,36,bus_nimpith,
bus_st39,1,1,bus_nimpith,
bus_st39,1,2,bus_jaynagar_post_office,
bus_st39,1,3,bus_uttar_durgapur,
bus_st39,1,4,bus_baharu,
bus_st39,1,5,bus_dakshin_barasat,
bus_st39,1,6,bus_padmerhat_hospital,
bus_st39,1,7,bus_sarberia_2,
bus_st39,1,8,bus_gocharan,
bus_st39,1,9,bus_kirtonkhola_sashan_bazar,
bus_st39,1,10,bus_puratan_bazar,
bus_st39,1,11,bus_sibanipith,
bus_st39,1,12,bus_baruipur_hospital,
bus_st39,1,13,bus_kachari_bazar,
bus_st39,1,14,bus_baruipur_station,
bus_st39,1,15,bus_padmapukur_more,
bus_st39,1,16,bus_jogi_battala,
bus_st39,1,17,bus_khasmallick,
bus_st39,1,18,bus_antara_mental_hospital,
bus_st39,1,19,bus_gobindopur,
bus_st39,1,20,bus_malncha,
bus_st39,1,21,bus_haritala,
bus_st39,1,22,bus_harinavi,
bus_st39,1,23,bus_chowhati,
bus_st39,1,24,bus_rajpur,
bus_st39,1,25,bus_narendrapur_ramkrishna_mission,
bus_st39,1,26,bus_kamalgazi,
bus_st39,1,27,bus_garia,
bus_st39,1,28,bus_naktala,
bus_st39,1,29,bus_tollygunj_tram_depot,
bus_st39,1,30,bus_p_a_sha_connector,
bus_st39,1,31,bus_tollygunge_phari,
bus_st39,1,32,bus_rashbihari_crossing,
bus_st39,1,33,bus_hazra,
bus_st39,1,34,bus_exide,
bus_st39,1,35,bus_park_street,
bus_st39,1,36,bus_esplanade,
bus_c11,0,1,bus_belgachia_bbd_bag_sealdah,
bus_c11,0,2,bus_shyambazar,
bus_c11,0,3,bus_khanna,
bus_c11,0,4,bus_manicktala,
bus_c11,0,5,bus_rajabazar_tram_depot,
bus_c11,0,6,bus_sealdah,
bus_c11,0,7,bus_amherst_street,
bus_c11,0,8,bus_bowbazar,
bus_c11,0,9,bus_central,
bus_c11,0,10,bus_lal_bazar,
bus_c11,0,11,bus_bbd_bag,
bus_c11,0,12,bus_esplanade,
bus_c11,0,13,bus_park_street,
bus_c11,0,14,bus_rabindra_sadan,
bus_c11,0,15,bus_pts,
bus_c11,0,16,bus_hastings,
bus_c11,0,17,bus_toll_tax,
bus_c11,0,18,bus_belepol,
bus_c11,0,19,bus_santragachi,
bus_c11,0,20,bus_khejurtala,
bus_c11,0,21,bus_salap_more,
bus_c11,0,22,bus_katalia,
bus_c11,0,23,bus_makardaha,
bus_c11,0,24,bus_domjur_bdo_office,
bus_c11,0,25,bus_domjur_hospital_more,
bus_c11,0,26,bus_domjur_bus_stand,
bus_c11,1,1,bus_domjur_bus_stand,
bus_c11,1,2,bus_domjur_hospital_more,
bus_c11,1,3,bus_domjur_bdo_office,
bus_c11,1,4,bus_makardaha,
bus_c11,1,5,bus_katalia,
bus_c11,1,6,bus_salap_more,
bus_c11,1,7,bus_khejurtala,
bus_c11,1,8,bus_santragachi,
bus_c11,1,9,bus_belepol,
bus_c11,1,10,bus_toll_tax,
bus_c11,1,11,bus_hastings,
bus_c11,1,12,bus_pts,
bus_c11,1,13,bus_rabindra_sadan,
bus_c11,1,14,bus_park_street,
bus_c11,1,15,bus_esplanade,
bus_c11,1,16,bus_bbd_bag,
bus_c11,1,17,bus_lal_bazar,
bus_c11,1,18,bus_central,
bus_c11,1,19,bus_bowbazar,
bus_c11,1,20,bus_amherst_street,
bus_c11,1,21,bus_sealdah,
bus_c11,1,22,bus_rajabazar_tram_depot,
bus_c11,1,23,bus_manicktala,
bus_c11,1,24,bus_khanna,
bus_c11,1,25,bus_shyambazar,
bus_c11,1,26,bus_belgachia_bbd_bag_sealdah,
bus_c11_1,0,1,bus_howrah_station,
bus_c11_1,0,2,bus_howrah_maidan,
bus_c11_1,0,3,bus_kadamtala,
bus_c11_1,0,4,bus_icchapur,
bus_c11_1,0,5,bus_dasnagar,
bus_c11_1,0,6,bus_baltikuri_more,
bus_c11_1,0,7,bus_salap_more,
bus_c11_1,0,8,bus_katalia,
bus_c11_1,0,9,bus_makardaha,
bus_c11_1,0,10,bus_domjur_bdo_office_dakshin_bari,
bus_c11_1,0,11,bus_bargachia,
bus_c11_1,0,12,bus_pantihal,
bus_c11_1,0,13,bus_munshirhat,
bus_c11_1,1,1,bus_munshirhat,
bus_c11_1,1,2,bus_pantihal,
bus_c11_1,1,3,bus_bargachia,
bus_c11_1,1,4,bus_domjur_bdo_office_dakshin_bari,
bus_c11_1,1,5,bus_makardaha,
bus_c11_1,1,6,bus_katalia,
bus_c11_1,1,7,bus_salap_more,
bus_c11_1,1,8,bus_baltikuri_more,
bus_c11_1,1,9,bus_dasnagar,
bus_c11_1,1,10,bus_icchapur,
bus_c11_1,1,11,bus_kadamtala,
bus_c11_1,1,12,bus_howrah_maidan,
bus_c11_1,1,13,bus_howrah_station,
bus_c14_1,0,1,bus_madhyamgram,
bus_c14_1,0,2,bus_doltola,
bus_c14_1,0,3,bus_b_t_college,
bus_c14_1,0,4,bus_birati_more,
bus_c14_1,0,5,bus_airport_gate,
bus_c14_1,0,6,bus_airport_gate_1,
bus_c14_1,0,7,bus_kaikhali,
bus_c14_1,0,8,bus_haldiram,
bus_c14_1,0,9,bus_teghoria,
bus_c14_1,0,10,bus_baguihati,
bus_c14_1,0,11,bus_kestopur,
bus_c14_1,0,12,bus_dumdum_park,
bus_c14_1,0,13,bus_laketown,
bus_c14_1,0,14,bus_ultadanga_hudco,
bus_c14_1,0,15,bus_saltlake_gate,
bus_c14_1,0,16,bus_bengal_chemical,
bus_c14_1,0,17,bus_apollo,
bus_c14_1,0,18,bus_saltlake_stadium,
bus_c14_1,0,19,bus_building_more,
bus_c14_1,0,20,bus_chingrighata,
bus_c14_1,0,21,bus_dhapa_mathpukur,
bus_c14_1,0,22,bus_science_city,
bus_c14_1,0,23,bus_uttar_panchannagram,
bus_c14_1,0,24,bus_fortis_hospital,
bus_c14_1,0,25,bus_ruby,
bus_c14_1,0,26,bus_acropolis,
bus_c14_1,0,27,bus_kasba,
bus_c14_1,0,28,bus_ballygunge_station,
bus_c14_1,0,29,bus_gariahat,
bus_c14_1,0,30,bus_deshoprio_park,
bus_c14_1,0,31,bus_rashbihari_crossing,
bus_c14_1,0,32,bus_tollygunge_phari,
bus_c14_1,0,33,bus_bangur_hospital,
bus_c14_1,0,34,bus_tollygunj_tram_depot,
bus_c14_1,1,1,bus_tollygunj_tram_depot,
bus_c14_1,1,2,bus_bangur_hospital,
bus_c14_1,1,3,bus_tollygunge_phari,
bus_c14_1,1,4,bus_rashbihari_crossing,
bus_c14_1,1,5,bus_deshoprio_park,
bus_c14_1,1,6,bus_gariahat,
bus_c14_1,1,7,bus_ballygunge_station,
bus_c14_1,1,8,bus_kasba,
bus_c14_1,1,9,bus_acropolis,
bus_c14_1,1,10,bus_ruby,
bus_c14_1,1,11,bus_fortis_hospital,
bus_c14_1,1,12,bus_uttar_panchannagram,
bus_c14_1,1,13,bus_science_city,
bus_c14_1,1,14,bus_dhapa_mathpukur,
bus_c14_1,1,15,bus_chingrighata,
bus_c14_1,1,16,bus_building_more,
bus_c14_1,1,17,bus_saltlake_stadium,
bus_c14_1,1,18,bus_apollo,
bus_c14_1,1,19,bus_bengal_chemical,
bus_c14_1,1,20,bus_saltlake_gate,
bus_c14_1,1,21,bus_ultadanga_hudco,
bus_c14_1,1,22,bus_laketown,
bus_c14_1,1,23,bus_dumdum_park,
bus_c14_1,1,24,bus_kestopur,
bus_c14_1,1,25,bus_baguihati,
bus_c14_1,1,26,bus_teghoria,
bus_c14_1,1,27,bus_haldiram,
bus_c14_1,1,28,bus_kaikhali,
bus_c14_1,1,29,bus_airport_gate_1,
bus_c14_1,1,30,bus_airport_gate,
bus_c14_1,1,31,bus_birati_more,
bus_c14_1,1,32,bus_b_t_college,
bus_c14_1,1,33,bus_doltola,
bus_c14_1,1,34,bus_madhyamgram,
bus_c20,0,1,bus_esplanade_ctc_bus_stand,
bus_c20,0,2,bus_fort_william,
bus_c20,0,3,bus_park_street,
bus_c20,0,4,bus_rabindra_sadan,
bus_c20,0,5,bus_pts,
bus_c20,0,6,bus_hastings,
bus_c20,0,7,bus_toll_tax,
bus_c20,0,8,bus_carry_road,
bus_c20,0,9,bus_belepol,
bus_c20,0,10,bus_betore,
bus_c20,0,11,bus_santragachi_bus_terminus,
bus_c20,1,1,bus_santragachi_bus_terminus,
bus_c20,1,2,bus_betore,
bus_c20,1,3,bus_belepol,
bus_c20,1,4,bus_carry_road,
bus_c20,1,5,bus_toll_tax,
bus_c20,1,6,bus_hastings,
bus_c20,1,7,bus_pts,
bus_c20,1,8,bus_rabindra_sadan,
bus_c20,1,9,bus_park_street,
bus_c20,1,10,bus_fort_william,
bus_c20,1,11,bus_esplanade_ctc_bus_stand,
bus_c23a,0,1,bus_airport_gate_1,
bus_c23a,0,2,bus_kaikhali,
bus_c23a,0,3,bus_haldiram,
bus_c23a,0,4,bus_chinar_park,
bus_c23a,0,5,bus_city_centre_2,
bus_c23a,0,6,bus_eco_park,
bus_c23a,0,7,bus_narkelbagan,
bus_c23a,0,8,bus_axis_mall,
bus_c23a,0,9,bus_newtown_bus_stand,
bus_c23a,0,10,bus_dlf1,
bus_c23a,0,11,bus_techonopolis,
bus_c23a,0,12,bus_college_more,
bus_c23a,0,13,bus_sdf,
bus_c23a,0,14,bus_chingrighata,
bus_c23a,0,15,bus_dhapa_mathpukur,
bus_c23a,0,16,bus_science_city,
bus_c23a,0,17,bus_topsia,
bus_c23a,0,18,bus_park_circus_4_number_bridge,
bus_c23a,0,19,bus_park_circus_station,
bus_c23a,0,20,bus_park_circus_zeeshan,
bus_c23a,0,21,bus_don_bosco,
bus_c23a,0,22,bus_park_circus_zeeshan,
bus_c23a,0,23,bus_park_circus_tram_depot,
bus_c23a,1,1,bus_park_circus_tram_depot,
bus_c23a,1,2,bus_park_circus_zeeshan,
bus_c23a,1,3,bus_don_bosco,
bus_c23a,1,4,bus_park_circus_zeeshan,
bus_c23a,1,5,bus_park_circus_station,
bus_c23a,1,6,bus_park_circus_4_number_bridge,
bus_c23a,1,7,bus_topsia,
bus_c23a,1,8,bus_science_city,
bus_c23a,1,9,bus_dhapa_mathpukur,
bus_c23a,1,10,bus_chingrighata,
bus_c23a,1,11,bus_sdf,
bus_c23a,1,12,bus_college_more,
bus_c23a,1,13,bus_techonopolis,
bus_c23a,1,14,bus_dlf1,
bus_c23a,1,15,bus_newtown_bus_stand,
bus_c23a,1,16,bus_axis_mall,
bus_c23a,1,17,bus_narkelbagan,
bus_c23a,1,18,bus_eco_park,
bus_c23a,1,19,bus_city_centre_2,
bus_c23a,1,20,bus_chinar_park,
bus_c23a,1,21,bus_haldiram,
bus_c23a,1,22,bus_kaikhali,
bus_c23a,1,23,bus_airport_gate_1,
bus_c26a,0,1,bus_howrah_station,
bus_c26a,0,2,bus_canning_street,
bus_c26a,0,3,bus_tea_board,
bus_c26a,0,4,bus_esplanade,
bus_c26a,0,5,bus_chadni_chowk,
bus_c26a,0,6,bus_wellington,
bus_c26a,0,7,bus_moulali,
bus_c26a,0,8,bus_entally,
bus_c26a,0,9,bus_chittaranjan_hospital,
bus_c26a,0,10,bus_park_circus_4_number,
bus_c26a,0,11,bus_topsia,
bus_c26a,0,12,bus_science_city,
bus_c26a,0,13,bus_uttar_panchannagram,
bus_c26a,0,14,bus_vip_bazar,
bus_c26a,0,15,bus_fortis_hospital,
bus_c26a,0,16,bus_ruby,
bus_c26a,0,17,bus_kalikapur,
bus_c26a,0,18,bus_mukundapur,
bus_c26a,0,19,bus_ajoynagar,
bus_c26a,0,20,bus_hiland_park,
bus_c26a,0,21,bus_patuli,
bus_c26a,0,22,bus_peerless_hospital,
bus_c26a,0,23,bus_dhalai_bridge,
bus_c26a,0,24,bus_kamalgazi,
bus_c26a,1,1,bus_kamalgazi,
bus_c26a,1,2,bus_dhalai_bridge,
bus_c26a,1,3,bus_peerless_hospital,
bus_c26a,1,4,bus_patuli,
bus_c26a,1,5,bus_hiland_park,
bus_c26a,1,6,bus_ajoynagar,
bus_c26a,1,7,bus_mukundapur,
bus_c26a,1,8,bus_kalikapur,
bus_c26a,1,9,bus_ruby,
bus_c26a,1,10,bus_fortis_hospital,
bus_c26a,1,11,bus_vip_bazar,
bus_c26a,1,12,bus_uttar_panchannagram,
bus_c26a,1,13,bus_science_city,
bus_c26a,1,14,bus_topsia,
bus_c26a,1,15,bus_park_circus_4_number,
bus_c26a,1,16,bus_chittaranjan_hospital,
bus_c26a,1,17,bus_entally,
bus_c26a,1,18,bus_moulali,
bus_c26a,1,19,bus_wellington,
bus_c26a,1,20,bus_chadni_chowk,
bus_c26a,1,21,bus_esplanade,
bus_c26a,1,22,bus_tea_board,
bus_c26a,1,23,bus_canning_street,
bus_c26a,1,24,bus_howrah_station,
bus_c30,0,1,bus_rajabazar_tram_depot,
bus_c30,0,2,bus_sealdah_station,
bus_c30,0,3,bus_bowbazar,
bus_c30,0,4,bus_central,
bus_c30,0,5,bus_lal_bazar,
bus_c30,0,6,bus_bbd_bag,
bus_c30,0,7,bus_esplanade,
bus_c30,0,8,bus_park_street,
bus_c30,0,9,bus_rabindra_sadan,
bus_c30,0,10,bus_pts,
bus_c30,0,11,bus_hastings,
bus_c30,0,12,bus_toll_tax,
bus_c30,0,13,bus_bakultala,
bus_c30,0,14,bus_nazirgunge,
bus_c30,0,15,bus_panchpara_gram_panchayat,
bus_c30,0,16,bus_chapa_tola,
bus_c30,0,17,bus_sankrail_station,
bus_c30,1,1,bus_sankrail_station,
bus_c30,1,2,bus_chapa_tola,
bus_c30,1,3,bus_panchpara_gram_panchayat,
bus_c30,1,4,bus_nazirgunge,
bus_c30,1,5,bus_bakultala,
bus_c30,1,6,bus_toll_tax,
bus_c30,1,7,bus_hastings,
bus_c30,1,8,bus_pts,
bus_c30,1,9,bus_rabindra_sadan,
bus_c30,1,10,bus_park_street,
bus_c30,1,11,bus_esplanade,
bus_c30,1,12,bus_bbd_bag,
bus_c30,1,13,bus_lal_bazar,
bus_c30,1,14,bus_central,
bus_c30,1,15,bus_bowbazar,
bus_c30,1,16,bus_sealdah_station,
bus_c30,1,17,bus_rajabazar_tram_depot,
bus_c38,0,1,bus_howrah_station,
bus_c38,0,2,bus_canning_street,
bus_c38,0,3,bus_tea_board,
bus_c38,0,4,bus_esplanade,
bus_c38,0,5,bus_babughat,
bus_c38,0,6,bus_princep_ghat,
bus_c38,0,7,bus_hastings,
bus_c38,0,8,bus_khiderpur,
bus_c38,0,9,bus_ekbalpur,
bus_c38,0,10,bus_mominpur,
bus_c38,0,11,bus_majherhat,
bus_c38,0,12,bus_taratala,
bus_c38,0,13,bus_behala_14_number,
bus_c38,0,14,bus_behala_chowrasta,
bus_c38,0,15,bus_sakherbzar,
bus_c38,0,16,bus_shilpara,
bus_c38,0,17,bus_thakurpukur_bazar_thakurpukur_3a,
bus_c38,0,18,bus_joka_esi_hospital,
bus_c38,0,19,bus_joka_tram_depot,
bus_c38,1,1,bus_joka_tram_depot,
bus_c38,1,2,bus_joka_esi_hospital,
bus_c38,1,3,bus_thakurpukur_bazar_thakurpukur_3a,
bus_c38,1,4,bus_shilpara,
bus_c38,1,5,bus_sakherbzar,
bus_c38,1,6,bus_behala_chowrasta,
bus_c38,1,7,bus_behala_14_number,
bus_c38,1,8,bus_taratala,
bus_c38,1,9,bus_majherhat,
bus_c38,1,10,bus_mominpur,
bus_c38,1,11,bus_ekbalpur,
bus_c38,1,12,bus_khiderpur,
bus_c38,1,13,bus_hastings,
bus_c38,1,14,bus_princep_ghat,
bus_c38,1,15,bus_babughat,
bus_c38,1,16,bus_esplanade,
bus_c38,1,17,bus_tea_board,
bus_c38,1,18,bus_canning_street,
bus_c38,1,19,bus_howrah_station,
bus_c39,0,1,bus_rajabazar_tram_depot,
bus_c39,0,2,bus_sealdah_station,
bus_c39,0,3,bus_moulali,
bus_c39,0,4,bus_new_market,
bus_c39,0,5,bus_esplanade,
bus_c39,0,6,bus_park_street,
bus_c39,0,7,bus_rabindra_sadan,
bus_c39,0,8,bus_pts,
bus_c39,0,9,bus_hastings,
bus_c39,0,10,bus_toll_tax,
bus_c39,0,11,bus_nabanna_bus_terminus,
bus_c39,1,1,bus_nabanna_bus_terminus,
bus_c39,1,2,bus_toll_tax,
bus_c39,1,3,bus_hastings,
bus_c39,1,4,bus_pts,
bus_c39,1,5,bus_rabindra_sadan,
bus_c39,1,6,bus_park_street,
bus_c39,1,7,bus_esplanade,
bus_c39,1,8,bus_new_market,
bus_c39,1,9,bus_moulali,
bus_c39,1,10,bus_sealdah_station,
bus_c39,1,11,bus_rajabazar_tram_depot,
bus_d2,0,1,bus_habra,
bus_d2,0,2,bus_kalyangarh_more,
bus_d2,0,3,bus_kachua_more,
bus_d2,0,4,bus_8no_kalibari,
bus_d2,0,5,bus_iswarigacha,
bus_d2,0,6,bus_beledanga,
bus_d2,0,7,bus_awalsiddhi_chowmatha,
bus_d2,0,8,bus_adhata,
bus_d2,0,9,bus_hamidpur,
bus_d2,0,10,bus_boro_talikhola,
bus_d2,0,11,bus_saheb_colony_more,
bus_d2,0,12,bus_kathgola,
bus_d2,0,13,bus_ramkrishna_talkies,
bus_d2,0,14,bus_naihati_station,
bus_d2,0,15,bus_khatpool,
bus_d2,0,16,bus_naihati,
bus_d2,1,1,bus_naihati,
bus_d2,1,2,bus_khatpool,
bus_d2,1,3,bus_naihati_station,
bus_d2,1,4,bus_ramkrishna_talkies,
bus_d2,1,5,bus_kathgola,
bus_d2,1,6,bus_saheb_colony_more,
bus_d2,1,7,bus_boro_talikhola,
bus_d2,1,8,bus_hamidpur,
bus_d2,1,9,bus_adhata,
bus_d2,1,10,bus_awalsiddhi_chowmatha,
bus_d2,1,11,bus_beledanga,
bus_d2,1,12,bus_iswarigacha,
bus_d2,1,13,bus_8no_kalibari,
bus_d2,1,14,bus_kachua_more,
bus_d2,1,15,bus_kalyangarh_more,
bus_d2,1,16,bus_habra,
bus_d7,0,1,bus_barasat,
bus_d7,0,2,bus_duttapukur,
bus_d7,0,3,bus_bira,
bus_d7,0,4,bus_ashoknagar,
bus_d7,0,5,bus_habra,
bus_d7,0,6,bus_chongda_more,
bus_d7,0,7,bus_gaighata,
bus_d7,0,8,bus_bongaon,
bus_d7,0,9,bus_asharu_bazar,
bus_d7,0,10,bus_helencha,
bus_d7,0,11,bus_bagdah,
bus_d7,1,1,bus_bagdah,
bus_d7,1,2,bus_helencha,
bus_d7,1,3,bus_asharu_bazar,
bus_d7,1,4,bus_bongaon,
bus_d7,1,5,bus_gaighata,
bus_d7,1,6,bus_chongda_more,
bus_d7,1,7,bus_habra,
bus_d7,1,8,bus_ashoknagar,
bus_d7,1,9,bus_bira,
bus_d7,1,10,bus_duttapukur,
bus_d7,1,11,bus_barasat,
bus_d8,0,1,bus_barasat,
bus_d8,0,2,bus_kadambagachi,
bus_d8,0,3,bus_deganga,
bus_d8,0,4,bus_berachampa,
bus_d8,0,5,bus_kaukepara,
bus_d8,0,6,bus_nagar_kachua,
bus_d8,0,7,bus_khaspur,
bus_d8,0,8,bus_jadurhati,
bus_d8,0,9,bus_gokna,
bus_d8,0,10,bus_banstala,
bus_d8,0,11,bus_iswarigacha,
bus_d8,0,12,bus_baduria,
bus_d8,1,1,bus_baduria,
bus_d8,1,2,bus_iswarigacha,
bus_d8,1,3,bus_banstala,
bus_d8,1,4,bus_gokna,
bus_d8,1,5,bus_jadurhati,
bus_d8,1,6,bus_khaspur,
bus_d8,1,7,bus_nagar_kachua,
bus_d8,1,8,bus_kaukepara,
bus_d8,1,9,bus_berachampa,
bus_d8,1,10,bus_deganga,
bus_d8,1,11,bus_kadambagachi,
bus_d8,1,12,bus_barasat,
bus_d9,0,1,bus_barasat,
bus_d9,0,2,bus_duttapukur,
bus_d9,0,3,bus_bira,
bus_d9,0,4,bus_guma,
bus_d9,0,5,bus_ashoknagar,
bus_d9,0,6,bus_habra,
bus_d9,0,7,bus_machhlandapur,
bus_d9,0,8,bus_tentulia,
bus_d9,0,9,bus_swarupnagar,
bus_d9,0,10,bus_nirman,
bus_d9,0,11,bus_bithari,
bus_d9,0,12,bus_hakimpur,
bus_d9,1,1,bus_hakimpur,
bus_d9,1,2,bus_bithari,
bus_d9,1,3,bus_nirman,
bus_d9,1,4,bus_swarupnagar,
bus_d9,1,5,bus_tentulia,
bus_d9,1,6,bus_machhlandapur,
bus_d9,1,7,bus_habra,
bus_d9,1,8,bus_ashoknagar,
bus_d9,1,9,bus_guma,
bus_d9,1,10,bus_bira,
bus_d9,1,11,bus_duttapukur,
bus_d9,1,12,bus_barasat,
bus_d11,0,1,bus_esplanade,
bus_d11,0,2,bus_shyambazar,
bus_d11,0,3,bus_laketown,
bus_d11,0,4,bus_nagerbazar,
bus_d11,0,5,bus_airport,
bus_d11,0,6,bus_barasat,
bus_d11,0,7,bus_kadambagachi,
bus_d11,0,8,bus_deganga,
bus_d11,0,9,bus_iswarigacha,
bus_d11,0,10,bus_baduria,
bus_d11,1,1,bus_baduria,
bus_d11,1,2,bus_iswarigacha,
bus_d11,1,3,bus_deganga,
bus_d11,1,4,bus_kadambagachi,
bus_d11,1,5,bus_barasat,
bus_d11,1,6,bus_airport,
bus_d11,1,7,bus_nagerbazar,
bus_d11,1,8,bus_laketown,
bus_d11,1,9,bus_shyambazar,
bus_d11,1,10,bus_esplanade,
bus_d20,0,1,bus_esplanade,
bus_d20,0,2,bus_ultadanga,
bus_d20,0,3,bus_airport,
bus_d20,0,4,bus_barasat,
bus_d20,0,5,bus_berachampa,
bus_d20,0,6,bus_kholapota,
bus_d20,0,7,bus_basirhat,
bus_d20,1,1,bus_basirhat,
bus_d20,1,2,bus_kholapota,
bus_d20,1,3,bus_berachampa,
bus_d20,1,4,bus_barasat,
bus_d20,1,5,bus_airport,
bus_d20,1,6,bus_ultadanga,
bus_d20,1,7,bus_esplanade,
bus_d21,0,1,bus_howrah_station_esplanade,
bus_d21,0,2,bus_sealdah_court,
bus_d21,0,3,bus_building_more,
bus_d21,0,4,bus_chingrighata,
bus_d21,0,5,bus_science_city,
bus_d21,0,6,bus_bantala_leather_complex,
bus_d21,0,7,bus_ghatakpukur,
bus_d21,0,8,bus_ghusighata,
bus_d21,0,9,bus_minakhan,
bus_d21,0,10,bus_malancha,
bus_d21,0,11,bus_chaital_ghat,
bus_d21,0,12,bus_bhebia_chowmatha,
bus_d21,0,13,bus_murarishah_chowmatha,
bus_d21,0,14,bus_dakshin_akhratala,
bus_d21,0,15,bus_dukhirampool,
bus_d21,0,16,bus_metiakhali_bazar,
bus_d21,0,17,bus_nazat,
bus_d21,1,1,bus_nazat,
bus_d21,1,2,bus_metiakhali_bazar,
bus_d21,1,3,bus_dukhirampool,
bus_d21,1,4,bus_dakshin_akhratala,
bus_d21,1,5,bus_murarishah_chowmatha,
bus_d21,1,6,bus_bhebia_chowmatha,
bus_d21,1,7,bus_chaital_ghat,
bus_d21,1,8,bus_malancha,
bus_d21,1,9,bus_minakhan,
bus_d21,1,10,bus_ghusighata,
bus_d21,1,11,bus_ghatakpukur,
bus_d21,1,12,bus_bantala_leather_complex,
bus_d21,1,13,bus_science_city,
bus_d21,1,14,bus_chingrighata,
bus_d21,1,15,bus_building_more,
bus_d21,1,16,bus_sealdah_court,
bus_d21,1,17,bus_howrah_station_esplanade,
bus_d23,0,1,bus_esplanade,
bus_d23,0,2,bus_central_avenue,
bus_d23,0,3,bus_shyambazar,
bus_d23,0,4,bus_belgachia,
bus_d23,0,5,bus_laketown,
bus_d23,0,6,bus_nagerbazar,
bus_d23,0,7,bus_airport,
bus_d23,0,8,bus_barasat,
bus_d23,0,9,bus_deganga,
bus_d23,0,10,bus_berachampa,
bus_d23,0,11,bus_baduria,
bus_d23,0,12,bus_aturia_bazar,
bus_d23,0,13,bus_kaijuri_bazar,
bus_d23,1,1,bus_kaijuri_bazar,
bus_d23,1,2,bus_aturia_bazar,
bus_d23,1,3,bus_baduria,
bus_d23,1,4,bus_berachampa,
bus_d23,1,5,bus_deganga,
bus_d23,1,6,bus_barasat,
bus_d23,1,7,bus_airport,
bus_d23,1,8,bus_nagerbazar,
bus_d23,1,9,bus_laketown,
bus_d23,1,10,bus_belgachia,
bus_d23,1,11,bus_shyambazar,
bus_d23,1,12,bus_central_avenue,
bus_d23,1,13,bus_esplanade,
bus_d26,0,1,bus_park_circus,
bus_d26,0,2,bus_science_city,
bus_d26,0,3,bus_chingrighata,
bus_d26,0,4,bus_karunamoyee,
bus_d26,0,5,bus_sector_v,
bus_d26,0,6,bus_newtown_bus_terminus,
bus_d26,0,7,bus_chinar_park,
bus_d26,0,8,bus_airport,
bus_d26,0,9,bus_barasat,
bus_d26,0,10,bus_berachampa,
bus_d26,0,11,bus_baduria,
bus_d26,0,12,bus_swarupnagar,
bus_d26,0,13,bus_nirman,
bus_d26,0,14,bus_bithari,
bus_d26,0,15,bus_hakimpur,
bus_d26,1,1,bus_hakimpur,
bus_d26,1,2,bus_bithari,
bus_d26,1,3,bus_nirman,
bus_d26,1,4,bus_swarupnagar,
bus_d26,1,5,bus_baduria,
bus_d26,1,6,bus_berachampa,
bus_d26,1,7,bus_barasat,
bus_d26,1,8,bus_airport,
bus_d26,1,9,bus_chinar_park,
bus_d26,1,10,bus_newtown_bus_terminus,
bus_d26,1,11,bus_sector_v,
bus_d26,1,12,bus_karunamoyee,
bus_d26,1,13,bus_chingrighata,
bus_d26,1,14,bus_science_city,
bus_d26,1,15,bus_park_circus,
bus_d28,0,1,bus_esplanade,
bus_d28,0,2,bus_sealdah_court,
bus_d28,0,3,bus_beleghata,
bus_d28,0,4,bus_phoolbagan,
bus_d28,0,5,bus_ultadanga,
bus_d28,0,6,bus_airport,
bus_d28,0,7,bus_barasat,
bus_d28,0,8,bus_duttapukur,
bus_d28,0,9,bus_bira_chowmatha,
bus_d28,0,10,bus_icchapur,
bus_d28,0,11,bus_badarhat,
bus_d28,0,12,bus_subarnapur,
bus_d28,0,13,bus_chakla,
bus_d28,1,1,bus_chakla,
bus_d28,1,2,bus_subarnapur,
bus_d28,1,3,bus_badarhat,
bus_d28,1,4,bus_icchapur,
bus_d28,1,5,bus_bira_chowmatha,
bus_d28,1,6,bus_duttapukur,
bus_d28,1,7,bus_barasat,
bus_d28,1,8,bus_airport,
bus_d28,1,9,bus_ultadanga,
bus_d28,1,10,bus_phoolbagan,
bus_d28,1,11,bus_beleghata,
bus_d28,1,12,bus_sealdah_court,
bus_d28,1,13,bus_esplanade,
bus_d31,0,1,bus_esplanade,
bus_d31,0,2,bus_central_avenue,
bus_d31,0,3,bus_shyambazar,
bus_d31,0,4,bus_laketown,
bus_d31,0,5,bus_nagerbazar,
bus_d31,0,6,bus_airport,
bus_d31,0,7,bus_madhyamgram,
bus_d31,0,8,bus_barasat,
bus_d31,0,9,bus_ashoknagar,
bus_d31,0,10,bus_habra,
bus_d31,0,11,bus_machhalandapur,
bus_d31,0,12,bus_charghat,
bus_d31,0,13,bus_kapileswarpur,
bus_d31,0,14,bus_srinathpur,
bus_d31,1,1,bus_srinathpur,
bus_d31,1,2,bus_kapileswarpur,
bus_d31,1,3,bus_charghat,
bus_d31,1,4,bus_machhalandapur,
bus_d31,1,5,bus_habra,
bus_d31,1,6,bus_ashoknagar,
bus_d31,1,7,bus_barasat,
bus_d31,1,8,bus_madhyamgram,
bus_d31,1,9,bus_airport,
bus_d31,1,10,bus_nagerbazar,
bus_d31,1,11,bus_laketown,
bus_d31,1,12,bus_shyambazar,
bus_d31,1,13,bus_central_avenue,
bus_d31,1,14,bus_esplanade,
bus_d32,0,1,bus_barasat_2,
bus_d32,0,2,bus_deganga,
bus_d32,0,3,bus_berachampa,
bus_d32,0,4,bus_kholapota,
bus_d32,0,5,bus_basirhat,
bus_d32,0,6,bus_murarishah_chowmatha,
bus_d32,0,7,bus_taki_chowrangee,
bus_d32,0,8,bus_hasnabad,
bus_d32,0,9,bus_par_hasnabad,
bus_d32,0,10,bus_hingalgunge,
bus_d32,0,11,bus_lebukhali,
bus_d32,0,12,bus_dulduli,
bus_d32,0,13,bus_samshernagar,
bus_d32,1,1,bus_samshernagar,
bus_d32,1,2,bus_dulduli,
bus_d32,1,3,bus_lebukhali,
bus_d32,1,4,bus_hingalgunge,
bus_d32,1,5,bus_par_hasnabad,
bus_d32,1,6,bus_hasnabad,
bus_d32,1,7,bus_taki_chowrangee,
bus_d32,1,8,bus_murarishah_chowmatha,
bus_d32,1,9,bus_basirhat,
bus_d32,1,10,bus_kholapota,
bus_d32,1,11,bus_berachampa,
bus_d32,1,12,bus_deganga,
bus_d32,1,13,bus_barasat_2,
bus_e6,0,1,bus_esplanade,
bus_e6,0,2,bus_exide,
bus_e6,0,3,bus_santragachi,
bus_e6,0,4,bus_ankurhati,
bus_e6,0,5,bus_dhulagarh,
bus_e6,0,6,bus_ranihati,
bus_e6,0,7,bus_amta,
bus_e6,1,1,bus_amta,
bus_e6,1,2,bus_ranihati,
bus_e6,1,3,bus_dhulagarh,
bus_e6,1,4,bus_ankurhati,
bus_e6,1,5,bus_santragachi,
bus_e6,1,6,bus_exide,
bus_e6,1,7,bus_esplanade,
bus_e7,0,1,bus_esplanade,
bus_e7,0,2,bus_exide,
bus_e7,0,3,bus_santragachi,
bus_e7,0,4,bus_ankurhati,
bus_e7,0,5,bus_dhulagarh,
bus_e7,0,6,bus_ranihati,
bus_e7,0,7,bus_nimdighi,
bus_e7,0,8,bus_bagnan_library_more,
bus_e7,0,9,bus_bagnan,
bus_e7,1,1,bus_bagnan,
bus_e7,1,2,bus_bagnan_library_more,
bus_e7,1,3,bus_nimdighi,
bus_e7,1,4,bus_ranihati,
bus_e7,1,5,bus_dhulagarh,
bus_e7,1,6,bus_ankurhati,
bus_e7,1,7,bus_santragachi,
bus_e7,1,8,bus_exide,
bus_e7,1,9,bus_esplanade,
bus_e12,0,1,bus_esplanade,
bus_e12,0,2,bus_santragachi,
bus_e12,0,3,bus_salap_more,
bus_e12,0,4,bus_makardah,
bus_e12,0,5,bus_domjur,
bus_e12,0,6,bus_bargachia,
bus_e12,0,7,bus_munshirhat,
bus_e12,0,8,bus_khila,
bus_e12,0,9,bus_rajapur,
bus_e12,0,10,bus_udainarayanpur,
bus_e12,1,1,bus_udainarayanpur,
bus_e12,1,2,bus_rajapur,
bus_e12,1,3,bus_khila,
bus_e12,1,4,bus_munshirhat,
bus_e12,1,5,bus_bargachia,
bus_e12,1,6,bus_domjur,
bus_e12,1,7,bus_makardah,
bus_e12,1,8,bus_salap_more,
bus_e12,1,9,bus_santragachi,
bus_e12,1,10,bus_esplanade,
bus_e13,0,1,bus_esplanade,
bus_e13,0,2,bus_santragachi,
bus_e13,0,3,bus_salap,
bus_e13,0,4,bus_domjur,
bus_e13,0,5,bus_bargachia,
bus_e13,0,6,bus_sitapur,
bus_e13,0,7,bus_jangipara,
bus_e13,1,1,bus_jangipara,
bus_e13,1,2,bus_sitapur,
bus_e13,1,3,bus_bargachia,
bus_e13,1,4,bus_domjur,
bus_e13,1,5,bus_salap,
bus_e13,1,6,bus_santragachi,
bus_e13,1,7,bus_esplanade,
bus_e14,0,1,bus_esplanade,
bus_e14,0,2,bus_central_avenue,
bus_e14,0,3,bus_shyambazar,
bus_e14,0,4,bus_dunlop,
bus_e14,0,5,bus_dakhineswar,
bus_e14,0,6,bus_ballyhalt,
bus_e14,0,7,bus_dankuni,
bus_e14,0,8,bus_chanditala,
bus_e14,0,9,bus_mosat,
bus_e14,0,10,bus_sheakhala,
bus_e14,0,11,bus_furfura_sharif,
bus_e14,1,1,bus_furfura_sharif,
bus_e14,1,2,bus_sheakhala,
bus_e14,1,3,bus_mosat,
bus_e14,1,4,bus_chanditala,
bus_e14,1,5,bus_dankuni,
bus_e14,1,6,bus_ballyhalt,
bus_e14,1,7,bus_dakhineswar,
bus_e14,1,8,bus_dunlop,
bus_e14,1,9,bus_shyambazar,
bus_e14,1,10,bus_central_avenue,
bus_e14,1,11,bus_esplanade,
bus_e15,0,1,bus_esplanade,
bus_e15,0,2,bus_santragachi,
bus_e15,0,3,bus_ankurhati,
bus_e15,0,4,bus_dhulagarh,
bus_e15,0,5,bus_ranihati,
bus_e15,0,6,bus_nimdighi,
bus_e15,0,7,bus_uluberia_station,
bus_e15,0,8,bus_58_gate,
bus_e15,0,9,bus_garchumuk,
bus_e15,0,10,bus_shyampur,
bus_e15,0,11,bus_gadiara,
bus_e15,1,1,bus_gadiara,
bus_e15,1,2,bus_shyampur,
bus_e15,1,3,bus_garchumuk,
bus_e15,1,4,bus_58_gate,
bus_e15,1,5,bus_uluberia_station,
bus_e15,1,6,bus_nimdighi,
bus_e15,1,7,bus_ranihati,
bus_e15,1,8,bus_dhulagarh,
bus_e15,1,9,bus_ankurhati,
bus_e15,1,10,bus_santragachi,
bus_e15,1,11,bus_esplanade,
bus_e17,0,1,bus_barasat,
bus_e17,0,2,bus_airport,
bus_e17,0,3,bus_vip_road,
bus_e17,0,4,bus_ultadanga,
bus_e17,0,5,bus_esplanade,
bus_e17,0,6,bus_santragachi,
bus_e17,0,7,bus_ankurhati,
bus_e17,0,8,bus_dhulagarh,
bus_e17,0,9,bus_ranihati,
bus_e17,0,10,bus_nimdighi,
bus_e17,0,11,bus_bagnan,
bus_e17,0,12,bus_kolaghat,
bus_e17,0,13,bus_mecheda,
bus_e17,0,14,bus_nandakumar,
bus_e17,0,15,bus_kanthi,
bus_e17,0,16,bus_ramnagar,
bus_e17,0,17,bus_digha,
bus_e17,1,1,bus_digha,
bus_e17,1,2,bus_ramnagar,
bus_e17,1,3,bus_kanthi,
bus_e17,1,4,bus_nandakumar,
bus_e17,1,5,bus_mecheda,
bus_e17,1,6,bus_kolaghat,
bus_e17,1,7,bus_bagnan,
bus_e17,1,8,bus_nimdighi,
bus_e17,1,9,bus_ranihati,
bus_e17,1,10,bus_dhulagarh,
bus_e17,1,11,bus_ankurhati,
bus_e17,1,12,bus_santragachi,
bus_e17,1,13,bus_esplanade,
bus_e17,1,14,bus_ultadanga,
bus_e17,1,15,bus_vip_road,
bus_e17,1,16,bus_airport,
bus_e17,1,17,bus_barasat,
bus_e17_1,0,1,bus_barasat,
bus_e17_1,0,2,bus_airport,
bus_e17_1,0,3,bus_belgharia_expressway,
bus_e17_1,0,4,bus_dunlop,
bus_e17_1,0,5,bus_salap_more,
bus_e17_1,0,6,bus_dhulagarh,
bus_e17_1,0,7,bus_ranihati,
bus_e17_1,0,8,bus_nimdighi,
bus_e17_1,0,9,bus_bagnan,
bus_e17_1,0,10,bus_kolaghat,
bus_e17_1,0,11,bus_mecheda,
bus_e17_1,0,12,bus_nandakumar,
bus_e17_1,0,13,bus_kanthi,
bus_e17_1,0,14,bus_ramnagar,
bus_e17_1,0,15,bus_digha,
bus_e17_1,1,1,bus_digha,
bus_e17_1,1,2,bus_ramnagar,
bus_e17_1,1,3,bus_kanthi,
bus_e17_1,1,4,bus_nandakumar,
bus_e17_1,1,5,bus_mecheda,
bus_e17_1,1,6,bus_kolaghat,
bus_e17_1,1,7,bus_bagnan,
bus_e17_1,1,8,bus_nimdighi,
bus_e17_1,1,9,bus_ranihati,
bus_e17_1,1,10,bus_dhulagarh,
bus_e17_1,1,11,bus_salap_more,
bus_e17_1,1,12,bus_dunlop,
bus_e17_1,1,13,bus_belgharia_expressway,
bus_e17_1,1,14,bus_airport,
bus_e17_1,1,15,bus_barasat,
bus_e18,0,1,bus_esplanade,
bus_e18,0,2,bus_sealdah,
bus_e18,0,3,bus_science_city,
bus_e18,0,4,bus_ghatakpukur,
bus_e18,0,5,bus_ghusighata,
bus_e18,0,6,bus_minakhan,
bus_e18,0,7,bus_malancha,
bus_e18,0,8,bus_sarberia,
bus_e18,0,9,bus_dhamakhali,
bus_e18,1,1,bus_dhamakhali,
bus_e18,1,2,bus_sarberia,
bus_e18,1,3,bus_malancha,
bus_e18,1,4,bus_minakhan,
bus_e18,1,5,bus_ghusighata,
bus_e18,1,6,bus_ghatakpukur,
bus_e18,1,7,bus_science_city,
bus_e18,1,8,bus_sealdah,
bus_e18,1,9,bus_esplanade,
bus_e19,0,1,bus_habra,
bus_e19,0,2,bus_ashoknagar,
bus_e19,0,3,bus_duttapukur,
bus_e19,0,4,bus_barasat,
bus_e19,0,5,bus_airport,
bus_e19,0,6,bus_belgharia_expressway,
bus_e19,0,7,bus_dunlop,
bus_e19,0,8,bus_salap_more,
bus_e19,0,9,bus_dhulagarh,
bus_e19,0,10,bus_ranihati,
bus_e19,0,11,bus_nimdighi,
bus_e19,0,12,bus_bagnan,
bus_e19,0,13,bus_kolaghat,
bus_e19,0,14,bus_mecheda,
bus_e19,0,15,bus_nandakumar,
bus_e19,0,16,bus_kanthi,
bus_e19,0,17,bus_ramnagar,
bus_e19,0,18,bus_digha,
bus_e19,1,1,bus_digha,
bus_e19,1,2,bus_ramnagar,
bus_e19,1,3,bus_kanthi,
bus_e19,1,4,bus_nandakumar,
bus_e19,1,5,bus_mecheda,
bus_e19,1,6,bus_kolaghat,
bus_e19,1,7,bus_bagnan,
bus_e19,1,8,bus_nimdighi,
bus_e19,1,9,bus_ranihati,
bus_e19,1,10,bus_dhulagarh,
bus_e19,1,11,bus_salap_more,
bus_e19,1,12,bus_dunlop,
bus_e19,1,13,bus_belgharia_expressway,
bus_e19,1,14,bus_airport,
bus_e19,1,15,bus_barasat,
bus_e19,1,16,bus_duttapukur,
bus_e19,1,17,bus_ashoknagar,
bus_e19,1,18,bus_habra,
bus_e21,0,1,bus_esplanade,
bus_e21,0,2,bus_ultadanga,
bus_e21,0,3,bus_airport,
bus_e21,0,4,bus_barasat_3,
bus_e21,0,5,bus_jaguli_2,
bus_e21,0,6,bus_ranaghat_2,
bus_e21,0,7,bus_krishnanagar_2,
bus_e21,0,8,bus_tehatta,
bus_e21,0,9,bus_karimpur,
bus_e21,0,10,bus_shikharpur,
bus_e21,1,1,bus_shikharpur,
bus_e21,1,2,bus_karimpur,
bus_e21,1,3,bus_tehatta,
bus_e21,1,4,bus_krishnanagar_2,
bus_e21,1,5,bus_ranaghat_2,
bus_e21,1,6,bus_jaguli_2,
bus_e21,1,7,bus_barasat_3,
bus_e21,1,8,bus_airport,
bus_e21,1,9,bus_ultadanga,
bus_e21,1,10,bus_esplanade,
bus_e22,0,1,bus_esplanade,
bus_e22,0,2,bus_ultadanga,
bus_e22,0,3,bus_airport,
bus_e22,0,4,bus_barasat_3,
bus_e22,0,5,bus_jaguli_2,
bus_e22,0,6,bus_ranaghat_2,
bus_e22,0,7,bus_krishnanagar_2,
bus_e22,0,8,bus_tehatta,
bus_e22,0,9,bus_shikharpur,
bus_e22,1,1,bus_shikharpur,
bus_e22,1,2,bus_tehatta,
bus_e22,1,3,bus_krishnanagar_2,
bus_e22,1,4,bus_ranaghat_2,
bus_e22,1,5,bus_jaguli_2,
bus_e22,1,6,bus_barasat_3,
bus_e22,1,7,bus_airport,
bus_e22,1,8,bus_ultadanga,
bus_e22,1,9,bus_esplanade,
bus_e24,0,1,bus_esplanade,
bus_e24,0,2,bus_ultadanga,
bus_e24,0,3,bus_airport,
bus_e24,0,4,bus_barasat,
bus_e24,0,5,bus_jaguli,
bus_e24,0,6,bus_ranaghat,
bus_e24,0,7,bus_krishnanagar,
bus_e24,0,8,bus_tehatta,
bus_e24,0,9,bus_jitpur,
bus_e24,0,10,bus_palashipara,
bus_e24,1,1,bus_palashipara,
bus_e24,1,2,bus_jitpur,
bus_e24,1,3,bus_tehatta,
bus_e24,1,4,bus_krishnanagar,
bus_e24,1,5,bus_ranaghat,
bus_e24,1,6,bus_jaguli,
bus_e24,1,7,bus_barasat,
bus_e24,1,8,bus_airport,
bus_e24,1,9,bus_ultadanga,
bus_e24,1,10,bus_esplanade,
bus_e28,0,1,bus_esplanade,
bus_e28,0,2,bus_santragachi,
bus_e28,0,3,bus_dhulagarh,
bus_e28,0,4,bus_ranihati,
bus_e28,0,5,bus_nimdighi,
bus_e28,0,6,bus_bagnan,
bus_e28,0,7,bus_mankur_more,
bus_e28,0,8,bus_kalyanpur,
bus_e28,0,9,bus_kajiberia,
bus_e28,0,10,bus_bakshi,
bus_e28,1,1,bus_bakshi,
bus_e28,1,2,bus_kajiberia,
bus_e28,1,3,bus_kalyanpur,
bus_e28,1,4,bus_mankur_more,
bus_e28,1,5,bus_bagnan,
bus_e28,1,6,bus_nimdighi,
bus_e28,1,7,bus_ranihati,
bus_e28,1,8,bus_dhulagarh,
bus_e28,1,9,bus_santragachi,
bus_e28,1,10,bus_esplanade,
bus_e29,0,1,bus_esplanade,
bus_e29,0,2,bus_exide,
bus_e29,0,3,bus_santragachi,
bus_e29,0,4,bus_ankurhati,
bus_e29,0,5,bus_dhulagarh,
bus_e29,0,6,bus_dhulagarh_bazar,
bus_e29,0,7,bus_golabari,
bus_e29,0,8,bus_kalitola,
bus_e29,0,9,bus_library_more,
bus_e29,0,10,bus_jujursha,
bus_e29,0,11,bus_bagangora,
bus_e29,0,12,bus_kotoputa,
bus_e29,0,13,bus_akobborpur,
bus_e29,0,14,bus_fatikgachi,
bus_e29,1,1,bus_fatikgachi,
bus_e29,1,2,bus_akobborpur,
bus_e29,1,3,bus_kotoputa,
bus_e29,1,4,bus_bagangora,
bus_e29,1,5,bus_jujursha,
bus_e29,1,6,bus_library_more,
bus_e29,1,7,bus_kalitola,
bus_e29,1,8,bus_golabari,
bus_e29,1,9,bus_dhulagarh_bazar,
bus_e29,1,10,bus_dhulagarh,
bus_e29,1,11,bus_ankurhati,
bus_e29,1,12,bus_santragachi,
bus_e29,1,13,bus_exide,
bus_e29,1,14,bus_esplanade,
bus_e31,0,1,bus_esplanade,
bus_e31,0,2,bus_santragachi,
bus_e31,0,3,bus_alampur,
bus_e31,0,4,bus_dhulagarh,
bus_e31,0,5,bus_ranihati,
bus_e31,0,6,bus_gabberia,
bus_e31,0,7,bus_manikpir,
bus_e31,0,8,bus_10_no_pole,
bus_e31,0,9,bus_chakhna,
bus_e31,0,10,bus_kalatala,
bus_e31,0,11,bus_amta,
bus_e31,0,12,bus_sehagori,
bus_e31,0,13,bus_shaoraberia_more,
bus_e31,0,14,bus_bidichandrapur,
bus_e31,0,15,bus_garh_bhawanipur,
bus_e31,1,1,bus_garh_bhawanipur,
bus_e31,1,2,bus_bidichandrapur,
bus_e31,1,3,bus_shaoraberia_more,
bus_e31,1,4,bus_sehagori,
bus_e31,1,5,bus_amta,
bus_e31,1,6,bus_kalatala,
bus_e31,1,7,bus_chakhna,
bus_e31,1,8,bus_10_no_pole,
bus_e31,1,9,bus_manikpir,
bus_e31,1,10,bus_gabberia,
bus_e31,1,11,bus_ranihati,
bus_e31,1,12,bus_dhulagarh,
bus_e31,1,13,bus_alampur,
bus_e31,1,14,bus_santragachi,
bus_e31,1,15,bus_esplanade,
bus_e31_1,0,1,bus_howrah_station,
bus_e31_1,0,2,bus_foreshore_road,
bus_e31_1,0,3,bus_avani_mall,
bus_e31_1,0,4,bus_belepole,
bus_e31_1,0,5,bus_santragachi,
bus_e31_1,0,6,bus_dhulagarh,
bus_e31_1,0,7,bus_ranihati,
bus_e31_1,0,8,bus_dhulorbandh,
bus_e31_1,0,9,bus_gabberia,
bus_e31_1,0,10,bus_manikpir_bazar,
bus_e31_1,0,11,bus_asuttola,
bus_e31_1,0,12,bus_kalatala,
bus_e31_1,0,13,bus_amta_college_more,
bus_e31_1,0,14,bus_narit_more,
bus_e31_1,0,15,bus_betai_bandor_more,
bus_e31_1,0,16,bus_sehagori_more,
bus_e31_1,0,17,bus_joypur_ps,
bus_e31_1,0,18,bus_jhikira,
bus_e31_1,1,1,bus_jhikira,
bus_e31_1,1,2,bus_joypur_ps,
bus_e31_1,1,3,bus_sehagori_more,
bus_e31_1,1,4,bus_betai_bandor_more,
bus_e31_1,1,5,bus_narit_more,
bus_e31_1,1,6,bus_amta_college_more,
bus_e31_1,1,7,bus_kalatala,
bus_e31_1,1,8,bus_asuttola,
bus_e31_1,1,9,bus_manikpir_bazar,
bus_e31_1,1,10,bus_gabberia,
bus_e31_1,1,11,bus_dhulorbandh,
bus_e31_1,1,12,bus_ranihati,
bus_e31_1,1,13,bus_dhulagarh,
bus_e31_1,1,14,bus_santragachi,
bus_e31_1,1,15,bus_belepole,
bus_e31_1,1,16,bus_avani_mall,
bus_e31_1,1,17,bus_foreshore_road,
bus_e31_1,1,18,bus_howrah_station,
bus_e35,0,1,bus_esplanade,
bus_e35,0,2,bus_shyambazar,
bus_e35,0,3,bus_dunlop,
bus_e35,0,4,bus_dankuni,
bus_e35,0,5,bus_champadanga_2,
bus_e35,0,6,bus_mosat,
bus_e35,0,7,bus_sheakhala,
bus_e35,0,8,bus_arambagh,
bus_e35,0,9,bus_jayrambati,
bus_e35,1,1,bus_jayrambati,
bus_e35,1,2,bus_arambagh,
bus_e35,1,3,bus_sheakhala,
bus_e35,1,4,bus_mosat,
bus_e35,1,5,bus_champadanga_2,
bus_e35,1,6,bus_dankuni,
bus_e35,1,7,bus_dunlop,
bus_e35,1,8,bus_shyambazar,
bus_e35,1,9,bus_esplanade,
bus_e38,0,1,bus_esplanade,
bus_e38,0,2,bus_sealdah_station,
bus_e38,0,3,bus_manicktala,
bus_e38,0,4,bus_kankurgachi,
bus_e38,0,5,bus_airport_gate,
bus_e38,0,6,bus_barasat_colony_more,
bus_e38,0,7,bus_jaguli,
bus_e38,0,8,bus_chakdah,
bus_e38,0,9,bus_ranaghat,
bus_e38,0,10,bus_shantipur_bypass,
bus_e38,0,11,bus_krishnanagar,
bus_e38,0,12,bus_bahadurpur,
bus_e38,0,13,bus_bamanpukur_2,
bus_e38,0,14,bus_mayapur,
bus_e38,1,1,bus_mayapur,
bus_e38,1,2,bus_bamanpukur_2,
bus_e38,1,3,bus_bahadurpur,
bus_e38,1,4,bus_krishnanagar,
bus_e38,1,5,bus_shantipur_bypass,
bus_e38,1,6,bus_ranaghat,
bus_e38,1,7,bus_chakdah,
bus_e38,1,8,bus_jaguli,
bus_e38,1,9,bus_barasat_colony_more,
bus_e38,1,10,bus_airport_gate,
bus_e38,1,11,bus_kankurgachi,
bus_e38,1,12,bus_manicktala,
bus_e38,1,13,bus_sealdah_station,
bus_e38,1,14,bus_esplanade,
bus_e40,0,1,bus_esplanade,
bus_e40,0,2,bus_santragachi,
bus_e40,0,3,bus_dhulagarh,
bus_e40,0,4,bus_ranihati,
bus_e40,0,5,bus_bagnan,
bus_e40,0,6,bus_kolaghat,
bus_e40,0,7,bus_mecheda,
bus_e40,0,8,bus_nandakumar,
bus_e40,0,9,bus_kanthi,
bus_e40,0,10,bus_ramnagar,
bus_e40,0,11,bus_digha,
bus_e40,1,1,bus_digha,
bus_e40,1,2,bus_ramnagar,
bus_e40,1,3,bus_kanthi,
bus_e40,1,4,bus_nandakumar,
bus_e40,1,5,bus_mecheda,
bus_e40,1,6,bus_kolaghat,
bus_e40,1,7,bus_bagnan,
bus_e40,1,8,bus_ranihati,
bus_e40,1,9,bus_dhulagarh,
bus_e40,1,10,bus_santragachi,
bus_e40,1,11,bus_esplanade,
bus_e40_1,0,1,bus_esplanade,
bus_e40_1,0,2,bus_santragachi,
bus_e40_1,0,3,bus_dhulagarh,
bus_e40_1,0,4,bus_ranihati,
bus_e40_1,0,5,bus_bagnan,
bus_e40_1,0,6,bus_kolaghat,
bus_e40_1,0,7,bus_mecheda,
bus_e40_1,0,8,bus_nandakumar,
bus_e40_1,0,9,bus_kanthi,
bus_e40_1,0,10,bus_ramnagar,
bus_e40_1,0,11,bus_digha,
bus_e40_1,1,1,bus_digha,
bus_e40_1,1,2,bus_ramnagar,
bus_e40_1,1,3,bus_kanthi,
bus_e40_1,1,4,bus_nandakumar,
bus_e40_1,1,5,bus_mecheda,
bus_e40_1,1,6,bus_kolaghat,
bus_e40_1,1,7,bus_bagnan,
bus_e40_1,1,8,bus_ranihati,
bus_e40_1,1,9,bus_dhulagarh,
bus_e40_1,1,10,bus_santragachi,
bus_e40_1,1,11,bus_esplanade,
bus_e41,0,1,bus_habra,
bus_e41,0,2,bus_ashoknaga,
bus_e41,0,3,bus_duttapukur,
bus_e41,0,4,bus_barasat,
bus_e41,0,5,bus_airport,
bus_e41,0,6,bus_belgharia_expressway,
bus_e41,0,7,bus_dunlop,
bus_e41,0,8,bus_dankuni,
bus_e41,0,9,bus_durgapur_expressway,
bus_e41,0,10,bus_burdwan,
bus_e41,0,11,bus_panagarh,
bus_e41,0,12,bus_durgapur_city_center,
bus_e41,0,13,bus_raniganj,
bus_e41,0,14,bus_asansol,
bus_e41,1,1,bus_asansol,
bus_e41,1,2,bus_raniganj,
bus_e41,1,3,bus_durgapur_city_center,
bus_e41,1,4,bus_panagarh,
bus_e41,1,5,bus_burdwan,
bus_e41,1,6,bus_durgapur_expressway,
bus_e41,1,7,bus_dankuni,
bus_e41,1,8,bus_dunlop,
bus_e41,1,9,bus_belgharia_expressway,
bus_e41,1,10,bus_airport,
bus_e41,1,11,bus_barasat,
bus_e41,1,12,bus_duttapukur,
bus_e41,1,13,bus_ashoknaga,
bus_e41,1,14,bus_habra,
bus_e44,0,1,bus_esplanade,
bus_e44,0,2,bus_santragachi,
bus_e44,0,3,bus_dankuni,
bus_e44,0,4,bus_mosat,
bus_e44,0,5,bus_sheakhala,
bus_e44,0,6,bus_champadanga,
bus_e44,0,7,bus_gourangapur,
bus_e44,0,8,bus_radhanagar,
bus_e44,1,1,bus_radhanagar,
bus_e44,1,2,bus_gourangapur,
bus_e44,1,3,bus_champadanga,
bus_e44,1,4,bus_sheakhala,
bus_e44,1,5,bus_mosat,
bus_e44,1,6,bus_dankuni,
bus_e44,1,7,bus_santragachi,
bus_e44,1,8,bus_esplanade,
bus_e45,0,1,bus_joka,
bus_e45,0,2,bus_tollygunge,
bus_e45,0,3,bus_exide,
bus_e45,0,4,bus_esplanade,
bus_e45,0,5,bus_santragachi,
bus_e45,0,6,bus_dhulagarh,
bus_e45,0,7,bus_ranihati,
bus_e45,0,8,bus_bagnan_kolaghat,
bus_e45,0,9,bus_mecheda,
bus_e45,0,10,bus_nandakumar,
bus_e45,0,11,bus_kanthi,
bus_e45,0,12,bus_ramnagar,
bus_e45,0,13,bus_digha,
bus_e45,1,1,bus_digha,
bus_e45,1,2,bus_ramnagar,
bus_e45,1,3,bus_kanthi,
bus_e45,1,4,bus_nandakumar,
bus_e45,1,5,bus_mecheda,
bus_e45,1,6,bus_bagnan_kolaghat,
bus_e45,1,7,bus_ranihati,
bus_e45,1,8,bus_dhulagarh,
bus_e45,1,9,bus_santragachi,
bus_e45,1,10,bus_esplanade,
bus_e45,1,11,bus_exide,
bus_e45,1,12,bus_tollygunge,
bus_e45,1,13,bus_joka,
bus_e46,0,1,bus_karunamoyee,
bus_e46,0,2,bus_ultadanga,
bus_e46,0,3,bus_vip_road,
bus_e46,0,4,bus_airport,
bus_e46,0,5,bus_belgharia_expressway,
bus_e46,0,6,bus_dunlop,
bus_e46,0,7,bus_salap,
bus_e46,0,8,bus_dhulagarh,
bus_e46,0,9,bus_ranihati,
bus_e46,0,10,bus_bagnan,
bus_e46,0,11,bus_kolaghat,
bus_e46,0,12,bus_mecheda,
bus_e46,0,13,bus_nandakumar,
bus_e46,0,14,bus_kanthi,
bus_e46,0,15,bus_ramnagar,
bus_e46,0,16,bus_digha,
bus_e46,1,1,bus_digha,
bus_e46,1,2,bus_ramnagar,
bus_e46,1,3,bus_kanthi,
bus_e46,1,4,bus_nandakumar,
bus_e46,1,5,bus_mecheda,
bus_e46,1,6,bus_kolaghat,
bus_e46,1,7,bus_bagnan,
bus_e46,1,8,bus_ranihati,
bus_e46,1,9,bus_dhulagarh,
bus_e46,1,10,bus_salap,
bus_e46,1,11,bus_dunlop,
bus_e46,1,12,bus_belgharia_expressway,
bus_e46,1,13,bus_airport,
bus_e46,1,14,bus_vip_road,
bus_e46,1,15,bus_ultadanga,
bus_e46,1,16,bus_karunamoyee,
bus_e47,0,1,bus_howrah_station,
bus_e47,0,2,bus_burrabazar,
bus_e47,0,3,bus_m_g_road,
bus_e47,0,4,bus_girish_park,
bus_e47,0,5,bus_kankurgachi,
bus_e47,0,6,bus_ultadanga,
bus_e47,0,7,bus_airport_barasat_champadali,
bus_e47,0,8,bus_duttapukur,
bus_e47,0,9,bus_ashoknagar,
bus_e47,0,10,bus_habra_station,
bus_e47,0,11,bus_joygacchi_more,
bus_e47,0,12,bus_jaleswar,
bus_e47,0,13,bus_gaighata,
bus_e47,0,14,bus_bokchara_bazar,
bus_e47,0,15,bus_nahata,
bus_e47,1,1,bus_nahata,
bus_e47,1,2,bus_bokchara_bazar,
bus_e47,1,3,bus_gaighata,
bus_e47,1,4,bus_jaleswar,
bus_e47,1,5,bus_joygacchi_more,
bus_e47,1,6,bus_habra_station,
bus_e47,1,7,bus_ashoknagar,
bus_e47,1,8,bus_duttapukur,
bus_e47,1,9,bus_airport_barasat_champadali,
bus_e47,1,10,bus_ultadanga,
bus_e47,1,11,bus_kankurgachi,
bus_e47,1,12,bus_girish_park,
bus_e47,1,13,bus_m_g_road,
bus_e47,1,14,bus_burrabazar,
bus_e47,1,15,bus_howrah_station,
bus_e51,0,1,bus_esplanade,
bus_e51,0,2,bus_central_avenue,
bus_e51,0,3,bus_shyambazar,
bus_e51,0,4,bus_dunlop,
bus_e51,0,5,bus_dankuni,
bus_e51,0,6,bus_champadanga_2,
bus_e51,0,7,bus_mosat,
bus_e51,0,8,bus_sheakhala,
bus_e51,0,9,bus_arambagh,
bus_e51,0,10,bus_bisunupur,
bus_e51,1,1,bus_bisunupur,
bus_e51,1,2,bus_arambagh,
bus_e51,1,3,bus_sheakhala,
bus_e51,1,4,bus_mosat,
bus_e51,1,5,bus_champadanga_2,
bus_e51,1,6,bus_dankuni,
bus_e51,1,7,bus_dunlop,
bus_e51,1,8,bus_shyambazar,
bus_e51,1,9,bus_central_avenue,
bus_e51,1,10,bus_esplanade,
bus_e51a,0,1,bus_habra,
bus_e51a,0,2,bus_ashoknagar,
bus_e51a,0,3,bus_duttapukur,
bus_e51a,0,4,bus_barasat,
bus_e51a,0,5,bus_airport,
bus_e51a,0,6,bus_belgharia_expressway,
bus_e51a,0,7,bus_dunlop,
bus_e51a,0,8,bus_dankuni,
bus_e51a,0,9,bus_champadanga_2,
bus_e51a,0,10,bus_mosat,
bus_e51a,0,11,bus_sheakhala_2,
bus_e51a,0,12,bus_arambagh,
bus_e51a,0,13,bus_bishnupur_2,
bus_e51a,1,1,bus_bishnupur_2,
bus_e51a,1,2,bus_arambagh,
bus_e51a,1,3,bus_sheakhala_2,
bus_e51a,1,4,bus_mosat,
bus_e51a,1,5,bus_champadanga_2,
bus_e51a,1,6,bus_dankuni,
bus_e51a,1,7,bus_dunlop,
bus_e51a,1,8,bus_belgharia_expressway,
bus_e51a,1,9,bus_airport,
bus_e51a,1,10,bus_barasat,
bus_e51a,1,11,bus_duttapukur,
bus_e51a,1,12,bus_ashoknagar,
bus_e51a,1,13,bus_habra,
bus_e54,0,1,bus_serampore,
bus_e54,0,2,bus_rishra,
bus_e54,0,3,bus_uttarpara,
bus_e54,0,4,bus_ballyghat,
bus_e54,0,5,bus_ballyhalt,
bus_e54,0,6,bus_salap_more,
bus_e54,0,7,bus_dhulagarh,
bus_e54,0,8,bus_ranihati,
bus_e54,0,9,bus_bagnan,
bus_e54,0,10,bus_kolaghat,
bus_e54,0,11,bus_mecheda,
bus_e54,0,12,bus_nandakumar,
bus_e54,0,13,bus_kanthi,
bus_e54,0,14,bus_ramnagar,
bus_e54,0,15,bus_digha,
bus_e54,1,1,bus_digha,
bus_e54,1,2,bus_ramnagar,
bus_e54,1,3,bus_kanthi,
bus_e54,1,4,bus_nandakumar,
bus_e54,1,5,bus_mecheda,
bus_e54,1,6,bus_kolaghat,
bus_e54,1,7,bus_bagnan,
bus_e54,1,8,bus_ranihati,
bus_e54,1,9,bus_dhulagarh,
bus_e54,1,10,bus_salap_more,
bus_e54,1,11,bus_ballyhalt,
bus_e54,1,12,bus_ballyghat,
bus_e54,1,13,bus_uttarpara,
bus_e54,1,14,bus_rishra,
bus_e54,1,15,bus_serampore,
bus_e55,0,1,bus_barasat,
bus_e55,0,2,bus_madhyamgram,
bus_e55,0,3,bus_birati,
bus_e55,0,4,bus_nimta,
bus_e55,0,5,bus_belgharia_station,
bus_e55,0,6,bus_dunlop,
bus_e55,0,7,bus_salap_more,
bus_e55,0,8,bus_dhulagarh,
bus_e55,0,9,bus_ranihati,
bus_e55,0,10,bus_bagnan,
bus_e55,0,11,bus_kolaghat,
bus_e55,0,12,bus_mecheda,
bus_e55,0,13,bus_nandakumar,
bus_e55,0,14,bus_kanthi,
bus_e55,0,15,bus_ramnagar,
bus_e55,0,16,bus_digha,
bus_e55,1,1,bus_digha,
bus_e55,1,2,bus_ramnagar,
bus_e55,1,3,bus_kanthi,
bus_e55,1,4,bus_nandakumar,
bus_e55,1,5,bus_mecheda,
bus_e55,1,6,bus_kolaghat,
bus_e55,1,7,bus_bagnan,
bus_e55,1,8,bus_ranihati,
bus_e55,1,9,bus_dhulagarh,
bus_e55,1,10,bus_salap_more,
bus_e55,1,11,bus_dunlop,
bus_e55,1,12,bus_belgharia_station,
bus_e55,1,13,bus_nimta,
bus_e55,1,14,bus_birati,
bus_e55,1,15,bus_madhyamgram,
bus_e55,1,16,bus_barasat,
bus_e56,0,1,bus_baduria,
bus_e56,0,2,bus_jadurhati,
bus_e56,0,3,bus_berachampa,
bus_e56,0,4,bus_deganga,
bus_e56,0,5,bus_golabari,
bus_e56,0,6,bus_kadambagachi,
bus_e56,0,7,bus_barasat_champadali,
bus_e56,0,8,bus_madhyamgram_chowmatha,
bus_e56,0,9,bus_airport,
bus_e56,0,10,bus_belgharia_expressway,
bus_e56,0,11,bus_salap,
bus_e56,0,12,bus_dhulagarh,
bus_e56,0,13,bus_kolaghat,
bus_e56,0,14,bus_mecheda,
bus_e56,0,15,bus_nandakumar,
bus_e56,0,16,bus_kanthi,
bus_e56,0,17,bus_digha,
bus_e56,1,1,bus_digha,
bus_e56,1,2,bus_kanthi,
bus_e56,1,3,bus_nandakumar,
bus_e56,1,4,bus_mecheda,
bus_e56,1,5,bus_kolaghat,
bus_e56,1,6,bus_dhulagarh,
bus_e56,1,7,bus_salap,
bus_e56,1,8,bus_belgharia_expressway,
bus_e56,1,9,bus_airport,
bus_e56,1,10,bus_madhyamgram_chowmatha,
bus_e56,1,11,bus_barasat_champadali,
bus_e56,1,12,bus_kadambagachi,
bus_e56,1,13,bus_golabari,
bus_e56,1,14,bus_deganga,
bus_e56,1,15,bus_berachampa,
bus_e56,1,16,bus_jadurhati,
bus_e56,1,17,bus_baduria,
bus_e57,0,1,bus_esplanade,
bus_e57,0,2,bus_ultadanga,
bus_e57,0,3,bus_airport,
bus_e57,0,4,bus_madhyamgram,
bus_e57,0,5,bus_barasat,
bus_e57,0,6,bus_amdanga,
bus_e57,0,7,bus_awalsiddhi,
bus_e57,0,8,bus_jaguli,
bus_e57,0,9,bus_chakdah,
bus_e57,0,10,bus_ranaghat,
bus_e57,0,11,bus_phulia,
bus_e57,0,12,bus_shantipur,
bus_e57,0,13,bus_krishnanagar,
bus_e57,0,14,bus_chapra,
bus_e57,0,15,bus_tehatta,
bus_e57,0,16,bus_najirpur,
bus_e57,0,17,bus_hagnagari,
bus_e57,0,18,bus_thanapara,
bus_e57,0,19,bus_karimpur,
bus_e57,1,1,bus_karimpur,
bus_e57,1,2,bus_thanapara,
bus_e57,1,3,bus_hagnagari,
bus_e57,1,4,bus_najirpur,
bus_e57,1,5,bus_tehatta,
bus_e57,1,6,bus_chapra,
bus_e57,1,7,bus_krishnanagar,
bus_e57,1,8,bus_shantipur,
bus_e57,1,9,bus_phulia,
bus_e57,1,10,bus_ranaghat,
bus_e57,1,11,bus_chakdah,
bus_e57,1,12,bus_jaguli,
bus_e57,1,13,bus_awalsiddhi,
bus_e57,1,14,bus_amdanga,
bus_e57,1,15,bus_barasat,
bus_e57,1,16,bus_madhyamgram,
bus_e57,1,17,bus_airport,
bus_e57,1,18,bus_ultadanga,
bus_e57,1,19,bus_esplanade,
bus_e59,0,1,bus_naihati,
bus_e59,0,2,bus_shyamnagar,
bus_e59,0,3,bus_bhatpara,
bus_e59,0,4,bus_palta,
bus_e59,0,5,bus_barrackpore,
bus_e59,0,6,bus_sodepur,
bus_e59,0,7,bus_dunlop,
bus_e59,0,8,bus_salap,
bus_e59,0,9,bus_dhulagarh,
bus_e59,0,10,bus_bagnan,
bus_e59,0,11,bus_kolaghat,
bus_e59,0,12,bus_mecheda,
bus_e59,0,13,bus_nandakumar,
bus_e59,0,14,bus_kanthi,
bus_e59,0,15,bus_ramnagar,
bus_e59,0,16,bus_digha,
bus_e59,1,1,bus_digha,
bus_e59,1,2,bus_ramnagar,
bus_e59,1,3,bus_kanthi,
bus_e59,1,4,bus_nandakumar,
bus_e59,1,5,bus_mecheda,
bus_e59,1,6,bus_kolaghat,
bus_e59,1,7,bus_bagnan,
bus_e59,1,8,bus_dhulagarh,
bus_e59,1,9,bus_salap,
bus_e59,1,10,bus_dunlop,
bus_e59,1,11,bus_sodepur,
bus_e59,1,12,bus_barrackpore,
bus_e59,1,13,bus_palta,
bus_e59,1,14,bus_bhatpara,
bus_e59,1,15,bus_shyamnagar,
bus_e59,1,16,bus_naihati,
bus_e61,0,1,bus_habra,
bus_e61,0,2,bus_ashoknagar,
bus_e61,0,3,bus_duttapukur,
bus_e61,0,4,bus_barasat,
bus_e61,0,5,bus_airport,
bus_e61,0,6,bus_vip_road,
bus_e61,0,7,bus_ultadanga,
bus_e61,0,8,bus_science_city,
bus_e61,0,9,bus_ruby_hospital,
bus_e61,0,10,bus_kasba,
bus_e61,0,11,bus_ballygunge_station,
bus_e61,0,12,bus_gariahat,
bus_e61,0,13,bus_rashbehari,
bus_e61,0,14,bus_tollygunge_phari,
bus_e61,0,15,bus_new_alipore,
bus_e61,0,16,bus_taratala,
bus_e61,0,17,bus_behala,
bus_e61,0,18,bus_thakurpukur,
bus_e61,0,19,bus_joka,
bus_e61,0,20,bus_amtala,
bus_e61,0,21,bus_shirakole,
bus_e61,0,22,bus_sarisha,
bus_e61,0,23,bus_diamond_harbour,
bus_e61,0,24,bus_kulpi,
bus_e61,0,25,bus_nischintapur,
bus_e61,0,26,bus_kakdwip,
bus_e61,0,27,bus_namkhana,
bus_e61,0,28,bus_frasergunj,
bus_e61,0,29,bus_bakkhali,
bus_e61,1,1,bus_bakkhali,
bus_e61,1,2,bus_frasergunj,
bus_e61,1,3,bus_namkhana,
bus_e61,1,4,bus_kakdwip,
bus_e61,1,5,bus_nischintapur,
bus_e61,1,6,bus_kulpi,
bus_e61,1,7,bus_diamond_harbour,
bus_e61,1,8,bus_sarisha,
bus_e61,1,9,bus_shirakole,
bus_e61,1,10,bus_amtala,
bus_e61,1,11,bus_joka,
bus_e61,1,12,bus_thakurpukur,
bus_e61,1,13,bus_behala,
bus_e61,1,14,bus_taratala,
bus_e61,1,15,bus_new_alipore,
bus_e61,1,16,bus_tollygunge_phari,
bus_e61,1,17,bus_rashbehari,
bus_e61,1,18,bus_gariahat,
bus_e61,1,19,bus_ballygunge_station,
bus_e61,1,20,bus_kasba,
bus_e61,1,21,bus_ruby_hospital,
bus_e61,1,22,bus_science_city,
bus_e61,1,23,bus_ultadanga,
bus_e61,1,24,bus_vip_road,
bus_e61,1,25,bus_airport,
bus_e61,1,26,bus_barasat,
bus_e61,1,27,bus_duttapukur,
bus_e61,1,28,bus_ashoknagar,
bus_e61,1,29,bus_habra,
bus_e62,0,1,bus_esplanade,
bus_e62,0,2,bus_sealdah,
bus_e62,0,3,bus_science_city,
bus_e62,0,4,bus_ghatakpukur,
bus_e62,0,5,bus_ghusighata,
bus_e62,0,6,bus_minakhan,
bus_e62,0,7,bus_malancha,
bus_e62,0,8,bus_chaital,
bus_e62,0,9,bus_murarishah_chowmatha,
bus_e62,0,10,bus_hasnabad_station,
bus_e62,0,11,bus_par_hasnabad,
bus_e62,0,12,bus_bailani_bazar,
bus_e62,0,13,bus_rupmari_bazar,
bus_e62,0,14,bus_bhandarkhali,
bus_e62,0,15,bus_khulna,
bus_e62,0,16,bus_sitalia,
bus_e62,1,1,bus_sitalia,
bus_e62,1,2,bus_khulna,
bus_e62,1,3,bus_bhandarkhali,
bus_e62,1,4,bus_rupmari_bazar,
bus_e62,1,5,bus_bailani_bazar,
bus_e62,1,6,bus_par_hasnabad,
bus_e62,1,7,bus_hasnabad_station,
bus_e62,1,8,bus_murarishah_chowmatha,
bus_e62,1,9,bus_chaital,
bus_e62,1,10,bus_malancha,
bus_e62,1,11,bus_minakhan,
bus_e62,1,12,bus_ghusighata,
bus_e62,1,13,bus_ghatakpukur,
bus_e62,1,14,bus_science_city,
bus_e62,1,15,bus_sealdah,
bus_e62,1,16,bus_esplanade,
bus_e66,0,1,bus_habra,
bus_e66,0,2,bus_ashoknagar,
bus_e66,0,3,bus_duttapukur,
bus_e66,0,4,bus_barasat,
bus_e66,0,5,bus_airport,
bus_e66,0,6,bus_belgharia_expressway,
bus_e66,0,7,bus_dunlop,
bus_e66,0,8,bus_dankuni,
bus_e66,0,9,bus_shaktigarh,
bus_e66,0,10,bus_bardhaman_station,
bus_e66,0,11,bus_dewandighi,
bus_e66,0,12,bus_norja_more,
bus_e66,0,13,bus_natunhat,
bus_e66,0,14,bus_futisanko,
bus_e66,0,15,bus_bahadurpur,
bus_e66,0,16,bus_kuli,
bus_e66,0,17,bus_khargram,
bus_e66,0,18,bus_budhigram,
bus_e66,0,19,bus_tarapith,
bus_e66,0,20,bus_barshal,
bus_e66,0,21,bus_rampurhat,
bus_e66,1,1,bus_rampurhat,
bus_e66,1,2,bus_barshal,
bus_e66,1,3,bus_tarapith,
bus_e66,1,4,bus_budhigram,
bus_e66,1,5,bus_khargram,
bus_e66,1,6,bus_kuli,
bus_e66,1,7,bus_bahadurpur,
bus_e66,1,8,bus_futisanko,
bus_e66,1,9,bus_natunhat,
bus_e66,1,10,bus_norja_more,
bus_e66,1,11,bus_dewandighi,
bus_e66,1,12,bus_bardhaman_station,
bus_e66,1,13,bus_shaktigarh,
bus_e66,1,14,bus_dankuni,
bus_e66,1,15,bus_dunlop,
bus_e66,1,16,bus_belgharia_expressway,
bus_e66,1,17,bus_airport,
bus_e66,1,18,bus_barasat,
bus_e66,1,19,bus_duttapukur,
bus_e66,1,20,bus_ashoknagar,
bus_e66,1,21,bus_habra,
bus_e67,0,1,bus_habra,
bus_e67,0,2,bus_ashoknagar,
bus_e67,0,3,bus_duttapukur,
bus_e67,0,4,bus_barasat_chapadali,
bus_e67,0,5,bus_airport,
bus_e67,0,6,bus_belgharia_expressway,
bus_e67,0,7,bus_dunlop,
bus_e67,0,8,bus_dankuni,
bus_e67,0,9,bus_bardhaman,
bus_e67,0,10,bus_durgapur_city_centre,
bus_e67,0,11,bus_durgapur_station,
bus_e67,0,12,bus_barjora,
bus_e67,0,13,bus_beliatore,
bus_e67,0,14,bus_bankura,
bus_e67,0,15,bus_chhatna,
bus_e67,0,16,bus_dallpur,
bus_e67,0,17,bus_kamalpur,
bus_e67,0,18,bus_bishpuriya,
bus_e67,0,19,bus_hura,
bus_e67,0,20,bus_ladhurka,
bus_e67,0,21,bus_surulia,
bus_e67,0,22,bus_purulia,
bus_e67,1,1,bus_purulia,
bus_e67,1,2,bus_surulia,
bus_e67,1,3,bus_ladhurka,
bus_e67,1,4,bus_hura,
bus_e67,1,5,bus_bishpuriya,
bus_e67,1,6,bus_kamalpur,
bus_e67,1,7,bus_dallpur,
bus_e67,1,8,bus_chhatna,
bus_e67,1,9,bus_bankura,
bus_e67,1,10,bus_beliatore,
bus_e67,1,11,bus_barjora,
bus_e67,1,12,bus_durgapur_station,
bus_e67,1,13,bus_durgapur_city_centre,
bus_e67,1,14,bus_bardhaman,
bus_e67,1,15,bus_dankuni,
bus_e67,1,16,bus_dunlop,
bus_e67,1,17,bus_belgharia_expressway,
bus_e67,1,18,bus_airport,
bus_e67,1,19,bus_barasat_chapadali,
bus_e67,1,20,bus_duttapukur,
bus_e67,1,21,bus_ashoknagar,
bus_e67,1,22,bus_habra,
bus_e68,0,1,bus_habra,
bus_e68,0,2,bus_ashoknagar,
bus_e68,0,3,bus_duttapukur,
bus_e68,0,4,bus_barasat,
bus_e68,0,5,bus_airport,
bus_e68,0,6,bus_belgharia_expressway,
bus_e68,0,7,bus_dunlop,
bus_e68,0,8,bus_salap,
bus_e68,0,9,bus_dhulagarh,
bus_e68,0,10,bus_ranihati,
bus_e68,0,11,bus_uluberia,
bus_e68,0,12,bus_bagnan,
bus_e68,0,13,bus_kolaghat,
bus_e68,0,14,bus_mecheda,
bus_e68,0,15,bus_nandakumar,
bus_e68,0,16,bus_brajalalchak,
bus_e68,0,17,bus_chaitanyapur,
bus_e68,0,18,bus_sutahata,
bus_e68,0,19,bus_durgachak,
bus_e68,0,20,bus_haldia_township,
bus_e68,0,21,bus_haldia,
bus_e68,1,1,bus_haldia,
bus_e68,1,2,bus_haldia_township,
bus_e68,1,3,bus_durgachak,
bus_e68,1,4,bus_sutahata,
bus_e68,1,5,bus_chaitanyapur,
bus_e68,1,6,bus_brajalalchak,
bus_e68,1,7,bus_nandakumar,
bus_e68,1,8,bus_mecheda,
bus_e68,1,9,bus_kolaghat,
bus_e68,1,10,bus_bagnan,
bus_e68,1,11,bus_uluberia,
bus_e68,1,12,bus_ranihati,
bus_e68,1,13,bus_dhulagarh,
bus_e68,1,14,bus_salap,
bus_e68,1,15,bus_dunlop,
bus_e68,1,16,bus_belgharia_expressway,
bus_e68,1,17,bus_airport,
bus_e68,1,18,bus_barasat,
bus_e68,1,19,bus_duttapukur,
bus_e68,1,20,bus_ashoknagar,
bus_e68,1,21,bus_habra,
bus_e70,0,1,bus_habra,
bus_e70,0,2,bus_ashoknagar_duttapukur,
bus_e70,0,3,bus_barasat,
bus_e70,0,4,bus_madhyamgram,
bus_e70,0,5,bus_airport,
bus_e70,0,6,bus_dunlop,
bus_e70,0,7,bus_salap,
bus_e70,0,8,bus_dhulagarh,
bus_e70,0,9,bus_bagnan,
bus_e70,0,10,bus_kolaghat,
bus_e70,0,11,bus_mechogram,
bus_e70,0,12,bus_panshkura_bazar,
bus_e70,0,13,bus_ashari,
bus_e70,0,14,bus_debra,
bus_e70,0,15,bus_basantapur,
bus_e70,0,16,bus_kharagpur_chowrangee,
bus_e70,0,17,bus_midnapore_town,
bus_e70,0,18,bus_chandra,
bus_e70,0,19,bus_dherua,
bus_e70,0,20,bus_baita,
bus_e70,0,21,bus_sevayatan,
bus_e70,0,22,bus_jhargram,
bus_e70,1,1,bus_jhargram,
bus_e70,1,2,bus_sevayatan,
bus_e70,1,3,bus_baita,
bus_e70,1,4,bus_dherua,
bus_e70,1,5,bus_chandra,
bus_e70,1,6,bus_midnapore_town,
bus_e70,1,7,bus_kharagpur_chowrangee,
bus_e70,1,8,bus_basantapur,
bus_e70,1,9,bus_debra,
bus_e70,1,10,bus_ashari,
bus_e70,1,11,bus_panshkura_bazar,
bus_e70,1,12,bus_mechogram,
bus_e70,1,13,bus_kolaghat,
bus_e70,1,14,bus_bagnan,
bus_e70,1,15,bus_dhulagarh,
bus_e70,1,16,bus_salap,
bus_e70,1,17,bus_dunlop,
bus_e70,1,18,bus_airport,
bus_e70,1,19,bus_madhyamgram,
bus_e70,1,20,bus_barasat,
bus_e70,1,21,bus_ashoknagar_duttapukur,
bus_e70,1,22,bus_habra,
bus_e71,0,1,bus_esplanade,
bus_e71,0,2,bus_santragachi,
bus_e71,0,3,bus_salap,
bus_e71,0,4,bus_bargachia,
bus_e71,0,5,bus_jagatballavpur,
bus_e71,0,6,bus_dilakhash,
bus_e71,0,7,bus_sukanta_park,
bus_e71,0,8,bus_udaynaryanpur,
bus_e71,1,1,bus_udaynaryanpur,
bus_e71,1,2,bus_sukanta_park,
bus_e71,1,3,bus_dilakhash,
bus_e71,1,4,bus_jagatballavpur,
bus_e71,1,5,bus_bargachia,
bus_e71,1,6,bus_salap,
bus_e71,1,7,bus_santragachi,
bus_e71,1,8,bus_esplanade,
bus_e72,0,1,bus_esplanade,
bus_e72,0,2,bus_exide,
bus_e72,0,3,bus_santragachi,
bus_e72,0,4,bus_salap,
bus_e72,0,5,bus_domjur,
bus_e72,0,6,bus_bargachia,
bus_e72,0,7,bus_sitapur,
bus_e72,0,8,bus_dilakhash,
bus_e72,0,9,bus_jangipara,
bus_e72,1,1,bus_jangipara,
bus_e72,1,2,bus_dilakhash,
bus_e72,1,3,bus_sitapur,
bus_e72,1,4,bus_bargachia,
bus_e72,1,5,bus_domjur,
bus_e72,1,6,bus_salap,
bus_e72,1,7,bus_santragachi,
bus_e72,1,8,bus_exide,
bus_e72,1,9,bus_esplanade,
bus_e73,0,1,bus_howrah_station,
bus_e73,0,2,bus_dalhousie,
bus_e73,0,3,bus_esplanade,
bus_e73,0,4,bus_moulali,
bus_e73,0,5,bus_park_circus,
bus_e73,0,6,bus_science_city,
bus_e73,0,7,bus_ghatakpukur,
bus_e73,0,8,bus_ghusighata,
bus_e73,0,9,bus_minakhan,
bus_e73,0,10,bus_malancha,
bus_e73,0,11,bus_chaital,
bus_e73,0,12,bus_murarishah_chowmatha,
bus_e73,0,13,bus_bhyabla_halt,
bus_e73,0,14,bus_basirhat,
bus_e73,1,1,bus_basirhat,
bus_e73,1,2,bus_bhyabla_halt,
bus_e73,1,3,bus_murarishah_chowmatha,
bus_e73,1,4,bus_chaital,
bus_e73,1,5,bus_malancha,
bus_e73,1,6,bus_minakhan,
bus_e73,1,7,bus_ghusighata,
bus_e73,1,8,bus_ghatakpukur,
bus_e73,1,9,bus_science_city,
bus_e73,1,10,bus_park_circus,
bus_e73,1,11,bus_moulali,
bus_e73,1,12,bus_esplanade,
bus_e73,1,13,bus_dalhousie,
bus_e73,1,14,bus_howrah_station,
bus_e74,0,1,bus_esplanade,
bus_e74,0,2,bus_central_avenue,
bus_e74,0,3,bus_shyambazar,
bus_e74,0,4,bus_dunlop,
bus_e74,0,5,bus_dakshineswar,
bus_e74,0,6,bus_ballyhalt,
bus_e74,0,7,bus_dankuni,
bus_e74,0,8,bus_chanditala,
bus_e74,0,9,bus_mosat,
bus_e74,0,10,bus_sheakhala,
bus_e74,0,11,bus_pirtala,
bus_e74,0,12,bus_paschim_tajpur,
bus_e74,0,13,bus_banamalipur,
bus_e74,0,14,bus_azabnagar,
bus_e74,0,15,bus_basubati,
bus_e74,0,16,bus_basubati_darbar_sharif,
bus_e74,1,1,bus_basubati_darbar_sharif,
bus_e74,1,2,bus_basubati,
bus_e74,1,3,bus_azabnagar,
bus_e74,1,4,bus_banamalipur,
bus_e74,1,5,bus_paschim_tajpur,
bus_e74,1,6,bus_pirtala,
bus_e74,1,7,bus_sheakhala,
bus_e74,1,8,bus_mosat,
bus_e74,1,9,bus_chanditala,
bus_e74,1,10,bus_dankuni,
bus_e74,1,11,bus_ballyhalt,
bus_e74,1,12,bus_dakshineswar,
bus_e74,1,13,bus_dunlop,
bus_e74,1,14,bus_shyambazar,
bus_e74,1,15,bus_central_avenue,
bus_e74,1,16,bus_esplanade,
bus_173,0,1,bus_chingrighata,
bus_173,0,2,bus_paribesh_bhavan,
bus_173,0,3,bus_beleghata,
bus_173,1,1,bus_beleghata,
bus_173,1,2,bus_paribesh_bhavan,
bus_173,1,3,bus_chingrighata,
bus_as1,0,1,bus_mathpukur,
bus_as1,0,2,bus_chingrighata,
bus_as1,0,3,bus_saltlake_ee_block_bus_stop,
bus_as1,1,1,bus_saltlake_ee_block_bus_stop,
bus_as1,1,2,bus_chingrighata,
bus_as1,1,3,bus_mathpukur,
bus_as2,0,1,bus_mathpukur,
bus_as2,0,2,bus_chingrighata,
bus_as2,0,3,bus_saltlake_ee_block_bus_stop,
bus_as2,1,1,bus_saltlake_ee_block_bus_stop,
bus_as2,1,2,bus_chingrighata,
bus_as2,1,3,bus_mathpukur,
bus_as2a,0,1,bus_mathpukur,
bus_as2a,0,2,bus_chingrighata,
bus_as2a,0,3,bus_saltlake_ee_block_bus_stop,
bus_as2a,1,1,bus_saltlake_ee_block_bus_stop,
bus_as2a,1,2,bus_chingrighata,
bus_as2a,1,3,bus_mathpukur,
bus_c18,0,1,bus_dhapa,
bus_c18,0,2,bus_chingrighata,
bus_c18,0,3,bus_mathpukur,
bus_c18,0,4,bus_paribesh_bhavan,
bus_c18,0,5,bus_beleghata,
bus_c18,1,1,bus_beleghata,
bus_c18,1,2,bus_paribesh_bhavan,
bus_c18,1,3,bus_mathpukur,
bus_c18,1,4,bus_chingrighata,
bus_c18,1,5,bus_dhapa,
bus_dhamakhali_barasat,0,1,bus_dhapa,
bus_dhamakhali_barasat,0,2,bus_chingrighata,
bus_dhamakhali_barasat,0,3,bus_mathpukur,
bus_dhamakhali_barasat,1,1,bus_mathpukur,
bus_dhamakhali_barasat,1,2,bus_chingrighata,
bus_dhamakhali_barasat,1,3,bus_dhapa,
bus_dn16,0,1,bus_dhapa,
bus_dn16,0,2,bus_chingrighata,
bus_dn16,0,3,bus_mathpukur,
bus_dn16,0,4,bus_paribesh_bhavan,
bus_dn16,0,5,bus_beleghata,
bus_dn16,1,1,bus_beleghata,
bus_dn16,1,2,bus_paribesh_bhavan,
bus_dn16,1,3,bus_mathpukur,
bus_dn16,1,4,bus_chingrighata,
bus_dn16,1,5,bus_dhapa,
bus_gls11,0,1,bus_dhapa,
bus_gls11,0,2,bus_chingrighata,
bus_gls11,0,3,bus_mathpukur,
bus_gls11,0,4,bus_paribesh_bhavan,
bus_gls11,0,5,bus_beleghata,
bus_gls11,1,1,bus_beleghata,
bus_gls11,1,2,bus_paribesh_bhavan,
bus_gls11,1,3,bus_mathpukur,
bus_gls11,1,4,bus_chingrighata,
bus_gls11,1,5,bus_dhapa,
bus_ic21,0,1,bus_dhapa,
bus_ic21,0,2,bus_chingrighata,
bus_ic21,0,3,bus_mathpukur,
bus_ic21,0,4,bus_paribesh_bhavan,
bus_ic21,0,5,bus_beleghata,
bus_ic21,1,1,bus_beleghata,
bus_ic21,1,2,bus_paribesh_bhavan,
bus_ic21,1,3,bus_mathpukur,
bus_ic21,1,4,bus_chingrighata,
bus_ic21,1,5,bus_dhapa,
bus_jm2,0,1,bus_dhapa,
bus_jm2,0,2,bus_chingrighata,
bus_jm2,0,3,bus_mathpukur,
bus_jm2,0,4,bus_paribesh_bhavan,
bus_jm2,0,5,bus_beleghata,
bus_jm2,1,1,bus_beleghata,
bus_jm2,1,2,bus_paribesh_bhavan,
bus_jm2,1,3,bus_mathpukur,
bus_jm2,1,4,bus_chingrighata,
bus_jm2,1,5,bus_dhapa,
bus_l30b,0,1,bus_babughat,
bus_l30b,0,2,bus_chhatakal,
bus_l30b,0,3,bus_nagerbazar,
bus_l30b,0,4,bus_airport_no_1_gate,
bus_l30b,1,1,bus_airport_no_1_gate,
bus_l30b,1,2,bus_nagerbazar,
bus_l30b,1,3,bus_chhatakal,
bus_l30b,1,4,bus_babughat,
bus_rt007,0,1,bus_dhapa,
bus_rt007,0,2,bus_chingrighata,
bus_rt007,0,3,bus_mathpukur,
bus_rt007,0,4,bus_paribesh_bhavan,
bus_rt007,0,5,bus_beleghata,
bus_rt007,1,1,bus_beleghata,
bus_rt007,1,2,bus_paribesh_bhavan,
bus_rt007,1,3,bus_mathpukur,
bus_rt007,1,4,bus_chingrighata,
bus_rt007,1,5,bus_dhapa,
bus_rt239,0,1,bus_chingrighata,
bus_rt239,0,2,bus_paribesh_bhavan,
bus_rt239,0,3,bus_beleghata,
bus_rt239,1,1,bus_beleghata,
bus_rt239,1,2,bus_paribesh_bhavan,
bus_rt239,1,3,bus_chingrighata,
bus_rt_s_4,0,1,bus_dhapa,
bus_rt_s_4,0,2,bus_mathpukur,
bus_rt_s_4,0,3,bus_paribesh_bhavan,
bus_rt_s_4,0,4,bus_beleghata,
bus_rt_s_4,0,5,bus_saltlake_ee_block_bus_stop,
bus_rt_s_4,1,1,bus_saltlake_ee_block_bus_stop,
bus_rt_s_4,1,2,bus_beleghata,
bus_rt_s_4,1,3,bus_paribesh_bhavan,
bus_rt_s_4,1,4,bus_mathpukur,
bus_rt_s_4,1,5,bus_dhapa,
bus_v9,0,1,bus_kudghat,
bus_v9,0,2,bus_tollygunge_metro,
bus_v9,0,3,bus_prince_anwar_shah_road,
bus_v9,0,4,bus_jadavpur_thana,
bus_v9,0,5,bus_ruby_hospital,
bus_v9,0,6,bus_vip_bazar,
bus_v9,0,7,bus_new_town_bus_depot,
bus_v9,1,1,bus_new_town_bus_depot,
bus_v9,1,2,bus_vip_bazar,
bus_v9,1,3,bus_ruby_hospital,
bus_v9,1,4,bus_jadavpur_thana,
bus_v9,1,5,bus_prince_anwar_shah_road,
bus_v9,1,6,bus_tollygunge_metro,
bus_v9,1,7,bus_kudghat,
