route_id,route_name,mode,operator,origin,destination,headway_min_peak,headway_min_offpeak,first_service,last_service,fare_min_inr,fare_max_inr,source_id,confidence,notes
bus_3,3,bus,WBTC,Dahighat,Sealdah,,,,,,,wbtc_routes,verified,direction 1 is direction 0 reversed (source publishes one direction)
bus_15,15,bus,WBTC,Ultadanga,Howrah Station,,,,,,,wbtc_routes,verified,direction 1 is direction 0 reversed (source publishes one direction)
bus_33,33,bus,WBTC,Chetla,Paikpara,,,,,,,wbtc_routes,verified,WBTC stoppage list printed from the far end; reordered origin to destination; direction 1 is direction 0 reversed (source publishes one direction)
bus_7a,7A,bus,WBTC,Sarsuna Bus terminus,Howrah Station,,,,,,,wbtc_routes;kolbusopedia,verified,Kolkata Bus-O-Pedia section: Routes operated by WBTC (CSTC Management); stop list from Bus-O-Pedia (names more stops); WBTC lists Sarsuna to Howrah; direction 1 is direction 0 reversed (source publishes one direction); OSM relation r15340055
bus_11a,11A,bus,WBTC,Dum Dum,Howrah Station,,,,,,,wbtc_routes,verified,direction 1 is direction 0 reversed (source publishes one direction)
bus_14a,14A,bus,WBTC,Bichali Ghat,Bikash Bhawan,,,,,,,wbtc_routes;kolbusopedia,verified,Kolkata Bus-O-Pedia section: Routes operated by WBTC (CSTC Management); stop list from WBTC; Bus-O-Pedia lists Ramnagar to Bikash Bhawan; direction 1 is direction 0 reversed (source publishes one direction); OSM relation r15413525
bus_5_n,5-N,bus,WBTC,Garia,Nabanna,,,,,,,wbtc_routes,verified,direction 1 is direction 0 reversed (source publishes one direction)
bus_6_n,6-N,bus,WBTC,Garia,Nabanna,,,,,,,wbtc_routes,verified,direction 1 is direction 0 reversed (source publishes one direction)
bus_12n,12N,bus,WBTC,Thakurpukur,Nabanna,,,,,,,wbtc_routes,verified,direction 1 is direction 0 reversed (source publishes one direction)
bus_ac1,AC-1,bus,WBTC,Jadavpur 8B,Howrah Station,,,,,,,wbtc_routes;kolbusopedia,verified,AC; Kolkata Bus-O-Pedia section: Routes operated by WBTC (CSTC Management); stop list from Bus-O-Pedia (names more stops); WBTC lists Jadavpore to Howrah; direction 1 is direction 0 reversed (source publishes one direction); OSM relation r15337022
bus_ac2,AC-2,bus,WBTC,Barasat,Howrah Station,,,,,,,wbtc_routes;kolbusopedia,verified,AC; Kolkata Bus-O-Pedia section: Routes operated by WBTC (CSTC Management); stop list from WBTC; Bus-O-Pedia lists Barasat Chapadali to Howrah Station; direction 1 is direction 0 reversed (source publishes one direction); OSM relation r15337120
bus_ac4,AC-4,bus,WBTC,Parnashree,Howrah,,,,,,,wbtc_routes;kolbusopedia,verified,AC; Kolkata Bus-O-Pedia section: Routes operated by WBTC (CSTC Management); stop list from WBTC; Bus-O-Pedia lists Parnashree to Howrah bus stand; direction 1 is direction 0 reversed (source publishes one direction); OSM relation r15340023
bus_ac4a,AC-4A,bus,WBTC,Parnashree,Shapoorji,,,,,,,wbtc_routes,verified,AC; direction 1 is direction 0 reversed (source publishes one direction)
bus_ac4b,AC-4B,bus,WBTC,Joka,Newtown,,,,,,,wbtc_routes,verified,AC; direction 1 is direction 0 reversed (source publishes one direction)
bus_ac5,AC-5,bus,WBTC,Garia 5no. Bus Stand,Howrah Station,,,,,,,wbtc_routes;kolbusopedia,verified,AC; Kolkata Bus-O-Pedia section: Routes operated by WBTC (CSTC Management); stop list from Bus-O-Pedia (names more stops); WBTC lists Garia to Howrah; direction 1 is direction 0 reversed (source publishes one direction); OSM relation r15340041
bus_ac6,AC-6,bus,WBTC,Garia 6no. Bus stand,Howrah Station,,,,,,,wbtc_routes;kolbusopedia,verified,AC; WBTC stoppage list printed from the far end; reordered origin to destination; Kolkata Bus-O-Pedia section: Routes operated by WBTC (CSTC Management); stop list from Bus-O-Pedia (names more stops); WBTC lists Garia to Howrah; direction 1 is direction 0 reversed (source publishes one direction); OSM relation r5123686
bus_ac9,AC-9,bus,WBTC,Jadavpur,Saltlake Karunamoyee,,,,,,,wbtc_routes;kolbusopedia,verified,AC; Kolkata Bus-O-Pedia section: Routes operated by WBTC (CSTC Management); stop list from Bus-O-Pedia (names more stops); WBTC lists Jadavpore to Karunamoyee; direction 1 is direction 0 reversed (source publishes one direction); OSM relation r15351824
bus_ac9b,AC-9B,bus,WBTC,Jadavpur,Amity University (Ecospace),,,,,,,wbtc_routes;kolbusopedia,verified,AC; Kolkata Bus-O-Pedia section: Routes operated by WBTC (CSTC Management); stop list from Bus-O-Pedia (names more stops); WBTC lists Jadavpore to Eco Space; direction 1 is direction 0 reversed (source publishes one direction); OSM relation r15351827
bus_ac12,AC-12,bus,WBTC,Shapooji Housing (Sukho Brishti),Howrah Station,,,,,,,wbtc_routes;kolbusopedia,verified,AC; Kolkata Bus-O-Pedia section: Routes operated by WBTC (CSTC Management); stop list from Bus-O-Pedia (names more stops); WBTC lists New Town (Sapoorji) to Howrah; direction 1 is direction 0 reversed (source publishes one direction); OSM relation r15413408
bus_ac12d,AC-12D,bus,WBTC,Thakurpukur 3A (Joka),Howrah Station,,,,,,,wbtc_routes;kolbusopedia,verified,AC; Kolkata Bus-O-Pedia section: Routes operated by WBTC (CSTC Management); stop list from Bus-O-Pedia (names more stops); WBTC lists Joka to Howrah; direction 1 is direction 0 reversed (source publishes one direction); OSM relation r15413407
bus_ac14,AC-14,bus,WBTC,Baruipur Fultala,Saltlake Karunamoyee,,,,,,,wbtc_routes;kolbusopedia,verified,AC; Kolkata Bus-O-Pedia section: Routes operated by WBTC (CSTC Management); stop list from Bus-O-Pedia (names more stops); WBTC lists Baruipur New Terminus to Karunamoyee (Salt Lake); direction 1 is direction 0 reversed (source publishes one direction); OSM relation r15413497
bus_ac20,AC-20,bus,WBTC,Barrackpore Chiriamore,Santragachi Bus Terminus,,,,,,,wbtc_routes;kolbusopedia,verified,AC; Kolkata Bus-O-Pedia section: Routes operated by WBTC (CSTC Management); stop list from Bus-O-Pedia (names more stops); WBTC lists Santragachi to Barrackpore; direction 1 is direction 0 reversed (source publishes one direction); OSM relation r15413576
bus_ac23a,AC-23A,bus,WBTC,Saltlake Karunamoyee,Rajchandrapur (Ballyhalt),,,,,,,wbtc_routes;kolbusopedia,verified,AC; Kolkata Bus-O-Pedia section: Routes operated by WBTC (CSTC Management); stop list from Bus-O-Pedia (names more stops); WBTC lists Salt Lake Depot Gate to Rajchandrapur; direction 1 is direction 0 reversed (source publishes one direction); OSM relation r15414046
bus_ac24,AC-24,bus,WBTC,Patuli,Howrah Station,,,,,,,wbtc_routes;kolbusopedia,verified,AC; Kolkata Bus-O-Pedia section: Routes operated by WBTC (CSTC Management); stop list from Bus-O-Pedia (names more stops); WBTC lists Patuli to Howrah; direction 1 is direction 0 reversed (source publishes one direction); OSM relation r15414126
bus_ac24a,AC-24A,bus,WBTC,Kamalgazi,Howrah Station,,,,,,,wbtc_routes;kolbusopedia,verified,AC; Kolkata Bus-O-Pedia section: Routes operated by WBTC (CSTC Management); stop list from Bus-O-Pedia (names more stops); WBTC lists Kamalgazi to Howrah Station; direction 1 is direction 0 reversed (source publishes one direction); OSM relation r15414128
bus_ac30,AC-30,bus,WBTC,Lake Town (Jaya Cinema),Howrah Station,,,,,,,wbtc_routes,verified,AC; direction 1 is direction 0 reversed (source publishes one direction)
bus_ac30s_it_spl,AC-30S (IT Spl.),bus,WBTC,Bidhannagar Station,Ecospace,,,,,,,wbtc_routes;kolbusopedia,verified,AC; Kolkata Bus-O-Pedia section: Routes operated by WBTC (CSTC Management); stop list from Bus-O-Pedia (names more stops); WBTC lists Ultadanga to Sapoorji; direction 1 is direction 0 reversed (source publishes one direction)
bus_ac31,AC-31,bus,WBTC,Behala Chowrasta,Jadavpur 8B,,,,,,,wbtc_routes;kolbusopedia,verified,AC; Kolkata Bus-O-Pedia section: Routes operated by WBTC (CSTC Management); stop list from Bus-O-Pedia (names more stops); WBTC lists Behala Chowrastha to Jadavpur; direction 1 is direction 0 reversed (source publishes one direction); OSM relation r15414370
bus_ac37,AC-37,bus,WBTC,Barasat Champadali,Garia Bus Stand,,,,,,,wbtc_routes;kolbusopedia,verified,AC; Kolkata Bus-O-Pedia section: Routes operated by WBTC (CSTC Management); stop list from Bus-O-Pedia (names more stops); WBTC lists Garia to Barasat; direction 1 is direction 0 reversed (source publishes one direction); OSM relation r15417512
bus_ac37a,AC-37A,bus,WBTC,Airport Domestic Terminus,Garia Bus Stand,,,,,,,wbtc_routes;kolbusopedia,verified,AC; Kolkata Bus-O-Pedia section: Routes operated by WBTC (CSTC Management); stop list from Bus-O-Pedia (names more stops); WBTC lists Garia to Air Port; direction 1 is direction 0 reversed (source publishes one direction); OSM relation r15417509
bus_ac38,AC-38,bus,WBTC,Dumdum Station,Saltlake Karunamoyee,,,,,,,wbtc_routes;kolbusopedia,verified,AC; Kolkata Bus-O-Pedia section: Routes operated by WBTC (CSTC Management); stop list from Bus-O-Pedia (names more stops); WBTC lists Dum Dum 11A Stand to Karunamoyee; direction 1 is direction 0 reversed (source publishes one direction); OSM relation r15417606
bus_ac39,AC-39,bus,WBTC,Airport Domestic Terminus,Howrah Station,,,,,,,wbtc_routes;kolbusopedia,verified,"AC; Kolkata Bus-O-Pedia section: Routes operated by WBTC (CSTC Management); stop list from Bus-O-Pedia (names more stops); WBTC lists Howrah to Air Port; direction 1 is direction 0 reversed (source publishes one direction); OSM relation r15417628,r15417631"
bus_ac40,AC-40,bus,WBTC,Airport Gate 1,Howrah Maidan,,,,,,,wbtc_routes;kolbusopedia,verified,AC; Kolkata Bus-O-Pedia section: Routes operated by WBTC (CSTC Management); stop list from Bus-O-Pedia (names more stops); WBTC lists Airport Gate No. 1 to Howrah Maidan; direction 1 is direction 0 reversed (source publishes one direction)
bus_ac43,AC-43,bus,WBTC,Golf Green,Airport Domestic Terminus,,,,,,,wbtc_routes;kolbusopedia,verified,AC; Kolkata Bus-O-Pedia section: Routes operated by WBTC (CSTC Management); stop list from Bus-O-Pedia (names more stops); WBTC lists Golf Green to Air Port; direction 1 is direction 0 reversed (source publishes one direction); OSM relation r15418863
bus_ac47,AC-47,bus,WBTC,Kudghat,Shapooji Housing,,,,,,,wbtc_routes;kolbusopedia,verified,AC; Kolkata Bus-O-Pedia section: Routes operated by WBTC (CSTC Management); stop list from Bus-O-Pedia (names more stops); WBTC lists Kundghat to Sapoorji; direction 1 is direction 0 reversed (source publishes one direction); OSM relation r15418910
bus_ac50a,AC-50A,bus,WBTC,Rajchandrapur (Ballyhalt),Garia Bus Stand,,,,,,,wbtc_routes;kolbusopedia,verified,AC; Kolkata Bus-O-Pedia section: Routes operated by WBTC (CSTC Management); stop list from Bus-O-Pedia (names more stops); WBTC lists Garia to Rajchandra- pur; direction 1 is direction 0 reversed (source publishes one direction); OSM relation r15421918
bus_ac52,AC-52,bus,WBTC,Amtala,Howrah Station,,,,,,,wbtc_routes;kolbusopedia,verified,AC; Kolkata Bus-O-Pedia section: Routes operated by WBTC (CSTC Management); stop list from Bus-O-Pedia (names more stops); WBTC lists Amtala to Howrah; direction 1 is direction 0 reversed (source publishes one direction); OSM relation r15421939
bus_c2a,C2A,bus,WBTC,Tollygunge,Ghatatkpukur,,,,,,,wbtc_routes,verified,direction 1 is direction 0 reversed (source publishes one direction)
bus_c7,C7,bus,WBTC,Howrah,H M Ghosh College,,,,,,,wbtc_routes;kolbusopedia,verified,"Kolkata Bus-O-Pedia section: Routes operated by WBTC(CTC) management ""C"" series; stop list from WBTC; Bus-O-Pedia lists Harimohan Ghosh College to Howrah Station; direction 1 is direction 0 reversed (source publishes one direction)"
bus_c8,C8,bus,WBTC,Barasat Kazipara depot,Joka tram Depot,,,,,,,wbtc_routes;kolbusopedia,verified,"Kolkata Bus-O-Pedia section: Routes operated by WBTC(CTC) management ""C"" series; stop list from Bus-O-Pedia (names more stops); WBTC lists Barasat to Joka; direction 1 is direction 0 reversed (source publishes one direction)"
bus_c23,C23,bus,WBTC,Dankuni Housing,Park Circus tram Depot,,,,,,,wbtc_routes;kolbusopedia,verified,"Kolkata Bus-O-Pedia section: Routes operated by WBTC(CTC) management ""C"" series; stop list from Bus-O-Pedia (names more stops); WBTC lists Park Circus to Dankuni; direction 1 is direction 0 reversed (source publishes one direction)"
bus_c24,C24,bus,WBTC,Rajabazar,Howrah,,,,,,,wbtc_routes,verified,direction 1 is direction 0 reversed (source publishes one direction)
bus_c26,C26,bus,WBTC,Howrah Station,Baruipur Fultala Central Terminus,,,,,,,wbtc_routes;kolbusopedia,verified,"Kolkata Bus-O-Pedia section: Routes operated by WBTC(CTC) management ""C"" series; stop list from Bus-O-Pedia (names more stops); WBTC lists Baruipur to Howrah; direction 1 is direction 0 reversed (source publishes one direction)"
bus_c28,C28,bus,WBTC,Howrah Station,Barrackpore Court,,,,,,,wbtc_routes;kolbusopedia,verified,"Kolkata Bus-O-Pedia section: Routes operated by WBTC(CTC) management ""C"" series; stop list from Bus-O-Pedia (names more stops); WBTC lists Barrackpur to Howrah; direction 1 is direction 0 reversed (source publishes one direction)"
bus_c29,C29,bus,WBTC,Barrackpur,Barasat,,,,,,,wbtc_routes;kolbusopedia,verified,"Kolkata Bus-O-Pedia section: Routes operated by WBTC(CTC) management ""C"" series; stop list from WBTC; Bus-O-Pedia lists Barrackpore Court to Barasat Bus stand; direction 1 is direction 0 reversed (source publishes one direction)"
bus_c31,C31,bus,WBTC,Karunamoyee,Bhattanagar,,,,,,,wbtc_routes,verified,direction 1 is direction 0 reversed (source publishes one direction)
bus_c36,C36,bus,WBTC,Rajabazar Tram Depot,Chandmari,,,,,,,wbtc_routes;kolbusopedia,verified,"Kolkata Bus-O-Pedia section: Routes operated by WBTC(CTC) management ""C"" series; stop list from Bus-O-Pedia (names more stops); WBTC lists Rajabazar to Hanskhali; direction 1 is direction 0 reversed (source publishes one direction)"
bus_c37,C37,bus,WBTC,Howrah Station,Amtala,,,,,,,wbtc_routes;kolbusopedia,verified,"Kolkata Bus-O-Pedia section: Routes operated by WBTC(CTC) management ""C"" series; stop list from Bus-O-Pedia (names more stops); WBTC lists Amtala to Howrah; direction 1 is direction 0 reversed (source publishes one direction)"
bus_c42,C42,bus,WBTC,Ganganagar,Howrah,,,,,,,wbtc_routes,verified,direction 1 is direction 0 reversed (source publishes one direction)
bus_c43,C43,bus,WBTC,Habra WBTC depot,Garia Bus Stand,,,,,,,wbtc_routes;kolbusopedia,verified,"Kolkata Bus-O-Pedia section: Routes operated by WBTC(CTC) management ""C"" series; stop list from Bus-O-Pedia (names more stops); WBTC lists Habra to Garia; direction 1 is direction 0 reversed (source publishes one direction)"
bus_c46,C46,bus,WBTC,Baruipur,Nabanna,,,,,,,wbtc_routes,verified,direction 1 is direction 0 reversed (source publishes one direction)
bus_c48,C48,bus,WBTC,Barasat/ Ecospace,Baruipur,,,,,,,wbtc_routes,verified,direction 1 is direction 0 reversed (source publishes one direction)
bus_d17,D17,bus,WBTC,Garia,KWIC,,,,,,,wbtc_routes,verified,direction 1 is direction 0 reversed (source publishes one direction)
bus_d1a,D1A,bus,WBTC,Barasat,Tollygunge,,,,,,,wbtc_routes,verified,direction 1 is direction 0 reversed (source publishes one direction)
bus_e1,E-1,bus,WBTC,Jadavpur 8B,Howrah Station,,,,,,,wbtc_routes;kolbusopedia,verified,Kolkata Bus-O-Pedia section: Routes operated by WBTC (CSTC Management); stop list from Bus-O-Pedia (names more stops); WBTC lists Jadavpore to Howrah; direction 1 is direction 0 reversed (source publishes one direction); OSM relation r15337023
bus_e4,E-4,bus,WBTC,Parnashree,Howrah bus stand (Executive),,,,,,,wbtc_routes;kolbusopedia,verified,Kolkata Bus-O-Pedia section: Routes operated by WBTC (CSTC Management); stop list from Bus-O-Pedia (names more stops); WBTC lists Parnasree to Howrah; direction 1 is direction 0 reversed (source publishes one direction); OSM relation r15340024
bus_e32,E-32,bus,WBTC,Neilgunj,Howrah Station,,,,,,,wbtc_routes;kolbusopedia,verified,Kolkata Bus-O-Pedia section: D & E Series; stop list from WBTC; Bus-O-Pedia lists Esplanade to Aantpur; direction 1 is direction 0 reversed (source publishes one direction)
bus_e36,E36,bus,WBTC,Habra,Santragachi,,,,,,,wbtc_routes;kolbusopedia,verified,Kolkata Bus-O-Pedia section: D & E Series; stop list from WBTC; Bus-O-Pedia lists Esplanade to Santragachi; direction 1 is direction 0 reversed (source publishes one direction)
bus_e_36_spl,E 36 Spl,bus,WBTC,Barasat,Santragachi,,,,,,,wbtc_routes,verified,direction 1 is direction 0 reversed (source publishes one direction)
bus_e_37a,E 37A,bus,WBTC,Barasat,Esplanade,,,,,,,wbtc_routes,verified,direction 1 is direction 0 reversed (source publishes one direction)
bus_e43a,E43A,bus,WBTC,Howrah,Bhebia,,,,,,,wbtc_routes,verified,direction 1 is direction 0 reversed (source publishes one direction)
bus_e75,E75,bus,WBTC,Barasat,Baruipur,,,,,,,wbtc_routes;kolbusopedia,verified,Kolkata Bus-O-Pedia section: D & E Series; stop list from WBTC; Bus-O-Pedia lists Barasat to Baruipur; direction 1 is direction 0 reversed (source publishes one direction)
bus_e77,E77,bus,WBTC,Esplanade,Sukanta Park,,,,,,,wbtc_routes,verified,direction 1 is direction 0 reversed (source publishes one direction)
bus_eb1,EB1,bus,WBTC,Nabanna,Newtown,,,,,,,wbtc_routes,verified,direction 1 is direction 0 reversed (source publishes one direction)
bus_eb3,EB3,bus,WBTC,Tollygunge,Ecospace,,,,,,,wbtc_routes,verified,direction 1 is direction 0 reversed (source publishes one direction)
bus_eb12,EB-12,bus,WBTC,Barasat,Shapoorji,,,,,,,wbtc_routes,verified,direction 1 is direction 0 reversed (source publishes one direction)
bus_eb14,EB-14,bus,WBTC,Santragachi,Ecospace,,,,,,,wbtc_routes,verified,direction 1 is direction 0 reversed (source publishes one direction)
bus_m7b,M-7B,bus,WBTC,Shibrampur,Howrah Station,,,,,,,wbtc_routes,verified,direction 1 is direction 0 reversed (source publishes one direction)
bus_m7c,M-7C,bus,WBTC,Sasthir More,Howrah Station,,,,,,,wbtc_routes,verified,direction 1 is direction 0 reversed (source publishes one direction)
bus_m7d,M-7D,bus,WBTC,Sonamukhi Bazar,Kankurgachi,,,,,,,wbtc_routes,verified,direction 1 is direction 0 reversed (source publishes one direction)
bus_m7e,M-7E,bus,WBTC,Bagpota,Howrah Station,,,,,,,wbtc_routes,verified,direction 1 is direction 0 reversed (source publishes one direction)
bus_m7k,M-7K,bus,WBTC,Khudiram Park (Sarsuna),Sealdah (Rajabazar T.D. ),,,,,,,wbtc_routes,verified,direction 1 is direction 0 reversed (source publishes one direction)
bus_m14,M-14,bus,WBTC,Behala,Newtown,,,,,,,wbtc_routes,verified,direction 1 is direction 0 reversed (source publishes one direction)
bus_m24,M-24,bus,WBTC,Shibtala Math,Howrah Station,,,,,,,wbtc_routes,verified,direction 1 is direction 0 reversed (source publishes one direction)
bus_midi_1,MIDI - 1,bus,WBTC,Howrah Maidan,Rajabazar Tram Depot,,,,,,,wbtc_routes,verified,direction 1 is direction 0 reversed (source publishes one direction)
bus_s2,S-2,bus,WBTC,Kudghat,Howrah Station,,,,,,,wbtc_routes;kolbusopedia,verified,Kolkata Bus-O-Pedia section: Routes operated by WBTC (CSTC Management); stop list from Bus-O-Pedia (names more stops); WBTC lists Kundghat to Howrah; direction 1 is direction 0 reversed (source publishes one direction); OSM relation r15337021
bus_s3a,S-3A,bus,WBTC,Thakurpukur,Sealdah(Rajabajar),,,,,,,wbtc_routes;kolbusopedia,verified,"Kolkata Bus-O-Pedia section: Routes operated by WBTC (CSTC Management); stop list from Bus-O-Pedia (names more stops); WBTC lists Thakurpukur to Sealdah; direction 1 is direction 0 reversed (source publishes one direction); OSM relation r15322671,r15337155,r19652630"
bus_s3b,S-3B,bus,WBTC,Behala 14 number,Kankurgachi,,,,,,,wbtc_routes;kolbusopedia,verified,Kolkata Bus-O-Pedia section: Routes operated by WBTC (CSTC Management); stop list from Bus-O-Pedia (names more stops); WBTC lists Behala to Kankurgachi; direction 1 is direction 0 reversed (source publishes one direction); OSM relation r15337181
bus_s3w,S-3W,bus,WBTC,Thakurpukur 3A bus stand (Joka),Amity University (Ecospace),,,,,,,wbtc_routes;kolbusopedia,verified,Kolkata Bus-O-Pedia section: Routes operated by WBTC (CSTC Management); stop list from Bus-O-Pedia (names more stops); WBTC lists Joka to Eco Space; direction 1 is direction 0 reversed (source publishes one direction); OSM relation r15337240
bus_s4,S-4,bus,WBTC,Parnashree,Saltlake Karunamoyee,,,,,,,wbtc_routes;kolbusopedia,verified,"Kolkata Bus-O-Pedia section: Routes operated by WBTC (CSTC Management); stop list from Bus-O-Pedia (names more stops); WBTC lists Parnashree to Karunamoyee; direction 1 is direction 0 reversed (source publishes one direction); OSM relation r3221996,r15339995"
bus_s4c,S-4C,bus,WBTC,Haridevpur,Howrah Station,,,,,,,wbtc_routes;kolbusopedia,verified,Kolkata Bus-O-Pedia section: Routes operated by WBTC (CSTC Management); stop list from Bus-O-Pedia (names more stops); WBTC lists Haridebpur to Howrah; direction 1 is direction 0 reversed (source publishes one direction); OSM relation r15340018
bus_s4d,S-4D,bus,WBTC,Parnashree,Newtown Bus Stand,,,,,,,wbtc_routes;kolbusopedia,verified,Kolkata Bus-O-Pedia section: Routes operated by WBTC (CSTC Management); stop list from Bus-O-Pedia (names more stops); WBTC lists Parnashri to Eco Space; direction 1 is direction 0 reversed (source publishes one direction); OSM relation r15340017
bus_s5,S-5,bus,WBTC,Garia 5no. Bus Stand,Howrah Station,,,,,,,wbtc_routes;kolbusopedia,verified,Kolkata Bus-O-Pedia section: Routes operated by WBTC (CSTC Management); stop list from Bus-O-Pedia (names more stops); WBTC lists Garia to Howrah; direction 1 is direction 0 reversed (source publishes one direction); OSM relation r15340031
bus_s7,S-7,bus,WBTC,Garia 6no. Bus stand,Howrah Station,,,,,,,wbtc_routes;kolbusopedia,verified,Kolkata Bus-O-Pedia section: Routes operated by WBTC (CSTC Management); stop list from Bus-O-Pedia (names more stops); WBTC lists Garia to Howrah; direction 1 is direction 0 reversed (source publishes one direction); OSM relation r15340064
bus_s9,S-9,bus,WBTC,Jadavpur,Saltlake Karunamoyee,,,,,,,wbtc_routes;kolbusopedia,verified,"Kolkata Bus-O-Pedia section: Routes operated by WBTC (CSTC Management); stop list from Bus-O-Pedia (names more stops); WBTC lists Jadavpore to Karunamoyee; direction 1 is direction 0 reversed (source publishes one direction); OSM relation r3221997,r15351819"
bus_s9a,S-9A,bus,WBTC,Dunlop,Ballygunge Station,,,,,,,wbtc_routes;kolbusopedia,verified,Kolkata Bus-O-Pedia section: Routes operated by WBTC (CSTC Management); stop list from Bus-O-Pedia (names more stops); WBTC lists Dunlop to Ballygunge; direction 1 is direction 0 reversed (source publishes one direction); OSM relation r15351851
bus_s9c,S-9C,bus,WBTC,Kamalgazi,Ecospace,,,,,,,wbtc_routes;kolbusopedia,verified,Kolkata Bus-O-Pedia section: Routes operated by WBTC (CSTC Management); stop list from Bus-O-Pedia (names more stops); WBTC lists Kamalgazi to Eco Space; direction 1 is direction 0 reversed (source publishes one direction); OSM relation r15352333
bus_s10,S-10,bus,WBTC,Airport gate 3,Nabanna Bus Terminus,,,,,,,wbtc_routes;kolbusopedia,verified,Kolkata Bus-O-Pedia section: Routes operated by WBTC (CSTC Management); stop list from Bus-O-Pedia (names more stops); WBTC lists Airport to Nabanna; direction 1 is direction 0 reversed (source publishes one direction)
bus_s10a,S-10A,bus,WBTC,Ballygunge Station,Howrah Station,,,,,,,wbtc_routes;kolbusopedia,verified,Kolkata Bus-O-Pedia section: Routes operated by WBTC (CSTC Management); stop list from Bus-O-Pedia (names more stops); WBTC lists Ballygunge to Howrah; direction 1 is direction 0 reversed (source publishes one direction); OSM relation r15352350
bus_s11,S-11,bus,WBTC,Nilgaunj Depot,Esplanade L20,,,,,,,wbtc_routes;kolbusopedia,verified,"Kolkata Bus-O-Pedia section: Routes operated by WBTC (CSTC Management); stop list from Bus-O-Pedia (names more stops); WBTC lists Neilgunj to Esplanade; direction 1 is direction 0 reversed (source publishes one direction); OSM relation r15327164,r19663635"
bus_s12,S-12,bus,WBTC,Newtown Bus Stand,Howrah Station,,,,,,,wbtc_routes;kolbusopedia,verified,Kolkata Bus-O-Pedia section: Routes operated by WBTC (CSTC Management); stop list from Bus-O-Pedia (names more stops); WBTC lists New Town to Howrah; direction 1 is direction 0 reversed (source publishes one direction); OSM relation r15395997
bus_s12d,S-12D,bus,WBTC,Thakurpukur 3A,Howrah Station,,,,,,,wbtc_routes;kolbusopedia,verified,Kolkata Bus-O-Pedia section: Routes operated by WBTC (CSTC Management); stop list from Bus-O-Pedia (names more stops); WBTC lists Thakurpukur to Howrah; direction 1 is direction 0 reversed (source publishes one direction); OSM relation r15395996
bus_s12e,S-12E,bus,WBTC,Amity University (Ecospace),Howrah Station,,,,,,,wbtc_routes;kolbusopedia,verified,Kolkata Bus-O-Pedia section: Routes operated by WBTC (CSTC Management); stop list from Bus-O-Pedia (names more stops); WBTC lists Howrah Station to Hiland Willow/ Picnic Park; direction 1 is direction 0 reversed (source publishes one direction); OSM relation r15405586
bus_s14,S-14,bus,WBTC,Garia Bus Stand,Saltlake Karunamoyee,,,,,,,wbtc_routes;kolbusopedia,verified,Kolkata Bus-O-Pedia section: Routes operated by WBTC (CSTC Management); stop list from Bus-O-Pedia (names more stops); WBTC lists Garia to Karunamoyee; direction 1 is direction 0 reversed (source publishes one direction); OSM relation r15413412
bus_s16,S-16,bus,WBTC,Thakurpukur,Saltlake,,,,,,,wbtc_routes,verified,direction 1 is direction 0 reversed (source publishes one direction)
bus_s17a,S-17A,bus,WBTC,Ariadaha (Dakshineswar),Kundghat,,,,,,,wbtc_routes;kolbusopedia,verified,Kolkata Bus-O-Pedia section: Routes operated by WBTC (CSTC Management); stop list from Bus-O-Pedia (names more stops); WBTC lists Ariadaha to Kundghat; direction 1 is direction 0 reversed (source publishes one direction); OSM relation r15413564
bus_s21,S-21,bus,WBTC,Bagbazar,Garia Bus Stand,,,,,,,wbtc_routes;kolbusopedia,verified,WBTC stoppage list printed from the far end; reordered origin to destination; Kolkata Bus-O-Pedia section: Routes operated by WBTC (CSTC Management); stop list from Bus-O-Pedia (names more stops); WBTC lists Garia to Baghbazar; direction 1 is direction 0 reversed (source publishes one direction); OSM relation r15413708
bus_s22,S-22,bus,WBTC,Shakuntala Park,Saltlake Karunamoyee,,,,,,,wbtc_routes;kolbusopedia,verified,WBTC stoppage list printed from the far end; reordered origin to destination; Kolkata Bus-O-Pedia section: Routes operated by WBTC (CSTC Management); stop list from Bus-O-Pedia (names more stops); WBTC lists Karunamoyee to Sakuntala Park; direction 1 is direction 0 reversed (source publishes one direction); OSM relation r15413988
bus_s23a,S-23A,bus,WBTC,Saltlake Karunamoyee,Rajchandrapur (Ballyhalt),,,,,,,wbtc_routes;kolbusopedia,verified,Kolkata Bus-O-Pedia section: Routes operated by WBTC (CSTC Management); stop list from Bus-O-Pedia (names more stops); WBTC lists Rajchandrapur to Karunamoyee; direction 1 is direction 0 reversed (source publishes one direction); OSM relation r15414041
bus_s24,S-24,bus,WBTC,Kamalgazi,Howrah Station,,,,,,,wbtc_routes;kolbusopedia,verified,Kolkata Bus-O-Pedia section: Routes operated by WBTC (CSTC Management); stop list from Bus-O-Pedia (names more stops); WBTC lists Kamalgazi to Howrah; direction 1 is direction 0 reversed (source publishes one direction); OSM relation r15414051
bus_s24n,S-24N,bus,WBTC,Patuli,Nabanna,,,,,,,wbtc_routes,verified,direction 1 is direction 0 reversed (source publishes one direction)
bus_s30_it_spl,S-30 (IT. Spl.),bus,WBTC,Bidhannagar Station,Ecospace,,,,,,,wbtc_routes;kolbusopedia,verified,Kolkata Bus-O-Pedia section: Routes operated by WBTC (CSTC Management); stop list from Bus-O-Pedia (names more stops); WBTC lists Ultadanga to Eco Space; direction 1 is direction 0 reversed (source publishes one direction)
bus_s30a,S-30A,bus,WBTC,Ultadanga - Salt Lake-Ultadanga,Circuitous Service,,,,,,,wbtc_routes,verified,direction 1 is direction 0 reversed (source publishes one direction); OSM relation r15414339
bus_s31,S-31,bus,WBTC,Behala Chowrasta,Jadavpur 8B,,,,,,,wbtc_routes;kolbusopedia,verified,Kolkata Bus-O-Pedia section: Routes operated by WBTC (CSTC Management); stop list from Bus-O-Pedia (names more stops); WBTC lists Jadavpore to Janakalyan; direction 1 is direction 0 reversed (source publishes one direction); OSM relation r15414366
bus_s32,S-32,bus,WBTC,Barrackpore,Howrah Station,,,,,,,wbtc_routes;kolbusopedia,verified,Kolkata Bus-O-Pedia section: Routes operated by WBTC (CSTC Management); stop list from WBTC; Bus-O-Pedia lists Barrackpore Dhobi Ghat to Howrah Station; direction 1 is direction 0 reversed (source publishes one direction); OSM relation r15417403
bus_s32a,S-32A,bus,WBTC,Dunlop,Howrah Station,,,,,,,wbtc_routes;kolbusopedia,verified,Kolkata Bus-O-Pedia section: Routes operated by WBTC (CSTC Management); stop list from WBTC; Bus-O-Pedia lists Dunlop to Howrah Station; direction 1 is direction 0 reversed (source publishes one direction); OSM relation r15417405
bus_s34b,S-34B,bus,WBTC,Barrackpur Court,W. B. State University (Barasat),,,,,,,wbtc_routes,verified,direction 1 is direction 0 reversed (source publishes one direction)
bus_s34c,S-34C,bus,WBTC,State University,Nagerbazar,,,,,,,wbtc_routes,verified,direction 1 is direction 0 reversed (source publishes one direction)
bus_s_37,S - 37,bus,WBTC,Barasat Kazipara,Garia Bus Stand,,,,,,,wbtc_routes;kolbusopedia,verified,Kolkata Bus-O-Pedia section: Routes operated by WBTC (CSTC Management); stop list from Bus-O-Pedia (names more stops); WBTC lists Garia to Barasat; direction 1 is direction 0 reversed (source publishes one direction); OSM relation r15417415
bus_s45,S-45,bus,WBTC,Shakuntala Park,Kolkata Station,,,,,,,wbtc_routes;kolbusopedia,verified,Kolkata Bus-O-Pedia section: Routes operated by WBTC (CSTC Management); stop list from WBTC; Bus-O-Pedia lists Kolkata Station to Shakuntala Park; direction 1 is direction 0 reversed (source publishes one direction); OSM relation r15418872
bus_s46,S-46,bus,WBTC,Akra Rabindra Nagar,Saltlake Karunamoyee,,,,,,,wbtc_routes;kolbusopedia,verified,WBTC stoppage list printed from the far end; reordered origin to destination; Kolkata Bus-O-Pedia section: Routes operated by WBTC (CSTC Management); stop list from Bus-O-Pedia (names more stops); WBTC lists Karunamoyee to Akra Rabindranagar; direction 1 is direction 0 reversed (source publishes one direction); OSM relation r15418881
bus_s47,S-47,bus,WBTC,Eden City,Howrah Station,,,,,,,wbtc_routes;kolbusopedia,verified,Kolkata Bus-O-Pedia section: Routes operated by WBTC (CSTC Management); stop list from WBTC; Bus-O-Pedia lists Eden City to Howrah Station; direction 1 is direction 0 reversed (source publishes one direction); OSM relation r15418880
bus_s47a,S-47A,bus,WBTC,Behala Airport,Howrah Station,,,,,,,wbtc_routes;kolbusopedia,verified,Kolkata Bus-O-Pedia section: Routes operated by WBTC (CSTC Management); stop list from Bus-O-Pedia (names more stops); WBTC lists Behala Airport to Howrah; direction 1 is direction 0 reversed (source publishes one direction); OSM relation r15418890
bus_s57,S-57,bus,WBTC,Ariadaha,Nabanna Bus Terminus,,,,,,,wbtc_routes;kolbusopedia,verified,Kolkata Bus-O-Pedia section: Routes operated by WBTC (CSTC Management); stop list from Bus-O-Pedia (names more stops); WBTC lists Ariadaha to Nabanna; direction 1 is direction 0 reversed (source publishes one direction); OSM relation r15421972
bus_s58,S-58,bus,WBTC,Barrackpore Court,Saltlake Karunamoyee,,,,,,,wbtc_routes;kolbusopedia,verified,Kolkata Bus-O-Pedia section: Routes operated by WBTC (CSTC Management); stop list from Bus-O-Pedia (names more stops); WBTC lists Barrackpur Court to Karunamoyee; direction 1 is direction 0 reversed (source publishes one direction); OSM relation r15421989
bus_s5c,S-5C,bus,WBTC,Nayabad,Howrah Station,,,,,,,wbtc_routes,verified,direction 1 is direction 0 reversed (source publishes one direction)
bus_s61,S-61,bus,WBTC,Taratala,Achipur,,,,,,,wbtc_routes,verified,direction 1 is direction 0 reversed (source publishes one direction)
bus_s_62,S - 62,bus,WBTC,Patuli,Bichali Ghat,,,,,,,wbtc_routes;kolbusopedia,verified,Kolkata Bus-O-Pedia section: Routes operated by WBTC (CSTC Management); stop list from Bus-O-Pedia (names more stops); WBTC lists Patuli to Metiabruz; direction 1 is direction 0 reversed (source publishes one direction); OSM relation r15422060
bus_s63,S-63,bus,WBTC,Behala 14no,Metiabruz Super speciality hospital,,,,,,,wbtc_routes;kolbusopedia,verified,Kolkata Bus-O-Pedia section: Routes operated by WBTC (CSTC Management); stop list from Bus-O-Pedia (names more stops); WBTC lists Metiabruz S.S. Hospital to Behala 14 No. B.T; direction 1 is direction 0 reversed (source publishes one direction); OSM relation r15422064
bus_s64,S-64,bus,WBTC,Naihati Bus terminus,New Bus stand,,,,,,,wbtc_routes;kolbusopedia,verified,Kolkata Bus-O-Pedia section: Routes operated by WBTC (CSTC Management); stop list from Bus-O-Pedia (names more stops); WBTC lists Naihati Bus Terminus to New Town Bus Terminus; direction 1 is direction 0 reversed (source publishes one direction)
bus_s65,S-65,bus,WBTC,Sealdah,Sankrail Bharat Co-Op,,,,,,,wbtc_routes,verified,direction 1 is direction 0 reversed (source publishes one direction)
bus_st16,ST-16,bus,WBTC,Shapooji Housing,Jainpur,,,,,,,wbtc_routes;kolbusopedia,verified,Kolkata Bus-O-Pedia section: Non AC series of Surface; stop list from Bus-O-Pedia (names more stops); WBTC lists Sapoorjee to Joinpur; direction 1 is direction 0 reversed (source publishes one direction)
bus_st6,ST-6,bus,WBTC,Techonopolis,Tollygunge,,,,,,,wbtc_routes;kolbusopedia,verified,Kolkata Bus-O-Pedia section: Non AC series of Surface; stop list from Bus-O-Pedia (names more stops); WBTC lists Salt Lake to Tollygunge Karunamoyee; direction 1 is direction 0 reversed (source publishes one direction)
bus_t12,T12,bus,WBTC,Howrah,Malancha,,,,,,,wbtc_routes,verified,direction 1 is direction 0 reversed (source publishes one direction)
bus_t2,T2,bus,WBTC,BBD Bag,Madirtala,,,,,,,wbtc_routes,verified,direction 1 is direction 0 reversed (source publishes one direction)
bus_t8,T8,bus,WBTC,Tikiapara,BBD Bag,,,,,,,wbtc_routes,verified,direction 1 is direction 0 reversed (source publishes one direction)
bus_v1,V1,bus,WBTC,Tollygunge,Airport,,,,,,,wbtc_routes,verified,direction 1 is direction 0 reversed (source publishes one direction); OSM relation r2848064
bus_v1_l,V-1 (L),bus,WBTC,Tollygunge,Airport Terminal,,,,,,,wbtc_routes,verified,direction 1 is direction 0 reversed (source publishes one direction)
bus_vs1,VS-1,bus,WBTC,Airport Domestic Terminus,Esplanade L20,,,,,,,wbtc_routes;kolbusopedia,verified,AC; Kolkata Bus-O-Pedia section: Routes Operated by WBTC( West Bengal Surface Transport Corporation); stop list from Bus-O-Pedia (names more stops); WBTC lists Airport to Dharmatala; direction 1 is direction 0 reversed (source publishes one direction)
bus_vs12,VS-12,bus,WBTC,Saltlake Karunamoyee,Santragachi,,,,,,,wbtc_routes;kolbusopedia,verified,AC; Kolkata Bus-O-Pedia section: Routes Operated by WBTC( West Bengal Surface Transport Corporation); stop list from Bus-O-Pedia (names more stops); WBTC lists New Town to Santragachi; direction 1 is direction 0 reversed (source publishes one direction)
bus_vs2,VS-2,bus,WBTC,Airport Domestic Terminus,Howrah Station,,,,,,,wbtc_routes;kolbusopedia,verified,AC; Kolkata Bus-O-Pedia section: Routes Operated by WBTC( West Bengal Surface Transport Corporation); stop list from Bus-O-Pedia (names more stops); WBTC lists Airport to Howrah; direction 1 is direction 0 reversed (source publishes one direction); OSM relation r3227093
bus_1,1,bus,private,Ramnagar,Mukundapur,,,,,,,kolbusopedia,community,"Kolkata Bus-O-Pedia section: Blue-Yellow Buses (Private); direction 1 is direction 0 reversed (source publishes one direction); OSM relation r15076897,r19116571"
bus_1a,1A,bus,private,Ramnagar,Mukundapur,,,,,,,kolbusopedia,community,"Kolkata Bus-O-Pedia section: Blue-Yellow Buses (Private); direction 1 is direction 0 reversed (source publishes one direction); OSM relation r15075264,r19120312"
bus_1b,1B,bus,private,Ramnagar,Nayabad,,,,,,,kolbusopedia,community,"Kolkata Bus-O-Pedia section: Blue-Yellow Buses (Private); direction 1 is direction 0 reversed (source publishes one direction); OSM relation r15077083,r19120337"
bus_3b,3B,bus,private,New Alipore,Milk Colony,,,,,,,kolbusopedia,community,"Kolkata Bus-O-Pedia section: Blue-Yellow Buses (Private); direction 1 is direction 0 reversed (source publishes one direction); OSM relation r15077194,r19145463"
bus_3c_1,3C/1,bus,private,Anandapur,Nagerbazar,,,,,,,kolbusopedia,community,"Kolkata Bus-O-Pedia section: Blue-Yellow Buses (Private); direction 1 is direction 0 reversed (source publishes one direction); OSM relation r6213342,r15077326,r19145468"
bus_3c_2,3C/2,bus,private,Anandapur,Nagerbazar,,,,,,,kolbusopedia,community,"Kolkata Bus-O-Pedia section: Blue-Yellow Buses (Private); direction 1 is direction 0 reversed (source publishes one direction); OSM relation r15078901,r19145475"
bus_3d,3D,bus,private,Sakherbazar (Behala),Milk Colony,,,,,,,kolbusopedia,community,"Kolkata Bus-O-Pedia section: Blue-Yellow Buses (Private); direction 1 is direction 0 reversed (source publishes one direction); OSM relation r15079211,r19145493"
bus_12,12,bus,private,Badartala,Rajabazar,,,,,,,kolbusopedia,community,"Kolkata Bus-O-Pedia section: Blue-Yellow Buses (Private); direction 1 is direction 0 reversed (source publishes one direction); OSM relation r15080477,r19145495"
bus_12_shuttle,12 (Shuttle),bus,private,Badartala,Esplanade,,,,,,,kolbusopedia,community,"Kolkata Bus-O-Pedia section: Blue-Yellow Buses (Private); direction 1 is direction 0 reversed (source publishes one direction); OSM relation r15080494,r19145501"
bus_12a,12A,bus,private,Badartala,Howrah Station,,,,,,,kolbusopedia,community,"Kolkata Bus-O-Pedia section: Blue-Yellow Buses (Private); direction 1 is direction 0 reversed (source publishes one direction); OSM relation r15080479,r19145518"
bus_12ad,12AD,bus,private,Akra Fatak,Howrah Station,,,,,,,kolbusopedia,community,"Kolkata Bus-O-Pedia section: Blue-Yellow Buses (Private); direction 1 is direction 0 reversed (source publishes one direction); OSM relation r15080487,r19145527"
bus_12b_shuttle,12B (Shuttle),bus,private,Kamal Talkies,Esplanade,,,,,,,kolbusopedia,community,Kolkata Bus-O-Pedia section: Blue-Yellow Buses (Private); direction 1 is direction 0 reversed (source publishes one direction)
bus_12c,12C,bus,private,Pailan,Howrah Station,,,,,,,kolbusopedia,community,"Kolkata Bus-O-Pedia section: Blue-Yellow Buses (Private); direction 1 is direction 0 reversed (source publishes one direction); OSM relation r15080510,r19147218"
bus_12c_1,12C/1,bus,private,Shibrampur,Howrah Station,,,,,,,kolbusopedia,community,"Kolkata Bus-O-Pedia section: Blue-Yellow Buses (Private); direction 1 is direction 0 reversed (source publishes one direction); OSM relation r15080661,r19147231"
bus_12c_2,12C/2,bus,private,Aquatica,Howrah Station,,,,,,,kolbusopedia,community,"Kolkata Bus-O-Pedia section: Blue-Yellow Buses (Private); direction 1 is direction 0 reversed (source publishes one direction); OSM relation r15080715,r19152054"
bus_12c_1a,12C/1A,bus,private,Pailan,Howrah Station,,,,,,,kolbusopedia,community,"Kolkata Bus-O-Pedia section: Blue-Yellow Buses (Private); direction 1 is direction 0 reversed (source publishes one direction); OSM relation r15080734,r19147224"
bus_12c_1b,12C/1B,bus,private,Pailan,Howrah Station,,,,,,,kolbusopedia,community,"Kolkata Bus-O-Pedia section: Blue-Yellow Buses (Private); direction 1 is direction 0 reversed (source publishes one direction); OSM relation r15080785,r19152084"
bus_13,13,bus,private,Parnashree,Sealdah Station,,,,,,,kolbusopedia,community,"Kolkata Bus-O-Pedia section: Blue-Yellow Buses (Private); direction 1 is direction 0 reversed (source publishes one direction); OSM relation r15080816,r19152088"
bus_13a,13A,bus,private,S.M. Nagar,BBD Bag,,,,,,,kolbusopedia,community,"Kolkata Bus-O-Pedia section: Blue-Yellow Buses (Private); direction 1 is direction 0 reversed (source publishes one direction); OSM relation r15080835,r19152143"
bus_13c,13C,bus,private,Old Dakghar,Baghajatin,,,,,,,kolbusopedia,community,"Kolkata Bus-O-Pedia section: Blue-Yellow Buses (Private); direction 1 is direction 0 reversed (source publishes one direction); OSM relation r15081096,r19152484"
bus_17,17,bus,private,Chetla,Howrah Station,,,,,,,kolbusopedia,community,"Kolkata Bus-O-Pedia section: Blue-Yellow Buses (Private); direction 1 is direction 0 reversed (source publishes one direction); OSM relation r15081142,r19152514"
bus_18a,18A,bus,private,Greenfield City,Howrah Station,,,,,,,kolbusopedia,community,"Kolkata Bus-O-Pedia section: Blue-Yellow Buses (Private); direction 1 is direction 0 reversed (source publishes one direction); OSM relation r15081355,r19152529"
bus_18b_1,18B/1,bus,private,Dakghar (Bagmari),China Mandir,,,,,,,kolbusopedia,community,"Kolkata Bus-O-Pedia section: Blue-Yellow Buses (Private); direction 1 is direction 0 reversed (source publishes one direction); OSM relation r15081431,r19152559"
bus_18c,18C,bus,private,Kestor More,Anandapur,,,,,,,kolbusopedia,community,"Kolkata Bus-O-Pedia section: Blue-Yellow Buses (Private); direction 1 is direction 0 reversed (source publishes one direction); OSM relation r6213345,r15081439,r19152575"
bus_18d,18D,bus,private,Suryasen Nagar,Howrah Station,,,,,,,kolbusopedia,community,"Kolkata Bus-O-Pedia section: Blue-Yellow Buses (Private); direction 1 is direction 0 reversed (source publishes one direction); OSM relation r15081462,r19152585"
bus_21,21,bus,private,Barisha,Sealdah Station,,,,,,,kolbusopedia,community,"Kolkata Bus-O-Pedia section: Blue-Yellow Buses (Private); direction 1 is direction 0 reversed (source publishes one direction); OSM relation r15081513,r19160960"
bus_21_1,21/1,bus,private,Barisha,Sealdah Station,,,,,,,kolbusopedia,community,"Kolkata Bus-O-Pedia section: Blue-Yellow Buses (Private); direction 1 is direction 0 reversed (source publishes one direction); OSM relation r15081554,r19160962"
bus_23,23,bus,private,Barasat,Boalghata,,,,,,,kolbusopedia,community,Kolkata Bus-O-Pedia section: Blue-Yellow Buses (Private); direction 1 is direction 0 reversed (source publishes one direction)
bus_24,24,bus,private,Topsia,Bandha Ghat,,,,,,,kolbusopedia,community,"Kolkata Bus-O-Pedia section: Blue-Yellow Buses (Private); direction 1 is direction 0 reversed (source publishes one direction); OSM relation r15081678,r19161015"
bus_24a,24A,bus,private,Topsia,Bandha Ghat,,,,,,,kolbusopedia,community,Kolkata Bus-O-Pedia section: Blue-Yellow Buses (Private); direction 1 is direction 0 reversed (source publishes one direction)
bus_24a_1,24A/1,bus,private,Mukundapur,Howrah Fire Station,,,,,,,kolbusopedia,community,"Kolkata Bus-O-Pedia section: Blue-Yellow Buses (Private); direction 1 is direction 0 reversed (source publishes one direction); OSM relation r15082384,r19161045"
bus_24b,24B,bus,private,Sealdah Station,Howrah Station,,,,,,,kolbusopedia,community,"Kolkata Bus-O-Pedia section: Blue-Yellow Buses (Private); direction 1 is direction 0 reversed (source publishes one direction); OSM relation r15083361,r19161310"
bus_28,28,bus,private,Sealdah Station,Howrah Station,,,,,,,kolbusopedia,community,"Kolkata Bus-O-Pedia section: Blue-Yellow Buses (Private); direction 1 is direction 0 reversed (source publishes one direction); OSM relation r15083364,r19161313"
bus_30a,30A,bus,private,Sinthi,Esplanade,,,,,,,kolbusopedia,community,"Kolkata Bus-O-Pedia section: Blue-Yellow Buses (Private); direction 1 is direction 0 reversed (source publishes one direction); OSM relation r15083436,r19161335"
bus_30b,30B,bus,private,Gouripur,Babughat,,,,,,,kolbusopedia,community,"Kolkata Bus-O-Pedia section: Blue-Yellow Buses (Private); direction 1 is direction 0 reversed (source publishes one direction); OSM relation r15083447,r15352332,r19161358"
bus_30c,30C,bus,private,Hatiara,Babughat,,,,,,,kolbusopedia,community,"Kolkata Bus-O-Pedia section: Blue-Yellow Buses (Private); direction 1 is direction 0 reversed (source publishes one direction); OSM relation r15083467,r19161373"
bus_30c_1,30C/1,bus,private,Hatiara,Babughat,,,,,,,kolbusopedia,community,"Kolkata Bus-O-Pedia section: Blue-Yellow Buses (Private); direction 1 is direction 0 reversed (source publishes one direction); OSM relation r15083482,r19161374"
bus_30d,30D,bus,private,Dumdum Canton,Babughat,,,,,,,kolbusopedia,community,"Kolkata Bus-O-Pedia section: Blue-Yellow Buses (Private); direction 1 is direction 0 reversed (source publishes one direction); OSM relation r15083501,r19161389"
bus_32a,32A,bus,private,Dakshineswar,Sector V (Saltlake),,,,,,,kolbusopedia,community,"Kolkata Bus-O-Pedia section: Blue-Yellow Buses (Private); direction 1 is direction 0 reversed (source publishes one direction); OSM relation r19161435,r19161487"
bus_34b,34B,bus,private,Dunlop,Esplanade,,,,,,,kolbusopedia,community,"Kolkata Bus-O-Pedia section: Blue-Yellow Buses (Private); direction 1 is direction 0 reversed (source publishes one direction); OSM relation r15083557,r19161493"
bus_34c,34C,bus,private,Noapara,Esplanade,,,,,,,kolbusopedia,community,"Kolkata Bus-O-Pedia section: Blue-Yellow Buses (Private); direction 1 is direction 0 reversed (source publishes one direction); OSM relation r15083571,r19164330"
bus_37,37,bus,private,Dhakuria,Howrah Station,,,,,,,kolbusopedia,community,"Kolkata Bus-O-Pedia section: Blue-Yellow Buses (Private); direction 1 is direction 0 reversed (source publishes one direction); OSM relation r15083608,r19164354"
bus_37a,37A,bus,private,Dhakuria,Howrah Station,,,,,,,kolbusopedia,community,"Kolkata Bus-O-Pedia section: Blue-Yellow Buses (Private); direction 1 is direction 0 reversed (source publishes one direction); OSM relation r15083620,r19164391"
bus_39,39,bus,private,Picnic Garden,High Court,,,,,,,kolbusopedia,community,"Kolkata Bus-O-Pedia section: Blue-Yellow Buses (Private); direction 1 is direction 0 reversed (source publishes one direction); OSM relation r15083636,r19164678"
bus_39a_2,39A/2,bus,private,VIP Bazar,Howrah Station,,,,,,,kolbusopedia,community,"Kolkata Bus-O-Pedia section: Blue-Yellow Buses (Private); direction 1 is direction 0 reversed (source publishes one direction); OSM relation r15083642,r19164721"
bus_40a,40A,bus,private,Julpia,Babughat,,,,,,,kolbusopedia,community,"Kolkata Bus-O-Pedia section: Blue-Yellow Buses (Private); direction 1 is direction 0 reversed (source publishes one direction); OSM relation r15083793,r19164737"
bus_40b,40B,bus,private,Thakurpukur,Babughat,,,,,,,kolbusopedia,community,"Kolkata Bus-O-Pedia section: Blue-Yellow Buses (Private); direction 1 is direction 0 reversed (source publishes one direction); OSM relation r15084068,r19164749"
bus_41,41,bus,private,Layalka,Howrah Station,,,,,,,kolbusopedia,community,"Kolkata Bus-O-Pedia section: Blue-Yellow Buses (Private); direction 1 is direction 0 reversed (source publishes one direction); OSM relation r15084277,r19167893"
bus_41b,41B,bus,private,Netaji Nagar,Howrah Station,,,,,,,kolbusopedia,community,"Kolkata Bus-O-Pedia section: Blue-Yellow Buses (Private); direction 1 is direction 0 reversed (source publishes one direction); OSM relation r15084286,r19167894"
bus_42a,42A,bus,private,Picnic Garden,Bichali Ghat,,,,,,,kolbusopedia,community,"Kolkata Bus-O-Pedia section: Blue-Yellow Buses (Private); direction 1 is direction 0 reversed (source publishes one direction); OSM relation r15084489,r19167897"
bus_42b,42B,bus,private,Anandapur,Bichali Ghat,,,,,,,kolbusopedia,community,"Kolkata Bus-O-Pedia section: Blue-Yellow Buses (Private); direction 1 is direction 0 reversed (source publishes one direction); OSM relation r15084569,r19167912"
bus_43,43,bus,private,Dakshineswar,Esplanade,,,,,,,kolbusopedia,community,"Kolkata Bus-O-Pedia section: Blue-Yellow Buses (Private); direction 1 is direction 0 reversed (source publishes one direction); OSM relation r15084644,r19167911"
bus_44,44,bus,private,Baguiati,Howrah Station,,,,,,,kolbusopedia,community,"Kolkata Bus-O-Pedia section: Blue-Yellow Buses (Private); direction 1 is direction 0 reversed (source publishes one direction); OSM relation r15084670,r19168638"
bus_44_1,44/1,bus,private,Baguiati,Howrah Station,,,,,,,kolbusopedia,community,"Kolkata Bus-O-Pedia section: Blue-Yellow Buses (Private); direction 1 is direction 0 reversed (source publishes one direction); OSM relation r15084690,r19168644"
bus_44a,44A,bus,private,Sector V (Saltlake),Howrah Station,,,,,,,kolbusopedia,community,"Kolkata Bus-O-Pedia section: Blue-Yellow Buses (Private); direction 1 is direction 0 reversed (source publishes one direction); OSM relation r15086089,r19168855"
bus_45,45,bus,private,Airport 1no,Baishnabghata,,,,,,,kolbusopedia,community,"Kolkata Bus-O-Pedia section: Blue-Yellow Buses (Private); direction 1 is direction 0 reversed (source publishes one direction); OSM relation r15087918,r19172501"
bus_45a,45A,bus,private,Airport 1no,Garia Station,,,,,,,kolbusopedia,community,"Kolkata Bus-O-Pedia section: Blue-Yellow Buses (Private); direction 1 is direction 0 reversed (source publishes one direction); OSM relation r15087973,r19172504"
bus_45b,45B,bus,private,Building More,Garia Station,,,,,,,kolbusopedia,community,"Kolkata Bus-O-Pedia section: Blue-Yellow Buses (Private); direction 1 is direction 0 reversed (source publishes one direction); OSM relation r15088043,r19172514"
bus_46,46,bus,private,Airport 1no,Esplanade,,,,,,,kolbusopedia,community,"Kolkata Bus-O-Pedia section: Blue-Yellow Buses (Private); direction 1 is direction 0 reversed (source publishes one direction); OSM relation r15088513,r19172569"
bus_46b,46B,bus,private,Moonbeam,Esplanade,,,,,,,kolbusopedia,community,"Kolkata Bus-O-Pedia section: Blue-Yellow Buses (Private); direction 1 is direction 0 reversed (source publishes one direction); OSM relation r15088541,r19172607"
bus_47_1,47/1,bus,private,Tollygunge,Rajabazar (Saltlake),,,,,,,kolbusopedia,community,"Kolkata Bus-O-Pedia section: Blue-Yellow Buses (Private); direction 1 is direction 0 reversed (source publishes one direction); OSM relation r15088574,r19172633"
bus_47b,47B,bus,private,Laketown,Dhanmath,,,,,,,kolbusopedia,community,"Kolkata Bus-O-Pedia section: Blue-Yellow Buses (Private); direction 1 is direction 0 reversed (source publishes one direction); OSM relation r15088690,r19172640"
bus_51,51,bus,private,Pardankuni,Howrah Station,,,,,,,kolbusopedia,community,Kolkata Bus-O-Pedia section: Blue-Yellow Buses (Private); direction 1 is direction 0 reversed (source publishes one direction)
bus_52,52,bus,private,Ramrajatala,Esplanade,,,,,,,kolbusopedia,community,Kolkata Bus-O-Pedia section: Blue-Yellow Buses (Private); direction 1 is direction 0 reversed (source publishes one direction)
bus_54,54,bus,private,Ballykhal,Esplanade,,,,,,,kolbusopedia,community,Kolkata Bus-O-Pedia section: Blue-Yellow Buses (Private); direction 1 is direction 0 reversed (source publishes one direction)
bus_55,55,bus,private,B.Garden,Esplanade,,,,,,,kolbusopedia,community,Kolkata Bus-O-Pedia section: Blue-Yellow Buses (Private); direction 1 is direction 0 reversed (source publishes one direction)
bus_55a,55A,bus,private,Shibpur TD,Esplanade,,,,,,,kolbusopedia,community,Kolkata Bus-O-Pedia section: Blue-Yellow Buses (Private); direction 1 is direction 0 reversed (source publishes one direction)
bus_56,56,bus,private,Ruiya Purbapara,Howrah Station,,,,,,,kolbusopedia,community,Kolkata Bus-O-Pedia section: Blue-Yellow Buses (Private); direction 1 is direction 0 reversed (source publishes one direction)
bus_57,57,bus,private,Kona More,Esplanade,,,,,,,kolbusopedia,community,Kolkata Bus-O-Pedia section: Blue-Yellow Buses (Private); direction 1 is direction 0 reversed (source publishes one direction)
bus_57a,57A,bus,private,Chanditala,Howrah Station,,,,,,,kolbusopedia,community,Kolkata Bus-O-Pedia section: Blue-Yellow Buses (Private); direction 1 is direction 0 reversed (source publishes one direction)
bus_59,59,bus,private,Bakultala,Esplanade,,,,,,,kolbusopedia,community,Kolkata Bus-O-Pedia section: Blue-Yellow Buses (Private); direction 1 is direction 0 reversed (source publishes one direction)
bus_61,61,bus,private,Alampur,Howrah Station,,,,,,,kolbusopedia,community,Kolkata Bus-O-Pedia section: Blue-Yellow Buses (Private); direction 1 is direction 0 reversed (source publishes one direction)
bus_63,63,bus,private,Domjur,Howrah Station,,,,,,,kolbusopedia,community,Kolkata Bus-O-Pedia section: Blue-Yellow Buses (Private); direction 1 is direction 0 reversed (source publishes one direction)
bus_64,64,bus,private,Tulshiberia,Kulgachia,,,,,,,kolbusopedia,community,Kolkata Bus-O-Pedia section: Blue-Yellow Buses (Private); direction 1 is direction 0 reversed (source publishes one direction)
bus_67,67,bus,private,Bagnan,Shibgunge,,,,,,,kolbusopedia,community,Kolkata Bus-O-Pedia section: Blue-Yellow Buses (Private); direction 1 is direction 0 reversed (source publishes one direction)
bus_67b,67B,bus,private,Bagnan,58 Gate,,,,,,,kolbusopedia,community,Kolkata Bus-O-Pedia section: Blue-Yellow Buses (Private); direction 1 is direction 0 reversed (source publishes one direction)
bus_68,68,bus,private,Bagnan,Kamalpur,,,,,,,kolbusopedia,community,Kolkata Bus-O-Pedia section: Blue-Yellow Buses (Private); direction 1 is direction 0 reversed (source publishes one direction)
bus_69,69,bus,private,Sankrail,Howrah Station,,,,,,,kolbusopedia,community,Kolkata Bus-O-Pedia section: Blue-Yellow Buses (Private); direction 1 is direction 0 reversed (source publishes one direction)
bus_70,70,bus,private,Amta,Uluberia,,,,,,,kolbusopedia,community,Kolkata Bus-O-Pedia section: Blue-Yellow Buses (Private); direction 1 is direction 0 reversed (source publishes one direction)
bus_71,71,bus,private,Howrah Maidan,Rajabazar (Saltlake),,,,,,,kolbusopedia,community,Kolkata Bus-O-Pedia section: Blue-Yellow Buses (Private); direction 1 is direction 0 reversed (source publishes one direction); OSM relation r5212982
bus_72,72,bus,private,Dumurjola,Park Circus,,,,,,,kolbusopedia,community,Kolkata Bus-O-Pedia section: Blue-Yellow Buses (Private); direction 1 is direction 0 reversed (source publishes one direction)
bus_72_2,72,bus,private,Basirhat,Nazat,,,,,,,kolbusopedia,community,Kolkata Bus-O-Pedia section: Blue-Yellow Buses (Private); direction 1 is direction 0 reversed (source publishes one direction)
bus_72a,72A,bus,private,Basirhat,Dhamakhali,,,,,,,kolbusopedia,community,Kolkata Bus-O-Pedia section: Blue-Yellow Buses (Private); direction 1 is direction 0 reversed (source publishes one direction)
bus_73,73,bus,private,Dasnagar,Esplanade,,,,,,,kolbusopedia,community,Kolkata Bus-O-Pedia section: Blue-Yellow Buses (Private); direction 1 is direction 0 reversed (source publishes one direction)
bus_73_2,73,bus,private,Habra,Naihati,,,,,,,kolbusopedia,community,Kolkata Bus-O-Pedia section: Blue-Yellow Buses (Private); direction 1 is direction 0 reversed (source publishes one direction)
bus_75,75,bus,private,Kadamtala,Esplanade,,,,,,,kolbusopedia,community,Kolkata Bus-O-Pedia section: Blue-Yellow Buses (Private); direction 1 is direction 0 reversed (source publishes one direction)
bus_75_2,75,bus,private,Raipur,Babughat,,,,,,,kolbusopedia,community,Kolkata Bus-O-Pedia section: Blue-Yellow Buses (Private); direction 1 is direction 0 reversed (source publishes one direction)
bus_76,76,bus,private,Amta,Bagnan,,,,,,,kolbusopedia,community,Kolkata Bus-O-Pedia section: Blue-Yellow Buses (Private); direction 1 is direction 0 reversed (source publishes one direction)
bus_77,77,bus,private,Amta,Sankrail,,,,,,,kolbusopedia,community,Kolkata Bus-O-Pedia section: Blue-Yellow Buses (Private); direction 1 is direction 0 reversed (source publishes one direction)
bus_77a,77A,bus,private,Batanagar,Esplanade,,,,,,,kolbusopedia,community,Kolkata Bus-O-Pedia section: Blue-Yellow Buses (Private); direction 1 is direction 0 reversed (source publishes one direction)
bus_77a_no_bata,77A (No Bata),bus,private,Birlapur,Esplanade,,,,,,,kolbusopedia,community,Kolkata Bus-O-Pedia section: Blue-Yellow Buses (Private); direction 1 is direction 0 reversed (source publishes one direction)
bus_78,78,bus,private,Barrackpore Court,Esplanade,,,,,,,kolbusopedia,community,Kolkata Bus-O-Pedia section: Blue-Yellow Buses (Private); direction 1 is direction 0 reversed (source publishes one direction)
bus_78_2,78,bus,private,Bagnan,Joypur,,,,,,,kolbusopedia,community,Kolkata Bus-O-Pedia section: Blue-Yellow Buses (Private); direction 1 is direction 0 reversed (source publishes one direction)
bus_78_1,78/1,bus,private,Rahara Bazar,Babughat,,,,,,,kolbusopedia,community,Kolkata Bus-O-Pedia section: Blue-Yellow Buses (Private); direction 1 is direction 0 reversed (source publishes one direction)
bus_78_1_2,78/1,bus,private,Parthapur,Babughat,,,,,,,kolbusopedia,community,Kolkata Bus-O-Pedia section: Blue-Yellow Buses (Private); direction 1 is direction 0 reversed (source publishes one direction)
bus_79,79,bus,private,Panchla,Dunlop More,,,,,,,kolbusopedia,community,Kolkata Bus-O-Pedia section: Blue-Yellow Buses (Private); direction 1 is direction 0 reversed (source publishes one direction)
bus_79b,79B,bus,private,Barasat,Bagbazar,,,,,,,kolbusopedia,community,Kolkata Bus-O-Pedia section: Blue-Yellow Buses (Private); direction 1 is direction 0 reversed (source publishes one direction)
bus_79d,79D,bus,private,Madhyamgram,Babughat,,,,,,,kolbusopedia,community,Kolkata Bus-O-Pedia section: Blue-Yellow Buses (Private); direction 1 is direction 0 reversed (source publishes one direction)
bus_80,80,bus,private,Chunavati,Howrah Station,,,,,,,kolbusopedia,community,Kolkata Bus-O-Pedia section: Blue-Yellow Buses (Private); direction 1 is direction 0 reversed (source publishes one direction)
bus_80a,80A,bus,private,Garia Metro,Esplanade,,,,,,,kolbusopedia,community,Kolkata Bus-O-Pedia section: Blue-Yellow Buses (Private); direction 1 is direction 0 reversed (source publishes one direction)
bus_80b,80B,bus,private,Garia Metro,Esplanade,,,,,,,kolbusopedia,community,Kolkata Bus-O-Pedia section: Blue-Yellow Buses (Private); direction 1 is direction 0 reversed (source publishes one direction)
bus_81,81,bus,private,Barasat,Fishery Gate,,,,,,,kolbusopedia,community,Kolkata Bus-O-Pedia section: Blue-Yellow Buses (Private); direction 1 is direction 0 reversed (source publishes one direction)
bus_81_1,81/1,bus,private,Barasat,Rajchandrapur,,,,,,,kolbusopedia,community,Kolkata Bus-O-Pedia section: Blue-Yellow Buses (Private); direction 1 is direction 0 reversed (source publishes one direction)
bus_83,83,bus,private,Falta,Babughat,,,,,,,kolbusopedia,community,Kolkata Bus-O-Pedia section: Blue-Yellow Buses (Private); direction 1 is direction 0 reversed (source publishes one direction)
bus_85,85,bus,private,Kanchrapara,Barrackpore Court,,,,,,,kolbusopedia,community,Kolkata Bus-O-Pedia section: Blue-Yellow Buses (Private); direction 1 is direction 0 reversed (source publishes one direction)
bus_87,87,bus,private,Barasat,Jaguli,,,,,,,kolbusopedia,community,Kolkata Bus-O-Pedia section: Blue-Yellow Buses (Private); direction 1 is direction 0 reversed (source publishes one direction)
bus_87a,87A,bus,private,Barasat,Naihati Station,,,,,,,kolbusopedia,community,Kolkata Bus-O-Pedia section: Blue-Yellow Buses (Private); direction 1 is direction 0 reversed (source publishes one direction)
bus_88,88,bus,private,Barasat,Kanchrapara,,,,,,,kolbusopedia,community,Kolkata Bus-O-Pedia section: Blue-Yellow Buses (Private); direction 1 is direction 0 reversed (source publishes one direction)
bus_91,91,bus,private,Shyambazar,Bhangore,,,,,,,kolbusopedia,community,Kolkata Bus-O-Pedia section: Blue-Yellow Buses (Private); direction 1 is direction 0 reversed (source publishes one direction)
bus_91a,91A,bus,private,Shyambazar,Haroa Bridge,,,,,,,kolbusopedia,community,Kolkata Bus-O-Pedia section: Blue-Yellow Buses (Private); direction 1 is direction 0 reversed (source publishes one direction)
bus_91b,91B,bus,private,Shyambazar,Pakapole,,,,,,,kolbusopedia,community,Kolkata Bus-O-Pedia section: Blue-Yellow Buses (Private); direction 1 is direction 0 reversed (source publishes one direction)
bus_91c,91C,bus,private,Shyambazar,Lauhati,,,,,,,kolbusopedia,community,Kolkata Bus-O-Pedia section: Blue-Yellow Buses (Private); direction 1 is direction 0 reversed (source publishes one direction)
bus_92,92,bus,private,Bongaon,Boyra,,,,,,,kolbusopedia,community,Kolkata Bus-O-Pedia section: Blue-Yellow Buses (Private); direction 1 is direction 0 reversed (source publishes one direction)
bus_92a,92A,bus,private,Bongaon,Duttaphulia,,,,,,,kolbusopedia,community,Kolkata Bus-O-Pedia section: Blue-Yellow Buses (Private); direction 1 is direction 0 reversed (source publishes one direction)
bus_93,93,bus,private,Kharibari,Bagbazar,,,,,,,kolbusopedia,community,Kolkata Bus-O-Pedia section: Blue-Yellow Buses (Private); direction 1 is direction 0 reversed (source publishes one direction)
bus_95,95,bus,private,Bongaon,Habra Station,,,,,,,kolbusopedia,community,Kolkata Bus-O-Pedia section: Blue-Yellow Buses (Private); direction 1 is direction 0 reversed (source publishes one direction)
bus_96c,96C,bus,private,Bongaon,Duttaphulia,,,,,,,kolbusopedia,community,Kolkata Bus-O-Pedia section: Blue-Yellow Buses (Private); direction 1 is direction 0 reversed (source publishes one direction)
bus_96c_2,96C,bus,private,Bongaon,Beri Gopalpur,,,,,,,kolbusopedia,community,Kolkata Bus-O-Pedia section: Blue-Yellow Buses (Private); direction 1 is direction 0 reversed (source publishes one direction)
bus_201,201,bus,private,Nimta,Mahishbathan,,,,,,,kolbusopedia,community,"Kolkata Bus-O-Pedia section: 200 Series General Bus Routes; direction 1 is direction 0 reversed (source publishes one direction); OSM relation r5212979,r15083544,r19179534"
bus_202,202,bus,private,Nagerbazar,Science City,,,,,,,kolbusopedia,community,"Kolkata Bus-O-Pedia section: 200 Series General Bus Routes; direction 1 is direction 0 reversed (source publishes one direction); OSM relation r15089473,r19179605"
bus_204_1,204/1,bus,private,Chetla Park,Rajabazar,,,,,,,kolbusopedia,community,"Kolkata Bus-O-Pedia section: 200 Series General Bus Routes; direction 1 is direction 0 reversed (source publishes one direction); OSM relation r15089541,r19180475"
bus_205,205,bus,private,Bansdroni,Babughat,,,,,,,kolbusopedia,community,"Kolkata Bus-O-Pedia section: 200 Series General Bus Routes; direction 1 is direction 0 reversed (source publishes one direction); OSM relation r15089789,r19180490"
bus_205a,205A,bus,private,Bansdroni,Babughat,,,,,,,kolbusopedia,community,"Kolkata Bus-O-Pedia section: 200 Series General Bus Routes; direction 1 is direction 0 reversed (source publishes one direction); OSM relation r15089805,r19180500"
bus_208,208,bus,private,Kudghat,Howrah Station,,,,,,,kolbusopedia,community,"Kolkata Bus-O-Pedia section: 200 Series General Bus Routes; direction 1 is direction 0 reversed (source publishes one direction); OSM relation r15091408,r19180515"
bus_210,210,bus,private,Raichak,Esplanade,,,,,,,kolbusopedia,community,"Kolkata Bus-O-Pedia section: 200 Series General Bus Routes; direction 1 is direction 0 reversed (source publishes one direction); OSM relation r5212980,r15430466"
bus_211_white_board,211 (White Board),bus,private,Ahiritola,Kharibari,,,,,,,kolbusopedia,community,"Kolkata Bus-O-Pedia section: 200 Series General Bus Routes; direction 1 is direction 0 reversed (source publishes one direction); OSM relation r15091449,r19180607"
bus_211_yellow_board,211(Yellow Board),bus,private,Ahiritola,Patharghata,,,,,,,kolbusopedia,community,"Kolkata Bus-O-Pedia section: 200 Series General Bus Routes; direction 1 is direction 0 reversed (source publishes one direction); OSM relation r19186430,r19186431"
bus_211_blue_board,211(Blue Board),bus,private,Ahiritola,Shikharpur,,,,,,,kolbusopedia,community,Kolkata Bus-O-Pedia section: 200 Series General Bus Routes; direction 1 is direction 0 reversed (source publishes one direction)
bus_211a,211A,bus,private,Ahiritola,Langolpota,,,,,,,kolbusopedia,community,"Kolkata Bus-O-Pedia section: 200 Series General Bus Routes; direction 1 is direction 0 reversed (source publishes one direction); OSM relation r15091464,r19186627"
bus_212,212,bus,private,Palbazar (Jadavpur Station),Howrah Station,,,,,,,kolbusopedia,community,"Kolkata Bus-O-Pedia section: 200 Series General Bus Routes; direction 1 is direction 0 reversed (source publishes one direction); OSM relation r15092047,r19198996"
bus_213,213,bus,private,Ghatakpukur,Babughat,,,,,,,kolbusopedia,community,"Kolkata Bus-O-Pedia section: 200 Series General Bus Routes; direction 1 is direction 0 reversed (source publishes one direction); OSM relation r15430480,r19199099"
bus_213a,213A,bus,private,Ghatakpukur,Rajabazar,,,,,,,kolbusopedia,community,Kolkata Bus-O-Pedia section: 200 Series General Bus Routes; direction 1 is direction 0 reversed (source publishes one direction); OSM relation r15430483
bus_214,214,bus,private,Sajirhat,Babughat,,,,,,,kolbusopedia,community,"Kolkata Bus-O-Pedia section: 200 Series General Bus Routes; direction 1 is direction 0 reversed (source publishes one direction); OSM relation r19199196,r19199197"
bus_214a,214A,bus,private,Sodepur Girja,Esplanade,,,,,,,kolbusopedia,community,"Kolkata Bus-O-Pedia section: 200 Series General Bus Routes; direction 1 is direction 0 reversed (source publishes one direction); OSM relation r19199252,r19199253"
bus_215,215,bus,private,Moonbeam,Howrah Station,,,,,,,kolbusopedia,community,"Kolkata Bus-O-Pedia section: 200 Series General Bus Routes; direction 1 is direction 0 reversed (source publishes one direction); OSM relation r15092063,r19207988"
bus_215_1,215/1,bus,private,Laketown(VIP),Howrah Station,,,,,,,kolbusopedia,community,"Kolkata Bus-O-Pedia section: 200 Series General Bus Routes; direction 1 is direction 0 reversed (source publishes one direction); OSM relation r15092693,r19208010"
bus_215a,215A,bus,private,Sector V (Saltlake),Howrah Station,,,,,,,kolbusopedia,community,"Kolkata Bus-O-Pedia section: 200 Series General Bus Routes; direction 1 is direction 0 reversed (source publishes one direction); OSM relation r5212981,r15092749,r19208036"
bus_215a_1,215A/1,bus,private,Sector V (Saltlake),Howrah Station,,,,,,,kolbusopedia,community,"Kolkata Bus-O-Pedia section: 200 Series General Bus Routes; direction 1 is direction 0 reversed (source publishes one direction); OSM relation r15092789,r19208078"
bus_217,217,bus,private,Beraberi,Babughat,,,,,,,kolbusopedia,community,"Kolkata Bus-O-Pedia section: 200 Series General Bus Routes; direction 1 is direction 0 reversed (source publishes one direction); OSM relation r15092803,r19220945"
bus_217a,217A,bus,private,Narayanpur,Babughat,,,,,,,kolbusopedia,community,Kolkata Bus-O-Pedia section: 200 Series General Bus Routes; direction 1 is direction 0 reversed (source publishes one direction)
bus_217b,217B,bus,private,Derozio College,Babughat,,,,,,,kolbusopedia,community,"Kolkata Bus-O-Pedia section: 200 Series General Bus Routes; direction 1 is direction 0 reversed (source publishes one direction); OSM relation r15093088,r19220955"
bus_218,218,bus,private,Baruipur,Babughat,,,,,,,kolbusopedia,community,"Kolkata Bus-O-Pedia section: 200 Series General Bus Routes; direction 1 is direction 0 reversed (source publishes one direction); OSM relation r19220958,r19220959"
bus_219,219,bus,private,Nagerbazar,Howrah Station,,,,,,,kolbusopedia,community,"Kolkata Bus-O-Pedia section: 200 Series General Bus Routes; direction 1 is direction 0 reversed (source publishes one direction); OSM relation r15093095,r19220973"
bus_219_1,219/1,bus,private,Nagerbazar,Howrah Station,,,,,,,kolbusopedia,community,"Kolkata Bus-O-Pedia section: 200 Series General Bus Routes; direction 1 is direction 0 reversed (source publishes one direction); OSM relation r15093102,r19220978"
bus_221,221,bus,private,Nagerbazar,Golpark,,,,,,,kolbusopedia,community,"Kolkata Bus-O-Pedia section: 200 Series General Bus Routes; direction 1 is direction 0 reversed (source publishes one direction); OSM relation r15093116,r19224239"
bus_222,222,bus,private,Sakher Bazar,Dunlop More,,,,,,,kolbusopedia,community,"Kolkata Bus-O-Pedia section: 200 Series General Bus Routes; direction 1 is direction 0 reversed (source publishes one direction); OSM relation r15093146,r19224255"
bus_223,223,bus,private,B.T. College,Golf Green,,,,,,,kolbusopedia,community,"Kolkata Bus-O-Pedia section: 200 Series General Bus Routes; direction 1 is direction 0 reversed (source publishes one direction); OSM relation r15093178,r19224260"
bus_227,227,bus,private,B.N.R. Hospital,Bangur Avenue,,,,,,,kolbusopedia,community,"Kolkata Bus-O-Pedia section: 200 Series General Bus Routes; direction 1 is direction 0 reversed (source publishes one direction); OSM relation r15093187,r19224305"
bus_228,228,bus,private,Mahamayatala,Babughat,,,,,,,kolbusopedia,community,"Kolkata Bus-O-Pedia section: 200 Series General Bus Routes; direction 1 is direction 0 reversed (source publishes one direction); OSM relation r15093215,r19268790"
bus_230,230,bus,private,Alipore Zoo,Kamarhati,,,,,,,kolbusopedia,community,"Kolkata Bus-O-Pedia section: 200 Series General Bus Routes; direction 1 is direction 0 reversed (source publishes one direction); OSM relation r15093984,r15094015,r19268801,r19268802"
bus_230_2,230,bus,private,Alipore Zoo,Agarpara Station,,,,,,,kolbusopedia,community,"Kolkata Bus-O-Pedia section: 200 Series General Bus Routes; direction 1 is direction 0 reversed (source publishes one direction); OSM relation r15093984,r15094015,r19268801,r19268802"
bus_234,234,bus,private,Belgharia,Golf Green,,,,,,,kolbusopedia,community,"Kolkata Bus-O-Pedia section: 200 Series General Bus Routes; direction 1 is direction 0 reversed (source publishes one direction); OSM relation r15094031,r19268821"
bus_234_1,234/1,bus,private,Belgharia Station,Golf Green,,,,,,,kolbusopedia,community,"Kolkata Bus-O-Pedia section: 200 Series General Bus Routes; direction 1 is direction 0 reversed (source publishes one direction); OSM relation r15096184,r19268833"
bus_235,235,bus,private,Amtala,Rajabazar (Saltlake),,,,,,,kolbusopedia,community,"Kolkata Bus-O-Pedia section: 200 Series General Bus Routes; direction 1 is direction 0 reversed (source publishes one direction); OSM relation r19273465,r19273466"
bus_237,237,bus,private,Birati Tantkal,Babughat,,,,,,,kolbusopedia,community,"Kolkata Bus-O-Pedia section: 200 Series General Bus Routes; direction 1 is direction 0 reversed (source publishes one direction); OSM relation r15096211,r19273469"
bus_l238,L238,bus,private,Barasat,Howrah Station,,,,,,,kolbusopedia,community,"Kolkata Bus-O-Pedia section: 200 Series General Bus Routes; direction 1 is direction 0 reversed (source publishes one direction); OSM relation r19273490,r19273491"
bus_239_white_board,239 (White Board),bus,private,Bikash Bhawan,Babughat,,,,,,,kolbusopedia,community,Kolkata Bus-O-Pedia section: 200 Series General Bus Routes; direction 1 is direction 0 reversed (source publishes one direction)
bus_239_yellow_board,239 (Yellow Board),bus,private,Shapoorji,Babughat,,,,,,,kolbusopedia,community,Kolkata Bus-O-Pedia section: 200 Series General Bus Routes; direction 1 is direction 0 reversed (source publishes one direction)
bus_240,240,bus,private,Bagbazar,Golf Green,,,,,,,kolbusopedia,community,"Kolkata Bus-O-Pedia section: 200 Series General Bus Routes; direction 1 is direction 0 reversed (source publishes one direction); OSM relation r15097693,r19275925"
bus_240_1,240/1,bus,private,Bagbazar,Garia Station,,,,,,,kolbusopedia,community,"Kolkata Bus-O-Pedia section: 200 Series General Bus Routes; direction 1 is direction 0 reversed (source publishes one direction); OSM relation r15097734,r19275930"
bus_241,241,bus,private,Santoshpur Station,Esplanade,,,,,,,kolbusopedia,community,"Kolkata Bus-O-Pedia section: 200 Series General Bus Routes; direction 1 is direction 0 reversed (source publishes one direction); OSM relation r15081721,r19161038"
bus_242,242,bus,private,Cossipore,Esplanade,,,,,,,kolbusopedia,community,Kolkata Bus-O-Pedia section: 200 Series General Bus Routes; direction 1 is direction 0 reversed (source publishes one direction)
bus_253,253,bus,private,Basirhat,Esplanade,,,,,,,kolbusopedia,community,Kolkata Bus-O-Pedia section: 200 Series General Bus Routes; direction 1 is direction 0 reversed (source publishes one direction)
bus_259,259,bus,private,Akta Bazar,Howrah Station,,,,,,,kolbusopedia,community,"Kolkata Bus-O-Pedia section: 200 Series General Bus Routes; direction 1 is direction 0 reversed (source publishes one direction); OSM relation r15097746,r19290604"
bus_260,260,bus,private,Unitech Gate 1,Alipore Zoo,,,,,,,kolbusopedia,community,"Kolkata Bus-O-Pedia section: 200 Series General Bus Routes; direction 1 is direction 0 reversed (source publishes one direction); OSM relation r15097766,r19290603"
bus_s101,S-101,minibus,private,Garia More,BBD Bag,,,,,,,kolbusopedia,community,"Kolkata Bus-O-Pedia section: Mini Series Bus Routes; direction 1 is direction 0 reversed (source publishes one direction); OSM relation r15100802,r19417078"
bus_s101_1,S-101/1,minibus,private,Garia Station,BBD Bag,,,,,,,kolbusopedia,community,Kolkata Bus-O-Pedia section: Mini Series Bus Routes; direction 1 is direction 0 reversed (source publishes one direction); OSM relation r15100911
bus_s102,S-102,minibus,private,Patuli,BBD Bag,,,,,,,kolbusopedia,community,"Kolkata Bus-O-Pedia section: Mini Series Bus Routes; direction 1 is direction 0 reversed (source publishes one direction); OSM relation r15100915,r19445533"
bus_s103,S-103,minibus,private,Jadavpur,BBD Bag,,,,,,,kolbusopedia,community,Kolkata Bus-O-Pedia section: Mini Series Bus Routes; direction 1 is direction 0 reversed (source publishes one direction)
bus_s104,S-104,minibus,private,Jodhpur Park,BBD Bag,,,,,,,kolbusopedia,community,"Kolkata Bus-O-Pedia section: Mini Series Bus Routes; direction 1 is direction 0 reversed (source publishes one direction); OSM relation r15100921,r19570995"
bus_s106,S-106,minibus,private,Daspara,BBD Bag,,,,,,,kolbusopedia,community,"Kolkata Bus-O-Pedia section: Mini Series Bus Routes; direction 1 is direction 0 reversed (source publishes one direction); OSM relation r15100993,r19571004"
bus_s107,S-107,minibus,private,Anandapur,Howrah Station,,,,,,,kolbusopedia,community,"Kolkata Bus-O-Pedia section: Mini Series Bus Routes; direction 1 is direction 0 reversed (source publishes one direction); OSM relation r15100992,r19571009"
bus_s107_1,S-107/1,minibus,private,Anandapur,Howrah Station,,,,,,,kolbusopedia,community,"Kolkata Bus-O-Pedia section: Mini Series Bus Routes; direction 1 is direction 0 reversed (source publishes one direction); OSM relation r15100991,r19571046"
bus_s108,S-108,minibus,private,Kasba Rathtala,Howrah Station,,,,,,,kolbusopedia,community,"Kolkata Bus-O-Pedia section: Mini Series Bus Routes; direction 1 is direction 0 reversed (source publishes one direction); OSM relation r15101002,r19571048"
bus_s109,S-109,minibus,private,Ballygunge Station,BBD Bag,,,,,,,kolbusopedia,community,"Kolkata Bus-O-Pedia section: Mini Series Bus Routes; direction 1 is direction 0 reversed (source publishes one direction); OSM relation r15101596,r19571053"
bus_s110,S-110,minibus,private,Golf Green,Howrah Station,,,,,,,kolbusopedia,community,"Kolkata Bus-O-Pedia section: Mini Series Bus Routes; direction 1 is direction 0 reversed (source publishes one direction); OSM relation r15101627,r19571058"
bus_s111,S-111,minibus,private,Lake Road,Howrah Station,,,,,,,kolbusopedia,community,Kolkata Bus-O-Pedia section: Mini Series Bus Routes; direction 1 is direction 0 reversed (source publishes one direction)
bus_s112,S-112,minibus,private,Garia Station (Naktala),Howrah Station,,,,,,,kolbusopedia,community,"Kolkata Bus-O-Pedia section: Mini Series Bus Routes; direction 1 is direction 0 reversed (source publishes one direction); OSM relation r15101645,r19571063"
bus_s113,S-113,minibus,private,Harinavi,Howrah Station,,,,,,,kolbusopedia,community,"Kolkata Bus-O-Pedia section: Mini Series Bus Routes; direction 1 is direction 0 reversed (source publishes one direction); OSM relation r19571630,r19571631"
bus_s117,S-117,minibus,private,Kalitala Housing,Howrah Station,,,,,,,kolbusopedia,community,Kolkata Bus-O-Pedia section: Mini Series Bus Routes; direction 1 is direction 0 reversed (source publishes one direction); OSM relation r15101695
bus_s121,S-121,minibus,private,Behala Chowrasta,Howrah Station,,,,,,,kolbusopedia,community,"Kolkata Bus-O-Pedia section: Mini Series Bus Routes; direction 1 is direction 0 reversed (source publishes one direction); OSM relation r15101694,r19572671"
bus_s123,S-123,minibus,private,Matiabruz,Howrah Station,,,,,,,kolbusopedia,community,"Kolkata Bus-O-Pedia section: Mini Series Bus Routes; direction 1 is direction 0 reversed (source publishes one direction); OSM relation r15101716,r19572681"
bus_s124,S-124,minibus,private,Garia Station,Howrah Station,,,,,,,kolbusopedia,community,Kolkata Bus-O-Pedia section: Mini Series Bus Routes; direction 1 is direction 0 reversed (source publishes one direction); OSM relation r15101715
bus_s125,S-125,minibus,private,Picnic Garden,Howrah Station,,,,,,,kolbusopedia,community,"Kolkata Bus-O-Pedia section: Mini Series Bus Routes; direction 1 is direction 0 reversed (source publishes one direction); OSM relation r15101731,r19574167"
bus_s126,S-126,minibus,private,Batanagar,Howrah Station,,,,,,,kolbusopedia,community,"Kolkata Bus-O-Pedia section: Mini Series Bus Routes; direction 1 is direction 0 reversed (source publishes one direction); OSM relation r15138363,r19574175"
bus_s128,S-128,minibus,private,Picnic Garden,Howrah Station,,,,,,,kolbusopedia,community,"Kolkata Bus-O-Pedia section: Mini Series Bus Routes; direction 1 is direction 0 reversed (source publishes one direction); OSM relation r15101732,r19574213"
bus_s129,S-129,minibus,private,Rabindra Nagar,Howrah Station,,,,,,,kolbusopedia,community,Kolkata Bus-O-Pedia section: Mini Series Bus Routes; direction 1 is direction 0 reversed (source publishes one direction)
bus_s131,S-131,minibus,private,Joka Bridge,Ruby Hospital,,,,,,,kolbusopedia,community,"Kolkata Bus-O-Pedia section: Mini Series Bus Routes; direction 1 is direction 0 reversed (source publishes one direction); OSM relation r15256487,r19574254"
bus_s135,S-135,minibus,private,Baishnabghata,Howrah Maidan,,,,,,,kolbusopedia,community,"Kolkata Bus-O-Pedia section: Mini Series Bus Routes; direction 1 is direction 0 reversed (source publishes one direction); OSM relation r15256498,r19574257"
bus_s139,S-139,minibus,private,Shyambazar,Babughat,,,,,,,kolbusopedia,community,"Kolkata Bus-O-Pedia section: Mini Series Bus Routes; direction 1 is direction 0 reversed (source publishes one direction); OSM relation r15256514,r19574316"
bus_s151,S-151,minibus,private,Airport 1no,BBD Bag,,,,,,,kolbusopedia,community,"Kolkata Bus-O-Pedia section: Mini Series Bus Routes; direction 1 is direction 0 reversed (source publishes one direction); OSM relation r15256513,r19574324"
bus_s151_2,S-151,minibus,private,Derozio College,BBD Bag,,,,,,,kolbusopedia,community,"Kolkata Bus-O-Pedia section: Mini Series Bus Routes; direction 1 is direction 0 reversed (source publishes one direction); OSM relation r15256513,r19574324"
bus_s152,S-152,minibus,private,Baguiati,BBD Bag,,,,,,,kolbusopedia,community,"Kolkata Bus-O-Pedia section: Mini Series Bus Routes; direction 1 is direction 0 reversed (source publishes one direction); OSM relation r15256551,r19574335"
bus_s158,S-158,minibus,private,Dakshineswar,Babughat,,,,,,,kolbusopedia,community,"Kolkata Bus-O-Pedia section: Mini Series Bus Routes; direction 1 is direction 0 reversed (source publishes one direction); OSM relation r15256550,r19574341"
bus_s159,S-159,minibus,private,Dunlop More,BBD Bag,,,,,,,kolbusopedia,community,Kolkata Bus-O-Pedia section: Mini Series Bus Routes; direction 1 is direction 0 reversed (source publishes one direction)
bus_s161,S-161,minibus,private,Shyambazar,Matiabruz,,,,,,,kolbusopedia,community,"Kolkata Bus-O-Pedia section: Mini Series Bus Routes; direction 1 is direction 0 reversed (source publishes one direction); OSM relation r15257265,r19575503"
bus_s163,S-163,minibus,private,Shyambazar,BBD Bag,,,,,,,kolbusopedia,community,"Kolkata Bus-O-Pedia section: Mini Series Bus Routes; direction 1 is direction 0 reversed (source publishes one direction); OSM relation r15257267,r19583613"
bus_s165,S-165,minibus,private,Phoolbagan,Howrah Station,,,,,,,kolbusopedia,community,"Kolkata Bus-O-Pedia section: Mini Series Bus Routes; direction 1 is direction 0 reversed (source publishes one direction); OSM relation r15257280,r19583614"
bus_s166,S-166,minibus,private,Tangra,Howrah Station,,,,,,,kolbusopedia,community,"Kolkata Bus-O-Pedia section: Mini Series Bus Routes; direction 1 is direction 0 reversed (source publishes one direction); OSM relation r15257296,r15257297,r19583651,r19583652"
bus_s166_2,S-166,minibus,private,Mathpukur,Howrah Station,,,,,,,kolbusopedia,community,"Kolkata Bus-O-Pedia section: Mini Series Bus Routes; direction 1 is direction 0 reversed (source publishes one direction); OSM relation r15257296,r15257297,r19583651,r19583652"
bus_s167,S-167,minibus,private,Saltlake,BBD Bag,,,,,,,kolbusopedia,community,Kolkata Bus-O-Pedia section: Mini Series Bus Routes; direction 1 is direction 0 reversed (source publishes one direction); OSM relation r15260265
bus_s168,S-168,minibus,private,Nagerbazar,Howrah Station,,,,,,,kolbusopedia,community,"Kolkata Bus-O-Pedia section: Mini Series Bus Routes; direction 1 is direction 0 reversed (source publishes one direction); OSM relation r15260264,r19583790"
bus_s172,S-172,minibus,private,Tegharia,Howrah Maidan,,,,,,,kolbusopedia,community,"Kolkata Bus-O-Pedia section: Mini Series Bus Routes; direction 1 is direction 0 reversed (source publishes one direction); OSM relation r15260281,r19583875"
bus_s173,S-173,minibus,private,Saltlake,Howrah Station,,,,,,,kolbusopedia,community,"Kolkata Bus-O-Pedia section: Mini Series Bus Routes; direction 1 is direction 0 reversed (source publishes one direction); OSM relation r15260288,r19583767"
bus_s175,S-175,minibus,private,New Barrackpore,Howrah Station,,,,,,,kolbusopedia,community,"Kolkata Bus-O-Pedia section: Mini Series Bus Routes; direction 1 is direction 0 reversed (source publishes one direction); OSM relation r15260305,r19594328"
bus_s176,S-176,minibus,private,Shyambazar,Howrah Maidan,,,,,,,kolbusopedia,community,"Kolkata Bus-O-Pedia section: Mini Series Bus Routes; direction 1 is direction 0 reversed (source publishes one direction); OSM relation r15260304,r19596702"
bus_s178,S-178,minibus,private,Behala 14no,Rajabazar,,,,,,,kolbusopedia,community,"Kolkata Bus-O-Pedia section: Mini Series Bus Routes; direction 1 is direction 0 reversed (source publishes one direction); OSM relation r15260601,r19596706"
bus_s180,S-180,minibus,private,Belgharia Station,Howrah Maidan,,,,,,,kolbusopedia,community,"Kolkata Bus-O-Pedia section: Mini Series Bus Routes; direction 1 is direction 0 reversed (source publishes one direction); OSM relation r15260624,r19596709"
bus_s184,S-184,minibus,private,Birati Station,BBD Bag,,,,,,,kolbusopedia,community,"Kolkata Bus-O-Pedia section: Mini Series Bus Routes; direction 1 is direction 0 reversed (source publishes one direction); OSM relation r15260763,r19597090"
bus_s184_2,S-184,minibus,private,Birati Station,Saltlake 206,,,,,,,kolbusopedia,community,"Kolkata Bus-O-Pedia section: Mini Series Bus Routes; direction 1 is direction 0 reversed (source publishes one direction); OSM relation r15260763,r19597090"
bus_s185,S-185,minibus,private,Nimta Bazar,Howrah Station,,,,,,,kolbusopedia,community,"Kolkata Bus-O-Pedia section: Mini Series Bus Routes; direction 1 is direction 0 reversed (source publishes one direction); OSM relation r15260761,r19597104"
bus_s186,S-186,minibus,private,Uttar Panchannagram,Howrah Station,,,,,,,kolbusopedia,community,"Kolkata Bus-O-Pedia section: Mini Series Bus Routes; direction 1 is direction 0 reversed (source publishes one direction); OSM relation r15260760,r19597099"
bus_s189,S-189,minibus,private,Shyambazar,Howrah Maidan,,,,,,,kolbusopedia,community,"Kolkata Bus-O-Pedia section: Mini Series Bus Routes; direction 1 is direction 0 reversed (source publishes one direction); OSM relation r15322633,r19597107"
bus_rt1,RT-1,minibus,private,Salkia Chowrasta,Esplanade,,,,,,,kolbusopedia,community,"Kolkata Bus-O-Pedia section: Mini Series Bus Routes; direction 1 is direction 0 reversed (source publishes one direction); OSM relation r15322632,r19597127"
bus_rt1a,RT-1A,minibus,private,Satyabala,Sishu Mangal (Kasba),,,,,,,kolbusopedia,community,Kolkata Bus-O-Pedia section: Mini Series Bus Routes; direction 1 is direction 0 reversed (source publishes one direction); OSM relation r15322631
bus_rt2,RT-2,minibus,private,Salkia Chowrasta,Esplanade,,,,,,,kolbusopedia,community,"Kolkata Bus-O-Pedia section: Mini Series Bus Routes; direction 1 is direction 0 reversed (source publishes one direction); OSM relation r19632690,r19632691"
bus_rt3,RT-3,minibus,private,Kadamtala,Esplanade,,,,,,,kolbusopedia,community,Kolkata Bus-O-Pedia section: Mini Series Bus Routes; direction 1 is direction 0 reversed (source publishes one direction); OSM relation r15322667
bus_rt3a,RT-3A,minibus,private,Kamardanga,Esplanade,,,,,,,kolbusopedia,community,Kolkata Bus-O-Pedia section: Mini Series Bus Routes; direction 1 is direction 0 reversed (source publishes one direction)
bus_rt5,RT-5,minibus,private,Japani Gate,Sector V (Saltlake),,,,,,,kolbusopedia,community,"Kolkata Bus-O-Pedia section: Mini Series Bus Routes; direction 1 is direction 0 reversed (source publishes one direction); OSM relation r5212985,r15326712"
bus_rt6,RT-6,minibus,private,B.Garden,Esplanade,,,,,,,kolbusopedia,community,Kolkata Bus-O-Pedia section: Mini Series Bus Routes; direction 1 is direction 0 reversed (source publishes one direction)
bus_rt6a,RT-6A,minibus,private,Danesh Shaikh Lane,Esplanade,,,,,,,kolbusopedia,community,Kolkata Bus-O-Pedia section: Mini Series Bus Routes; direction 1 is direction 0 reversed (source publishes one direction)
bus_rt7,RT-7,minibus,private,Howrah Maidan (Amtala Phari),Shyambazar,,,,,,,kolbusopedia,community,Kolkata Bus-O-Pedia section: Mini Series Bus Routes; direction 1 is direction 0 reversed (source publishes one direction)
bus_rt8,RT-8,minibus,private,Mandirtala,Esplanade,,,,,,,kolbusopedia,community,Kolkata Bus-O-Pedia section: Mini Series Bus Routes; direction 1 is direction 0 reversed (source publishes one direction)
bus_rt10,RT-10,minibus,private,Ballykhal,Kidderpore,,,,,,,kolbusopedia,community,"Kolkata Bus-O-Pedia section: Mini Series Bus Routes; direction 1 is direction 0 reversed (source publishes one direction); OSM relation r15327134,r19663625"
bus_rt11,RT-11,minibus,private,Belurmath,Esplanade,,,,,,,kolbusopedia,community,Kolkata Bus-O-Pedia section: Mini Series Bus Routes; direction 1 is direction 0 reversed (source publishes one direction)
bus_rt11a,RT-11A,minibus,private,Howrah Maidan,Rabindra Sadan (Diamond Park),,,,,,,kolbusopedia,community,Kolkata Bus-O-Pedia section: Mini Series Bus Routes; direction 1 is direction 0 reversed (source publishes one direction); OSM relation r15327174
bus_rt13,RT-13,minibus,private,Ranihati,Ahiritola (Rajabazar),,,,,,,kolbusopedia,community,Kolkata Bus-O-Pedia section: Mini Series Bus Routes; direction 1 is direction 0 reversed (source publishes one direction)
bus_rt13a,RT-13A,minibus,private,Fatickgachi,Ahiritola (Rajabazar),,,,,,,kolbusopedia,community,Kolkata Bus-O-Pedia section: Mini Series Bus Routes; direction 1 is direction 0 reversed (source publishes one direction)
bus_rt18,RT-18,minibus,private,Kona More,Esplanade,,,,,,,kolbusopedia,community,Kolkata Bus-O-Pedia section: Mini Series Bus Routes; direction 1 is direction 0 reversed (source publishes one direction); OSM relation r15328125
bus_rt20,RT-20,minibus,private,Alampur,Ultadanga,,,,,,,kolbusopedia,community,Kolkata Bus-O-Pedia section: Mini Series Bus Routes; direction 1 is direction 0 reversed (source publishes one direction)
bus_rt20a,RT-20A,minibus,private,Mourigram,Saltlake Stadium,,,,,,,kolbusopedia,community,Kolkata Bus-O-Pedia section: Mini Series Bus Routes; direction 1 is direction 0 reversed (source publishes one direction); OSM relation r15328124
bus_rt21,RT-21,minibus,private,Howrah Maidan,Shilpara,,,,,,,kolbusopedia,community,Kolkata Bus-O-Pedia section: Mini Series Bus Routes; direction 1 is direction 0 reversed (source publishes one direction); OSM relation r15328166
bus_rt24,RT-24,minibus,private,Sankrail,Howrah Station,,,,,,,kolbusopedia,community,Kolkata Bus-O-Pedia section: Mini Series Bus Routes; direction 1 is direction 0 reversed (source publishes one direction); OSM relation r15331967
bus_rt25,RT-25,minibus,private,Malipanchghara,Sealdah Station,,,,,,,kolbusopedia,community,Kolkata Bus-O-Pedia section: Mini Series Bus Routes; direction 1 is direction 0 reversed (source publishes one direction); OSM relation r15331974
bus_rt26,RT-26,minibus,private,Santragachi,Esplanade,,,,,,,kolbusopedia,community,Kolkata Bus-O-Pedia section: Mini Series Bus Routes; direction 1 is direction 0 reversed (source publishes one direction); OSM relation r15331993
bus_rt27,RT-27,minibus,private,Bankra,Park Circus,,,,,,,kolbusopedia,community,Kolkata Bus-O-Pedia section: Mini Series Bus Routes; direction 1 is direction 0 reversed (source publishes one direction); OSM relation r15331999
bus_rt27a,RT-27A,minibus,private,Howrah Maidan,Park Circus (Ruby Hospital),,,,,,,kolbusopedia,community,Kolkata Bus-O-Pedia section: Mini Series Bus Routes; direction 1 is direction 0 reversed (source publishes one direction); OSM relation r15332002
bus_rt29,RT-29,minibus,private,Tikiapara,Sector V (Saltlake),,,,,,,kolbusopedia,community,"Kolkata Bus-O-Pedia section: Mini Series Bus Routes; direction 1 is direction 0 reversed (source publishes one direction); OSM relation r5212984,r15332005"
bus_rt30,RT-30,minibus,private,Baluhati,Esplanade,,,,,,,kolbusopedia,community,Kolkata Bus-O-Pedia section: Mini Series Bus Routes; direction 1 is direction 0 reversed (source publishes one direction); OSM relation r15336470
bus_rt31,RT-31,minibus,private,Makardaha,Rabindra Sadan (Kidderpore),,,,,,,kolbusopedia,community,Kolkata Bus-O-Pedia section: Mini Series Bus Routes; direction 1 is direction 0 reversed (source publishes one direction); OSM relation r15336469
bus_rt32,RT-32,minibus,private,Howrah Maidan,Rabindra Sadan (Parnasree),,,,,,,kolbusopedia,community,Kolkata Bus-O-Pedia section: Mini Series Bus Routes; direction 1 is direction 0 reversed (source publishes one direction); OSM relation r15336479
bus_rt34,RT-34,minibus,private,Purash,Howrah Station,,,,,,,kolbusopedia,community,Kolkata Bus-O-Pedia section: Mini Series Bus Routes; direction 1 is direction 0 reversed (source publishes one direction)
bus_rt35,RT-35,minibus,private,Hantal,Howrah Station,,,,,,,kolbusopedia,community,Kolkata Bus-O-Pedia section: Mini Series Bus Routes; direction 1 is direction 0 reversed (source publishes one direction)
bus_rt38,RT-38,minibus,private,Dasnagar,Esplanade,,,,,,,kolbusopedia,community,Kolkata Bus-O-Pedia section: Mini Series Bus Routes; direction 1 is direction 0 reversed (source publishes one direction); OSM relation r15336478
bus_rt39,RT-39,minibus,private,Bhattanagar,Esplanade,,,,,,,kolbusopedia,community,Kolkata Bus-O-Pedia section: Mini Series Bus Routes; direction 1 is direction 0 reversed (source publishes one direction); OSM relation r15336490
bus_rt42,RT-42,minibus,private,Danesh Shaikh Lane,Aliah University,,,,,,,kolbusopedia,community,Kolkata Bus-O-Pedia section: Mini Series Bus Routes; direction 1 is direction 0 reversed (source publishes one direction); OSM relation r15336551
bus_m10,M-10,minibus,private,Diamond Harbour,Raidighi,,,,,,,kolbusopedia,community,Kolkata Bus-O-Pedia section: Mini Series Bus Routes; direction 1 is direction 0 reversed (source publishes one direction)
bus_m14_2,M-14,minibus,private,Dakghar (Chattabazar),Howrah Station,,,,,,,kolbusopedia,community,Kolkata Bus-O-Pedia section: Mini Series Bus Routes; direction 1 is direction 0 reversed (source publishes one direction)
bus_m15,M-15,minibus,private,Falta Sector 1,Bijaygunge bazar (Lakshmikantapur),,,,,,,kolbusopedia,community,Kolkata Bus-O-Pedia section: Mini Series Bus Routes; stop name cleaned (doubled name in source); direction 1 is direction 0 reversed (source publishes one direction)
bus_m16,M-16,minibus,private,Burul,Radhanagar,,,,,,,kolbusopedia,community,Kolkata Bus-O-Pedia section: Mini Series Bus Routes; direction 1 is direction 0 reversed (source publishes one direction)
bus_sd3,SD-3,bus,private,Sonarpur,Ghatakpukur,,,,,,,kolbusopedia,community,Kolkata Bus-O-Pedia section: SD Series General Bus Routes; direction 1 is direction 0 reversed (source publishes one direction)
bus_sd4,SD-4,bus,private,Thakurpukur,Sapuipara,,,,,,,kolbusopedia,community,Kolkata Bus-O-Pedia section: SD Series General Bus Routes; direction 1 is direction 0 reversed (source publishes one direction)
bus_sd5,SD-5,bus,private,Sonarpur Station,Khariberia,,,,,,,kolbusopedia,community,Kolkata Bus-O-Pedia section: SD Series General Bus Routes; direction 1 is direction 0 reversed (source publishes one direction)
bus_sd8,SD-8,bus,private,Bibirhat,Nandi Bagan,,,,,,,kolbusopedia,community,Kolkata Bus-O-Pedia section: SD Series General Bus Routes; direction 1 is direction 0 reversed (source publishes one direction)
bus_sd9,SD-9,bus,private,Noorpur,Esplanade,,,,,,,kolbusopedia,community,Kolkata Bus-O-Pedia section: SD Series General Bus Routes; direction 1 is direction 0 reversed (source publishes one direction)
bus_sd11,SD-11,bus,private,Noorpur,Patharpratima,,,,,,,kolbusopedia,community,Kolkata Bus-O-Pedia section: SD Series General Bus Routes; direction 1 is direction 0 reversed (source publishes one direction)
bus_sd11_1,SD-11/1,bus,private,Noorpur,Ramganga,,,,,,,kolbusopedia,community,Kolkata Bus-O-Pedia section: SD Series General Bus Routes; direction 1 is direction 0 reversed (source publishes one direction)
bus_sd14,SD-14,bus,private,Sahararhat,Taratala,,,,,,,kolbusopedia,community,Kolkata Bus-O-Pedia section: SD Series General Bus Routes; direction 1 is direction 0 reversed (source publishes one direction)
bus_sd16,SD-16,bus,private,Shirakole,Mukundapur,,,,,,,kolbusopedia,community,Kolkata Bus-O-Pedia section: SD Series General Bus Routes; direction 1 is direction 0 reversed (source publishes one direction)
bus_sd18,SD-18,bus,private,Diamond Harbour,Esplanade,,,,,,,kolbusopedia,community,Kolkata Bus-O-Pedia section: SD Series General Bus Routes; direction 1 is direction 0 reversed (source publishes one direction)
bus_sd19,SD-19,bus,private,Esplanade,Patharpratima,,,,,,,kolbusopedia,community,Kolkata Bus-O-Pedia section: SD Series General Bus Routes; direction 1 is direction 0 reversed (source publishes one direction)
bus_sd22_1,SD-22/1,bus,private,Nainan,Esplanade,,,,,,,kolbusopedia,community,Kolkata Bus-O-Pedia section: SD Series General Bus Routes; direction 1 is direction 0 reversed (source publishes one direction)
bus_sd24,SD-24,bus,private,Alipore Zoo,Sonakhali,,,,,,,kolbusopedia,community,Kolkata Bus-O-Pedia section: SD Series General Bus Routes; direction 1 is direction 0 reversed (source publishes one direction)
bus_sd26,SD-26,bus,private,Burul,Babughat,,,,,,,kolbusopedia,community,Kolkata Bus-O-Pedia section: SD Series General Bus Routes; direction 1 is direction 0 reversed (source publishes one direction)
bus_sd27,SD-27,bus,private,Dostipur,Akra Fatak,,,,,,,kolbusopedia,community,Kolkata Bus-O-Pedia section: SD Series General Bus Routes; direction 1 is direction 0 reversed (source publishes one direction)
bus_sd29,SD-29,bus,private,Amtala,Baruipur Station,,,,,,,kolbusopedia,community,Kolkata Bus-O-Pedia section: SD Series General Bus Routes; direction 1 is direction 0 reversed (source publishes one direction)
bus_sd30,SD-30,bus,private,Sahararhat,Taratala,,,,,,,kolbusopedia,community,Kolkata Bus-O-Pedia section: SD Series General Bus Routes; direction 1 is direction 0 reversed (source publishes one direction)
bus_sd33,SD-33,bus,private,Canning,Jharkhali,,,,,,,kolbusopedia,community,Kolkata Bus-O-Pedia section: SD Series General Bus Routes; direction 1 is direction 0 reversed (source publishes one direction)
bus_sd39,SD-39,bus,private,Joynagar,Kishorimohonpur,,,,,,,kolbusopedia,community,Kolkata Bus-O-Pedia section: SD Series General Bus Routes; direction 1 is direction 0 reversed (source publishes one direction)
bus_sd50,SD-50,bus,private,Diamond Harbour,Patharpratima,,,,,,,kolbusopedia,community,Kolkata Bus-O-Pedia section: SD Series General Bus Routes; direction 1 is direction 0 reversed (source publishes one direction)
bus_sd51,SD-51,bus,private,Gurudaspur,Mathurapur Station,,,,,,,kolbusopedia,community,Kolkata Bus-O-Pedia section: SD Series General Bus Routes; direction 1 is direction 0 reversed (source publishes one direction)
bus_sd53,SD-53,bus,private,Joynagar,Maipith,,,,,,,kolbusopedia,community,Kolkata Bus-O-Pedia section: SD Series General Bus Routes; direction 1 is direction 0 reversed (source publishes one direction)
bus_sd63,SD-63,bus,private,Canning,Gadkhali,,,,,,,kolbusopedia,community,Kolkata Bus-O-Pedia section: SD Series General Bus Routes; direction 1 is direction 0 reversed (source publishes one direction)
bus_sd64,SD-64,bus,private,Canning,Chunakhali,,,,,,,kolbusopedia,community,Kolkata Bus-O-Pedia section: SD Series General Bus Routes; direction 1 is direction 0 reversed (source publishes one direction)
bus_sd82,SD-82,bus,private,Esplanade,Kakdwip,,,,,,,kolbusopedia,community,Kolkata Bus-O-Pedia section: SD Series General Bus Routes; direction 1 is direction 0 reversed (source publishes one direction)
bus_sd85,SD-85,bus,private,Canning,Dhamakhali,,,,,,,kolbusopedia,community,Kolkata Bus-O-Pedia section: SD Series General Bus Routes; direction 1 is direction 0 reversed (source publishes one direction)
bus_sd94,SD-94,bus,private,Kakdwip,Bakkhali,,,,,,,kolbusopedia,community,Kolkata Bus-O-Pedia section: SD Series General Bus Routes; direction 1 is direction 0 reversed (source publishes one direction)
bus_dn2,DN-2,bus,private,Barasat,Dakshineswar,,,,,,,kolbusopedia,community,Kolkata Bus-O-Pedia section: DN Series General Bus Routes; direction 1 is direction 0 reversed (source publishes one direction)
bus_dn2_1,DN-2/1,bus,private,Shapoorji,Dakshineswar,,,,,,,kolbusopedia,community,Kolkata Bus-O-Pedia section: DN Series General Bus Routes; direction 1 is direction 0 reversed (source publishes one direction)
bus_dn5,DN-5,bus,private,Barasat,Naihati,,,,,,,kolbusopedia,community,Kolkata Bus-O-Pedia section: DN Series General Bus Routes; direction 1 is direction 0 reversed (source publishes one direction)
bus_dn8,DN-8,bus,private,Barasat,Sector V (Saltlake),,,,,,,kolbusopedia,community,Kolkata Bus-O-Pedia section: DN Series General Bus Routes; direction 1 is direction 0 reversed (source publishes one direction); OSM relation r5212983
bus_dn9_1,DN-9/1,bus,private,Barasat,Rajchandrapur,,,,,,,kolbusopedia,community,Kolkata Bus-O-Pedia section: DN Series General Bus Routes; direction 1 is direction 0 reversed (source publishes one direction)
bus_dn12,DN12,bus,private,Bongaon Motigunge Bus Stand,Basirhat,,,,,,,kolbusopedia,community,Kolkata Bus-O-Pedia section: DN Series General Bus Routes; direction 1 is direction 0 reversed (source publishes one direction)
bus_dn12_1,DN12/1,bus,private,Hazra,Nazat,,,,,,,kolbusopedia,community,Kolkata Bus-O-Pedia section: DN Series General Bus Routes; direction 1 is direction 0 reversed (source publishes one direction)
bus_dn13,DN13,bus,private,Boshirhat boardghat,Hakimpur,,,,,,,kolbusopedia,community,Kolkata Bus-O-Pedia section: DN Series General Bus Routes; direction 1 is direction 0 reversed (source publishes one direction)
bus_dn13a,DN13A,bus,private,Haroa (upto Kholapota),Hakimpur,,,,,,,kolbusopedia,community,Kolkata Bus-O-Pedia section: DN Series General Bus Routes; direction 1 is direction 0 reversed (source publishes one direction)
bus_dn16_1,DN16/1,bus,private,Barasat,Dhamakhali,,,,,,,kolbusopedia,community,Kolkata Bus-O-Pedia section: DN Series General Bus Routes; direction 1 is direction 0 reversed (source publishes one direction)
bus_dn17,DN17,bus,private,Barasat Titumir Bus Stand,Babughat,,,,,,,kolbusopedia,community,Kolkata Bus-O-Pedia section: DN Series General Bus Routes; direction 1 is direction 0 reversed (source publishes one direction)
bus_dn18,DN18,bus,private,Shyambazar,Baduria,,,,,,,kolbusopedia,community,Kolkata Bus-O-Pedia section: DN Series General Bus Routes; direction 1 is direction 0 reversed (source publishes one direction)
bus_dn19,DN19,bus,private,Barrackpore Court,Chapadali(shuttle),,,,,,,kolbusopedia,community,Kolkata Bus-O-Pedia section: DN Series General Bus Routes; direction 1 is direction 0 reversed (source publishes one direction)
bus_dn26,DN26,bus,private,Gaighata (Habra),Kalyani (Jagulia),,,,,,,kolbusopedia,community,Kolkata Bus-O-Pedia section: DN Series General Bus Routes; direction 1 is direction 0 reversed (source publishes one direction)
bus_dn28,DN28,bus,private,Barasat Titumir Bus Stand,Haroa,,,,,,,kolbusopedia,community,Kolkata Bus-O-Pedia section: DN Series General Bus Routes; direction 1 is direction 0 reversed (source publishes one direction)
bus_dn35,DN35,bus,private,Barasat Titumir Bus Stand,Nabatkati,,,,,,,kolbusopedia,community,Kolkata Bus-O-Pedia section: DN Series General Bus Routes; direction 1 is direction 0 reversed (source publishes one direction)
bus_dn38,DN38,bus,private,Bashirhat (Malancha),Taranipur,,,,,,,kolbusopedia,community,Kolkata Bus-O-Pedia section: DN Series General Bus Routes; direction 1 is direction 0 reversed (source publishes one direction)
bus_dn43,DN43,bus,private,Dakshineswar,Barasat Moyna Check Post,,,,,,,kolbusopedia,community,Kolkata Bus-O-Pedia section: DN Series General Bus Routes; direction 1 is direction 0 reversed (source publishes one direction)
bus_dn44,DN44,bus,private,Bongaon,Dakshineswar,,,,,,,kolbusopedia,community,Kolkata Bus-O-Pedia section: DN Series General Bus Routes; direction 1 is direction 0 reversed (source publishes one direction)
bus_dn46,DN46,bus,private,Belgharia Teachers Colony,Newtown,,,,,,,kolbusopedia,community,Kolkata Bus-O-Pedia section: DN Series General Bus Routes; direction 1 is direction 0 reversed (source publishes one direction)
bus_dn47,DN47,bus,private,Barasat Algaria,Karunamoyee,,,,,,,kolbusopedia,community,Kolkata Bus-O-Pedia section: DN Series General Bus Routes; direction 1 is direction 0 reversed (source publishes one direction)
bus_k1,K1,bus,private,Hatishala,Kolkata Station,,,,,,,kolbusopedia,community,Kolkata Bus-O-Pedia section: K and KB Series; direction 1 is direction 0 reversed (source publishes one direction)
bus_k4,K4,bus,private,Park Circus,Dakshineswar,,,,,,,kolbusopedia,community,Kolkata Bus-O-Pedia section: K and KB Series; direction 1 is direction 0 reversed (source publishes one direction)
bus_k11,K11,bus,private,Rabinrasadan (Exide),Domjur,,,,,,,kolbusopedia,community,Kolkata Bus-O-Pedia section: K and KB Series; direction 1 is direction 0 reversed (source publishes one direction)
bus_kb12,KB12,bus,private,Behala Rabindranagar,Unitech,,,,,,,kolbusopedia,community,Kolkata Bus-O-Pedia section: K and KB Series; direction 1 is direction 0 reversed (source publishes one direction)
bus_kb15,KB15,bus,private,Anandapur,Santragachi Station,,,,,,,kolbusopedia,community,Kolkata Bus-O-Pedia section: K and KB Series; direction 1 is direction 0 reversed (source publishes one direction)
bus_kb16,KB16,bus,private,Shapoorji,Bangur Avenue,,,,,,,kolbusopedia,community,Kolkata Bus-O-Pedia section: K and KB Series; direction 1 is direction 0 reversed (source publishes one direction)
bus_kb17,KB17,bus,private,Sonarpur Station,Unitech Gate 1,,,,,,,kolbusopedia,community,Kolkata Bus-O-Pedia section: K and KB Series; direction 1 is direction 0 reversed (source publishes one direction)
bus_kb21,KB21,bus,private,Science City/Chowbagha,Ganganagar Julien Day School,,,,,,,kolbusopedia,community,Kolkata Bus-O-Pedia section: K and KB Series; direction 1 is direction 0 reversed (source publishes one direction)
bus_kb22,KB22,bus,private,Kolkata Station,Jamirgachi,,,,,,,kolbusopedia,community,Kolkata Bus-O-Pedia section: K and KB Series; direction 1 is direction 0 reversed (source publishes one direction)
bus_m10_ac_corporate,M10 (AC Corporate),bus,private,Rashbehari,Barasat,,,,,,,kolbusopedia,community,AC; Kolkata Bus-O-Pedia section: M and MM and MN series; direction 1 is direction 0 reversed (source publishes one direction)
bus_mm3,MM3,bus,private,Dakshineswar,Duttapukur,,,,,,,kolbusopedia,community,Kolkata Bus-O-Pedia section: M and MM and MN series; direction 1 is direction 0 reversed (source publishes one direction)
bus_mm5,MM5,bus,private,Barrackpore Court,Habra Station,,,,,,,kolbusopedia,community,Kolkata Bus-O-Pedia section: M and MM and MN series; via list printed from the far end; reordered origin to destination; direction 1 is direction 0 reversed (source publishes one direction)
bus_mm6,MM6,bus,private,Jafarpur(Barasat),Chakla(Sohai),,,,,,,kolbusopedia,community,Kolkata Bus-O-Pedia section: M and MM and MN series; direction 1 is direction 0 reversed (source publishes one direction)
bus_mm6_1,MM6/1,bus,private,Jafarpur,Bagjola,,,,,,,kolbusopedia,community,Kolkata Bus-O-Pedia section: M and MM and MN series; direction 1 is direction 0 reversed (source publishes one direction)
bus_mm7,MM7,bus,private,Basirhat Court,Dhamakhali,,,,,,,kolbusopedia,community,Kolkata Bus-O-Pedia section: M and MM and MN series; direction 1 is direction 0 reversed (source publishes one direction)
bus_mn2,MN2,bus,private,Hasnabad,Lebukhali,,,,,,,kolbusopedia,community,Kolkata Bus-O-Pedia section: M and MM and MN series; direction 1 is direction 0 reversed (source publishes one direction)
bus_mn3,MN3,bus,private,Barasat Titumir Bus Stand,Nahata,,,,,,,kolbusopedia,community,Kolkata Bus-O-Pedia section: M and MM and MN series; direction 1 is direction 0 reversed (source publishes one direction)
bus_mn6,MN6,bus,private,Barasat Titumir Bus Stand,Beri Gopalpur,,,,,,,kolbusopedia,community,Kolkata Bus-O-Pedia section: M and MM and MN series; direction 1 is direction 0 reversed (source publishes one direction)
bus_e43,E43,bus,private,Howrah Station,Dihibhurshut,,,,,,,kolbusopedia,community,Kolkata Bus-O-Pedia section: E series (Howrah); direction 1 is direction 0 reversed (source publishes one direction)
bus_e53,E53,bus,private,Howrah Station,Narit,,,,,,,kolbusopedia,community,Kolkata Bus-O-Pedia section: E series (Howrah); dropped source stop: empty after cleaning; direction 1 is direction 0 reversed (source publishes one direction)
bus_sta_amta_airport,Amta - Airport,bus,private,Amta,Airport,,,,,,,kolbusopedia,community,Kolkata Bus-O-Pedia section: STA; direction 1 is direction 0 reversed (source publishes one direction)
bus_sta_amta_mukundapur,Amta - Mukundapur,bus,private,Amta,Mukundapur,,,,,,,kolbusopedia,community,Kolkata Bus-O-Pedia section: STA; direction 1 is direction 0 reversed (source publishes one direction)
bus_sta_amta_newtown,Amta - Newtown,bus,private,Amta,Newtown,,,,,,,kolbusopedia,community,Kolkata Bus-O-Pedia section: STA; direction 1 is direction 0 reversed (source publishes one direction)
bus_sta_bagnan_ecospace,Bagnan - Ecospace,bus,private,Bagnan,Ecospace,,,,,,,kolbusopedia,community,Kolkata Bus-O-Pedia section: STA; direction 1 is direction 0 reversed (source publishes one direction)
bus_sta_bally_halt_saltlake_karunamoyee,Bally Halt - Saltlake Karunamoyee,bus,private,Ballyhalt,Saltlake Karunamoyee,,,,,,,kolbusopedia,community,Kolkata Bus-O-Pedia section: STA; direction 1 is direction 0 reversed (source publishes one direction)
bus_sta_bandar_howrah_station,Bandar - Howrah station,bus,private,Bandar,Howrah Station,,,,,,,kolbusopedia,community,Kolkata Bus-O-Pedia section: STA; direction 1 is direction 0 reversed (source publishes one direction)
bus_sta_barasat_santragachi_newtown_version,Barasat - Santragachi (Newtown Version),bus,private,Barasat,Santragachi (Newtown Version),,,,,,,kolbusopedia,community,Kolkata Bus-O-Pedia section: STA; direction 1 is direction 0 reversed (source publishes one direction)
bus_sta_barasat_titumir_bus_stand_santragachi,Barasat (Titumir Bus Stand) - Santragachi,bus,private,Barasat Titumir Bus Stand,Santragachi,,,,,,,kolbusopedia,community,Kolkata Bus-O-Pedia section: STA; direction 1 is direction 0 reversed (source publishes one direction)
bus_sta_barasat_baruipur,Barasat - Baruipur,bus,private,Barasat,Baruipur,,,,,,,kolbusopedia,community,Kolkata Bus-O-Pedia section: STA; direction 1 is direction 0 reversed (source publishes one direction); OSM relation r3221986
bus_sta_barasat_garia,Barasat - Garia,bus,private,Barasat,Garia,,,,,,,kolbusopedia,community,Kolkata Bus-O-Pedia section: STA; direction 1 is direction 0 reversed (source publishes one direction)
bus_sta_barasat_botanical_garden_b_garden,Barasat - Botanical Garden (B garden),bus,private,Barasat,Botanical Garden (B garden),,,,,,,kolbusopedia,community,Kolkata Bus-O-Pedia section: STA; direction 1 is direction 0 reversed (source publishes one direction)
bus_sta_bargachia_sealdah_court,Bargachia - Sealdah Court,bus,private,Bargachia,Sealdah Court,,,,,,,kolbusopedia,community,Kolkata Bus-O-Pedia section: STA; direction 1 is direction 0 reversed (source publishes one direction)
bus_sta_barrackpore_howrah_station,Barrackpore - Howrah Station,bus,private,Barrackpore,Howrah Station,,,,,,,kolbusopedia,community,Kolkata Bus-O-Pedia section: STA; direction 1 is direction 0 reversed (source publishes one direction)
bus_sta_bashirhat_gadiara,Bashirhat - Gadiara,bus,private,Basirhat,Gadiara,,,,,,,kolbusopedia,community,Kolkata Bus-O-Pedia section: STA; direction 1 is direction 0 reversed (source publishes one direction)
bus_sta_berachampa_saltlake_karunamoyee,Berachampa - Saltlake Karunamoyee,bus,private,Berachampa,Saltlake Karunamoyee,,,,,,,kolbusopedia,community,Kolkata Bus-O-Pedia section: STA; direction 1 is direction 0 reversed (source publishes one direction)
bus_sta_botanical_garden_dhamakhali,Botanical Garden - Dhamakhali,bus,private,Botanical Garden,Dhamakhali,,,,,,,kolbusopedia,community,Kolkata Bus-O-Pedia section: STA; direction 1 is direction 0 reversed (source publishes one direction)
bus_sta_boyra_saltlake_karunamoyee,Boyra - Saltlake Karunamoyee,bus,private,Boyra,Saltlake Karunamoyee,,,,,,,kolbusopedia,community,Kolkata Bus-O-Pedia section: STA; direction 1 is direction 0 reversed (source publishes one direction)
bus_sta_deulti_saltlake_karunamoyee,Deulti - Saltlake Karunamoyee,bus,private,Deulti,Saltlake Karunamoyee,,,,,,,kolbusopedia,community,Kolkata Bus-O-Pedia section: STA; direction 1 is direction 0 reversed (source publishes one direction)
bus_sta_dhulagarh_newtown,Dhulagarh - Newtown,bus,private,Dhulagarh,Newtown,,,,,,,kolbusopedia,community,Kolkata Bus-O-Pedia section: STA; direction 1 is direction 0 reversed (source publishes one direction)
bus_sta_dhulagarh_sealdah,Dhulagarh - Sealdah,bus,private,Dhulagarh,Sealdah,,,,,,,kolbusopedia,community,Kolkata Bus-O-Pedia section: STA; direction 1 is direction 0 reversed (source publishes one direction)
bus_sta_dhulagarh_unitech,Dhulagarh - Unitech,bus,private,Dhulagarh,Unitech,,,,,,,kolbusopedia,community,Kolkata Bus-O-Pedia section: STA; direction 1 is direction 0 reversed (source publishes one direction)
bus_sta_gadiara_rajarhat,Gadiara - Rajarhat,bus,private,Gadiara,Rajarhat,,,,,,,kolbusopedia,community,Kolkata Bus-O-Pedia section: STA; direction 1 is direction 0 reversed (source publishes one direction)
bus_sta_garia_ultodanga,Garia - Ultodanga,bus,private,Garia,Ultodanga,,,,,,,kolbusopedia,community,Kolkata Bus-O-Pedia section: STA; direction 1 is direction 0 reversed (source publishes one direction)
bus_sta_garia_station_bagbazar,Garia Station - Bagbazar,bus,private,Garia Station,Bagbazar,,,,,,,kolbusopedia,community,Kolkata Bus-O-Pedia section: STA; direction 1 is direction 0 reversed (source publishes one direction)
bus_sta_garia_station_kolkata_station,Garia Station - Kolkata Station,bus,private,Garia Station,Kolkata Station,,,,,,,kolbusopedia,community,Kolkata Bus-O-Pedia section: STA; direction 1 is direction 0 reversed (source publishes one direction)
bus_sta_garia_station_paikpara,Garia Station - Paikpara,bus,private,Garia Station,Paikpara,,,,,,,kolbusopedia,community,Kolkata Bus-O-Pedia section: STA; direction 1 is direction 0 reversed (source publishes one direction)
bus_sta_kamalgazi_dankuni_housing,Kamalgazi - Dankuni Housing,bus,private,Kamalgazi,Dankuni Housing,,,,,,,kolbusopedia,community,Kolkata Bus-O-Pedia section: STA; direction 1 is direction 0 reversed (source publishes one direction)
bus_sta_kadamtala_newtown,Kadamtala - Newtown,bus,private,Kadamtala,Newtown,,,,,,,kolbusopedia,community,Kolkata Bus-O-Pedia section: STA; direction 1 is direction 0 reversed (source publishes one direction)
bus_sta_madhyamgram_howrah,Madhyamgram - Howrah,bus,private,Madhyamgram,Howrah,,,,,,,kolbusopedia,community,Kolkata Bus-O-Pedia section: STA; direction 1 is direction 0 reversed (source publishes one direction)
bus_sta_malancha_kolkata_station,Malancha - Kolkata Station,bus,private,Malancha,Kolkata Station,,,,,,,kolbusopedia,community,Kolkata Bus-O-Pedia section: STA; direction 1 is direction 0 reversed (source publishes one direction)
bus_sta_matapara_newtown,Matapara - Newtown,bus,private,Matapara,Newtown,,,,,,,kolbusopedia,community,Kolkata Bus-O-Pedia section: STA; direction 1 is direction 0 reversed (source publishes one direction)
bus_sta_muchighata_saltlake_karunamoyee,Muchighata - Saltlake Karunamoyee,bus,private,Muchighata,Saltlake Karunamoyee,,,,,,,kolbusopedia,community,Kolkata Bus-O-Pedia section: STA; direction 1 is direction 0 reversed (source publishes one direction)
bus_sta_naktala_garia_dakshineswar,Naktala ( Garia ) - Dakshineswar,bus,private,Naktala ( Garia ),Dakshineswar,,,,,,,kolbusopedia,community,Kolkata Bus-O-Pedia section: STA; direction 1 is direction 0 reversed (source publishes one direction)
bus_sta_polerhat_shyambazar,Polerhat - Shyambazar,bus,private,Polerhat,Shyambazar,,,,,,,kolbusopedia,community,Kolkata Bus-O-Pedia section: STA; direction 1 is direction 0 reversed (source publishes one direction)
bus_sta_rajabazar_dankuni_baburhat,Rajabazar (Dankuni) - Baburhat,bus,private,Rajabazar (Dankuni),Baburhat,,,,,,,kolbusopedia,community,Kolkata Bus-O-Pedia section: STA; direction 1 is direction 0 reversed (source publishes one direction)
bus_sta_rajabazar_hasnabad,Rajabazar - Hasnabad,bus,private,Rajabazar,Hasnabad,,,,,,,kolbusopedia,community,Kolkata Bus-O-Pedia section: STA; direction 1 is direction 0 reversed (source publishes one direction)
bus_sta_rajchandrapur_saltlake_karunamoyee,Rajchandrapur - Saltlake Karunamoyee,bus,private,Rajchandrapur,Saltlake Karunamoyee,,,,,,,kolbusopedia,community,Kolkata Bus-O-Pedia section: STA; direction 1 is direction 0 reversed (source publishes one direction)
bus_sta_shyambazar_malancha,Shyambazar - Malancha,bus,private,Shyambazar,Malancha,,,,,,,kolbusopedia,community,Kolkata Bus-O-Pedia section: STA; direction 1 is direction 0 reversed (source publishes one direction)
bus_sta_shyampur_kolkata_station,Shyampur - Kolkata Station,bus,private,Shyampur,Kolkata Station,,,,,,,kolbusopedia,community,Kolkata Bus-O-Pedia section: STA; direction 1 is direction 0 reversed (source publishes one direction)
bus_sta_santragachi_newtown,Santragachi - Newtown,bus,private,Santragachi,Newtown,,,,,,,kolbusopedia,community,Kolkata Bus-O-Pedia section: STA; direction 1 is direction 0 reversed (source publishes one direction)
bus_sta_udanarayanpur_saltlake_karunamoyee,Udanarayanpur - Saltlake Karunamoyee,bus,private,Udanarayanpur,Saltlake Karunamoyee,,,,,,,kolbusopedia,community,Kolkata Bus-O-Pedia section: STA; direction 1 is direction 0 reversed (source publishes one direction)
bus_s2n,S-2N,bus,WBTC,Kudghat,Nabanna,,,,,,,kolbusopedia,community,Kolkata Bus-O-Pedia section: Routes operated by WBTC (CSTC Management); direction 1 is direction 0 reversed (source publishes one direction); OSM relation r15337125
bus_s5_n,S5/N,bus,WBTC,Garia 5no. Bus Stand,Nabanna Bus Terminus,,,,,,,kolbusopedia,community,Kolkata Bus-O-Pedia section: Routes operated by WBTC (CSTC Management); direction 1 is direction 0 reversed (source publishes one direction); OSM relation r15340042
bus_s7_n,S7/N,bus,WBTC,Garia 6no. Bus stand,Nabanna Bus Terminus,,,,,,,kolbusopedia,community,Kolkata Bus-O-Pedia section: Routes operated by WBTC (CSTC Management); direction 1 is direction 0 reversed (source publishes one direction); OSM relation r15340063
bus_ac10,AC10,bus,WBTC,Howrah Station,Nilgunge Depot,,,,,,,kolbusopedia,community,"AC; Kolkata Bus-O-Pedia section: Routes operated by WBTC (CSTC Management); dropped source stop: glued list of stops in source, dropped; direction 1 is direction 0 reversed (source publishes one direction)"
bus_s12g,S12G,bus,WBTC,Newtown Bus Stand,Nabanna Bus Terminus,,,,,,,kolbusopedia,community,Kolkata Bus-O-Pedia section: Routes operated by WBTC (CSTC Management); direction 1 is direction 0 reversed (source publishes one direction); OSM relation r15413374
bus_s23,S23,bus,WBTC,Saltlake Karunamoyee,Howrah Station,,,,,,,kolbusopedia,community,Kolkata Bus-O-Pedia section: Routes operated by WBTC (CSTC Management); direction 1 is direction 0 reversed (source publishes one direction); OSM relation r15413991
bus_s30a_it_special,S30A(IT Special),bus,WBTC,Bidhannagar Station,Bidhannagar Station (Circular Route),,,,,,,kolbusopedia,community,Kolkata Bus-O-Pedia section: Routes operated by WBTC (CSTC Management); direction 1 is direction 0 reversed (source publishes one direction)
bus_e32_executive_service,E32(Executive Service),bus,WBTC,Nilgaunj Depot,Howrah Station,,,,,,,kolbusopedia,community,Kolkata Bus-O-Pedia section: Routes operated by WBTC (CSTC Management); direction 1 is direction 0 reversed (source publishes one direction)
bus_ac36,AC36,bus,WBTC,Barasat,Saltlake Karunamoyee,,,,,,,kolbusopedia,community,AC; Kolkata Bus-O-Pedia section: Routes operated by WBTC (CSTC Management); direction 1 is direction 0 reversed (source publishes one direction); OSM relation r15417409
bus_s37a,S37A,bus,WBTC,Airport Gate 1,Garia Bus Stand,,,,,,,kolbusopedia,community,Kolkata Bus-O-Pedia section: Routes operated by WBTC (CSTC Management); direction 1 is direction 0 reversed (source publishes one direction); OSM relation r15417511
bus_ac37c,AC37C,bus,WBTC,Airport Domestic Terminus,Garia Bus Stand,,,,,,,kolbusopedia,community,AC; Kolkata Bus-O-Pedia section: Routes operated by WBTC (CSTC Management); direction 1 is direction 0 reversed (source publishes one direction); OSM relation r15417510
bus_ac41,AC41,bus,WBTC,Santragachi,Amity University (Ecospace),,,,,,,kolbusopedia,community,AC; Kolkata Bus-O-Pedia section: Routes operated by WBTC (CSTC Management); direction 1 is direction 0 reversed (source publishes one direction); OSM relation r15417664
bus_ac49,AC49,bus,WBTC,Eden City,Airport Domestic Terminus,,,,,,,kolbusopedia,community,AC; Kolkata Bus-O-Pedia section: Routes operated by WBTC (CSTC Management); direction 1 is direction 0 reversed (source publishes one direction); OSM relation r15421866
bus_ac50,AC50,bus,WBTC,Belurmath,Garia Bus Stand,,,,,,,kolbusopedia,community,AC; Kolkata Bus-O-Pedia section: Routes operated by WBTC (CSTC Management); direction 1 is direction 0 reversed (source publishes one direction); OSM relation r15421865
bus_ac54,AC54,bus,WBTC,Kamarhati Rathtala,Howrah Station,,,,,,,kolbusopedia,community,AC; Kolkata Bus-O-Pedia section: Routes operated by WBTC (CSTC Management); direction 1 is direction 0 reversed (source publishes one direction); OSM relation r15421962
bus_ac55,AC55,bus,WBTC,Naihati Bus terminus,Newtown Bus Stand,,,,,,,kolbusopedia,community,AC; Kolkata Bus-O-Pedia section: Routes operated by WBTC (CSTC Management); direction 1 is direction 0 reversed (source publishes one direction); OSM relation r15421961
bus_s59,S59,bus,WBTC,Saltlake Karunamoyee,Howrah Station,,,,,,,kolbusopedia,community,Kolkata Bus-O-Pedia section: Routes operated by WBTC (CSTC Management); direction 1 is direction 0 reversed (source publishes one direction); OSM relation r15422034
bus_ac59,AC59,bus,WBTC,Saltlake Karunamoyee,Howrah Station,,,,,,,kolbusopedia,community,AC; Kolkata Bus-O-Pedia section: Routes operated by WBTC (CSTC Management); direction 1 is direction 0 reversed (source publishes one direction); OSM relation r15422042
bus_vs6,VS6,bus,WBTC,Diamond Harbour,Esplanade L20 Bus Terminus,,,,,,,kolbusopedia,community,AC; Kolkata Bus-O-Pedia section: Routes Operated by WBTC( West Bengal Surface Transport Corporation); direction 1 is direction 0 reversed (source publishes one direction)
bus_vs10,VS10,bus,WBTC,Unitech/ Ecospace,Parnashree,,,,,,,kolbusopedia,community,AC; Kolkata Bus-O-Pedia section: Routes Operated by WBTC( West Bengal Surface Transport Corporation); direction 1 is direction 0 reversed (source publishes one direction)
bus_vs14a,VS14A,bus,WBTC,Saltlake Karunamoyee,Esplanade L20 Bus Terminus,,,,,,,kolbusopedia,community,AC; Kolkata Bus-O-Pedia section: Routes Operated by WBTC( West Bengal Surface Transport Corporation); direction 1 is direction 0 reversed (source publishes one direction)
bus_st7,ST-7,bus,WBTC,Shapooji Housing,Ultadanga,,,,,,,kolbusopedia,community,Kolkata Bus-O-Pedia section: Non AC series of Surface; direction 1 is direction 0 reversed (source publishes one direction)
bus_st10,ST-10,bus,WBTC,Balaka Housing (EcoPark),Santragachi,,,,,,,kolbusopedia,community,Kolkata Bus-O-Pedia section: Non AC series of Surface; direction 1 is direction 0 reversed (source publishes one direction)
bus_st12,ST-12,bus,WBTC,Shapooji Housing,Baruipur Fultala Central Terminus,,,,,,,kolbusopedia,community,Kolkata Bus-O-Pedia section: Non AC series of Surface; direction 1 is direction 0 reversed (source publishes one direction)
bus_st21,ST-21,bus,WBTC,Kanmari Bazar,Howrah Station,,,,,,,kolbusopedia,community,Kolkata Bus-O-Pedia section: Non AC series of Surface; direction 1 is direction 0 reversed (source publishes one direction)
bus_st21_2,ST-21,bus,WBTC,Ultadanga,Kanmari Bazar,,,,,,,kolbusopedia,community,Kolkata Bus-O-Pedia section: Non AC series of Surface; direction 1 is direction 0 reversed (source publishes one direction)
bus_st22,ST-22,bus,WBTC,Howrah Station,Basanti,,,,,,,kolbusopedia,community,Kolkata Bus-O-Pedia section: Non AC series of Surface; direction 1 is direction 0 reversed (source publishes one direction)
bus_st22a,ST-22A,bus,WBTC,Basanti,Howrah Station,,,,,,,kolbusopedia,community,Kolkata Bus-O-Pedia section: Non AC series of Surface; direction 1 is direction 0 reversed (source publishes one direction)
bus_st25,ST-25,bus,WBTC,Esplanade,Ramganga,,,,,,,kolbusopedia,community,Kolkata Bus-O-Pedia section: Non AC series of Surface; direction 1 is direction 0 reversed (source publishes one direction)
bus_st26,ST-26,bus,WBTC,Esplanade,Usthi,,,,,,,kolbusopedia,community,Kolkata Bus-O-Pedia section: Non AC series of Surface; direction 1 is direction 0 reversed (source publishes one direction)
bus_st27,ST-27,bus,WBTC,Esplanade,Kakdip,,,,,,,kolbusopedia,community,Kolkata Bus-O-Pedia section: Non AC series of Surface; direction 1 is direction 0 reversed (source publishes one direction)
bus_st28,ST-28,bus,WBTC,Esplanade,Namkhana,,,,,,,kolbusopedia,community,Kolkata Bus-O-Pedia section: Non AC series of Surface; direction 1 is direction 0 reversed (source publishes one direction)
bus_st29,ST-29,bus,WBTC,Esplanade,Dhola bus stop,,,,,,,kolbusopedia,community,Kolkata Bus-O-Pedia section: Non AC series of Surface; direction 1 is direction 0 reversed (source publishes one direction)
bus_st31,ST-31,bus,WBTC,Esplanade,Digha,,,,,,,kolbusopedia,community,Kolkata Bus-O-Pedia section: Non AC series of Surface; direction 1 is direction 0 reversed (source publishes one direction)
bus_st32,ST-32,bus,WBTC,Esplanade,Bakkhali,,,,,,,kolbusopedia,community,Kolkata Bus-O-Pedia section: Non AC series of Surface; direction 1 is direction 0 reversed (source publishes one direction)
bus_st39,ST-39,bus,WBTC,Esplanade,Nimpith,,,,,,,kolbusopedia,community,Kolkata Bus-O-Pedia section: Non AC series of Surface; direction 1 is direction 0 reversed (source publishes one direction)
bus_c11,C11,bus,WBTC,Belgachia/ BBD bag/ Sealdah,Domjur bus Stand,,,,,,,kolbusopedia,community,"Kolkata Bus-O-Pedia section: Routes operated by WBTC(CTC) management ""C"" series; direction 1 is direction 0 reversed (source publishes one direction)"
bus_c11_1,C11/1,bus,WBTC,Howrah Station,Munshirhat,,,,,,,kolbusopedia,community,"Kolkata Bus-O-Pedia section: Routes operated by WBTC(CTC) management ""C"" series; direction 1 is direction 0 reversed (source publishes one direction)"
bus_c14_1,C14/1,bus,WBTC,Madhyamgram,Tollygunj Tram Depot,,,,,,,kolbusopedia,community,"Kolkata Bus-O-Pedia section: Routes operated by WBTC(CTC) management ""C"" series; direction 1 is direction 0 reversed (source publishes one direction)"
bus_c20,C20,bus,WBTC,Esplanade CTC bus stand,Santragachi Bus Terminus,,,,,,,kolbusopedia,community,"Kolkata Bus-O-Pedia section: Routes operated by WBTC(CTC) management ""C"" series; direction 1 is direction 0 reversed (source publishes one direction)"
bus_c23a,C23A,bus,WBTC,Airport Gate 1,Park Circus tram Depot,,,,,,,kolbusopedia,community,"Kolkata Bus-O-Pedia section: Routes operated by WBTC(CTC) management ""C"" series; stop name cleaned (return-via text stripped from source name); direction 1 is direction 0 reversed (source publishes one direction)"
bus_c26a,C26A,bus,WBTC,Howrah Station,Kamalgazi,,,,,,,kolbusopedia,community,"Kolkata Bus-O-Pedia section: Routes operated by WBTC(CTC) management ""C"" series; direction 1 is direction 0 reversed (source publishes one direction)"
bus_c30,C30,bus,WBTC,Rajabazar Tram Depot,Sankrail Station,,,,,,,kolbusopedia,community,"Kolkata Bus-O-Pedia section: Routes operated by WBTC(CTC) management ""C"" series; direction 1 is direction 0 reversed (source publishes one direction)"
bus_c38,C38,bus,WBTC,Howrah Station,Joka tram Depot,,,,,,,kolbusopedia,community,"Kolkata Bus-O-Pedia section: Routes operated by WBTC(CTC) management ""C"" series; direction 1 is direction 0 reversed (source publishes one direction)"
bus_c39,C39,bus,WBTC,Rajabazar Tram Depot,Nabanna Bus Terminus,,,,,,,kolbusopedia,community,"Kolkata Bus-O-Pedia section: Routes operated by WBTC(CTC) management ""C"" series; direction 1 is direction 0 reversed (source publishes one direction)"
bus_d2,D2,bus,WBTC,Habra,Naihati,,,,,,,kolbusopedia,community,Kolkata Bus-O-Pedia section: D & E Series; direction 1 is direction 0 reversed (source publishes one direction)
bus_d7,D7,bus,WBTC,Barasat,Bagdah,,,,,,,kolbusopedia,community,Kolkata Bus-O-Pedia section: D & E Series; direction 1 is direction 0 reversed (source publishes one direction)
bus_d8,D8,bus,WBTC,Barasat,Baduria,,,,,,,kolbusopedia,community,Kolkata Bus-O-Pedia section: D & E Series; direction 1 is direction 0 reversed (source publishes one direction)
bus_d9,D9,bus,WBTC,Barasat,Hakimpur,,,,,,,kolbusopedia,community,Kolkata Bus-O-Pedia section: D & E Series; direction 1 is direction 0 reversed (source publishes one direction)
bus_d11,D11,bus,WBTC,Esplanade,Baduria,,,,,,,kolbusopedia,community,Kolkata Bus-O-Pedia section: D & E Series; direction 1 is direction 0 reversed (source publishes one direction)
bus_d20,D20,bus,WBTC,Esplanade,Basirhat,,,,,,,kolbusopedia,community,Kolkata Bus-O-Pedia section: D & E Series; direction 1 is direction 0 reversed (source publishes one direction)
bus_d21,D21,bus,WBTC,Howrah Station/Esplanade,Nazat,,,,,,,kolbusopedia,community,Kolkata Bus-O-Pedia section: D & E Series; direction 1 is direction 0 reversed (source publishes one direction)
bus_d23,D23,bus,WBTC,Esplanade,Kaijuri Bazar,,,,,,,kolbusopedia,community,Kolkata Bus-O-Pedia section: D & E Series; direction 1 is direction 0 reversed (source publishes one direction)
bus_d26,D26,bus,WBTC,Park Circus,Hakimpur,,,,,,,kolbusopedia,community,Kolkata Bus-O-Pedia section: D & E Series; direction 1 is direction 0 reversed (source publishes one direction)
bus_d28,D28,bus,WBTC,Esplanade,Chakla,,,,,,,kolbusopedia,community,Kolkata Bus-O-Pedia section: D & E Series; direction 1 is direction 0 reversed (source publishes one direction)
bus_d31,D31,bus,WBTC,Esplanade,Srinathpur,,,,,,,kolbusopedia,community,Kolkata Bus-O-Pedia section: D & E Series; direction 1 is direction 0 reversed (source publishes one direction)
bus_d32,D32,bus,WBTC,Barasat,Samshernagar,,,,,,,kolbusopedia,community,Kolkata Bus-O-Pedia section: D & E Series; direction 1 is direction 0 reversed (source publishes one direction)
bus_e6,E6,bus,WBTC,Esplanade,Amta,,,,,,,kolbusopedia,community,Kolkata Bus-O-Pedia section: D & E Series; direction 1 is direction 0 reversed (source publishes one direction)
bus_e7,E7,bus,WBTC,Esplanade,Bagnan,,,,,,,kolbusopedia,community,Kolkata Bus-O-Pedia section: D & E Series; direction 1 is direction 0 reversed (source publishes one direction)
bus_e12,E12,bus,WBTC,Esplanade,Udainarayanpur,,,,,,,kolbusopedia,community,Kolkata Bus-O-Pedia section: D & E Series; direction 1 is direction 0 reversed (source publishes one direction)
bus_e13,E13,bus,WBTC,Esplanade,Jangipara,,,,,,,kolbusopedia,community,Kolkata Bus-O-Pedia section: D & E Series; direction 1 is direction 0 reversed (source publishes one direction)
bus_e14,E14,bus,WBTC,Esplanade,Furfura Sharif,,,,,,,kolbusopedia,community,Kolkata Bus-O-Pedia section: D & E Series; direction 1 is direction 0 reversed (source publishes one direction)
bus_e15,E15,bus,WBTC,Esplanade,Gadiara,,,,,,,kolbusopedia,community,Kolkata Bus-O-Pedia section: D & E Series; direction 1 is direction 0 reversed (source publishes one direction)
bus_e17,E17,bus,WBTC,Barasat,Digha,,,,,,,kolbusopedia,community,Kolkata Bus-O-Pedia section: D & E Series; direction 1 is direction 0 reversed (source publishes one direction)
bus_e17_1,E17/1,bus,WBTC,Barasat,Digha,,,,,,,kolbusopedia,community,Kolkata Bus-O-Pedia section: D & E Series; direction 1 is direction 0 reversed (source publishes one direction)
bus_e18,E18,bus,WBTC,Esplanade,Dhamakhali,,,,,,,kolbusopedia,community,Kolkata Bus-O-Pedia section: D & E Series; direction 1 is direction 0 reversed (source publishes one direction)
bus_e19,E19,bus,WBTC,Habra,Digha,,,,,,,kolbusopedia,community,Kolkata Bus-O-Pedia section: D & E Series; direction 1 is direction 0 reversed (source publishes one direction)
bus_e21,E21,bus,WBTC,Esplanade,Shikharpur,,,,,,,kolbusopedia,community,Kolkata Bus-O-Pedia section: D & E Series; direction 1 is direction 0 reversed (source publishes one direction)
bus_e22,E22,bus,WBTC,Esplanade,Shikharpur,,,,,,,kolbusopedia,community,Kolkata Bus-O-Pedia section: D & E Series; direction 1 is direction 0 reversed (source publishes one direction)
bus_e24,E24,bus,WBTC,Esplanade,Palashipara,,,,,,,kolbusopedia,community,Kolkata Bus-O-Pedia section: D & E Series; direction 1 is direction 0 reversed (source publishes one direction)
bus_e28,E28,bus,WBTC,Esplanade,Bakshi,,,,,,,kolbusopedia,community,Kolkata Bus-O-Pedia section: D & E Series; direction 1 is direction 0 reversed (source publishes one direction)
bus_e29,E29,bus,WBTC,Esplanade,Fatikgachi,,,,,,,kolbusopedia,community,Kolkata Bus-O-Pedia section: D & E Series; direction 1 is direction 0 reversed (source publishes one direction)
bus_e31,E31,bus,WBTC,Esplanade,Garh Bhawanipur,,,,,,,kolbusopedia,community,Kolkata Bus-O-Pedia section: D & E Series; direction 1 is direction 0 reversed (source publishes one direction)
bus_e31_1,E31/1,bus,WBTC,Howrah Station,Jhikira,,,,,,,kolbusopedia,community,Kolkata Bus-O-Pedia section: D & E Series; direction 1 is direction 0 reversed (source publishes one direction)
bus_e35,E35,bus,WBTC,Esplanade,Jayrambati,,,,,,,kolbusopedia,community,Kolkata Bus-O-Pedia section: D & E Series; direction 1 is direction 0 reversed (source publishes one direction)
bus_e38,E38,bus,WBTC,Esplanade,Mayapur,,,,,,,kolbusopedia,community,Kolkata Bus-O-Pedia section: D & E Series; direction 1 is direction 0 reversed (source publishes one direction)
bus_e40,E40,bus,WBTC,Esplanade,Digha,,,,,,,kolbusopedia,community,Kolkata Bus-O-Pedia section: D & E Series; direction 1 is direction 0 reversed (source publishes one direction)
bus_e40_1,E40/1,bus,WBTC,Esplanade,Digha,,,,,,,kolbusopedia,community,Kolkata Bus-O-Pedia section: D & E Series; direction 1 is direction 0 reversed (source publishes one direction)
bus_e41,E41,bus,WBTC,Habra,Asansol,,,,,,,kolbusopedia,community,Kolkata Bus-O-Pedia section: D & E Series; direction 1 is direction 0 reversed (source publishes one direction)
bus_e44,E44,bus,WBTC,Esplanade,Radhanagar,,,,,,,kolbusopedia,community,Kolkata Bus-O-Pedia section: D & E Series; direction 1 is direction 0 reversed (source publishes one direction)
bus_e45,E45,bus,WBTC,Joka,Digha,,,,,,,kolbusopedia,community,Kolkata Bus-O-Pedia section: D & E Series; direction 1 is direction 0 reversed (source publishes one direction)
bus_e46,E46,bus,WBTC,Karunamoyee,Digha,,,,,,,kolbusopedia,community,Kolkata Bus-O-Pedia section: D & E Series; direction 1 is direction 0 reversed (source publishes one direction)
bus_e47,E47,bus,WBTC,Howrah Station,Nahata,,,,,,,kolbusopedia,community,Kolkata Bus-O-Pedia section: D & E Series; direction 1 is direction 0 reversed (source publishes one direction)
bus_e51,E51,bus,WBTC,Esplanade,Bisunupur,,,,,,,kolbusopedia,community,Kolkata Bus-O-Pedia section: D & E Series; direction 1 is direction 0 reversed (source publishes one direction)
bus_e51a,E51A,bus,WBTC,Habra,Bishnupur,,,,,,,kolbusopedia,community,Kolkata Bus-O-Pedia section: D & E Series; direction 1 is direction 0 reversed (source publishes one direction)
bus_e54,E54,bus,WBTC,Serampore,Digha,,,,,,,kolbusopedia,community,Kolkata Bus-O-Pedia section: D & E Series; direction 1 is direction 0 reversed (source publishes one direction)
bus_e55,E55,bus,WBTC,Barasat,Digha,,,,,,,kolbusopedia,community,Kolkata Bus-O-Pedia section: D & E Series; direction 1 is direction 0 reversed (source publishes one direction)
bus_e56,E56,bus,WBTC,Baduria,Digha,,,,,,,kolbusopedia,community,Kolkata Bus-O-Pedia section: D & E Series; direction 1 is direction 0 reversed (source publishes one direction)
bus_e57,E57,bus,WBTC,Esplanade,Karimpur,,,,,,,kolbusopedia,community,Kolkata Bus-O-Pedia section: D & E Series; direction 1 is direction 0 reversed (source publishes one direction)
bus_e59,E59,bus,WBTC,Naihati,Digha,,,,,,,kolbusopedia,community,Kolkata Bus-O-Pedia section: D & E Series; direction 1 is direction 0 reversed (source publishes one direction)
bus_e61,E61,bus,WBTC,Habra,Bakkhali,,,,,,,kolbusopedia,community,Kolkata Bus-O-Pedia section: D & E Series; direction 1 is direction 0 reversed (source publishes one direction)
bus_e62,E62,bus,WBTC,Esplanade,Sitalia,,,,,,,kolbusopedia,community,Kolkata Bus-O-Pedia section: D & E Series; direction 1 is direction 0 reversed (source publishes one direction)
bus_e66,E66,bus,WBTC,Habra,Rampurhat,,,,,,,kolbusopedia,community,Kolkata Bus-O-Pedia section: D & E Series; direction 1 is direction 0 reversed (source publishes one direction)
bus_e67,E67,bus,WBTC,Habra,Purulia,,,,,,,kolbusopedia,community,Kolkata Bus-O-Pedia section: D & E Series; direction 1 is direction 0 reversed (source publishes one direction)
bus_e68,E68,bus,WBTC,Habra,Haldia,,,,,,,kolbusopedia,community,Kolkata Bus-O-Pedia section: D & E Series; direction 1 is direction 0 reversed (source publishes one direction)
bus_e70,E70,bus,WBTC,Habra,Jhargram,,,,,,,kolbusopedia,community,Kolkata Bus-O-Pedia section: D & E Series; direction 1 is direction 0 reversed (source publishes one direction)
bus_e71,E71,bus,WBTC,Esplanade,Udaynaryanpur,,,,,,,kolbusopedia,community,Kolkata Bus-O-Pedia section: D & E Series; direction 1 is direction 0 reversed (source publishes one direction)
bus_e72,E72,bus,WBTC,Esplanade,Jangipara,,,,,,,kolbusopedia,community,Kolkata Bus-O-Pedia section: D & E Series; direction 1 is direction 0 reversed (source publishes one direction)
bus_e73,E73,bus,WBTC,Howrah Station,Basirhat,,,,,,,kolbusopedia,community,Kolkata Bus-O-Pedia section: D & E Series; direction 1 is direction 0 reversed (source publishes one direction)
bus_e74,E74,bus,WBTC,Esplanade,Basubati Darbar Sharif,,,,,,,kolbusopedia,community,Kolkata Bus-O-Pedia section: D & E Series; direction 1 is direction 0 reversed (source publishes one direction)
bus_173,173,bus,,Chingrighata,Beleghata,,,,,,,osm,community,OSM relation(s) r3221981; not in the WBTC or Bus-O-Pedia lists; direction 1 is direction 0 reversed; operator unknown
bus_as1,AS-1,bus,,Mathpukur,Saltlake EE Block Bus Stop,,,,,,,osm,community,OSM relation(s) r3221982; not in the WBTC or Bus-O-Pedia lists; direction 1 is direction 0 reversed; operator unknown
bus_as2,AS-2,bus,,Mathpukur,Saltlake EE Block Bus Stop,,,,,,,osm,community,OSM relation(s) r3221983; not in the WBTC or Bus-O-Pedia lists; direction 1 is direction 0 reversed; operator unknown
bus_as2a,AS-2a,bus,,Mathpukur,Saltlake EE Block Bus Stop,,,,,,,osm,community,OSM relation(s) r3221984; not in the WBTC or Bus-O-Pedia lists; direction 1 is direction 0 reversed; operator unknown
bus_c18,C-18,bus,,Dhapa,Beleghata,,,,,,,osm,community,OSM relation(s) r3221987; not in the WBTC or Bus-O-Pedia lists; direction 1 is direction 0 reversed; operator unknown
bus_dhamakhali_barasat,Dhamakhali Barasat,bus,,Dhapa,Mathpukur,,,,,,,osm,community,OSM relation(s) r3221989; not in the WBTC or Bus-O-Pedia lists; direction 1 is direction 0 reversed; operator unknown
bus_dn16,DN-16,bus,,Dhapa,Beleghata,,,,,,,osm,community,OSM relation(s) r3221988; not in the WBTC or Bus-O-Pedia lists; direction 1 is direction 0 reversed; operator unknown
bus_gls11,GLS-11,bus,,Dhapa,Beleghata,,,,,,,osm,community,OSM relation(s) r3221990; not in the WBTC or Bus-O-Pedia lists; direction 1 is direction 0 reversed; operator unknown
bus_ic21,IC-21,bus,,Dhapa,Beleghata,,,,,,,osm,community,OSM relation(s) r3221991; not in the WBTC or Bus-O-Pedia lists; direction 1 is direction 0 reversed; operator unknown
bus_jm2,JM-2,bus,,Dhapa,Beleghata,,,,,,,osm,community,OSM relation(s) r3221992; not in the WBTC or Bus-O-Pedia lists; direction 1 is direction 0 reversed; operator unknown
bus_l30b,L30B,bus,,Esplanade,Dum Dum Airport,,,,,,,osm,community,OSM relation(s) r2900668; not in the WBTC or Bus-O-Pedia lists; direction 1 is direction 0 reversed; operator unknown
bus_rt007,RT-007,bus,,Dhapa,Beleghata,,,,,,,osm,community,OSM relation(s) r3221993; not in the WBTC or Bus-O-Pedia lists; direction 1 is direction 0 reversed; operator unknown
bus_rt239,RT-239,bus,,Chingrighata,Beleghata,,,,,,,osm,community,OSM relation(s) r3221994; not in the WBTC or Bus-O-Pedia lists; direction 1 is direction 0 reversed; operator unknown
bus_rt_s_4,RT-S/4,bus,,Dhapa,Saltlake EE Block Bus Stop,,,,,,,osm,community,OSM relation(s) r3221995; not in the WBTC or Bus-O-Pedia lists; direction 1 is direction 0 reversed; operator unknown
bus_v9,V9,bus,WBTC,Kudghat,New Town Bus Depot,,,,,,,osm,community,OSM relation(s) r4147368; not in the WBTC or Bus-O-Pedia lists; direction 1 is direction 0 reversed
