stop_id,stop_name,lat,lon,source_id,notes,coord_method,coord_confidence
bus_10_mile_bazar,10 Mile Bazar,,,kolbusopedia,no coordinate found,,
bus_10_no_majhipara,10 No. Majhipara,,,kolbusopedia,no coordinate found,,
bus_10_no_pole,10 no. pole,,,kolbusopedia,"no coordinate found; also spelled: 10 no Pole, 10No. Pole, 10no. Pole",,
bus_10_no_tank,10 No. Tank,22.59625,88.42809,kolbusopedia;nominatim,coord: nominatim; nominatim way/237520349 (fits 2/2 routes),nominatim,high
bus_10_number_tank,10 number Tank,,,kolbusopedia;wbtc_routes,no coordinate found,,
bus_1_no_railgate_bazar,1 no. railgate bazar,,,kolbusopedia,no coordinate found,,
bus_206_bus_stand,206 Bus Stand,,,kolbusopedia,"no coordinate found; osm_stop node/4364246317 (fits 1/2 routes); osm_stop coordinate 22.47202,88.39911 rejected: off-route on 2/2 routes",,
bus_2_no_tank,2 No. Tank,,,kolbusopedia,"no coordinate found; nominatim way/237520349 (fits 1/1 routes); nominatim coordinate 22.59625,88.42809 rejected: off-route on 1/1 routes",,
bus_3a_bus_stand,3A Bus Stand,,,wbtc_routes,"no coordinate found; osm_any way/412641079 (only OSM feature with this name); osm_any coordinate 22.45673,88.30458 rejected: off-route on 1/1 routes",,
bus_45_bus_stand,45 bus stand,22.47125,88.37725,kolbusopedia;wbtc_routes;osm,coord: osm_stop; osm_stop node/1553403137 (fits 20/20 routes); also spelled: 45 Bus stand,osm_stop,high
bus_4_no_tank,4 No. Tank,22.59625,88.42809,wbtc_routes;nominatim,coord: nominatim; nominatim way/237520349 (fits 1/2 routes),nominatim,medium
bus_4no_bridge,4no. Bridge,,,kolbusopedia,"no coordinate found; also spelled: 4 No. Bridge, 4 no bridge, 4No. Bridge, 4no Bridge",,
bus_58_gate,58 Gate,22.34678,88.07436,kolbusopedia;osm,coord: osm_any; osm_any node/1554295503 (fits 3/5 routes); also spelled: 58-Gate,osm_any,high
bus_5_no_kalimath,5 no. kalimath,,,kolbusopedia,no coordinate found,,
bus_6_crossing,6 Crossing,,,wbtc_routes,no coordinate found,,
bus_7_point_crossing_park_circus,7 point crossing Park Circus,,,kolbusopedia;wbtc_routes,no coordinate found,,
bus_8_no_kalibari_more,8 No. Kalibari More,,,kolbusopedia,no coordinate found,,
bus_8no_kalibari,8No. Kalibari,,,kolbusopedia,no coordinate found; also spelled: 8no. Kalibari,,
bus_a_p_c_college,A.P.C. college,22.69738,88.43839,kolbusopedia;osm,coord: osm_any; osm_any relation/14582691 (fits 2/2 routes); also spelled: APC College,osm_any,high
bus_abestors_more,Abestors More,,,kolbusopedia;wbtc_routes,no coordinate found,,
bus_acharipara,Acharipara,,,kolbusopedia,no coordinate found,,
bus_achipur,Achipur,22.45097,88.12906,wbtc_routes;nominatim,coord: nominatim; nominatim node/5392995924 (fits 1/1 routes),nominatim,medium
bus_acropolis,Acropolis,22.51513,88.39325,kolbusopedia;wbtc_routes;osm,coord: osm_any; osm_any way/359501868 (fits 2/2 routes),osm_any,high
bus_acropolis_mall,Acropolis Mall,22.51532,88.39324,kolbusopedia;wbtc_routes;osm,coord: osm_landmark; osm_landmark node/11228752766 (fits 38/38 routes),osm_landmark,high
bus_adampur,Adampur,22.62391,88.68723,kolbusopedia;wikidata,coord: wikidata; wikidata wikidata/Q60616376 (fits 1/1 routes),wikidata,medium
bus_addhabazar,Addhabazar,,,kolbusopedia,no coordinate found,,
bus_adharmanik,Adharmanik,,,kolbusopedia,no coordinate found,,
bus_adhata,Adhata,22.86828,88.53345,kolbusopedia;nominatim,coord: nominatim; nominatim node/7199742959 (fits 1/1 routes),nominatim,medium
bus_adhata_more,Adhata More,22.86828,88.53345,kolbusopedia;nominatim,coord: nominatim; nominatim node/7199742959 (fits 3/3 routes),nominatim,high
bus_adibasi_bhavan,Adibasi Bhavan,,,wbtc_routes,no coordinate found,,
bus_agarhati,Agarhati,22.39321,88.78267,kolbusopedia;wikidata,coord: wikidata; wikidata wikidata/Q60616519 (fits 2/3 routes),wikidata,high
bus_agarpara,Agarpara,22.68333,88.36667,kolbusopedia;wikidata,"coord: wikidata; osm_place node/1935597017 (fits 3/3 routes); osm_place coordinate 22.68288,88.38536 rejected: off-route on 2/3 routes; wikidata wikidata/Q15178296 (fits 2/3 routes)",wikidata,high
bus_agarpara_station,Agarpara Station,22.68288,88.38536,kolbusopedia;osm,coord: osm_place; osm_place node/1935597017 (fits 2/2 routes),osm_place,high
bus_agunshi_more,Agunshi More,,,kolbusopedia,no coordinate found,,
bus_ahiritola,Ahiritola,22.59591,88.35689,kolbusopedia;nominatim,coord: nominatim; nominatim node/1189457648 (fits 23/23 routes),nominatim,high
bus_ahiritola_rajabazar,Ahiritola (Rajabazar),22.59440,88.35490,kolbusopedia;wikidata,coord: wikidata; wikidata wikidata/Q137710422 (fits 2/2 routes),wikidata,high
bus_airport,Airport,22.64351,88.43122,kolbusopedia;wbtc_routes;nominatim,coord: nominatim; nominatim way/787757822 (fits 45/48 routes); also spelled: Airpport,nominatim,high
bus_airport_1_no_gate,Airport 1 No. Gate,22.64169,88.43140,kolbusopedia;wbtc_routes;osm,"coord: osm_stop; osm_stop node/2457678690 via alias 'Airport No. 1 Gate' (fits 4/4 routes); also spelled: Airport 1 no Gate, Airport 1 no. gate",osm_stop,high
bus_airport_1no,Airport 1no,22.64169,88.43140,kolbusopedia;wbtc_routes;osm,"coord: osm_stop; osm_stop node/2457678690 via alias 'Airport No. 1 Gate' (fits 23/24 routes); also spelled: Airport 1 No, Airport 1 no",osm_stop,high
bus_airport_2_no_gate,Airport 2 No. Gate,,,kolbusopedia,"no coordinate found; also spelled: Airport 2 no Gate, Airport 2 no. gate",,
bus_airport_3_gate,Airport 3 gate,,,kolbusopedia;wbtc_routes,no coordinate found,,
bus_airport_3_no_gate,Airport 3 No. Gate,,,kolbusopedia,"no coordinate found; also spelled: Airport 3 no. Gate, Airport 3no. Gate",,
bus_airport_3no,Airport 3no,,,kolbusopedia,no coordinate found,,
bus_airport_barasat_champadali,Airport Barasat Champadali,,,kolbusopedia,no coordinate found,,
bus_airport_covers_all_4_gates,Airport (Covers All 4 Gates),,,kolbusopedia,"no coordinate found; osm_stop node/6528149985 (fits 1/1 routes); osm_stop coordinate 22.51326,88.30234 rejected: off-route on 1/1 routes",,
bus_airport_covers_all_the_gates,Airport (Covers All The Gates),,,kolbusopedia,no coordinate found,,
bus_airport_domestic_terminus,Airport Domestic Terminus,,,kolbusopedia;wbtc_routes,no coordinate found; also spelled: Airport domestic Terminus,,
bus_airport_gate,Airport Gate,22.64370,88.43320,kolbusopedia;nominatim,coord: nominatim; nominatim node/2457678690 (fits 3/4 routes); also spelled: Airport gate,nominatim,high
bus_airport_gate_1,Airport Gate 1,22.64169,88.43140,kolbusopedia;wbtc_routes;osm,"coord: osm_stop; osm_stop node/2457678690 via alias 'Airport No. 1 Gate' (fits 17/17 routes); also spelled: Airport Gate-1, Airport gate 1",osm_stop,high
bus_airport_gate_2_5,Airport Gate 2.5,,,kolbusopedia;wbtc_routes,no coordinate found,,
bus_airport_gate_3,Airport gate 3,,,kolbusopedia;wbtc_routes,"no coordinate found; also spelled: Airport Gate 3, Airport Gate-3",,
bus_airport_gate_no_1,Airport Gate No. 1,22.64169,88.43140,kolbusopedia;wbtc_routes;osm,coord: osm_stop; osm_stop node/2457678690 via alias 'Airport No. 1 Gate' (fits 3/3 routes); also spelled: Airport gate no.1,osm_stop,high
bus_airport_gate_no_2,Airport Gate No. 2,,,kolbusopedia,no coordinate found,,
bus_airport_gate_no_2_5,Airport Gate No. 2.5,,,kolbusopedia,no coordinate found,,
bus_airport_no_1_gate,Airport No. 1 Gate,22.64157,88.43129,osm,"coord: osm_route; OSM node/2457678690, stop added from OSM-only route",osm_route,high
bus_airport_terminal,Airport Terminal,,,wbtc_routes,no coordinate found,,
bus_ajaynagar,Ajaynagar,22.49004,88.39512,kolbusopedia;wbtc_routes;osm,coord: osm_stop; osm_stop node/11971705745 via alias 'Ajoynagar' (fits 53/53 routes),osm_stop,high
bus_ajoynagar,Ajoynagar,22.49004,88.39512,kolbusopedia;wbtc_routes;osm,coord: osm_stop; osm_stop node/11971705745 (fits 12/12 routes),osm_stop,high
bus_akankha,Akankha,22.61925,88.46438,kolbusopedia;wbtc_routes;osm,coord: osm_landmark; osm_landmark node/11161066057 (fits 4/4 routes),osm_landmark,high
bus_akankha_more,Akankha More,22.61925,88.46438,kolbusopedia;osm,coord: osm_landmark; osm_landmark node/11161066057 (fits 6/7 routes),osm_landmark,high
bus_akanksha_more,Akanksha More,22.62178,88.46886,kolbusopedia;osm,coord: osm_landmark; osm_landmark way/237402106 (fits 2/2 routes),osm_landmark,high
bus_akansha,Akansha,,,kolbusopedia,no coordinate found,,
bus_akansha_more,Akansha More,,,kolbusopedia,no coordinate found,,
bus_akashbani_bhaban,Akashbani Bhaban,22.56504,88.34443,kolbusopedia;wikidata,coord: wikidata; wikidata wikidata/Q66980266 (fits 1/1 routes),wikidata,medium
bus_akhratala,Akhratala,,,kolbusopedia,no coordinate found,,
bus_akobborpur,Akobborpur,,,kolbusopedia,no coordinate found,,
bus_akra_fatak,Akra Fatak,,,kolbusopedia,no coordinate found,,
bus_akra_rabindra_nagar,Akra Rabindra Nagar,,,kolbusopedia;wbtc_routes,no coordinate found,,
bus_akra_station,Akra Station,22.51474,88.24928,kolbusopedia;osm,coord: osm_place; osm_place node/2430738645 (fits 2/2 routes),osm_place,high
bus_akta_bazar,Akta Bazar,,,kolbusopedia,no coordinate found,,
bus_al_ameen_mission,Al Ameen Mission,,,kolbusopedia,no coordinate found,,
bus_alambazar,Alambazar,22.64950,88.36340,kolbusopedia;wbtc_routes;wikidata,coord: wikidata; wikidata wikidata/Q136399379 (fits 8/9 routes),wikidata,high
bus_alambazar_2,Alambazar,,,kolbusopedia;wbtc_routes,"no coordinate found; split from bus_alambazar: same name, but on 1 route(s) its neighbours place it 15 km or more from the wikidata point that fits 5 other routes",,
bus_alambazar_more,Alambazar More,22.64950,88.36340,kolbusopedia;wikidata,coord: wikidata; wikidata wikidata/Q136399379 (fits 1/1 routes),wikidata,medium
bus_alampur,Alampur,22.58205,88.21503,kolbusopedia;wikidata,coord: wikidata; wikidata wikidata/Q60478474 (fits 16/20 routes),wikidata,high
bus_aliah,Aliah,22.59044,88.48572,wbtc_routes;nominatim,coord: nominatim; nominatim way/511546893 (fits 1/1 routes),nominatim,medium
bus_aliah_university,Aliah University,22.59047,88.48587,kolbusopedia;wbtc_routes;osm,coord: osm_landmark; osm_landmark way/511546893 (fits 14/15 routes); also spelled: Alliah University,osm_landmark,high
bus_alipore_court,Alipore Court,22.52379,88.33272,kolbusopedia;nominatim,coord: nominatim; nominatim way/190905697 (fits 23/23 routes),nominatim,high
bus_alipore_zoo,Alipore Zoo,22.53684,88.33183,kolbusopedia;wbtc_routes;osm,coord: osm_landmark; osm_landmark way/52098113 (fits 26/26 routes); also spelled: ALIPORE ZOO,osm_landmark,high
bus_alipur_rd,Alipur Rd,,,wbtc_routes,no coordinate found,,
bus_alipur_zoo,Alipur Zoo,,,kolbusopedia;wbtc_routes,no coordinate found,,
bus_alochaya,Alochaya,22.56432,88.38885,kolbusopedia;osm,coord: osm_stop; osm_stop node/12761560755 (fits 1/1 routes),osm_stop,medium
bus_alpan_diary,Alpan Diary,,,kolbusopedia,no coordinate found,,
bus_amdanga,Amdanga,22.80840,88.51511,kolbusopedia;osm,coord: osm_place; osm_place node/7156071804 (fits 3/4 routes),osm_place,high
bus_amherst_street,Amherst Street,22.57340,88.36732,kolbusopedia;osm,coord: osm_stop; osm_stop node/12451374493 (fits 1/1 routes),osm_stop,medium
bus_aminpur,Aminpur,22.67760,88.57706,kolbusopedia;wikidata,coord: wikidata; wikidata wikidata/Q60615903 (fits 2/2 routes),wikidata,high
bus_amity_university_ecospace,Amity University (Ecospace),22.59587,88.48545,kolbusopedia;wbtc_routes;wikidata,coord: wikidata; wikidata wikidata/Q23808476 (fits 8/8 routes),wikidata,high
bus_amjhara,Amjhara,22.31625,88.71380,kolbusopedia;osm,coord: osm_place; osm_place node/10794687898 (fits 1/1 routes),osm_place,high
bus_amkola,Amkola,22.92484,88.73889,kolbusopedia;wikidata,coord: wikidata; wikidata wikidata/Q60615220 (fits 1/1 routes),wikidata,medium
bus_amrabati,Amrabati,21.57425,88.26046,kolbusopedia;osm,coord: osm_place; osm_place node/10801996312 (fits 1/1 routes),osm_place,medium
bus_amragachhi,Amragachhi,,,kolbusopedia,no coordinate found,,
bus_amragari,Amragari,22.60784,87.92809,kolbusopedia;wikidata,coord: wikidata; wikidata wikidata/Q60478104 (fits 1/1 routes),wikidata,medium
bus_amratal,Amratal,,,wbtc_routes,no coordinate found,,
bus_amri_hospital,AMRI Hospital,22.56833,88.41166,kolbusopedia;wbtc_routes;osm,coord: osm_any; osm_any way/250912897 (fits 17/17 routes); also spelled: AMRI hospital,osm_any,high
bus_amta,Amta,22.57440,88.01888,kolbusopedia;osm,coord: osm_place; osm_place node/1420381463 (fits 8/10 routes),osm_place,high
bus_amta_college_more,Amta College More,,,kolbusopedia,no coordinate found,,
bus_amta_new_market,Amta New Market,,,kolbusopedia,no coordinate found,,
bus_amta_station,Amta Station,22.57440,88.01888,kolbusopedia;nominatim,coord: nominatim; nominatim node/1420381463 (fits 1/1 routes),nominatim,medium
bus_amtala,Amtala,22.36688,88.27775,kolbusopedia;wbtc_routes;osm,coord: osm_place; osm_place node/10657520176 (fits 23/25 routes),osm_place,high
bus_amtala_2,Amtala,,,kolbusopedia;wbtc_routes,"no coordinate found; split from bus_amtala: same name, but on 1 route(s) its neighbours place it 15 km or more from the osm_place point that fits 21 other routes",,
bus_amtala_3,Amtala,,,kolbusopedia;wbtc_routes,"no coordinate found; split from bus_amtala: same name, but on bus_c46 the osm_place point is an out-and-back spike 12.5 km off the line between well-placed neighbours",,
bus_amtala_phari,Amtala Phari,22.56413,88.29915,kolbusopedia;osm,coord: osm_stop; osm_stop node/7597562056 (fits 10/14 routes),osm_stop,high
bus_ananda_palit,Ananda Palit,22.55558,88.37323,kolbusopedia;wbtc_routes;nominatim,coord: nominatim; nominatim way/105878012 (fits 2/2 routes); also spelled: Anandapalit,nominatim,high
bus_anandapur,Anandapur,22.51253,88.40860,kolbusopedia;osm,coord: osm_route; OSM node/4255794609 on route relation,osm_route,high
bus_anantapur,Anantapur,22.58427,88.55875,kolbusopedia;osm,coord: osm_place; osm_place node/10669453749 (fits 1/1 routes),osm_place,medium
bus_anchna,Anchna,,,kolbusopedia,no coordinate found,,
bus_andul_bazar,Andul Bazar,,,kolbusopedia,no coordinate found,,
bus_angrail,Angrail,22.99929,88.84800,kolbusopedia;wikidata,coord: wikidata; wikidata wikidata/Q60615254 (fits 1/1 routes),wikidata,medium
bus_ankurhati,Ankurhati,,,kolbusopedia,no coordinate found,,
bus_antara_mental_hospital,Antara Mental Hospital,,,kolbusopedia;wbtc_routes,no coordinate found,,
bus_antila,Antila,22.44604,87.97388,kolbusopedia;osm,coord: osm_place; osm_place node/7154213857 (fits 1/1 routes),osm_place,medium
bus_antila_bridge,Antila Bridge,,,kolbusopedia,no coordinate found,,
bus_anwar_shah_road,Anwar Shah Road,22.50128,88.35164,kolbusopedia;wbtc_routes;nominatim,coord: nominatim; nominatim way/562930282 (fits 13/13 routes); also spelled: Anwarsah Road,nominatim,high
bus_apollo,Apollo,,,kolbusopedia;wbtc_routes,"no coordinate found; osm_any way/1041349465 (only OSM feature with this name); osm_any coordinate 22.559,88.4953 rejected: off-route on 3/3 routes",,
bus_apollo_hospital,Apollo Hospital,22.57457,88.40160,kolbusopedia;wbtc_routes;nominatim,coord: nominatim; nominatim way/150612581 (fits 23/23 routes); also spelled: Appolo Hospital,nominatim,high
bus_aquatica,Aquatica,22.56246,88.46491,kolbusopedia;osm,coord: osm_any; osm_any way/514284957 (fits 2/2 routes),osm_any,high
bus_arabinda_pally,Arabinda Pally,,,wbtc_routes,no coordinate found,,
bus_arambagh,Arambagh,22.87659,87.79086,kolbusopedia;osm,"coord: osm_place; osm_place node/245710349 (fits 3/4 routes); unique OSM town name: distance limits waived, detour and fold-back tests kept; also spelled: Arambag",osm_place,high
bus_arapanch,Arapanch,,,kolbusopedia,"no coordinate found; osm_place node/10595940922 (fits 1/1 routes); osm_place coordinate 22.43477,88.47183 rejected: off-route on 1/1 routes",,
bus_argori_more,Argori More,,,kolbusopedia,no coordinate found,,
bus_ariadaha,Ariadaha,22.66722,88.36732,kolbusopedia;wbtc_routes;nominatim,coord: nominatim; nominatim way/1133524772 (fits 1/2 routes),nominatim,medium
bus_ariadaha_dakshineswar,Ariadaha (Dakshineswar),22.66722,88.36732,kolbusopedia;wbtc_routes;nominatim,coord: nominatim; nominatim way/1133524772 (fits 1/2 routes),nominatim,medium
bus_arsadmiya_ghat,Arsadmiya Ghat,,,kolbusopedia,no coordinate found,,
bus_arupota,Arupota,,,kolbusopedia,no coordinate found,,
bus_asansol,Asansol,,,kolbusopedia,no coordinate found,,
bus_ashari,Ashari,22.41791,87.53786,kolbusopedia;wikidata,coord: wikidata; wikidata wikidata/Q60782936 (fits 1/1 routes),wikidata,medium
bus_asharu,Asharu,,,kolbusopedia,"no coordinate found; wikidata wikidata/Q60615006 (fits 1/1 routes); wikidata coordinate 23.17141,88.85653 rejected: off-route on 1/1 routes",,
bus_asharu_bazar,Asharu Bazar,,,kolbusopedia,no coordinate found,,
bus_ashokenagar_railgate,Ashokenagar Railgate,,,kolbusopedia,no coordinate found,,
bus_ashoknaga,Ashoknaga,22.82676,88.62862,kolbusopedia;osm,coord: osm_place; osm_place node/5260365110 (fits 1/1 routes),osm_place,medium
bus_ashoknagar,Ashoknagar,22.84117,88.62459,kolbusopedia;wbtc_routes;osm,coord: osm_landmark; osm_landmark way/1212925838 (fits 13/13 routes); also spelled: Ashok Nagar,osm_landmark,high
bus_ashoknagar_5_no_more,Ashoknagar 5 No. More,,,kolbusopedia,no coordinate found,,
bus_ashoknagar_chowrangi,Ashoknagar Chowrangi,,,kolbusopedia,no coordinate found,,
bus_ashoknagar_duttapukur,Ashoknagar Duttapukur,,,kolbusopedia,no coordinate found,,
bus_ashoknagar_railgate,Ashoknagar Railgate,,,kolbusopedia,no coordinate found,,
bus_ashoknagar_station,Ashoknagar Station,22.84117,88.62459,kolbusopedia;osm,coord: osm_landmark; osm_landmark way/1212925838 (fits 2/2 routes); also spelled: Ashoknagar station,osm_landmark,high
bus_ashwini_nagar,Ashwini Nagar,,,kolbusopedia,"no coordinate found; osm_place node/1350661681 (only OSM feature with this name); osm_place coordinate 22.48583,88.35735 rejected: off-route on 4/4 routes",,
bus_asuthwatala,Asuthwatala,,,kolbusopedia,no coordinate found,,
bus_asuttola,Asuttola,,,kolbusopedia,no coordinate found,,
bus_atharobanki,Atharobanki,22.33891,88.73026,kolbusopedia;wikidata,coord: wikidata_fuzzy; wikidata_fuzzy wikidata/Q61434313 (fits 2/2 routes),wikidata_fuzzy,medium
bus_atharobanki_more,Atharobanki More,,,kolbusopedia,no coordinate found,,
bus_atlas_more,Atlas More,,,kolbusopedia,no coordinate found,,
bus_aturia,Aturia,22.73744,88.86477,kolbusopedia;wikidata,coord: wikidata; wikidata wikidata/Q61422780 (fits 3/4 routes),wikidata,high
bus_aturia_2,Aturia,,,kolbusopedia,"no coordinate found; split from bus_aturia: same name, but on 1 route(s) its neighbours place it 15 km or more from the wikidata point that fits 3 other routes",,
bus_aturia_bazar,Aturia Bazar,,,kolbusopedia,no coordinate found,,
bus_authpur,Authpur,,,kolbusopedia,no coordinate found,,
bus_avani_mall,Avani Mall,22.56320,88.32360,kolbusopedia;nominatim,coord: nominatim; nominatim way/358854225 (fits 16/16 routes),nominatim,high
bus_awalsiddhi,Awalsiddhi,22.85621,88.52991,kolbusopedia;osm,coord: osm_place; osm_place node/9309939131 (fits 3/4 routes),osm_place,high
bus_awalsiddhi_chowmatha,Awalsiddhi Chowmatha,,,kolbusopedia,no coordinate found,,
bus_axis_mall,Axis Mall,22.57956,88.45992,kolbusopedia;wbtc_routes;osm,coord: osm_landmark; osm_landmark way/636823925 (fits 45/46 routes),osm_landmark,high
bus_azabnagar,Azabnagar,22.77121,88.19724,kolbusopedia;wikidata,coord: wikidata; wikidata wikidata/Q24949676 (fits 1/1 routes),wikidata,medium
bus_b_e_college,B.E. College,22.55755,88.30682,kolbusopedia;osm,coord: osm_stop; osm_stop node/3888755940 (fits 1/1 routes),osm_stop,medium
bus_b_garden,B.Garden,22.55718,88.30104,kolbusopedia;osm,coord: osm_stop; osm_stop node/3888761871 (fits 2/2 routes),osm_stop,high
bus_b_k_paul_ave,B.K.Paul Ave,,,wbtc_routes,no coordinate found,,
bus_b_k_paul_more,B.K.Paul More,,,kolbusopedia,no coordinate found,,
bus_b_n_r_hospital,B.N.R. Hospital,22.54611,88.31025,kolbusopedia;osm,coord: osm_landmark; osm_landmark way/123870454 (fits 4/4 routes),osm_landmark,high
bus_b_t_college,B.T. College,,,kolbusopedia;wbtc_routes,"no coordinate found; osm_stop node/12703857521 (only OSM feature with this name); osm_stop coordinate 22.72815,87.86898 rejected: off-route on 45/45 routes; also spelled: B. T. COLLEGE, B. T. College, B.T College, B.T. college, BT College",,
bus_babanpur,Babanpur,,,kolbusopedia,"no coordinate found; wikidata wikidata/Q55604648 (fits 1/1 routes); wikidata coordinate 22.78728,88.38753 rejected: off-route on 1/1 routes",,
bus_bablatala,Bablatala,,,kolbusopedia,no coordinate found,,
bus_babubazar,Babubazar,22.53809,88.31910,kolbusopedia;wbtc_routes;osm,coord: osm_landmark; osm_landmark way/142718051 (fits 17/18 routes),osm_landmark,high
bus_babughat,Babughat,22.56509,88.33971,kolbusopedia;wbtc_routes;osm,coord: osm_stop; osm_stop node/2284379642 (fits 44/44 routes),osm_stop,high
bus_baburhat,Baburhat,,,kolbusopedia,no coordinate found,,
bus_badamtala,Badamtala,,,kolbusopedia,"no coordinate found; osm_stop node/1618880394 (fits 1/2 routes); osm_stop coordinate 22.79094,88.3677 rejected: off-route on 3/3 routes",,
bus_badarhat,Badarhat,,,kolbusopedia,no coordinate found,,
bus_badartala,Badartala,22.55552,88.26056,kolbusopedia;wikidata,coord: wikidata; wikidata wikidata/Q19882201 (fits 6/6 routes),wikidata,high
bus_badir_more,Badir More,,,kolbusopedia,no coordinate found,,
bus_badu_bazar,Badu Bazar,,,kolbusopedia,no coordinate found,,
bus_baduria,Baduria,22.74348,88.78786,kolbusopedia;osm,"coord: osm_stop; osm_stop node/5038641101 (fits 3/4 routes); unique OSM town name: distance limits waived, detour and fold-back tests kept",osm_stop,high
bus_baduria_bazar,Baduria Bazar,,,kolbusopedia,no coordinate found,,
bus_baganda,Baganda,22.38891,88.08164,kolbusopedia;wikidata,coord: wikidata; wikidata wikidata/Q60478791 (fits 1/1 routes),wikidata,medium
bus_bagangora,Bagangora,,,kolbusopedia,no coordinate found,,
bus_bagaria,Bagaria,,,kolbusopedia,"no coordinate found; nominatim node/10823681454 (fits 2/2 routes); nominatim coordinate 22.29532,88.27347 rejected: off-route on 1/2 routes",,
bus_bagbazar,Bagbazar,22.60159,88.36366,kolbusopedia;wbtc_routes;osm,coord: osm_place; osm_place node/1213498703 (fits 14/14 routes),osm_place,high
bus_bagdah,Bagdah,23.20933,88.88923,kolbusopedia;wikidata,coord: wikidata; wikidata wikidata/Q55604693 (fits 3/3 routes),wikidata,high
bus_baghajatin,Baghajatin,22.48399,88.37558,kolbusopedia;wbtc_routes;osm,coord: osm_stop; osm_stop node/651802692 (fits 23/23 routes),osm_stop,high
bus_bagirhat,Bagirhat,,,kolbusopedia;wbtc_routes,no coordinate found,,
bus_bagjola,Bagjola,22.78921,88.74714,kolbusopedia;wikidata,coord: wikidata; wikidata wikidata/Q60616083 (fits 2/2 routes),wikidata,high
bus_bagjola_bazar,Bagjola Bazar,,,kolbusopedia,no coordinate found,,
bus_bagmari_bazar,Bagmari Bazar,,,kolbusopedia;wbtc_routes,no coordinate found,,
bus_bagmore,Bagmore,,,kolbusopedia,no coordinate found,,
bus_bagna_more,Bagna more,22.91806,88.72353,kolbusopedia;wikidata,coord: wikidata; wikidata wikidata/Q60615221 (fits 2/2 routes),wikidata,high
bus_bagnan,Bagnan,22.46500,87.96955,kolbusopedia;osm,"coord: osm_place; osm_place node/6186391877 (fits 7/9 routes); unique OSM town name: distance limits waived, detour and fold-back tests kept",osm_place,high
bus_bagnan_kolaghat,Bagnan Kolaghat,,,kolbusopedia,no coordinate found,,
bus_bagnan_library_more,Bagnan Library More,,,kolbusopedia,no coordinate found,,
bus_bagnan_station,Bagnan Station,22.46500,87.96955,kolbusopedia;osm,coord: osm_place; osm_place node/6186391877 (fits 1/1 routes),osm_place,medium
bus_bagnan_thana_more,Bagnan Thana More,,,kolbusopedia,no coordinate found,,
bus_bagpota,Bagpota,22.46105,88.27947,wbtc_routes;osm,coord: osm_place; osm_place node/10674103274 (fits 1/1 routes),osm_place,medium
bus_baguiati,Baguiati,22.61022,88.42797,kolbusopedia;wbtc_routes;osm,coord: osm_stop; osm_stop node/2453444460 (fits 48/48 routes),osm_stop,high
bus_baguihati,Baguihati,22.60586,88.43244,kolbusopedia;wbtc_routes;nominatim,coord: nominatim; nominatim way/237384504 (fits 28/28 routes),nominatim,high
bus_bagulakhali,Bagulakhali,22.27461,88.78399,kolbusopedia;wikidata,coord: wikidata; wikidata wikidata/Q60626082 (fits 1/1 routes),wikidata,medium
bus_bahadurpur,Bahadurpur,,,kolbusopedia,no coordinate found,,
bus_baharu,Baharu,22.20403,88.42827,kolbusopedia;osm,coord: osm_place; osm_place node/10582153403 (fits 1/1 routes),osm_place,medium
bus_bahirsona_more,Bahirsona More,,,kolbusopedia,no coordinate found,,
bus_baidyapur_kanchkal,Baidyapur Kanchkal,,,kolbusopedia,no coordinate found,,
bus_baikunthapur,Baikunthapur,,,kolbusopedia,no coordinate found,,
bus_bailani_bazar,Bailani Bazar,,,kolbusopedia,no coordinate found,,
bus_baisakhi,Baisakhi,22.59708,88.42152,kolbusopedia;wbtc_routes;osm,coord: osm_stop; osm_stop node/2460971983 (fits 2/2 routes); also spelled: Baisaki,osm_stop,high
bus_baisakhi_more,Baisakhi More,22.59708,88.42152,kolbusopedia;osm,coord: osm_stop; osm_stop node/2460971983 (fits 9/10 routes),osm_stop,high
bus_baishnabghata,Baishnabghata,22.47100,88.37159,kolbusopedia;wbtc_routes;nominatim,coord: nominatim; nominatim way/499207340 (fits 20/20 routes); also spelled: Baisnabghata,nominatim,high
bus_baita,Baita,,,kolbusopedia,no coordinate found,,
bus_bajitpur,Bajitpur,23.20838,88.71897,kolbusopedia;nominatim,coord: nominatim; nominatim way/878054318 (fits 1/1 routes),nominatim,medium
bus_bajkul,Bajkul,22.02453,87.82141,kolbusopedia;osm,coord: osm_place; osm_place node/245702198 (fits 1/1 routes),osm_place,medium
bus_bakeshwar,Bakeshwar,22.42790,88.34486,kolbusopedia;osm,coord: osm_place; osm_place node/10690496319 (fits 2/2 routes),osm_place,high
bus_bakhrahat,Bakhrahat,22.39507,88.20523,kolbusopedia;osm,coord: osm_place; osm_place node/7154718361 (fits 2/2 routes),osm_place,high
bus_bakkhali,Bakkhali,21.56077,88.26732,kolbusopedia;osm,coord: osm_place; osm_place node/1990593144 (fits 2/3 routes),osm_place,high
bus_bakrakpur_college,Bakrakpur College,,,kolbusopedia;wbtc_routes,no coordinate found,,
bus_baksara,Baksara,22.57724,88.29041,kolbusopedia;nominatim,coord: nominatim; nominatim way/999202793 (fits 7/7 routes); also spelled: Bakshara,nominatim,high
bus_bakshi,Bakshi,22.52594,87.89619,kolbusopedia;wikidata,coord: wikidata; wikidata wikidata/Q60478614 (fits 1/1 routes),wikidata,medium
bus_bakultala,Bakultala,22.48402,88.30239,kolbusopedia;wbtc_routes;osm,coord: osm_route; OSM node/11971705754 on route relation; also spelled: Bakul tala,osm_route,high
bus_balaka_housing_ecopark,Balaka Housing (EcoPark),,,kolbusopedia,no coordinate found,,
bus_balakhali,Balakhali,22.35834,88.33923,kolbusopedia;osm,coord: osm_place; osm_place node/10690428894 (fits 1/1 routes),osm_place,medium
bus_balia,Balia,22.45917,88.39130,kolbusopedia;osm,coord: osm_place; osm_place node/10694851505 (fits 1/1 routes),osm_place,medium
bus_bally_bazar,Bally Bazar,,,kolbusopedia;wbtc_routes,no coordinate found,,
bus_bally_bridge,Bally bridge,22.65495,88.34760,kolbusopedia;osm,coord: osm_landmark; osm_landmark way/52153941 (fits 1/1 routes),osm_landmark,medium
bus_bally_halt_station,Bally halt station,22.65145,88.34082,kolbusopedia;osm,coord: osm_place; osm_place node/8507085275 (fits 1/1 routes),osm_place,medium
bus_ballygaunj_station,Ballygaunj Station,22.52803,88.36591,kolbusopedia;wbtc_routes;osm,coord: stop_variant; stop_variant stop/bus_ballygunge_station (fits 9/9 routes),stop_variant,medium
bus_ballyghat,Ballyghat,22.65243,88.34791,kolbusopedia;wbtc_routes;osm,coord: osm_place; osm_place node/7717075781 (fits 14/15 routes); also spelled: Bally Ghat,osm_place,high
bus_ballygunge,Ballygunge,22.52803,88.36591,kolbusopedia;osm,coord: osm_place; osm_place node/10676698127 (fits 1/1 routes),osm_place,medium
bus_ballygunge_phari,Ballygunge Phari,22.52767,88.36610,kolbusopedia;osm,coord: osm_stop; osm_stop node/651805440 (fits 35/36 routes),osm_stop,high
bus_ballygunge_s_t_n,Ballygunge S.T.N,22.52803,88.36591,kolbusopedia;osm,coord: osm_any; osm_any node/10676698127 (fits 1/1 routes),osm_any,medium
bus_ballygunge_station,Ballygunge Station,22.52803,88.36591,kolbusopedia;wbtc_routes;osm,coord: osm_place; osm_place node/10676698127 (fits 29/36 routes),osm_place,high
bus_ballyhalt,Ballyhalt,22.65233,88.33854,kolbusopedia;wbtc_routes;osm,coord: osm_place; osm_place node/8507085275 (fits 18/18 routes); also spelled: Bally Halt,osm_place,high
bus_ballykhal,Ballykhal,,,kolbusopedia,no coordinate found,,
bus_balti,Balti,22.82173,88.93372,kolbusopedia;wikidata,"coord: wikidata; osm_place node/7076761055 (only OSM feature with this name); osm_place coordinate 22.81876,88.94304 rejected: off-route on 1/1 routes; wikidata wikidata/Q60615430 (fits 1/1 routes)",wikidata,medium
bus_baltikuri,Baltikuri,22.60940,88.29613,kolbusopedia;osm,coord: osm_any; osm_any node/6813908137 (fits 1/1 routes),osm_any,medium
bus_baltikuri_more,Baltikuri more,22.60940,88.29613,kolbusopedia;osm,coord: osm_any; osm_any node/6813908137 (fits 1/1 routes),osm_any,medium
bus_baluhati,Baluhati,,,kolbusopedia,no coordinate found,,
bus_bamangachi,Bamangachi,22.74949,88.50930,kolbusopedia;osm,"coord: osm_place; osm_place town Bamangachi (only OSM town or city with this name); unique OSM town name: distance limits waived, detour and fold-back tests kept; also spelled: Bamangachhi",osm_place,high
bus_bamangachi_2,Bamangachi,,,kolbusopedia,"no coordinate found; split from bus_bamangachi: same name, but on 3 route(s) its neighbours place it 15 km or more from the osm_place point that fits 4 other routes",,
bus_bamangachi_chowmatha,Bamangachi Chowmatha,22.74582,88.52000,kolbusopedia;osm,coord: osm_bn; osm_bn node/11152969592 (fits 1/1 routes),osm_bn,medium
bus_bamanghata,Bamanghata,22.51611,88.46528,kolbusopedia;wikidata,coord: wikidata; wikidata wikidata/Q28153743 (fits 6/7 routes),wikidata,high
bus_bamanpukur,Bamanpukur,22.51267,88.69935,kolbusopedia;wbtc_routes;wikidata,coord: wikidata; wikidata wikidata/Q55604793 (fits 8/9 routes),wikidata,high
bus_bamanpukur_2,Bamanpukur,23.44539,88.40532,kolbusopedia;wbtc_routes;wikidata,"coord: wikidata; split from bus_bamanpukur: same name, but on 1 route(s) its neighbours place it 15 km or more from the wikidata point that fits 8 other routes; wikidata wikidata/Q104842830 (fits 1/1 routes)",wikidata,medium
bus_bamondanga,Bamondanga,22.68784,88.24304,kolbusopedia;wikidata,coord: wikidata_fuzzy; wikidata_fuzzy wikidata/Q24949915 (fits 1/1 routes),wikidata_fuzzy,medium
bus_bamunia,Bamunia,,,kolbusopedia,"no coordinate found; osm_place node/10794404257 (fits 2/2 routes); osm_place coordinate 22.41554,88.71342 rejected: off-route on 2/2 routes",,
bus_bamunmura,Bamunmura,,,kolbusopedia,no coordinate found,,
bus_banamalipur,Banamalipur,,,kolbusopedia,no coordinate found,,
bus_banbania,Banbania,,,kolbusopedia,no coordinate found,,
bus_banbania_chowmatha,Banbania Chowmatha,22.85663,88.65572,kolbusopedia;osm,coord: osm_any; osm_any node/13973659501 (fits 1/1 routes),osm_any,medium
bus_bandar,Bandar,,,kolbusopedia,"no coordinate found; osm_place node/3415687086 (only OSM feature with this name); osm_place coordinate 22.05296,88.08854 rejected: off-route on 1/1 routes",,
bus_bandha_ghat,Bandha Ghat,,,kolbusopedia,no coordinate found,,
bus_bangur,Bangur,22.61113,88.40918,kolbusopedia;wbtc_routes;osm,coord: osm_stop; osm_stop node/5080813703 (fits 5/5 routes),osm_stop,high
bus_bangur_avenue,Bangur Avenue,22.60779,88.41040,kolbusopedia;nominatim,coord: nominatim; nominatim way/190279711 (fits 26/26 routes),nominatim,high
bus_bangur_hospital,Bangur hospital,22.49944,88.34646,kolbusopedia;wbtc_routes;nominatim,coord: nominatim; nominatim way/118667313 (fits 4/4 routes); also spelled: Bangur Hospital,nominatim,high
bus_bank_of_india,Bank of India,22.57205,88.36512,wbtc_routes;osm,"coord: osm_any; osm_any node/8859120603 (fits 1/1 routes); osm_any coordinate 22.59378,88.38763 rejected: off-route on 1/1 routes; osm_any node/2266850255 (fits 1/1 routes)",osm_any,medium
bus_bankra,Bankra,22.61182,88.27523,kolbusopedia;nominatim,coord: nominatim; nominatim node/7069112387 (fits 4/6 routes),nominatim,high
bus_bankra_2,Bankra,,,kolbusopedia,"no coordinate found; split from bus_bankra: same name, but on 2 route(s) its neighbours place it 15 km or more from the nominatim point that fits 3 other routes",,
bus_bankra_bazar,Bankra Bazar,,,kolbusopedia,no coordinate found,,
bus_bankra_more,Bankra More,,,kolbusopedia;wbtc_routes,no coordinate found,,
bus_bankura,Bankura,,,kolbusopedia,"no coordinate found; nominatim node/8144890236 (fits 1/1 routes); nominatim coordinate 22.51541,87.9621 rejected: off-route on 1/1 routes",,
bus_bansdroni,Bansdroni,22.47077,88.36181,kolbusopedia;wbtc_routes;osm,coord: osm_place; osm_place node/10594563328 (fits 17/18 routes),osm_place,high
bus_banstala,Banstala,,,kolbusopedia,no coordinate found,,
bus_bantala,Bantala,22.53300,88.39642,kolbusopedia;wbtc_routes;osm,coord: osm_place; osm_place node/13088485704 (fits 11/11 routes),osm_place,high
bus_bantala_bazar,Bantala Bazar,,,kolbusopedia;wbtc_routes,no coordinate found,,
bus_bantala_leather_complex,Bantala Leather Complex,,,kolbusopedia,no coordinate found,,
bus_bantul_more,Bantul More,22.44386,87.99046,kolbusopedia;nominatim,coord: nominatim; nominatim node/8123919697 (fits 3/3 routes),nominatim,high
bus_banungachi_station_road,Banungachi Station Road,,,kolbusopedia;wbtc_routes,no coordinate found,,
bus_barabazar,Barabazar,22.59016,88.35118,kolbusopedia;wbtc_routes;osm,coord: osm_place; osm_place node/9001302716 (fits 178/181 routes); also spelled: Barrabazar,osm_place,high
bus_baragachia,Baragachia,,,kolbusopedia,"no coordinate found; osm_place node/10595893043 (only OSM feature with this name); osm_place coordinate 22.3833,88.38787 rejected: off-route on 2/2 routes",,
bus_barakpur_chiriamore,Barakpur Chiriamore,,,kolbusopedia;wbtc_routes,no coordinate found,,
bus_baralighat,Baralighat,,,kolbusopedia;wbtc_routes,no coordinate found,,
bus_baranagar_bazar,Baranagar Bazar,,,kolbusopedia;wbtc_routes,no coordinate found,,
bus_baranagar_municipality,Baranagar Municipality,,,kolbusopedia;wbtc_routes,no coordinate found,,
bus_baranagar_road_station,Baranagar Road Station,22.65349,88.37886,kolbusopedia;osm,coord: osm_place; osm_place node/1074604698 (fits 3/3 routes),osm_place,high
bus_barasat,Barasat,22.71911,88.48262,kolbusopedia;wbtc_routes;osm,"coord: osm_place; osm_place node/570086096 (fits 36/49 routes); unique OSM town name: distance limits waived, detour and fold-back tests kept; name also used for a different place on other routes (see split ids)",osm_place,high
bus_barasat_2,Barasat,,,kolbusopedia;wbtc_routes,no coordinate found; split from bus_barasat: same name used about 19.1 km away on other routes,,
bus_barasat_3,Barasat,22.68417,88.44111,kolbusopedia;wbtc_routes;geonames,"coord: geonames; split from bus_barasat: same name, but on 2 route(s) its neighbours place it 15 km or more from the osm_place point that fits 50 other routes; geonames geonames/1348759 (fits 2/2 routes)",geonames,medium
bus_barasat_algaria,Barasat Algaria,,,kolbusopedia,no coordinate found,,
bus_barasat_champadali,Barasat Champadali,22.72194,88.48197,kolbusopedia;wbtc_routes;nominatim,coord: nominatim; nominatim way/535333476 (fits 6/6 routes); also spelled: Barasat champadali,nominatim,high
bus_barasat_champadali_more,Barasat Champadali More,22.72194,88.48197,kolbusopedia;nominatim,coord: nominatim; nominatim way/535333476 (fits 1/1 routes),nominatim,medium
bus_barasat_chapadali,Barasat Chapadali,,,kolbusopedia,no coordinate found,,
bus_barasat_colony_more,Barasat Colony More,,,kolbusopedia,no coordinate found,,
bus_barasat_dak_bunglow,Barasat Dak bunglow,,,kolbusopedia;wbtc_routes,no coordinate found; also spelled: Barasat Dakbunglow,,
bus_barasat_dakbunglow_more,Barasat Dakbunglow More,,,kolbusopedia,no coordinate found,,
bus_barasat_depot,Barasat Depot,22.73250,88.49376,kolbusopedia;nominatim,coord: nominatim; nominatim way/164999528 (fits 1/1 routes),nominatim,medium
bus_barasat_district_hospital,Barasat District Hospital,22.72176,88.49252,kolbusopedia;osm,coord: osm_landmark; osm_landmark node/7199742783 (fits 1/1 routes),osm_landmark,medium
bus_barasat_ecospace,Barasat/ Ecospace,,,wbtc_routes,no coordinate found,,
bus_barasat_kazipara,Barasat Kazipara,,,kolbusopedia;wbtc_routes,no coordinate found,,
bus_barasat_kazipara_depot,Barasat Kazipara depot,,,kolbusopedia;wbtc_routes,no coordinate found,,
bus_barasat_moyna_check_post,Barasat Moyna Check Post,,,kolbusopedia,no coordinate found,,
bus_barasat_state_university,Barasat State University,,,kolbusopedia,no coordinate found,,
bus_barasat_titumir_bus_stand,Barasat Titumir Bus Stand,22.71911,88.48262,kolbusopedia;osm,coord: osm_place; osm_place node/570086096 (fits 2/3 routes); also spelled: Barasat (Titumir Bus Stand),osm_place,high
bus_barasat_titumir_bus_stand_2,Barasat Titumir Bus Stand,22.71911,88.48262,kolbusopedia;osm,"coord: osm_place; split from bus_barasat_titumir_bus_stand: same name, but on 1 route(s) its neighbours place it 15 km or more from the osm_place point that fits 5 other routes; osm_place node/570086096 (fits 1/1 routes)",osm_place,medium
bus_barasat_university,Barasat University,,,kolbusopedia;wbtc_routes,no coordinate found,,
bus_barbadia,Barbadia,,,kolbusopedia,no coordinate found,,
bus_barbaria,Barbaria,22.74769,88.45910,kolbusopedia;wbtc_routes;wikidata,coord: wikidata; wikidata wikidata/Q55604884 (fits 4/4 routes),wikidata,high
bus_barda,Barda,,,kolbusopedia,"no coordinate found; osm_place node/3714491216 (only OSM feature with this name); osm_place coordinate 22.15239,88.08758 rejected: off-route on 1/1 routes",,
bus_bardhaman,Bardhaman,,,kolbusopedia,"no coordinate found; osm_place town Bardhaman (only OSM town or city with this name); unique OSM town name: distance limits waived, detour and fold-back tests kept; osm_place coordinate 23.24957,87.86817 rejected: off-route on 1/1 routes",,
bus_bardhaman_station,Bardhaman Station,,,kolbusopedia,no coordinate found,,
bus_bargachia,Bargachia,22.66675,88.13807,kolbusopedia;wbtc_routes;osm,coord: osm_place; osm_place node/1420381966 (fits 6/6 routes),osm_place,high
bus_bargram_more,Bargram More,,,kolbusopedia,no coordinate found,,
bus_baria,Baria,22.29437,88.76018,kolbusopedia;wikidata,"coord: wikidata; osm_any node/10795379286 (fits 1/1 routes); osm_any coordinate 22.2969,88.77083 rejected: off-route on 1/1 routes; wikidata wikidata/Q61434830 (fits 1/1 routes)",wikidata,medium
bus_barisha,Barisha,22.47560,88.30858,kolbusopedia;nominatim,coord: nominatim; nominatim way/773118751 (fits 4/4 routes),nominatim,high
bus_barjora,Barjora,,,kolbusopedia,no coordinate found,,
bus_barnaberia,Barnaberia,,,kolbusopedia,no coordinate found,,
bus_barrackpore,Barrackpore,22.76225,88.37435,kolbusopedia;wbtc_routes;osm,"coord: osm_place; osm_place node/7630431371 (fits 3/4 routes); unique OSM town name: distance limits waived, detour and fold-back tests kept",osm_place,high
bus_barrackpore_cantonment,Barrackpore Cantonment,,,kolbusopedia,no coordinate found,,
bus_barrackpore_chiriamore,Barrackpore Chiriamore,,,kolbusopedia;wbtc_routes,no coordinate found; also spelled: Barrackpore Chiria More,,
bus_barrackpore_court,Barrackpore Court,22.76229,88.36361,kolbusopedia;wbtc_routes;nominatim,coord: nominatim; nominatim node/10914725244 (fits 9/10 routes),nominatim,high
bus_barrackpore_court_2,Barrackpore Court,22.76229,88.36361,kolbusopedia;wbtc_routes;nominatim,"coord: nominatim; split from bus_barrackpore_court: same name, but on 1 route(s) its neighbours place it 15 km or more from the nominatim point that fits 7 other routes; nominatim node/10914725244 (fits 1/1 routes)",nominatim,medium
bus_barrackpore_station,Barrackpore Station,22.76225,88.37435,kolbusopedia;wbtc_routes;osm,coord: osm_place; osm_place node/7630431371 (fits 6/11 routes); also spelled: Barrackpore Stn,osm_place,high
bus_barrackpore_station_2,Barrackpore Station,22.76225,88.37435,kolbusopedia;wbtc_routes;osm,"coord: osm_place; split from bus_barrackpore_station: same name, but on 3 route(s) its neighbours place it 15 km or more from the osm_place point that fits 7 other routes; osm_place node/7630431371 (fits 3/4 routes)",osm_place,high
bus_barrackpore_talpukur,Barrackpore Talpukur,,,kolbusopedia;wbtc_routes,no coordinate found,,
bus_barrackpur,Barrackpur,22.76416,88.37761,kolbusopedia;wbtc_routes;wikidata,coord: wikidata; wikidata wikidata/Q709298 (fits 1/1 routes),wikidata,medium
bus_barrackpur_court,Barrackpur Court,22.76229,88.36361,wbtc_routes;nominatim,coord: stop_variant; stop_variant stop/bus_barrackpore_court (fits 1/1 routes),stop_variant,medium
bus_barshal,Barshal,,,kolbusopedia,no coordinate found,,
bus_bartala_bazar,Bartala Bazar,,,kolbusopedia,no coordinate found,,
bus_baruipur,Baruipur,22.36072,88.43256,kolbusopedia;wbtc_routes;osm,"coord: osm_place; osm_place node/245704499 (fits 5/6 routes); unique OSM town name: distance limits waived, detour and fold-back tests kept; name also used for a different place on other routes (see split ids)",osm_place,high
bus_baruipur_2,Baruipur,,,kolbusopedia;wbtc_routes,no coordinate found; split from bus_baruipur: same name used about 21.3 km away on other routes,,
bus_baruipur_fultala,Baruipur Fultala,,,kolbusopedia;wbtc_routes,no coordinate found,,
bus_baruipur_fultala_central_terminus,Baruipur Fultala Central Terminus,,,kolbusopedia;wbtc_routes,no coordinate found,,
bus_baruipur_hospital,Baruipur Hospital,22.36123,88.43329,kolbusopedia;wbtc_routes;nominatim,coord: nominatim; nominatim node/11612709539 (fits 8/8 routes),nominatim,high
bus_baruipur_kachari_bazar,Baruipur Kachari Bazar,,,kolbusopedia;wbtc_routes,no coordinate found,,
bus_baruipur_rabindra_bhawan,Baruipur Rabindra Bhawan,,,kolbusopedia,no coordinate found,,
bus_baruipur_station,Baruipur Station,22.36072,88.43256,kolbusopedia;wbtc_routes;osm,coord: osm_place; osm_place node/245704499 (fits 7/7 routes),osm_place,high
bus_barunda,Barunda,22.45581,87.92002,kolbusopedia;wikidata,coord: wikidata; wikidata wikidata/Q24952512 (fits 1/1 routes),wikidata,medium
bus_basantapur,Basantapur,22.38559,87.49018,kolbusopedia;wikidata,"coord: wikidata; osm_place node/13142496173 (only OSM feature with this name); osm_place coordinate 22.64041,88.04412 rejected: off-route on 1/1 routes; wikidata wikidata/Q60782367 (fits 1/1 routes)",wikidata,medium
bus_basanti,Basanti,22.19833,88.71391,kolbusopedia;osm,coord: osm_place; osm_place node/4987490395 (fits 1/2 routes),osm_place,high
bus_basanti_bridge,Basanti Bridge,,,kolbusopedia,no coordinate found,,
bus_basanti_chowmatha,Basanti Chowmatha,,,kolbusopedia,no coordinate found,,
bus_bashiram_bazar,Bashiram Bazar,,,kolbusopedia,no coordinate found,,
bus_bashirhat_malancha,Bashirhat (Malancha),22.66120,88.86602,kolbusopedia;wikidata,coord: wikidata; wikidata wikidata/Q33107225 (fits 1/1 routes),wikidata,medium
bus_basirhat,Basirhat,22.65019,88.86935,kolbusopedia;osm,"coord: osm_place; osm_place node/5768054820 (fits 3/5 routes); unique OSM town name: distance limits waived, detour and fold-back tests kept; also spelled: Bashirhat",osm_place,high
bus_basirhat_72_bus_stand,Basirhat 72 Bus Stand,22.66120,88.86602,kolbusopedia;nominatim,coord: nominatim; nominatim node/245708650 (fits 1/1 routes),nominatim,medium
bus_basirhat_chowmatha,Basirhat Chowmatha,,,kolbusopedia,no coordinate found,,
bus_basirhat_court,Basirhat Court,22.66299,88.87314,kolbusopedia;nominatim,coord: nominatim; nominatim way/1026916097 (fits 3/3 routes); also spelled: Bashirhat Court,nominatim,high
bus_basirhat_puratan_bazar,Basirhat Puratan Bazar,,,kolbusopedia,no coordinate found,,
bus_basirhat_trimohini,Basirhat Trimohini,,,kolbusopedia,no coordinate found,,
bus_bastala,Bastala,,,kolbusopedia,no coordinate found,,
bus_basubati,Basubati,22.78254,88.20304,kolbusopedia;nominatim,coord: nominatim; nominatim node/8090204966 (fits 1/1 routes),nominatim,medium
bus_basubati_darbar_sharif,Basubati Darbar Sharif,,,kolbusopedia,no coordinate found,,
bus_basudebpur,Basudebpur,22.81552,88.41775,kolbusopedia;wbtc_routes;wikidata,"coord: wikidata_fuzzy; wikidata wikidata/Q61434864 (fits 3/4 routes); wikidata coordinate 22.81832,88.40645 rejected: off-route on 2/4 routes; wikidata_fuzzy wikidata/Q60615776 (fits 3/4 routes)",wikidata_fuzzy,medium
bus_basundharia,Basundharia,,,wbtc_routes,no coordinate found,,
bus_bata_more,Bata More,22.49947,88.23153,kolbusopedia;wbtc_routes;nominatim,coord: nominatim; nominatim node/4567623236 (fits 7/7 routes); also spelled: Batamore,nominatim,high
bus_bataitala_phari,Bataitala Phari,,,kolbusopedia,no coordinate found,,
bus_batanagar,Batanagar,22.51330,88.22300,kolbusopedia;wikidata,coord: wikidata; wikidata wikidata/Q810716 (fits 3/3 routes),wikidata,high
bus_battala,Battala,,,wbtc_routes,no coordinate found,,
bus_bazetaraf,Bazetaraf,22.59883,88.54422,kolbusopedia;wikidata,coord: wikidata; wikidata wikidata/Q60616427 (fits 1/1 routes),wikidata,medium
bus_bazetorof,Bazetorof,22.59883,88.54422,kolbusopedia;wikidata,coord: wikidata_fuzzy; wikidata_fuzzy wikidata/Q60616427 (fits 1/1 routes),wikidata_fuzzy,medium
bus_bbd_bag,BBD Bag,22.57160,88.35026,kolbusopedia;wbtc_routes;osm,coord: osm_stop; osm_stop node/4178731066 (fits 57/57 routes); also spelled: B.B.D. Bag,osm_stop,high
bus_beadon_street,Beadon Street,,,kolbusopedia,no coordinate found,,
bus_beckbagan,Beckbagan,22.54083,88.35922,kolbusopedia;wbtc_routes;osm,coord: osm_stop; osm_stop node/1983499741 (fits 42/42 routes); also spelled: Beck Bagan,osm_stop,high
bus_bedon_squre,Bedon Squre,,,wbtc_routes,no coordinate found,,
bus_behala,Behala,22.50157,88.32094,kolbusopedia;wbtc_routes;osm,coord: osm_place; osm_place node/4524946631 (fits 3/3 routes),osm_place,high
bus_behala_14,Behala 14,22.50157,88.32094,kolbusopedia;wbtc_routes;nominatim,coord: nominatim; nominatim node/4524946631 (fits 2/2 routes),nominatim,high
bus_behala_14_number,Behala 14 number,22.50157,88.32094,kolbusopedia;wbtc_routes;nominatim,coord: nominatim; nominatim node/4524946631 (fits 17/17 routes),nominatim,high
bus_behala_14no,Behala 14no,22.50220,88.31818,kolbusopedia;wbtc_routes;osm,"coord: osm_stop; osm_stop node/1274128861 via alias '14 No Bus Stop' (fits 48/48 routes); also spelled: Behala 14 No, Behala 14No",osm_stop,high
bus_behala_airport,Behala Airport,22.50584,88.29341,kolbusopedia;wbtc_routes;osm,coord: osm_any; osm_any way/429051750 (fits 2/2 routes),osm_any,high
bus_behala_chowrasta,Behala Chowrasta,22.48692,88.31299,kolbusopedia;wbtc_routes;osm,"coord: osm_route; OSM node/1274128865 on route relation; also spelled: Behala Chowrastha, Behala chowrasta",osm_route,high
bus_behala_chowrasta_2,Behala Chowrasta,22.48692,88.31299,kolbusopedia;wbtc_routes;osm,"coord: osm_stop; split from bus_behala_chowrasta: same name, but on 1 route(s) its neighbours place it 15 km or more from the osm_route point that fits 41 other routes; osm_stop node/1274128865 (fits 1/1 routes)",osm_stop,medium
bus_behala_p_s,Behala P.S,22.50157,88.32094,kolbusopedia;wbtc_routes;osm,coord: osm_place; osm_place node/4524946631 (fits 8/8 routes); also spelled: Behala PS,osm_place,high
bus_behala_rabindranagar,Behala Rabindranagar,,,kolbusopedia,no coordinate found,,
bus_behala_tram_depot,Behala Tram Depot,22.49941,88.31780,wbtc_routes;osm,coord: osm_stop; osm_stop node/1272967207 (fits 3/3 routes),osm_stop,high
bus_bekbagan,Bekbagan,,,kolbusopedia,no coordinate found,,
bus_belaghata,Belaghata,22.56565,88.39072,wbtc_routes;nominatim,coord: nominatim; nominatim node/9833955617 (fits 1/1 routes),nominatim,medium
bus_belari_mollah_more,Belari Mollah More,,,kolbusopedia,no coordinate found,,
bus_beledanga,Beledanga,22.85783,88.54657,kolbusopedia;wikidata,coord: wikidata_fuzzy; wikidata_fuzzy wikidata/Q60615603 (fits 1/1 routes),wikidata_fuzzy,medium
bus_beleghata,Beleghata,22.56219,88.40797,kolbusopedia;osm,coord: osm_stop; osm_stop node/2461204982 (fits 16/24 routes),osm_stop,high
bus_beleghata_2,Beleghata,,,kolbusopedia,"no coordinate found; split from bus_beleghata: same name, but on bus_253 the osm_stop point is an out-and-back spike 21.2 km off the line between well-placed neighbours",,
bus_beleghata_building_more,Beleghata Building More,,,kolbusopedia,no coordinate found,,
bus_beleghata_cit_building,Beleghata CIT Building,,,kolbusopedia,no coordinate found,,
bus_beleghata_cit_more,Beleghata CIT More,,,kolbusopedia,no coordinate found,,
bus_beleghata_id_hospital,Beleghata ID hospital,,,kolbusopedia;wbtc_routes,no coordinate found,,
bus_beleghata_sales_tax,Beleghata Sales Tax,,,kolbusopedia;wbtc_routes,no coordinate found,,
bus_belepol,Belepol,,,kolbusopedia,no coordinate found,,
bus_belepole,Belepole,22.57813,88.30546,kolbusopedia;wbtc_routes;nominatim,coord: nominatim; nominatim way/841491428 (fits 18/22 routes),nominatim,high
bus_belepore,Belepore,,,kolbusopedia;wbtc_routes,no coordinate found,,
bus_belgachi,Belgachi,,,kolbusopedia,"no coordinate found; osm_place node/10600944935 (fits 1/1 routes); osm_place coordinate 22.34691,88.58724 rejected: off-route on 1/1 routes",,
bus_belgachia,Belgachia,22.60525,88.38405,kolbusopedia;wbtc_routes;osm,coord: osm_stop; osm_stop node/5311861531 (fits 27/29 routes); also spelled: Belgacchia,osm_stop,high
bus_belgachia_bbd_bag_sealdah,Belgachia/ BBD bag/ Sealdah,,,kolbusopedia,no coordinate found,,
bus_belgachia_metro,Belgachia Metro,22.60613,88.38687,kolbusopedia;osm,coord: osm_stop; osm_stop node/5311861532 (fits 7/7 routes),osm_stop,high
bus_belgharia,Belgharia,22.66136,88.38921,kolbusopedia;osm,coord: osm_place; osm_place node/1765884993 (fits 2/2 routes),osm_place,high
bus_belgharia_expressway,Belgharia Expressway,22.65494,88.42184,kolbusopedia;osm,coord: stop_variant; stop_variant stop/bus_belghoria_expressway (fits 10/11 routes); also spelled: Belgharia expressway,stop_variant,medium
bus_belgharia_rathtala,Belgharia Rathtala,,,kolbusopedia,no coordinate found,,
bus_belgharia_station,Belgharia Station,22.66136,88.38921,kolbusopedia;osm,coord: osm_place; osm_place node/1765884993 (fits 7/7 routes),osm_place,high
bus_belgharia_teachers_colony,Belgharia Teachers Colony,,,kolbusopedia,no coordinate found,,
bus_belghoria_expressway,Belghoria Expressway,22.65494,88.42184,kolbusopedia;osm,coord: osm_landmark; osm_landmark way/657474377 (fits 3/3 routes),osm_landmark,high
bus_belghoria_station,Belghoria Station,22.66136,88.38921,kolbusopedia;osm,coord: stop_variant; stop_variant stop/bus_belgharia_station (fits 3/3 routes),stop_variant,medium
bus_beliaghata,Beliaghata,,,kolbusopedia;wbtc_routes,no coordinate found,,
bus_beliaghata_bazar,Beliaghata Bazar,,,kolbusopedia,no coordinate found,,
bus_beliaghata_bridge,Beliaghata Bridge,,,kolbusopedia,no coordinate found,,
bus_beliaghata_main_road,Beliaghata Main Road,,,kolbusopedia;wbtc_routes,no coordinate found,,
bus_beliatore,Beliatore,,,kolbusopedia,no coordinate found,,
bus_belilious_road,Belilious Road,22.58761,88.33435,kolbusopedia;nominatim,coord: nominatim; nominatim way/102675158 (fits 22/22 routes),nominatim,high
bus_belpukur,Belpukur,,,kolbusopedia,"no coordinate found; osm_any node/2185893651 (only OSM feature with this name); osm_any coordinate 23.47864,88.40981 rejected: off-route on 8/8 routes",,
bus_belsingha,Belsingha,22.30033,88.14810,kolbusopedia;osm,coord: osm_place; osm_place node/10821159163 (fits 2/2 routes),osm_place,high
bus_beltala,Beltala,,,kolbusopedia,no coordinate found,,
bus_belurmath,Belurmath,22.63130,88.35058,kolbusopedia;wbtc_routes;osm,coord: osm_place; osm_place node/11584548979 (fits 10/11 routes); also spelled: Belur Math,osm_place,high
bus_benar_more,Benar More,,,kolbusopedia,no coordinate found,,
bus_bengal_chemical,Bengal Chemical,22.58007,88.40130,kolbusopedia;wbtc_routes;osm,coord: osm_place; osm_place node/7976140066 (fits 28/29 routes),osm_place,high
bus_bengal_chemical_2,Bengal Chemical,,,kolbusopedia;wbtc_routes,"no coordinate found; split from bus_bengal_chemical: same name, but on bus_mm3 the osm_place point is an out-and-back spike 12.0 km off the line between well-placed neighbours",,
bus_beraberi,Beraberi,,,kolbusopedia,no coordinate found,,
bus_beraberia,Beraberia,22.76727,88.44337,kolbusopedia;nominatim,coord: nominatim; nominatim node/7199743025 (fits 1/1 routes),nominatim,medium
bus_berachampa,Berachampa,22.69465,88.67923,kolbusopedia;nominatim,coord: nominatim; nominatim node/14175221901 (fits 10/12 routes),nominatim,high
bus_berachampa_crossing,Berachampa Crossing,22.69465,88.67923,kolbusopedia;nominatim,coord: nominatim; nominatim node/14175221901 (fits 1/1 routes),nominatim,medium
bus_bergum,Bergum,,,kolbusopedia,"no coordinate found; wikidata wikidata/Q61418400 (fits 2/2 routes); wikidata coordinate 22.86629,88.69791 rejected: off-route on 1/2 routes",,
bus_beri_gopalpur,Beri Gopalpur,,,kolbusopedia,no coordinate found,,
bus_betai,Betai,22.57565,87.99044,kolbusopedia;wikidata,coord: wikidata; wikidata wikidata/Q60478162 (fits 1/1 routes),wikidata,medium
bus_betai_bandar_more,Betai Bandar More,,,kolbusopedia,no coordinate found,,
bus_betai_bandor_more,Betai Bandor More,,,kolbusopedia,no coordinate found,,
bus_betai_bondor_more,Betai Bondor More,,,kolbusopedia,no coordinate found,,
bus_betaitala,Betaitala,22.56201,88.31273,kolbusopedia;osm,coord: osm_stop; osm_stop node/3888646024 (fits 3/3 routes),osm_stop,high
bus_bethpukur,Bethpukur,,,kolbusopedia,no coordinate found,,
bus_betore,Betore,,,kolbusopedia;wbtc_routes,no coordinate found,,
bus_betore_more,Betore More,,,wbtc_routes,no coordinate found,,
bus_bhabani_bhawan_hazra,Bhabani Bhawan Hazra,,,kolbusopedia,no coordinate found,,
bus_bhabla_station,Bhabla Station,,,kolbusopedia,no coordinate found,,
bus_bhadura,Bhadura,,,kolbusopedia,no coordinate found,,
bus_bhagabanpur,Bhagabanpur,22.01306,88.32933,kolbusopedia;geonames,"coord: geonames; osm_place node/10816527844 (fits 4/5 routes); osm_place coordinate 22.00814,88.32708 rejected: off-route on 3/4 routes; geonames geonames/1349095 (fits 4/4 routes)",geonames,medium
bus_bhagabanpur_2,Bhagabanpur,22.28484,88.04632,kolbusopedia;wikidata,"coord: wikidata; split from bus_bhagabanpur: same name, but on 1 route(s) its neighbours place it 15 km or more from the osm_place point that fits 1 other routes; wikidata wikidata/Q60478768 (fits 1/1 routes)",wikidata,medium
bus_bhagabanpur_more,Bhagabanpur More,,,kolbusopedia,"no coordinate found; osm_place node/10816527844 (fits 1/1 routes); osm_place coordinate 22.00814,88.32708 rejected: off-route on 1/1 routes",,
bus_bhagabatipur,Bhagabatipur,,,kolbusopedia,no coordinate found,,
bus_bhandargacha,Bhandargacha,,,kolbusopedia,no coordinate found,,
bus_bhandarkhali,Bhandarkhali,,,kolbusopedia,"no coordinate found; wikidata wikidata/Q60616652 (fits 1/1 routes); wikidata coordinate 22.37618,88.9369 rejected: off-route on 1/1 routes",,
bus_bhangankhali,Bhangankhali,22.27897,88.68638,kolbusopedia;wikidata,coord: wikidata; wikidata wikidata/Q61435355 (fits 5/5 routes),wikidata,high
bus_bhangore,Bhangore,,,kolbusopedia,no coordinate found,,
bus_bharat_sevashram_hospital,Bharat Sevashram Hospital,22.43987,88.29345,kolbusopedia;wbtc_routes;nominatim,coord: nominatim; nominatim node/7051244689 (fits 9/9 routes); also spelled: Bharat Sevasram Hospital,nominatim,high
bus_bhasa_panchrasta_bazar,Bhasa Panchrasta Bazar,,,kolbusopedia,no coordinate found,,
bus_bhasa_swami_narayan_temple,Bhasa Swami Narayan Temple,22.41420,88.28210,kolbusopedia;wbtc_routes;wikidata,coord: wikidata; wikidata wikidata/Q101805279 via alias 'Bhasha 14 No. Swami Narayan Temple' (fits 9/9 routes),wikidata,high
bus_bhasha_14no,Bhasha 14no,22.41420,88.28210,kolbusopedia;wikidata,coord: wikidata; wikidata wikidata/Q101805279 via alias 'Bhasha 14 No. Swami Narayan Temple' (fits 14/14 routes),wikidata,high
bus_bhatpara,Bhatpara,22.86639,88.40111,kolbusopedia;wikidata,"coord: wikidata; osm_place node/9265785553 (fits 2/3 routes); unique OSM town name: distance limits waived, detour and fold-back tests kept; osm_place coordinate 22.84644,88.38568 rejected: off-route on 2/3 routes; wikidata wikidata/Q854914 (fits 2/3 routes)",wikidata,high
bus_bhattanagar,Bhattanagar,22.63275,88.30548,kolbusopedia;wbtc_routes;osm,coord: osm_place; osm_place node/6814083487 (fits 2/3 routes),osm_place,medium
bus_bhattanagar_2,Bhattanagar,,,kolbusopedia;wbtc_routes,"no coordinate found; split from bus_bhattanagar: same name, but on 1 route(s) its neighbours place it 15 km or more from the osm_place point that fits 1 other routes",,
bus_bhavan,Bhavan,,,wbtc_routes,no coordinate found,,
bus_bhawani_bhawan,Bhawani Bhawan,,,kolbusopedia,no coordinate found; also spelled: Bhabani Bhawan,,
bus_bhawanipur,Bhawanipur,22.52611,88.34780,kolbusopedia;wbtc_routes;nominatim,coord: nominatim; nominatim node/13208111173 (fits 13/13 routes),nominatim,high
bus_bhebia,Bhebia,22.55209,88.82300,kolbusopedia;wbtc_routes;geonames,coord: geonames; geonames geonames/1349321 (fits 2/2 routes),geonames,medium
bus_bhebia_chowmatha,Bhebia Chowmatha,,,kolbusopedia,no coordinate found,,
bus_bhebia_chowrasta,Bhebia Chowrasta,,,kolbusopedia,no coordinate found,,
bus_bhogali,Bhogali,22.55512,88.61426,kolbusopedia;osm,coord: osm_place; osm_place node/10669401007 (fits 1/1 routes),osm_place,medium
bus_bhojerhat,Bhojerhat,,,kolbusopedia;wbtc_routes,no coordinate found; also spelled: Bhojherhat,,
bus_bhowanipore,Bhowanipore,22.53501,88.34669,kolbusopedia;wbtc_routes;osm,coord: osm_any; osm_any node/6518601587 (fits 49/49 routes),osm_any,high
bus_bhowanipur,Bhowanipur,22.53333,88.34611,kolbusopedia;wbtc_routes;wikidata,coord: wikidata; wikidata wikidata/Q6998599 (fits 8/8 routes),wikidata,high
bus_bhubaneshwari,Bhubaneshwari,21.94069,88.53201,kolbusopedia;osm,coord: osm_place; osm_place node/10793077926 (fits 2/2 routes),osm_place,high
bus_bhushighata,Bhushighata,,,wbtc_routes,no coordinate found,,
bus_bhyabla_halt,Bhyabla Halt,22.65534,88.85375,kolbusopedia;osm,coord: osm_place; osm_place node/5243119532 (fits 2/2 routes); also spelled: Bhyablahalt,osm_place,high
bus_bhyabla_halt_2,Bhyabla Halt,,,kolbusopedia,"no coordinate found; split from bus_bhyabla_halt: same name, but on 1 route(s) its neighbours place it 15 km or more from the osm_place point that fits 2 other routes",,
bus_bibibazar,Bibibazar,,,kolbusopedia,no coordinate found,,
bus_bibirhat,Bibirhat,,,kolbusopedia,no coordinate found,,
bus_bichali_ghar,Bichali Ghar,,,kolbusopedia,no coordinate found,,
bus_bichali_ghat,Bichali Ghat,22.55024,88.28533,kolbusopedia;wbtc_routes;nominatim,coord: nominatim; nominatim way/429426139 (fits 14/16 routes); also spelled: Bichalighat,nominatim,high
bus_bidhan_nagar_college,Bidhan Nagar College,22.58447,88.40543,kolbusopedia;osm,coord: osm_landmark; osm_landmark node/2460843435 (fits 2/2 routes); also spelled: Bidhannagar College,osm_landmark,high
bus_bidhannagar_road_station,Bidhannagar Road Station,22.59126,88.39096,kolbusopedia;osm,coord: osm_place; osm_place node/2323761292 (fits 2/3 routes),osm_place,high
bus_bidhannagar_station,Bidhannagar Station,22.59115,88.39126,kolbusopedia;wbtc_routes;osm,"coord: osm_any; osm_place node/11962929957 (fits 6/8 routes); osm_place coordinate 22.59042,88.41692 rejected: off-route on 5/8 routes; osm_any node/2207611901 (fits 8/8 routes)",osm_any,high
bus_bidhannagar_station_circular_route,Bidhannagar Station (Circular Route),22.59115,88.39126,kolbusopedia;osm,coord: osm_any; osm_any node/2207611901 (fits 1/1 routes),osm_any,medium
bus_bidhhanagar_college,Bidhhanagar College,,,kolbusopedia,no coordinate found,,
bus_bidichandrapur,Bidichandrapur,22.63495,87.95023,kolbusopedia;wikidata,coord: wikidata_fuzzy; wikidata_fuzzy wikidata/Q60478077 (fits 1/1 routes),wikidata_fuzzy,medium
bus_bidyut_bhawan,Bidyut Bhawan,22.58696,88.42243,kolbusopedia;wbtc_routes;osm,coord: osm_any; osm_any way/192052855 (fits 4/4 routes),osm_any,high
bus_bijan_setu_ballygunge_station,Bijan Setu (Ballygunge Station),22.52089,88.37223,kolbusopedia;wikidata,coord: wikidata_fuzzy; wikidata_fuzzy wikidata/Q108067900 (fits 1/1 routes),wikidata_fuzzy,medium
bus_bijaygunge_bazar_lakshmikantapur,Bijaygunge bazar (Lakshmikantapur),,,kolbusopedia,no coordinate found,,
bus_bijoygarh,Bijoygarh,22.48727,88.36856,kolbusopedia;osm,coord: osm_place; osm_place node/1355245031 (fits 2/2 routes),osm_place,high
bus_bikash_bhawan,Bikash Bhawan,22.59108,88.41651,kolbusopedia;wbtc_routes;osm,"coord: osm_any; osm_any way/153790971 (fits 24/26 routes); also spelled: Bikash Bhaban, Bikash Bhavan",osm_any,high
bus_binala,Binala,,,kolbusopedia,no coordinate found,,
bus_bindopur,Bindopur,21.90344,88.53451,kolbusopedia;wikidata,coord: wikidata; wikidata wikidata/Q60626073 (fits 1/1 routes),wikidata,medium
bus_binodpur,Binodpur,21.90296,88.53697,kolbusopedia;osm,coord: osm_place; osm_place node/10793123901 (fits 1/1 routes),osm_place,medium
bus_bira,Bira,22.79012,88.57134,kolbusopedia;wbtc_routes;osm,"coord: osm_place; osm_place node/8994137056 (fits 2/4 routes); unique OSM town name: distance limits waived, detour and fold-back tests kept",osm_place,high
bus_bira_chowmatha,Bira Chowmatha,22.78176,88.57510,kolbusopedia;osm,coord: osm_bn; osm_bn node/570069866 (fits 4/4 routes); also spelled: Bira chowmatha,osm_bn,medium
bus_bira_joypul_chowmatha,Bira Joypul Chowmatha,,,kolbusopedia,no coordinate found,,
bus_biradingi_more,Biradingi More,,,kolbusopedia,no coordinate found,,
bus_biramnagar,Biramnagar,22.68767,88.87046,kolbusopedia;wikidata,coord: wikidata; wikidata wikidata/Q60616201 (fits 2/3 routes),wikidata,high
bus_birati,Birati,22.66377,88.42731,kolbusopedia;wbtc_routes;osm,coord: osm_place; osm_place node/2378510543 (fits 12/16 routes),osm_place,high
bus_birati_2,Birati,,,kolbusopedia;wbtc_routes,"no coordinate found; split from bus_birati: same name, but on bus_d1a the osm_place point is an out-and-back spike 6.0 km off the line between well-placed neighbours",,
bus_birati_more,Birati More,22.66377,88.42731,kolbusopedia;wbtc_routes;osm,coord: osm_place; osm_place node/2378510543 (fits 21/30 routes); also spelled: Birati more,osm_place,high
bus_birati_station,Birati Station,22.66377,88.42731,kolbusopedia;osm,coord: osm_place; osm_place node/2378510543 (fits 6/6 routes),osm_place,high
bus_birati_tantkal,Birati Tantkal,,,kolbusopedia,no coordinate found,,
bus_birla_more,Birla More,,,kolbusopedia,no coordinate found,,
bus_birlapur,Birlapur,22.42165,88.15598,kolbusopedia;osm,coord: osm_place; osm_place node/10657823128 (fits 1/1 routes),osm_place,medium
bus_birshibpur,Birshibpur,22.47330,88.05110,kolbusopedia;osm,coord: osm_place; osm_place node/6186391854 (fits 1/1 routes),osm_place,medium
bus_bisalakshmitala,Bisalakshmitala,,,kolbusopedia,no coordinate found,,
bus_bishnu_cotton_mill,Bishnu Cotton Mill,,,kolbusopedia,no coordinate found,,
bus_bishnupur,Bishnupur,22.38118,88.26802,kolbusopedia;osm,coord: osm_place; osm_place node/245704518 (fits 14/22 routes); name also used for a different place on other routes (see split ids),osm_place,high
bus_bishnupur_2,Bishnupur,,,kolbusopedia,no coordinate found; split from bus_bishnupur: same name used about 74.3 km away on other routes,,
bus_bishnupur_3,Bishnupur,22.61538,88.49734,kolbusopedia;geonames,"coord: geonames; split from bus_bishnupur: same name, but on 6 route(s) its neighbours place it 15 km or more from the osm_place point that fits 11 other routes; geonames geonames/1349252 (fits 7/7 routes)",geonames,medium
bus_bishnupur_ps,Bishnupur PS,22.38118,88.26802,kolbusopedia;wbtc_routes;osm,coord: osm_place; osm_place node/245704518 (fits 9/9 routes),osm_place,high
bus_bishpuriya,Bishpuriya,,,kolbusopedia,no coordinate found,,
bus_bisunupur,Bisunupur,,,kolbusopedia,no coordinate found,,
bus_biswanathpur,Biswanathpur,22.70430,88.63150,kolbusopedia;wikidata,coord: wikidata; wikidata wikidata/Q60615979 (fits 1/1 routes),wikidata,medium
bus_biswashati_bazar,Biswashati Bazar,,,kolbusopedia,no coordinate found,,
bus_bit_college,BIT College,,,kolbusopedia,no coordinate found,,
bus_bithari,Bithari,22.85064,88.92778,kolbusopedia;wikidata,coord: wikidata; wikidata wikidata/Q60615419 (fits 5/5 routes),wikidata,high
bus_bkp,BKP,,,kolbusopedia;wbtc_routes,no coordinate found,,
bus_bnr,BNR,22.54425,88.31077,kolbusopedia;nominatim,coord: nominatim; nominatim way/123870453 (fits 3/4 routes),nominatim,high
bus_bnr_more,BNR More,,,kolbusopedia;wbtc_routes,no coordinate found,,
bus_boalghata,Boalghata,,,kolbusopedia,no coordinate found,,
bus_boardghar,Boardghar,,,kolbusopedia,no coordinate found,,
bus_bodra,Bodra,,,kolbusopedia;wbtc_routes,"no coordinate found; osm_place node/10661024809 (only OSM feature with this name); osm_place coordinate 22.44458,88.61527 rejected: off-route on 1/2 routes",,
bus_bokchara_bazar,Bokchara Bazar,,,kolbusopedia,no coordinate found,,
bus_bokchora,Bokchora,,,kolbusopedia,no coordinate found,,
bus_bokunda,Bokunda,,,kolbusopedia,no coordinate found,,
bus_boldeghata,Boldeghata,,,kolbusopedia,no coordinate found,,
bus_bonchakhali_bazar,Bonchakhali bazar,,,kolbusopedia,no coordinate found,,
bus_bondel_gate,Bondel Gate,,,kolbusopedia;wbtc_routes,no coordinate found,,
bus_bongaon,Bongaon,23.05824,88.78618,kolbusopedia;osm,coord: osm_any; osm_any way/305864377 (fits 4/4 routes),osm_any,high
bus_bongaon_1_no_railgate_bazar,Bongaon 1 No. Railgate Bazar,,,kolbusopedia,no coordinate found; also spelled: Bongaon 1no. Railgate Bazar,,
bus_bongaon_78e_bus_stand,Bongaon 78E Bus Stand,,,kolbusopedia,no coordinate found,,
bus_bongaon_motigunge_bus_stand,Bongaon Motigunge Bus Stand,,,kolbusopedia,no coordinate found,,
bus_bongaon_paikpara,Bongaon Paikpara,,,kolbusopedia,no coordinate found,,
bus_bonhooghly,Bonhooghly,,,kolbusopedia;wbtc_routes,no coordinate found; also spelled: Bonhoogly,,
bus_bonhooghly_tobin_road,Bonhooghly Tobin Road,,,kolbusopedia,no coordinate found,,
bus_bonhoogly_isi,Bonhoogly (ISI),,,kolbusopedia,no coordinate found,,
bus_boralighat,Boralighat,,,kolbusopedia;wbtc_routes,no coordinate found; also spelled: Borali Ghat,,
bus_boro_kanthalia_more,Boro Kanthalia More,,,kolbusopedia,no coordinate found,,
bus_boro_talikhola,Boro Talikhola,22.88440,88.43760,kolbusopedia;wikidata,coord: wikidata_fuzzy; wikidata_fuzzy wikidata/Q61434229 (fits 1/1 routes),wikidata_fuzzy,medium
bus_bosepukur,Bosepukur,22.51923,88.38504,kolbusopedia;wbtc_routes;nominatim,coord: nominatim; nominatim node/10083371974 (fits 17/18 routes),nominatim,high
bus_boshirhat_boardghat,Boshirhat boardghat,,,kolbusopedia,no coordinate found,,
bus_botanical_garden,Botanical Garden,22.55291,88.30068,kolbusopedia;osm,"coord: osm_any; osm_stop node/7597524307 (fits 1/1 routes); osm_stop coordinate 22.56389,88.28861 rejected: off-route on 1/1 routes; osm_any node/9199641636 (fits 1/1 routes)",osm_any,medium
bus_botanical_garden_b_garden,Botanical Garden (B garden),22.56389,88.28861,kolbusopedia;osm,coord: osm_stop; osm_stop node/7597524307 (fits 1/1 routes),osm_stop,medium
bus_boubazar,Boubazar,22.58021,88.35454,kolbusopedia;wbtc_routes;nominatim,coord: nominatim; nominatim way/360460191 (fits 4/4 routes),nominatim,high
bus_bowbazar,Bowbazar,22.57049,88.36156,kolbusopedia;wbtc_routes;osm,coord: osm_place; osm_place node/1190128273 (fits 25/25 routes); also spelled: Bow bazar,osm_place,high
bus_boyermari,Boyermari,,,kolbusopedia,no coordinate found,,
bus_boyra,Boyra,,,kolbusopedia,no coordinate found,,
bus_brace_bridge,Brace Bridge,22.51792,88.30114,kolbusopedia;wbtc_routes;osm,coord: osm_place; osm_place node/2430771841 (fits 23/23 routes); also spelled: Brace bridge,osm_place,high
bus_brahmaner_more,Brahmaner More,,,kolbusopedia,no coordinate found,,
bus_brajalalchak,Brajalalchak,22.08963,88.04130,kolbusopedia;osm,coord: osm_place; osm_place node/3414051263 (fits 1/1 routes),osm_place,medium
bus_bratachari_ashram_baguiati_big_bazar,Bratachari Ashram (Baguiati Big Bazar),,,kolbusopedia,no coordinate found,,
bus_bridge_4,Bridge 4,,,kolbusopedia,no coordinate found,,
bus_bridge_no_4,Bridge No.4,,,kolbusopedia,no coordinate found,,
bus_brindabanpur,Brindabanpur,22.12344,88.31973,kolbusopedia;osm,coord: osm_place; osm_place node/10811629672 (fits 1/1 routes),osm_place,medium
bus_broad_street,Broad Street,22.53208,88.36984,kolbusopedia;nominatim,coord: nominatim; nominatim way/51765557 (fits 2/2 routes),nominatim,high
bus_budge_budge,Budge Budge,22.47366,88.17393,kolbusopedia;osm,"coord: osm_place; osm_place node/2876929173 (fits 2/2 routes); unique OSM town name: distance limits waived, detour and fold-back tests kept",osm_place,high
bus_budge_budge_hospital,Budge Budge Hospital,,,wbtc_routes,no coordinate found,,
bus_budhigram,Budhigram,22.31386,88.15773,kolbusopedia;osm,coord: osm_fuzzy; osm_fuzzy node/10821180457 (fits 1/1 routes),osm_fuzzy,medium
bus_building_more,Building More,22.56147,88.40880,kolbusopedia;wbtc_routes;osm,coord: osm_route; OSM node/2234881819 on route relation; also spelled: Building more,osm_route,high
bus_burashibtala_main_road,Burashibtala Main Road,,,wbtc_routes,no coordinate found,,
bus_burdwan,Burdwan,23.24957,87.86818,kolbusopedia;osm,"coord: osm_place; osm_place node/654104082 (only OSM feature with this name); unique OSM town name: distance limits waived, detour and fold-back tests kept",osm_place,medium
bus_burrabazar,Burrabazar,22.58018,88.35281,kolbusopedia;wbtc_routes;osm,coord: osm_bn; osm_bn node/1189036847 (fits 62/63 routes); also spelled: Bura Bazar,osm_bn,medium
bus_burul,Burul,22.36494,88.11353,kolbusopedia;osm,coord: osm_place; osm_place node/10687451580 (fits 1/1 routes),osm_place,high
bus_burul_bazar,Burul Bazar,,,kolbusopedia,no coordinate found,,
bus_c_a_island,C.A Island,,,kolbusopedia;wbtc_routes,"no coordinate found; also spelled: C.A. Island, C.A.Island, CA Island",,
bus_c_g_o_complex,C.G.O. Complex,,,wbtc_routes,"no coordinate found; osm_any way/153565261 (fits 2/2 routes); osm_any coordinate 22.59212,88.4155 rejected: off-route on 1/2 routes",,
bus_c_i_t_road,C.I.T. Road,22.55162,88.37138,kolbusopedia;wbtc_routes;nominatim,"coord: nominatim; nominatim way/1196047905 (fits 33/33 routes); also spelled: C.I.T.Road, CIT Road, CIT road",nominatim,high
bus_c_i_t_road_xing,C.I.T. Road Xing,,,wbtc_routes,no coordinate found,,
bus_c_r_avn_xing,C.R. Avn. Xing,,,kolbusopedia;wbtc_routes,no coordinate found,,
bus_calcium_more,Calcium More,,,kolbusopedia,no coordinate found,,
bus_calcutta_leather_complex_covers_all_3_gates,Calcutta Leather Complex (Covers All 3 Gates),22.49703,88.51676,kolbusopedia;osm,coord: osm_any; osm_any way/421284603 (fits 1/1 routes),osm_any,medium
bus_calcutta_technical_school,Calcutta Technical School,,,kolbusopedia,no coordinate found,,
bus_camac_street,Camac Street,22.54154,88.35187,kolbusopedia;wbtc_routes;osm,coord: osm_stop; osm_stop node/6135361873 (fits 4/4 routes),osm_stop,high
bus_canal_bridge_east,Canal Bridge(East),,,wbtc_routes,no coordinate found,,
bus_cancer_hospital,Cancer Hospital,,,kolbusopedia;wbtc_routes,"no coordinate found; osm_any node/7668176281 (only OSM feature with this name); osm_any coordinate 22.52673,88.38842 rejected: off-route on 5/5 routes",,
bus_cannel_bridge,Cannel Bridge,,,kolbusopedia;wbtc_routes,no coordinate found,,
bus_canning,Canning,22.31065,88.66086,kolbusopedia;osm,"coord: osm_landmark; osm_landmark way/1141917266 (fits 3/3 routes); unique OSM town name: distance limits waived, detour and fold-back tests kept",osm_landmark,high
bus_canning_station,Canning Station,22.31362,88.66869,kolbusopedia;osm,coord: osm_place; osm_place node/3749219130 (fits 1/1 routes),osm_place,medium
bus_canning_street,Canning Street,22.57914,88.34692,kolbusopedia;wbtc_routes;nominatim,coord: nominatim; nominatim node/8291571025 (fits 4/4 routes),nominatim,high
bus_carry_road,Carry Road,22.57164,88.30562,kolbusopedia;wbtc_routes;nominatim,coord: nominatim; nominatim way/377575388 (fits 15/21 routes); also spelled: Carryroad,nominatim,high
bus_casurina_ave,Casurina Ave,22.54970,88.34210,kolbusopedia;wbtc_routes;nominatim,coord: nominatim; nominatim way/112044532 (fits 4/4 routes),nominatim,high
bus_cc1,CC1,,,kolbusopedia,no coordinate found,,
bus_central,Central,22.57249,88.35874,kolbusopedia;wbtc_routes;osm,coord: osm_place; osm_place node/5421528426 (fits 24/24 routes),osm_place,high
bus_central_avenue,Central Avenue,22.57207,88.35860,kolbusopedia;wbtc_routes;nominatim,coord: nominatim; nominatim node/5421528426 (fits 7/7 routes); also spelled: Central avenue,nominatim,high
bus_central_garage,Central garage,,,kolbusopedia,no coordinate found,,
bus_central_jail,Central Jail,22.63270,88.41699,kolbusopedia;wbtc_routes;nominatim,coord: nominatim; nominatim way/747193449 (fits 16/17 routes),nominatim,high
bus_central_metro,Central Metro,22.57247,88.35879,kolbusopedia;wikidata,coord: wikidata; wikidata wikidata/Q5061425 (fits 50/50 routes),wikidata,high
bus_central_park,Central Park,22.59047,88.41562,kolbusopedia;wbtc_routes;osm,coord: osm_place; osm_place node/7976140060 (fits 25/27 routes); also spelled: Central park,osm_place,high
bus_chadni,Chadni,,,kolbusopedia;wbtc_routes,no coordinate found,,
bus_chadni_chowk,Chadni Chowk,22.56626,88.35583,kolbusopedia;wbtc_routes;osm,coord: osm_bn; osm_bn node/1190128360 (fits 4/4 routes); also spelled: Chadni chowk,osm_bn,medium
bus_chaital,Chaital,22.51065,88.79958,kolbusopedia;wbtc_routes;wikidata,coord: wikidata; wikidata wikidata/Q60616507 (fits 3/3 routes),wikidata,high
bus_chaital_ghat,Chaital Ghat,,,kolbusopedia,no coordinate found,,
bus_chaitanyapur,Chaitanyapur,22.13614,88.08356,kolbusopedia;osm,coord: osm_place; osm_place node/3715011285 (fits 1/1 routes),osm_place,medium
bus_chakdah,Chakdah,23.06538,88.53006,kolbusopedia;nominatim,coord: nominatim; nominatim way/1068423681 (fits 2/2 routes),nominatim,high
bus_chakdulalpur,Chakdulalpur,22.03993,88.23283,kolbusopedia;osm,coord: osm_place; osm_place node/10808922632 (fits 2/2 routes),osm_place,high
bus_chakhana,Chakhana,,,kolbusopedia,no coordinate found,,
bus_chakhna,Chakhna,,,kolbusopedia,no coordinate found,,
bus_chakla,Chakla,22.75683,88.68880,kolbusopedia;osm,coord: osm_place; osm_place node/12534112918 (fits 1/1 routes),osm_place,medium
bus_chakla_sohai,Chakla(Sohai),22.75683,88.68880,kolbusopedia;osm,coord: osm_place; osm_place node/12534112918 (fits 1/1 routes),osm_place,medium
bus_chakraberia_road_xing,Chakraberia Road Xing,22.53129,88.34750,kolbusopedia;nominatim,coord: nominatim; nominatim way/122562021 (fits 1/1 routes),nominatim,medium
bus_chalki_bazar,Chalki Bazar,,,kolbusopedia,no coordinate found,,
bus_champadali,Champadali,22.71970,88.48782,kolbusopedia;wbtc_routes;osm,coord: osm_place; osm_place node/11117368587 (fits 4/4 routes),osm_place,high
bus_champadali_more,Champadali More,22.71970,88.48782,kolbusopedia;osm,coord: osm_place; osm_place node/11117368587 (fits 1/1 routes),osm_place,medium
bus_champadali_more_2,Champadali More,22.71970,88.48782,kolbusopedia;osm,"coord: osm_place; split from bus_champadali_more: same name, but on 1 route(s) its neighbours place it 15 km or more from the osm_place point that fits 1 other routes; osm_place node/11117368587 (fits 1/1 routes)",osm_place,medium
bus_champadanga,Champadanga,22.83899,87.97143,kolbusopedia;osm,coord: osm_place; osm_place node/245710086 (only OSM feature with this name),osm_place,high
bus_champadanga_2,Champadanga,,,kolbusopedia,"no coordinate found; split from bus_champadanga: same name, but on 3 route(s) its neighbours place it 15 km or more from the osm_place point that fits 1 other routes",,
bus_champahati,Champahati,,,kolbusopedia;wbtc_routes,"no coordinate found; osm_place node/2365714186 (fits 1/1 routes); osm_place coordinate 22.40308,88.49365 rejected: off-route on 1/1 routes",,
bus_champatala,Champatala,,,wbtc_routes,no coordinate found,,
bus_chamrail,Chamrail,,,kolbusopedia,no coordinate found,,
bus_chanda,Chanda,23.11666,88.82144,kolbusopedia;wikidata,coord: wikidata; wikidata wikidata/Q60615050 (fits 2/3 routes),wikidata,high
bus_chanda_2,Chanda,22.88863,88.66231,kolbusopedia;wikidata,"coord: wikidata; split from bus_chanda: same name, but on 1 route(s) its neighbours place it 15 km or more from the wikidata point that fits 2 other routes; wikidata wikidata/Q60611639 (fits 1/1 routes)",wikidata,medium
bus_chandabazar,Chandabazar,,,kolbusopedia,no coordinate found,,
bus_chandaneshwar,Chandaneshwar,,,kolbusopedia,no coordinate found,,
bus_chandipur,Chandipur,22.51086,88.64311,kolbusopedia;wbtc_routes;osm,"coord: osm_place; osm_place node/10601972859 (fits 8/11 routes); osm_place coordinate 22.35079,88.39384 rejected: off-route on 11/11 routes; osm_place node/10661201664 (fits 10/11 routes)",osm_place,high
bus_chandipur_2,Chandipur,,,kolbusopedia;wbtc_routes,"no coordinate found; split from bus_chandipur: same name, but on 1 route(s) its neighbours place it 15 km or more from the osm_place point that fits 10 other routes",,
bus_chanditala,Chanditala,22.68902,88.26292,kolbusopedia;osm,coord: osm_place; osm_place node/7156005592 (fits 4/4 routes),osm_place,high
bus_chandkhali,Chandkhali,,,kolbusopedia,"no coordinate found; osm_place node/10601031408 (only OSM feature with this name); osm_place coordinate 22.31209,88.46303 rejected: off-route on 1/1 routes",,
bus_chandmari,Chandmari,22.43990,88.43866,kolbusopedia;wbtc_routes;osm,coord: osm_any; osm_any way/318705581 (fits 1/1 routes),osm_any,medium
bus_chandni_chowk,Chandni Chowk,22.56552,88.35749,kolbusopedia;osm,coord: osm_place; osm_place node/5421543316 (fits 2/2 routes),osm_place,high
bus_chandni_market,Chandni Market,,,kolbusopedia,no coordinate found,,
bus_chandpara_b_d_o_office,Chandpara B.D.O. Office,,,kolbusopedia,no coordinate found; also spelled: Chandpara B.D.O. office,,
bus_chandpara_bazar,Chandpara Bazar,,,kolbusopedia,no coordinate found; also spelled: Chandpara bazar,,
bus_chandpur,Chandpur,22.61353,88.51882,kolbusopedia;wikidata,"coord: wikidata; osm_place node/10692413758 (fits 1/1 routes); osm_place coordinate 22.40522,88.25168 rejected: off-route on 1/1 routes; wikidata wikidata/Q61422512 (fits 1/1 routes)",wikidata,medium
bus_chandra,Chandra,,,kolbusopedia,no coordinate found,,
bus_chandua_bazar,Chandua Bazar,,,kolbusopedia,no coordinate found,,
bus_changabottala,Changabottala,,,kolbusopedia,no coordinate found,,
bus_chapa_tola,Chapa tola,,,kolbusopedia,no coordinate found,,
bus_chapaberia,Chapaberia,,,kolbusopedia,no coordinate found,,
bus_chapadali_more,Chapadali More,,,kolbusopedia,no coordinate found,,
bus_chapadali_shuttle,Chapadali(shuttle),,,kolbusopedia,no coordinate found,,
bus_chapatala,Chapatala,,,kolbusopedia,"no coordinate found; nominatim way/1032772528 (fits 2/3 routes); nominatim coordinate 22.1594,88.42868 rejected: off-route on 3/3 routes",,
bus_chapra,Chapra,23.52031,88.54981,kolbusopedia;osm,"coord: osm_place; osm_place node/12281752290 (fits 1/1 routes); osm_place coordinate 22.87413,88.62227 replaced by the only OSM town or city with this name; osm_place town Chapra (only OSM town or city with this name); unique OSM town name: distance limits waived, detour and fold-back tests kept",osm_place,medium
bus_chapuria,Chapuria,,,kolbusopedia;wbtc_routes,no coordinate found,,
bus_charabidya,Charabidya,22.33372,88.78528,kolbusopedia;wikidata,coord: wikidata; wikidata wikidata/Q61424973 (fits 2/2 routes),wikidata,high
bus_charapole,Charapole,,,kolbusopedia,"no coordinate found; nominatim node/9679536525 (fits 1/1 routes); nominatim coordinate 22.92741,88.46699 rejected: off-route on 1/1 routes",,
bus_charghat,Charghat,22.83316,88.79883,kolbusopedia;nominatim,coord: nominatim; nominatim way/972252506 (fits 1/1 routes),nominatim,medium
bus_charial,Charial,22.46317,88.18468,wbtc_routes;nominatim,coord: nominatim; nominatim node/7199853395 (fits 1/1 routes),nominatim,medium
bus_charial_more,Charial More,22.46317,88.18468,kolbusopedia;nominatim,coord: nominatim; nominatim node/7199853395 (fits 2/2 routes),nominatim,high
bus_charnock_hospital,Charnock Hospital,22.62577,88.43508,kolbusopedia;wbtc_routes;nominatim,coord: nominatim; nominatim node/7074329148 (fits 6/6 routes),nominatim,high
bus_chatra_bazar,Chatra Bazar,,,kolbusopedia,no coordinate found,,
bus_chaulkhola,Chaulkhola,,,kolbusopedia,"no coordinate found; osm_place node/10687516791 (fits 1/1 routes); osm_place coordinate 22.36716,88.19419 rejected: off-route on 1/1 routes",,
bus_chetla,Chetla,22.51740,88.33744,kolbusopedia;wbtc_routes;osm,coord: osm_route; OSM node/12076417098 on route relation,osm_route,high
bus_chetla_park,Chetla Park,22.51725,88.33625,kolbusopedia;osm,coord: osm_landmark; osm_landmark way/190981117 (fits 2/2 routes),osm_landmark,high
bus_chhatakal,Chhatakal,22.62167,88.40461,osm,"coord: osm_route; OSM node/1554591190, stop added from OSM-only route",osm_route,high
bus_chhatna,Chhatna,,,kolbusopedia,no coordinate found,,
bus_china_mandir,China Mandir,,,kolbusopedia,"no coordinate found; osm_stop node/12040533715 (fits 1/2 routes); osm_stop coordinate 22.61076,88.40729 rejected: off-route on 2/2 routes",,
bus_chinar_park,Chinar Park,22.62362,88.44102,kolbusopedia;wbtc_routes;osm,"coord: osm_stop; osm_stop node/2453444447 (fits 48/48 routes); also spelled: Chinar park, Chinarpark",osm_stop,high
bus_chiner_park,Chiner Park,22.62362,88.44102,wbtc_routes;osm,coord: stop_variant; stop_variant stop/bus_chinar_park (fits 1/1 routes),stop_variant,medium
bus_chingrighata,Chingrighata,22.55591,88.41220,kolbusopedia;wbtc_routes;osm,"coord: osm_route; OSM node/11971707023 on route relation; also spelled: CHINGRIGHATA, Chinghreeghata",osm_route,high
bus_chingrihata,Chingrihata,,,kolbusopedia;wbtc_routes,no coordinate found,,
bus_chingrihata_sdf,Chingrihata-SDF,,,wbtc_routes,no coordinate found,,
bus_chiria_more,Chiria More,22.61845,88.37924,kolbusopedia;wbtc_routes;osm,"coord: osm_stop; osm_stop node/4178727273 (fits 35/36 routes); also spelled: Chiria more, Chiriamore",osm_stop,high
bus_chiria_more_2,Chiria More,22.76162,88.36622,kolbusopedia;wbtc_routes;osm,"coord: osm_place; split from bus_chiria_more: same name, but on 5 route(s) its neighbours place it 15 km or more from the osm_stop point that fits 30 other routes; osm_place node/4936536850 (fits 5/6 routes)",osm_place,high
bus_chiria_more_barrackpore,Chiria More Barrackpore,,,kolbusopedia;wbtc_routes,no coordinate found,,
bus_chiriamore_dumdum,Chiriamore Dumdum,,,kolbusopedia;wbtc_routes,no coordinate found,,
bus_chitpur_bridge,Chitpur Bridge,22.60734,88.36968,kolbusopedia;osm,coord: osm_fuzzy; osm_fuzzy way/218969669 (fits 3/3 routes),osm_fuzzy,medium
bus_chitpur_crossing,Chitpur Crossing,,,wbtc_routes,no coordinate found,,
bus_chitrasenpur,Chitrasenpur,,,kolbusopedia,no coordinate found,,
bus_chittaranjan_hospital,Chittaranjan Hospital,,,kolbusopedia;wbtc_routes,no coordinate found,,
bus_choatia,Choatia,,,kolbusopedia,no coordinate found,,
bus_chongda_more,Chongda More,22.85926,88.67324,kolbusopedia;osm,coord: osm_fuzzy; osm_fuzzy node/660596525 (fits 5/5 routes); also spelled: Chongda more,osm_fuzzy,medium
bus_chouberia_chowrasta,Chouberia Chowrasta,,,kolbusopedia,no coordinate found,,
bus_chouhati,Chouhati,22.40495,88.40767,kolbusopedia;osm,coord: osm_place; osm_place node/10694599546 (fits 1/1 routes),osm_place,medium
bus_chowalkhola,Chowalkhola,,,kolbusopedia,no coordinate found,,
bus_chowbaga,Chowbaga,22.53263,88.40302,kolbusopedia;wbtc_routes;nominatim,coord: nominatim; nominatim way/1433975203 (fits 11/12 routes); also spelled: Chowbagha,nominatim,high
bus_chowdhury_chak,Chowdhury Chak,,,kolbusopedia,"no coordinate found; wikidata_fuzzy wikidata/Q61431916 (fits 1/1 routes); wikidata_fuzzy coordinate 22.00303,88.32233 rejected: off-route on 1/1 routes",,
bus_chowhati,Chowhati,,,kolbusopedia;wbtc_routes,no coordinate found,,
bus_chowmuha,Chowmuha,,,kolbusopedia,no coordinate found,,
bus_chowrasta,Chowrasta,22.48732,88.31333,kolbusopedia;wbtc_routes;nominatim,coord: nominatim; nominatim node/9321292345 (fits 4/4 routes),nominatim,high
bus_chria,Chria,,,wbtc_routes,no coordinate found,,
bus_chria_more_dumdum,Chria more Dumdum,,,kolbusopedia;wbtc_routes,no coordinate found,,
bus_christopher_road,Christopher Road,22.55132,88.37502,kolbusopedia;osm,coord: osm_landmark; osm_landmark way/113119612 (fits 3/3 routes),osm_landmark,high
bus_chunakhali,Chunakhali,22.30471,88.79486,kolbusopedia;osm,coord: osm_any; osm_any node/10795357266 (fits 1/1 routes),osm_any,medium
bus_chunavati,Chunavati,,,kolbusopedia,"no coordinate found; osm_stop node/7592836570 (only OSM feature with this name); osm_stop coordinate 22.56522,88.26607 rejected: off-route on 6/7 routes",,
bus_circuitous_service,Circuitous Service,,,wbtc_routes,no coordinate found,,
bus_cit_more,CIT More,22.56295,88.39629,kolbusopedia;wbtc_routes;osm,coord: osm_stop; osm_stop node/2790155771 (fits 10/10 routes); also spelled: CIT more,osm_stop,high
bus_citrd_xing,CITRd. Xing,,,wbtc_routes,no coordinate found,,
bus_city_center,City Center,22.58995,88.40841,kolbusopedia;osm,coord: stop_variant; stop_variant stop/bus_city_centre (fits 1/1 routes),stop_variant,medium
bus_city_center_1,City Center 1,22.58821,88.40764,kolbusopedia;osm,"coord: stop_variant; stop_variant stop/bus_city_centre_1 (fits 8/9 routes); also spelled: City Center-1, City center 1",stop_variant,medium
bus_city_center_2,City Center 2,22.62285,88.45036,kolbusopedia;osm,coord: stop_variant; stop_variant stop/bus_city_centre_2 (fits 7/8 routes); also spelled: City Center-2,stop_variant,medium
bus_city_centre,City Centre,22.58995,88.40841,kolbusopedia;wbtc_routes;osm,coord: osm_stop; osm_stop node/2460827326 (fits 6/6 routes),osm_stop,high
bus_city_centre_1,City Centre 1,22.58821,88.40764,kolbusopedia;wbtc_routes;osm,coord: osm_any; osm_any way/155174612 (fits 2/2 routes),osm_any,high
bus_city_centre_2,City Centre 2,22.62285,88.45036,kolbusopedia;wbtc_routes;osm,coord: osm_landmark; osm_landmark way/237391829 (fits 22/22 routes),osm_landmark,high
bus_city_centre_ii,City Centre II,,,wbtc_routes,no coordinate found; also spelled: City Centre I,,
bus_coal_india,Coal India,22.58098,88.44586,kolbusopedia;osm,coord: osm_stop; osm_stop node/4324654690 (fits 1/1 routes),osm_stop,medium
bus_college_ghat,College ghat,,,kolbusopedia,"no coordinate found; osm_stop node/7597539534 (only OSM feature with this name); osm_stop coordinate 22.56204,88.30607 rejected: off-route on 1/1 routes",,
bus_college_more,College More,22.57476,88.43375,kolbusopedia;wbtc_routes;osm,"coord: osm_route; OSM node/12076417081 on route relation; also spelled: COLLEGE MORE, college more",osm_route,high
bus_college_street,College Street,22.57711,88.36403,kolbusopedia;wbtc_routes;osm,coord: osm_stop; osm_stop node/12451374495 (fits 42/43 routes),osm_stop,high
bus_college_street_xing,College Street Xing,22.57258,88.36217,wbtc_routes;nominatim,coord: nominatim; nominatim way/1087118361 (fits 1/1 routes),nominatim,medium
bus_colony_bazar,Colony Bazar,,,kolbusopedia,no coordinate found,,
bus_colony_more,Colony More,22.72316,88.47847,kolbusopedia;wbtc_routes;osm,coord: osm_stop; osm_stop node/570084799 (fits 6/7 routes),osm_stop,high
bus_companir_thek,Companir Thek,,,kolbusopedia,no coordinate found,,
bus_contai_central_bus_stand,Contai Central bus stand,,,kolbusopedia,no coordinate found,,
bus_cossipore,Cossipore,22.61735,88.37373,kolbusopedia;osm,coord: osm_place; osm_place node/6196153193 (fits 3/3 routes),osm_place,high
bus_cossipur,Cossipur,,,kolbusopedia;wbtc_routes,no coordinate found,,
bus_cossipur_udyanbati,Cossipur Udyanbati,,,kolbusopedia;wbtc_routes,no coordinate found,,
bus_cotai_bypass,Cotai bypass,,,kolbusopedia,no coordinate found,,
bus_ctc_depot,CTC Depot,,,kolbusopedia,no coordinate found,,
bus_culture_more,Culture More,,,kolbusopedia,no coordinate found,,
bus_curzon_park,Curzon Park,22.56497,88.34969,kolbusopedia;wbtc_routes;osm,coord: osm_landmark; osm_landmark way/1340032894 (fits 2/2 routes),osm_landmark,high
bus_d_h_road,D.H Road,,,wbtc_routes,no coordinate found,,
bus_d_l_f_2,D.L.F. 2,,,kolbusopedia;wbtc_routes,no coordinate found; also spelled: DLF 2,,
bus_d_park,D. Park,,,wbtc_routes,no coordinate found; also spelled: D.Park,,
bus_dackbalglow_more,Dackbalglow More,,,kolbusopedia;wbtc_routes,no coordinate found,,
bus_dackbanglow_more,Dackbanglow More,,,kolbusopedia;wbtc_routes,no coordinate found,,
bus_dafarpur,Dafarpur,22.34280,88.07477,kolbusopedia;wikidata,coord: wikidata; wikidata wikidata/Q60478780 (fits 1/1 routes),wikidata,medium
bus_dahighat,Dahighat,,,wbtc_routes,no coordinate found,,
bus_dakbanglow_more,Dakbanglow More,22.71139,88.47549,kolbusopedia;osm,coord: stop_variant; stop_variant stop/bus_dakbunglow_more (fits 4/4 routes); also spelled: Dakbanglow more,stop_variant,medium
bus_dakbungalow_bazar,Dakbungalow Bazar,,,kolbusopedia,no coordinate found,,
bus_dakbungalow_more,Dakbungalow More,22.71139,88.47549,kolbusopedia;osm,coord: stop_variant; stop_variant stop/bus_dakbunglow_more (fits 3/3 routes),stop_variant,medium
bus_dakbunglow_more,Dakbunglow More,22.71139,88.47549,kolbusopedia;wbtc_routes;osm,coord: osm_landmark; osm_landmark node/570085911 (fits 4/4 routes); also spelled: Dakbunglow more,osm_landmark,high
bus_dakghar,Dakghar,,,kolbusopedia;wbtc_routes,no coordinate found,,
bus_dakghar_bagmari,Dakghar (Bagmari),,,kolbusopedia,no coordinate found,,
bus_dakghar_chattabazar,Dakghar (Chattabazar),,,kolbusopedia,no coordinate found,,
bus_dakhineswar,Dakhineswar,,,kolbusopedia,no coordinate found,,
bus_dakshin_akhratala,Dakshin Akhratala,,,kolbusopedia,no coordinate found,,
bus_dakshin_barasat,Dakshin Barasat,22.22644,88.45254,kolbusopedia;osm,coord: osm_place; osm_place node/5768054630 (fits 1/1 routes),osm_place,medium
bus_dakshin_battala,Dakshin Battala,22.18043,88.75325,kolbusopedia;osm,coord: osm_place; osm_place node/10795519682 (fits 1/1 routes),osm_place,medium
bus_dakshin_birampur,Dakshin Birampur,,,kolbusopedia,no coordinate found,,
bus_dakshin_durgapur,Dakshin Durgapur,22.01157,88.57710,kolbusopedia;osm,coord: osm_place; osm_place node/10793022812 (fits 2/2 routes),osm_place,high
bus_dakshin_ramkrishnapur,Dakshin Ramkrishnapur,22.05644,88.24920,kolbusopedia;osm,coord: osm_place; osm_place node/10809031344 (fits 4/4 routes),osm_place,high
bus_dakshinbari,Dakshinbari,22.63088,88.18539,wbtc_routes;wikidata,coord: wikidata; wikidata wikidata/Q60478432 (fits 1/1 routes),wikidata,medium
bus_dakshineswar,Dakshineswar,22.65270,88.36316,kolbusopedia;wbtc_routes;osm,coord: osm_stop; osm_stop node/4178778357 (fits 29/31 routes); also spelled: Dakshineshwar,osm_stop,high
bus_dalalpukur,Dalalpukur,22.58294,88.31143,kolbusopedia;nominatim,coord: nominatim; nominatim way/965748414 (fits 1/1 routes),nominatim,medium
bus_dalanghata,Dalanghata,,,kolbusopedia,no coordinate found,,
bus_dalhousie,Dalhousie,22.57160,88.35026,kolbusopedia;wbtc_routes;osm,coord: osm_stop; osm_stop node/4178731066 via alias 'B. B. D. Bagh' (fits 121/121 routes),osm_stop,high
bus_dallpur,Dallpur,,,kolbusopedia,no coordinate found,,
bus_danesh_shaikh_lane,Danesh Shaikh Lane,22.56289,88.29589,kolbusopedia;osm,coord: osm_stop; osm_stop node/7597556249 via alias 'Danesh Sheikh Lane' (fits 14/14 routes),osm_stop,high
bus_dankuni,Dankuni,22.68003,88.29075,kolbusopedia;osm,"coord: osm_place; osm_place node/252584717 (fits 5/9 routes); unique OSM town name: distance limits waived, detour and fold-back tests kept",osm_place,high
bus_dankuni_housing,Dankuni Housing,,,kolbusopedia;wbtc_routes,no coordinate found,,
bus_darga_road,Darga Road,22.54340,88.37103,kolbusopedia;wbtc_routes;nominatim,coord: nominatim; nominatim way/772384527 (fits 3/3 routes); also spelled: Darga Rd,nominatim,high
bus_dargah_road,Dargah Road,,,kolbusopedia,no coordinate found,,
bus_dariapur,Dariapur,22.86965,88.50016,kolbusopedia;wikidata,coord: wikidata; wikidata wikidata/Q60615679 (fits 1/1 routes),wikidata,medium
bus_daripukur,Daripukur,,,kolbusopedia,no coordinate found,,
bus_dashadrone,Dashadrone,,,kolbusopedia,no coordinate found,,
bus_dasnagar,Dasnagar,22.59800,88.30840,kolbusopedia;osm,coord: osm_place; osm_place node/664455551 (fits 10/10 routes); also spelled: Das nagar,osm_place,high
bus_daspara,Daspara,,,kolbusopedia,"no coordinate found; osm_place node/10799715097 (only OSM feature with this name); osm_place coordinate 21.8044,88.13266 rejected: off-route on 2/2 routes",,
bus_daulatpur,Daulatpur,22.86932,88.62004,kolbusopedia;wikidata,coord: wikidata; wikidata wikidata/Q60615591 (fits 1/1 routes),wikidata,medium
bus_dayarampur_bazar,Dayarampur Bazar,,,kolbusopedia,no coordinate found,,
bus_debaloy_hadipur_post_office,Debaloy Hadipur Post Office,,,kolbusopedia,no coordinate found,,
bus_debipur,Debipur,,,kolbusopedia,no coordinate found,,
bus_debpukur,Debpukur,,,kolbusopedia;wbtc_routes,no coordinate found,,
bus_debra,Debra,,,kolbusopedia,"no coordinate found; osm_any node/245704856 (fits 1/1 routes); osm_any coordinate 22.39555,87.5616 rejected: off-route on 1/1 routes",,
bus_decathlon,Decathlon,,,kolbusopedia,no coordinate found,,
bus_deganga,Deganga,22.68694,88.65428,kolbusopedia;osm,coord: osm_any; osm_any node/7155865070 (fits 6/10 routes),osm_any,high
bus_deganga_2,Deganga,22.68694,88.65428,kolbusopedia;osm,"coord: osm_any; split from bus_deganga: same name, but on 1 route(s) its neighbours place it 15 km or more from the osm_any point that fits 9 other routes; osm_any node/7155865070 (fits 1/1 routes)",osm_any,medium
bus_delhi_road,Delhi Road,22.68055,88.30244,kolbusopedia;nominatim,coord: nominatim; nominatim way/1018426596 (fits 1/1 routes),nominatim,medium
bus_deorah_more,Deorah More,,,kolbusopedia,no coordinate found,,
bus_derozio_college,Derozio College,22.63345,88.45830,kolbusopedia;nominatim,coord: nominatim; nominatim node/13826220001 (fits 14/15 routes); also spelled: Derozio college,nominatim,high
bus_deshapriya_park,Deshapriya Park,22.51748,88.35271,kolbusopedia;wbtc_routes;osm,coord: osm_stop; osm_stop node/1983446886 (fits 37/37 routes); also spelled: Desapriya Park,osm_stop,high
bus_deshbandhu,Deshbandhu,22.56405,88.39004,kolbusopedia;osm,coord: osm_stop; osm_stop node/12761637266 (fits 1/1 routes),osm_stop,medium
bus_deshbandhu_road,Deshbandhu Road,22.64733,88.36517,kolbusopedia;nominatim,coord: nominatim; nominatim way/215402396 (fits 4/4 routes),nominatim,high
bus_deshoprio_park,Deshoprio Park,22.51829,88.35355,kolbusopedia;wbtc_routes;wikidata,coord: wikidata; wikidata wikidata/Q5264153 (fits 27/27 routes); also spelled: Deshoprio park,wikidata,high
bus_deular_more,Deular More,,,kolbusopedia,no coordinate found,,
bus_deuli,Deuli,,,kolbusopedia,no coordinate found,,
bus_deulti,Deulti,22.45335,87.91466,kolbusopedia;osm,coord: osm_place; osm_place node/6186391857 (fits 1/1 routes),osm_place,medium
bus_dewandighi,Dewandighi,,,kolbusopedia,no coordinate found,,
bus_dhakuria,Dhakuria,22.50781,88.36705,kolbusopedia;wbtc_routes;osm,coord: osm_stop; osm_stop node/651804962 (fits 46/47 routes); also spelled: dhakuria,osm_stop,high
bus_dhalai,Dhalai,,,kolbusopedia;wbtc_routes,no coordinate found,,
bus_dhalai_bridge,Dhalai Bridge,22.46528,88.38611,kolbusopedia;wbtc_routes;wikidata,coord: wikidata; wikidata wikidata/Q27962154 (fits 21/21 routes); also spelled: Dhalai bridge,wikidata,high
bus_dhamakhali,Dhamakhali,22.39318,88.83655,kolbusopedia;wikidata,coord: wikidata; wikidata wikidata/Q61423662 (fits 5/6 routes),wikidata,high
bus_dhamisa,Dhamisa,,,kolbusopedia,no coordinate found,,
bus_dhamua,Dhamua,,,wbtc_routes,"no coordinate found; osm_place node/8999700690 (only OSM feature with this name); osm_place coordinate 22.28725,88.39446 rejected: off-route on 1/1 routes",,
bus_dhankal,Dhankal,,,kolbusopedia;wbtc_routes,no coordinate found,,
bus_dhanmath,Dhanmath,22.52091,88.38968,kolbusopedia;osm,coord: osm_landmark; osm_landmark way/961940227 (fits 2/2 routes),osm_landmark,high
bus_dhanpota,Dhanpota,,,kolbusopedia,"no coordinate found; osm_place node/10824673244 (only OSM feature with this name); osm_place coordinate 22.21547,88.36688 rejected: off-route on 1/1 routes",,
bus_dhapa,Dhapa,22.54782,88.40023,kolbusopedia;osm,coord: osm_stop; osm_stop node/2461251736 (fits 2/2 routes),osm_stop,high
bus_dhapa_mathpukur,Dhapa Mathpukur,22.54867,88.40052,kolbusopedia;wbtc_routes;osm,coord: osm_stop; osm_stop node/2461251724 via alias 'Mathpukur' (fits 42/42 routes),osm_stop,high
bus_dhapa_road,Dhapa Road,22.54782,88.40023,kolbusopedia;osm,coord: osm_stop; osm_stop node/2461251736 (fits 2/2 routes),osm_stop,high
bus_dharampur,Dharampur,22.88668,88.66839,kolbusopedia;nominatim,coord: nominatim; nominatim way/1026633106 (fits 2/2 routes),nominatim,high
bus_dharmapukuria,Dharmapukuria,,,kolbusopedia,"no coordinate found; wikidata wikidata/Q60615062 (fits 1/1 routes); wikidata coordinate 23.09034,88.82078 rejected: off-route on 1/1 routes",,
bus_dherua,Dherua,,,kolbusopedia,no coordinate found,,
bus_dhibdhiba,Dhibdhiba,,,kolbusopedia,no coordinate found,,
bus_dhola,Dhola,,,kolbusopedia,"no coordinate found; osm_place node/10790387950 (fits 1/1 routes); osm_place coordinate 22.02724,88.29604 rejected: off-route on 1/1 routes",,
bus_dhola_bus_stop,Dhola bus stop,22.02724,88.29604,kolbusopedia;nominatim,coord: nominatim; nominatim node/10790387950 (fits 1/1 routes),nominatim,medium
bus_dholahat_more,Dholahat More,,,kolbusopedia,no coordinate found,,
bus_dhopagachi,Dhopagachi,22.36630,88.40513,kolbusopedia;osm,coord: osm_place; osm_place node/10601935401 (fits 1/1 routes),osm_place,medium
bus_dhruba_bazar,Dhruba Bazar,,,kolbusopedia,no coordinate found; also spelled: Dhrubabazar,,
bus_dhukrijhara,Dhukrijhara,22.26245,88.14536,kolbusopedia;osm,coord: osm_place; osm_place node/10828826317 (fits 1/1 routes),osm_place,high
bus_dhulagarh,Dhulagarh,,,kolbusopedia,no coordinate found,,
bus_dhulagarh_bazar,Dhulagarh Bazar,,,kolbusopedia,no coordinate found,,
bus_dhulagarh_toll_plaza,Dhulagarh Toll Plaza,,,kolbusopedia,no coordinate found,,
bus_dhulasimla,Dhulasimla,22.41474,88.09367,kolbusopedia;nominatim,coord: nominatim; nominatim node/7199853173 (fits 2/2 routes),nominatim,high
bus_dhulorbandh,Dhulorbandh,,,kolbusopedia,"no coordinate found; also spelled: Dhulor Bandh, Dhulor bandh",,
bus_dhuri_bazar,Dhuri Bazar,,,kolbusopedia,no coordinate found,,
bus_diamond_harbour,Diamond Harbour,22.19263,88.19030,kolbusopedia;osm,"coord: osm_place; osm_place node/245703098 (fits 10/15 routes); unique OSM town name: distance limits waived, detour and fold-back tests kept",osm_place,high
bus_diamond_plaza,Diamond Plaza,22.61544,88.41247,kolbusopedia;osm,coord: osm_landmark; osm_landmark way/263539841 (fits 22/23 routes),osm_landmark,high
bus_diamond_plaza_mall,Diamond plaza Mall,22.61549,88.41247,kolbusopedia;wbtc_routes;nominatim,coord: nominatim; nominatim way/263539841 (fits 2/2 routes),nominatim,high
bus_digha,Digha,21.62403,87.50598,kolbusopedia;osm,"coord: osm_any; wikidata wikidata/Q60653845 (fits 11/12 routes); wikidata coordinate 22.10729,87.80331 rejected: off-route on 12/12 routes; osm_any node/245697018 (fits 11/12 routes)",osm_any,high
bus_dighirpar,Dighirpar,,,kolbusopedia,no coordinate found,,
bus_dihibhurshut,Dihibhurshut,,,kolbusopedia,no coordinate found,,
bus_dilakhash,Dilakhash,,,kolbusopedia;wbtc_routes,no coordinate found,,
bus_dinabandhu_andrews_college,Dinabandhu Andrews College,22.46856,88.37587,kolbusopedia;wikidata,coord: wikidata; wikidata wikidata/Q5277877 (fits 1/1 routes),wikidata,medium
bus_dlf,DLF,22.58145,88.44965,kolbusopedia;osm,coord: osm_stop; osm_stop node/2009122783 (fits 3/3 routes),osm_stop,high
bus_dlf1,DLF1,22.58138,88.45077,kolbusopedia;wbtc_routes;osm,"coord: osm_stop; osm_stop node/5044212196 (fits 56/57 routes); also spelled: D.L.F. 1, DLF 1",osm_stop,high
bus_dockghat,Dockghat,,,kolbusopedia,no coordinate found,,
bus_dockyard,Dockyard,,,kolbusopedia;wbtc_routes,no coordinate found,,
bus_dogachia,Dogachia,23.00568,88.79115,kolbusopedia;wikidata,coord: wikidata; wikidata wikidata/Q60615248 (fits 3/4 routes),wikidata,high
bus_dogachia_2,Dogachia,22.87634,88.43736,kolbusopedia;wikidata,"coord: wikidata; split from bus_dogachia: same name, but on 1 route(s) its neighbours place it 15 km or more from the wikidata point that fits 3 other routes; wikidata wikidata/Q16962151 (fits 1/1 routes)",wikidata,medium
bus_doltala,Doltala,,,kolbusopedia;wbtc_routes,"no coordinate found; osm_place node/3454994954 (only OSM feature with this name); osm_place coordinate 22.94022,88.42198 rejected: off-route on 13/13 routes",,
bus_doltala_more,Doltala More,,,kolbusopedia,no coordinate found,,
bus_doltola,Doltola,,,kolbusopedia;wbtc_routes,no coordinate found,,
bus_domjur,Domjur,22.64316,88.20955,kolbusopedia;wbtc_routes;osm,"coord: osm_place; osm_place node/1420381935 (fits 9/9 routes); unique OSM town name: distance limits waived, detour and fold-back tests kept",osm_place,high
bus_domjur_bdo_office,Domjur BDO Office,,,kolbusopedia,no coordinate found; also spelled: Domjur BDO office,,
bus_domjur_bdo_office_dakshin_bari,Domjur BDO office Dakshin bari,,,kolbusopedia,no coordinate found,,
bus_domjur_bus_stand,Domjur bus Stand,22.63627,88.21983,kolbusopedia;nominatim,coord: nominatim; nominatim node/7156007426 (fits 1/1 routes),nominatim,medium
bus_domjur_hospital_more,Domjur hospital more,22.63295,88.22452,kolbusopedia;nominatim,coord: nominatim; nominatim node/7199742768 (fits 1/1 routes),nominatim,medium
bus_dompara,Dompara,,,kolbusopedia,no coordinate found,,
bus_don_bosco,Don Bosco,,,kolbusopedia,"no coordinate found; osm_any way/113279122 (only OSM feature with this name); osm_any coordinate 22.54402,88.37185 rejected: off-route on 6/7 routes",,
bus_don_bosco_crossing,Don Bosco Crossing,22.54404,88.37189,kolbusopedia;wbtc_routes;nominatim,coord: nominatim; nominatim way/113279122 (fits 5/5 routes),nominatim,high
bus_don_bosco_more,Don Bosco More,22.54402,88.37185,kolbusopedia;osm,coord: osm_landmark; osm_landmark way/113279122 (fits 1/1 routes),osm_landmark,medium
bus_dongaria,Dongaria,22.39774,88.16224,kolbusopedia;osm,coord: osm_place; osm_place node/10654514490 (fits 3/3 routes),osm_place,high
bus_doordarshan_bhawan,Doordarshan Bhawan,,,kolbusopedia,no coordinate found,,
bus_doperia,Doperia,,,kolbusopedia,no coordinate found,,
bus_dostipur,Dostipur,22.27501,88.21267,kolbusopedia;osm,coord: osm_fuzzy; osm_fuzzy node/10821212093 (fits 9/10 routes),osm_fuzzy,medium
bus_dukhirampool,Dukhirampool,,,kolbusopedia,no coordinate found,,
bus_dulduli,Dulduli,22.35412,88.96465,kolbusopedia;wikidata,coord: wikidata; wikidata wikidata/Q60616664 (fits 1/1 routes),wikidata,medium
bus_dum_dum,Dum Dum,22.65206,88.43604,wbtc_routes;osm,"coord: osm_place; osm_place node/5421537963 (fits 1/1 routes); osm_place coordinate 22.62111,88.3929 replaced by the only OSM town or city with this name; osm_place town Dum Dum (only OSM town or city with this name); unique OSM town name: distance limits waived, detour and fold-back tests kept",osm_place,medium
bus_dumdum_canton,Dumdum Canton,,,kolbusopedia,no coordinate found,,
bus_dumdum_chiriamore,Dumdum Chiriamore,,,kolbusopedia;wbtc_routes,no coordinate found; also spelled: DumDum Chiria More,,
bus_dumdum_park,Dumdum Park,22.60273,88.41925,kolbusopedia;wbtc_routes;osm,coord: osm_stop; osm_stop node/12129026846 (fits 74/76 routes); also spelled: Dum Dum Park,osm_stop,high
bus_dumdum_station,Dumdum Station,22.61994,88.39407,kolbusopedia;wbtc_routes;osm,coord: osm_stop; osm_stop node/5080788812 (fits 7/7 routes); also spelled: DumDum Stn,osm_stop,high
bus_dumurjola,Dumurjola,22.58396,88.30889,kolbusopedia;nominatim,coord: nominatim; nominatim way/134097982 (fits 1/1 routes),nominatim,medium
bus_dumurjola_housing_complex,Dumurjola Housing Complex,,,kolbusopedia,no coordinate found,,
bus_dunlop,Dunlop,22.65250,88.37730,kolbusopedia;wbtc_routes;osm,coord: osm_place; osm_place node/3406668120 (fits 47/52 routes),osm_place,high
bus_dunlop_baranagar_road_station,Dunlop (Baranagar road Station),22.65250,88.37730,kolbusopedia;osm,coord: osm_place; osm_place node/3406668120 (fits 1/1 routes),osm_place,medium
bus_dunlop_bridge,Dunlop Bridge,,,kolbusopedia;wbtc_routes,no coordinate found,,
bus_dunlop_more,Dunlop More,22.65250,88.37730,kolbusopedia;osm,coord: osm_place; osm_place node/3406668120 (fits 28/30 routes),osm_place,high
bus_durgachak,Durgachak,22.07126,88.13762,kolbusopedia;osm,"coord: osm_place; osm_place node/981983258 (fits 1/1 routes); unique OSM town name: distance limits waived, detour and fold-back tests kept",osm_place,medium
bus_durganagar,Durganagar,22.65050,88.41922,kolbusopedia;wbtc_routes;osm,coord: osm_place; osm_place node/2378503814 (fits 16/16 routes),osm_place,high
bus_durgapur_bridge,Durgapur Bridge,,,kolbusopedia,no coordinate found,,
bus_durgapur_city_center,Durgapur City Center,,,kolbusopedia,no coordinate found,,
bus_durgapur_city_centre,Durgapur City Centre,,,kolbusopedia,no coordinate found,,
bus_durgapur_expressway,Durgapur Expressway,,,kolbusopedia,"no coordinate found; osm_landmark way/1380614364 (fits 1/1 routes); osm_landmark coordinate 22.6778,88.29847 rejected: off-route on 1/1 routes",,
bus_durgapur_station,Durgapur Station,22.21066,88.08571,kolbusopedia;osm,"coord: osm_place; wikidata wikidata/Q60498898 (fits 1/1 routes); wikidata coordinate 22.81781,88.16262 rejected: off-route on 1/1 routes; osm_place node/10828851862 (fits 1/1 routes)",osm_place,medium
bus_duttabagan,Duttabagan,22.60739,88.39098,kolbusopedia;osm,coord: osm_stop; osm_stop node/5311861533 (fits 1/1 routes),osm_stop,medium
bus_duttabazar,Duttabazar,,,kolbusopedia,no coordinate found,,
bus_duttapara,Duttapara,22.84765,88.90058,kolbusopedia;wikidata,coord: wikidata; wikidata wikidata/Q61418446 (fits 3/3 routes),wikidata,high
bus_duttaphulia,Duttaphulia,,,kolbusopedia,"no coordinate found; nominatim way/176019573 (fits 1/2 routes); nominatim coordinate 23.1991,88.62929 rejected: off-route on 1/2 routes",,
bus_duttapukur,Duttapukur,22.76973,88.54537,kolbusopedia;wbtc_routes;osm,"coord: osm_place; osm_place node/9066038803 (fits 17/19 routes); unique OSM town name: distance limits waived, detour and fold-back tests kept; also spelled: Dutta pukur",osm_place,high
bus_dwariknagar,Dwariknagar,21.72003,88.26379,kolbusopedia;osm,coord: osm_place; osm_place node/10802055061 (fits 1/1 routes),osm_place,medium
bus_eastern_club,Eastern Club,,,kolbusopedia,no coordinate found,,
bus_eastern_club_east_enclave_housing_complex,Eastern Club (East Enclave Housing Complex),,,kolbusopedia,no coordinate found,,
bus_eastern_enclave,Eastern Enclave,,,kolbusopedia,no coordinate found,,
bus_eco_park,Eco Park,22.60298,88.46920,kolbusopedia;wbtc_routes;osm,coord: osm_place; osm_place node/3320447581 (fits 24/30 routes); also spelled: Ecopark,osm_place,high
bus_eco_tourism_park,Eco Tourism Park,22.60043,88.47053,kolbusopedia;osm,coord: osm_any; osm_any way/906869327 (fits 1/1 routes),osm_any,medium
bus_ecospace,Ecospace,22.58664,88.49063,kolbusopedia;wbtc_routes;osm,"coord: osm_any; osm_any node/2464908641 (fits 22/23 routes); also spelled: Eco Space, Eco space",osm_any,high
bus_eden_city,Eden City,,,kolbusopedia;wbtc_routes,no coordinate found,,
bus_eden_city_gate,Eden City Gate,,,kolbusopedia;wbtc_routes,no coordinate found,,
bus_ekbalpur,Ekbalpur,22.53374,88.32064,kolbusopedia;wbtc_routes;nominatim,coord: nominatim; nominatim way/126951637 (fits 52/52 routes),nominatim,high
bus_eksara_more,Eksara More,,,kolbusopedia,no coordinate found,,
bus_elgin,Elgin,22.53758,88.34938,wbtc_routes;nominatim,coord: nominatim; nominatim way/122191972 (fits 3/3 routes),nominatim,high
bus_elgin_crossing,Elgin Crossing,22.53758,88.34938,kolbusopedia;wbtc_routes;nominatim,coord: nominatim; nominatim way/122191972 (fits 16/16 routes); also spelled: Elgin crossing,nominatim,high
bus_elgin_road,Elgin Road,22.53780,88.35157,kolbusopedia;wbtc_routes;nominatim,coord: nominatim; nominatim way/27553122 (fits 10/10 routes); also spelled: Elgin Rd,nominatim,high
bus_em_byapss,EM Byapss,,,wbtc_routes,no coordinate found,,
bus_em_byepass,EM Byepass,,,wbtc_routes,no coordinate found,,
bus_em_bypass,EM Bypass,,,kolbusopedia;wbtc_routes,"no coordinate found; osm_stop node/12761637276 (only OSM feature with this name); osm_stop coordinate 22.57128,88.40433 rejected: off-route on 20/24 routes; also spelled: E. M. Bypass, E.M. Bypass",,
bus_em_bypass_new_garia,EM Bypass New Garia,,,kolbusopedia,no coordinate found,,
bus_entally,Entally,22.55514,88.36800,kolbusopedia;wbtc_routes;osm,coord: osm_place; osm_place node/1277509237 (fits 4/4 routes),osm_place,high
bus_entally_market,Entally Market,,,kolbusopedia,no coordinate found,,
bus_espl,Espl,22.56368,88.35061,kolbusopedia;wbtc_routes;nominatim,coord: nominatim; nominatim node/1190128356 (fits 3/3 routes),nominatim,high
bus_esplanade,Esplanade,22.56503,88.35072,kolbusopedia;wbtc_routes;osm,coord: osm_stop; osm_stop node/4178800814 (fits 313/314 routes); also spelled: ESPLANADE,osm_stop,high
bus_esplanade_ctc_bus_stand,Esplanade CTC bus stand,,,kolbusopedia,no coordinate found,,
bus_esplanade_l20,Esplanade L20,22.56329,88.35036,kolbusopedia;wbtc_routes;nominatim,coord: nominatim; nominatim node/1190128356 (fits 3/3 routes),nominatim,high
bus_esplanade_l20_bus_terminus,Esplanade L20 Bus Terminus,,,kolbusopedia,no coordinate found; also spelled: Esplanade L20 bus terminus,,
bus_exide,Exide,22.54175,88.34744,kolbusopedia;wbtc_routes;osm,coord: osm_stop; osm_stop node/1983469953 (fits 43/43 routes),osm_stop,high
bus_exide_crossing,Exide Crossing,22.54140,88.34723,kolbusopedia;wbtc_routes;nominatim,coord: nominatim; nominatim way/175480467 (fits 11/11 routes); also spelled: Exide crossing,nominatim,high
bus_exide_rabindra_sadan,Exide Rabindra Sadan,,,kolbusopedia,no coordinate found,,
bus_fakirtala,Fakirtala,,,kolbusopedia,no coordinate found,,
bus_falguni,Falguni,,,wbtc_routes,no coordinate found,,
bus_falta,Falta,22.29333,88.10547,kolbusopedia;osm,coord: osm_place; osm_place node/7154423734 (fits 1/1 routes),osm_place,medium
bus_falta_sector_1,Falta Sector 1,22.29333,88.10547,kolbusopedia;nominatim,coord: nominatim; nominatim node/7154423734 (fits 1/1 routes),nominatim,medium
bus_fancy_market,Fancy Market,22.53904,88.32300,kolbusopedia;wbtc_routes;osm,coord: osm_landmark; osm_landmark node/6700906070 (fits 2/2 routes),osm_landmark,high
bus_fansitala,Fansitala,,,kolbusopedia,no coordinate found,,
bus_fariapukur,Fariapukur,,,kolbusopedia,no coordinate found,,
bus_fatehpur,Fatehpur,22.28601,88.23627,kolbusopedia;wbtc_routes;geonames,coord: geonames; geonames geonames/1271918 (fits 9/14 routes),geonames,medium
bus_fatehpur_2,Fatehpur,,,kolbusopedia;wbtc_routes,"no coordinate found; split from bus_fatehpur: same name, but on 3 route(s) its neighbours place it 15 km or more from the geonames point that fits 8 other routes",,
bus_fatehpur_28_no,Fatehpur 28 No,,,kolbusopedia,no coordinate found,,
bus_fatickgachi,Fatickgachi,,,kolbusopedia,no coordinate found,,
bus_fatikgachi,Fatikgachi,22.59591,88.10805,kolbusopedia;wikidata,coord: wikidata; wikidata wikidata/Q60478393 (fits 1/1 routes),wikidata,medium
bus_fci_godown,FCI Godown,,,kolbusopedia,no coordinate found,,
bus_fd_island,FD island,,,kolbusopedia;wbtc_routes,no coordinate found; also spelled: FD Island,,
bus_fd_park,FD Park,22.58393,88.41208,kolbusopedia;osm,coord: osm_any; osm_any way/153812421 (fits 2/2 routes),osm_any,high
bus_ferry_ghat,Ferry Ghat,,,kolbusopedia,"no coordinate found; osm_any way/455979072 (only OSM feature with this name); osm_any coordinate 22.63019,88.35849 rejected: off-route on 1/1 routes",,
bus_fire_brigade,Fire Brigade,22.56786,88.43253,kolbusopedia;osm,coord: osm_stop; osm_stop node/11975930337 (fits 1/1 routes),osm_stop,medium
bus_fishery_gate,Fishery Gate,,,kolbusopedia,no coordinate found,,
bus_foreshore_road,Foreshore Road,22.58130,88.33982,kolbusopedia;nominatim,coord: nominatim; nominatim way/1433511387 (fits 2/2 routes),nominatim,high
bus_fort_william,Fort William,22.55472,88.33790,kolbusopedia;wbtc_routes;osm,coord: osm_any; osm_any way/52097603 (fits 54/55 routes),osm_any,high
bus_fortis,Fortis,22.52034,88.40104,kolbusopedia;wbtc_routes;nominatim,coord: nominatim; nominatim way/358178023 (fits 25/25 routes),nominatim,high
bus_fortis_hospital,Fortis hospital,22.52032,88.40095,kolbusopedia;wbtc_routes;nominatim,coord: nominatim; nominatim way/358178023 (fits 28/28 routes); also spelled: Fortis Hospital,nominatim,high
bus_frasergunj,Frasergunj,21.58249,88.25829,kolbusopedia;osm,coord: osm_place; osm_place node/1865955435 (fits 1/1 routes),osm_place,medium
bus_frasergunje,Frasergunje,21.58249,88.25829,kolbusopedia;osm,coord: stop_variant; stop_variant stop/bus_frasergunj (fits 1/1 routes),stop_variant,medium
bus_frazerganj,Frazerganj,21.58249,88.25829,kolbusopedia;osm,coord: osm_bn; osm_bn node/1865955435 (fits 1/1 routes),osm_bn,medium
bus_fulbari,Fulbari,,,kolbusopedia,no coordinate found,,
bus_furfura_sharif,Furfura Sharif,22.74838,88.13340,kolbusopedia;osm,coord: osm_place; osm_place node/1765918198 (fits 1/1 routes),osm_place,medium
bus_futisanko,Futisanko,,,kolbusopedia,no coordinate found,,
bus_gabberia,Gabberia,,,kolbusopedia,no coordinate found,,
bus_gabberia_chotopole,Gabberia Chotopole,,,kolbusopedia,no coordinate found,,
bus_gabberia_hospital,Gabberia Hospital,22.56669,88.12448,kolbusopedia;nominatim,coord: nominatim; nominatim node/7199853237 (fits 1/1 routes),nominatim,medium
bus_gabbuni,Gabbuni,22.34950,88.77363,kolbusopedia;osm,coord: osm_place; osm_place node/10794434368 (only OSM feature with this name),osm_place,high
bus_gabtola_bazar,Gabtola Bazar,,,kolbusopedia,no coordinate found,,
bus_gadamara,Gadamara,,,kolbusopedia,no coordinate found,,
bus_gadarati,Gadarati,,,kolbusopedia,no coordinate found,,
bus_gadiara,Gadiara,22.22249,88.04742,kolbusopedia;osm,coord: osm_place; osm_place node/9976528837 (fits 2/3 routes),osm_place,high
bus_gadkhali,Gadkhali,22.16148,88.76906,kolbusopedia;wikidata,coord: wikidata; wikidata wikidata/Q60626113 (fits 1/1 routes),wikidata,medium
bus_gaighata,Gaighata,22.94568,88.75504,kolbusopedia;osm,"coord: osm_place; osm_place node/660596667 (fits 2/2 routes); unique OSM town name: distance limits waived, detour and fold-back tests kept",osm_place,high
bus_gaighata_bazar,Gaighata Bazar,,,kolbusopedia,no coordinate found; also spelled: Gaighata bazar,,
bus_gaighata_habra,Gaighata (Habra),,,kolbusopedia,no coordinate found,,
bus_gaighata_p_s,Gaighata P.S,22.94568,88.75504,kolbusopedia;osm,coord: osm_place; osm_place node/660596667 (fits 3/3 routes),osm_place,high
bus_gajar_more,Gajar more,,,kolbusopedia,no coordinate found,,
bus_galiff_street,Galiff Street,,,kolbusopedia;wbtc_routes,no coordinate found,,
bus_gandharbapur,Gandharbapur,22.70784,88.86651,kolbusopedia;wikidata,coord: wikidata; wikidata wikidata/Q60616152 (fits 3/3 routes),wikidata,high
bus_gandhi_colony,Gandhi Colony,22.48505,88.35838,kolbusopedia;nominatim,coord: nominatim; nominatim way/120459498 (fits 2/2 routes),nominatim,high
bus_gangadharpur,Gangadharpur,,,kolbusopedia,"no coordinate found; osm_place node/10806837876 (fits 3/3 routes); osm_place coordinate 21.84591,88.29449 replaced by the only OSM town or city with this name; osm_place town Gangadharpur (only OSM town or city with this name); unique OSM town name: distance limits waived, detour and fold-back tests kept; osm_place coordinate 22.7604,88.22169 rejected: off-route on 3/3 routes",,
bus_ganganagar,Ganganagar,,,wbtc_routes,no coordinate found,,
bus_ganganagar_julien_day_school,Ganganagar Julien Day School,,,kolbusopedia,no coordinate found,,
bus_gangarampur,Gangarampur,22.46528,88.07833,kolbusopedia;geonames,coord: geonames; geonames geonames/1348813 (fits 1/1 routes),geonames,medium
bus_gangraguri,Gangraguri,,,kolbusopedia,no coordinate found,,
bus_ganguli_bagan,Ganguli Bagan,,,wbtc_routes,"no coordinate found; osm_any way/1483678020 (only OSM feature with this name); osm_any coordinate 22.65725,88.86609 rejected: off-route on 1/1 routes",,
bus_ganjer_bazar,Ganjer Bazar,,,kolbusopedia,no coordinate found,,
bus_ganrapota,Ganrapota,23.13214,88.82176,kolbusopedia;wikidata,coord: wikidata; wikidata wikidata/Q60615047 (fits 2/2 routes),wikidata,high
bus_garapota,Garapota,,,kolbusopedia,no coordinate found,,
bus_garcha,Garcha,22.52478,88.36367,kolbusopedia;nominatim,coord: nominatim; nominatim way/121834871 (fits 2/2 routes),nominatim,high
bus_garcha_road,Garcha Road,22.52575,88.36457,kolbusopedia;nominatim,coord: nominatim; nominatim way/35875487 (fits 5/5 routes),nominatim,high
bus_garchumuk,Garchumuk,22.34678,88.07436,kolbusopedia;nominatim,coord: nominatim; nominatim node/1554295503 (fits 2/3 routes),nominatim,high
bus_garden_reach,Garden Reach,22.54505,88.31727,kolbusopedia;wbtc_routes;osm,coord: osm_landmark; osm_landmark way/123689382 (fits 11/12 routes),osm_landmark,high
bus_garfa_road,Garfa Road,22.49966,88.38057,kolbusopedia;nominatim,coord: nominatim; nominatim way/1038988871 (fits 3/3 routes),nominatim,high
bus_garh_bhawanipur,Garh Bhawanipur,22.64555,87.96443,kolbusopedia;nominatim,coord: nominatim; nominatim node/8124094733 (fits 2/2 routes),nominatim,high
bus_garia,Garia,22.46602,88.39285,kolbusopedia;wbtc_routes;osm,coord: osm_place; osm_place node/10594566755 (fits 9/9 routes),osm_place,high
bus_garia_5no_bus_stand,Garia 5no. Bus Stand,22.46643,88.37844,kolbusopedia;wbtc_routes;nominatim,"coord: nominatim; nominatim way/469359229 (fits 6/6 routes); also spelled: Garia 5no Bus stand, Garia 5no. Bus stand",nominatim,high
bus_garia_6no_bus_stand,Garia 6no. Bus stand,,,kolbusopedia;wbtc_routes,"no coordinate found; nominatim node/10594566755 (fits 3/6 routes); nominatim coordinate 22.46602,88.39285 rejected: off-route on 6/6 routes",,
bus_garia_bazar,Garia Bazar,,,kolbusopedia,no coordinate found,,
bus_garia_bus_stand,Garia Bus Stand,22.46602,88.39285,kolbusopedia;wbtc_routes;nominatim,coord: nominatim; nominatim node/10594566755 (fits 21/21 routes); also spelled: Garia Bus stand,nominatim,high
bus_garia_metro,Garia Metro,22.47068,88.39855,kolbusopedia;wbtc_routes;nominatim,coord: nominatim; nominatim way/1233648307 (fits 11/14 routes),nominatim,high
bus_garia_more,Garia More,22.46602,88.39285,kolbusopedia;osm,coord: osm_place; osm_place node/10594566755 (fits 1/2 routes),osm_place,medium
bus_garia_station,Garia Station,22.46602,88.39285,kolbusopedia;wbtc_routes;osm,coord: osm_place; osm_place node/10594566755 (fits 16/16 routes); also spelled: Garia STn,osm_place,high
bus_garia_station_naktala,Garia Station (Naktala),22.46290,88.39680,kolbusopedia;wikidata,coord: wikidata; wikidata wikidata/Q5523276 (fits 2/2 routes),wikidata,high
bus_gariahat,Gariahat,22.51978,88.36543,kolbusopedia;wbtc_routes;osm,coord: osm_route; OSM node/4198894040 on route relation,osm_route,high
bus_gariahgat,Gariahgat,,,wbtc_routes,no coordinate found,,
bus_garifa_road,Garifa Road,22.92016,88.43629,kolbusopedia;geonames,coord: geonames; geonames geonames/1271529 (fits 1/1 routes),geonames,medium
bus_gazipur,Gazipur,,,kolbusopedia,no coordinate found; name also used for a different place on other routes (see split ids),,
bus_gazipur_2,Gazipur,22.60433,88.55251,kolbusopedia;nominatim,coord: nominatim; split from bus_gazipur: same name used about 24.6 km away on other routes; nominatim node/10669489194 (fits 1/1 routes),nominatim,medium
bus_gazna_bazar,Gazna Bazar,,,kolbusopedia,no coordinate found,,
bus_gd_island,GD Island,22.57657,88.41341,kolbusopedia;wbtc_routes;osm,"coord: osm_route; OSM node/2460852907 on route relation; also spelled: G.D. Island, GD island",osm_route,high
bus_ghasiara,Ghasiara,,,kolbusopedia,"no coordinate found; osm_stop node/6395492065 (fits 1/1 routes); osm_stop coordinate 22.43924,88.44319 rejected: off-route on 1/1 routes",,
bus_ghatakpukur,Ghatakpukur,22.49722,88.62025,kolbusopedia;wbtc_routes;osm,coord: osm_place; osm_place node/10661224938 (only OSM feature with this name),osm_place,high
bus_ghatatkpukur,Ghatatkpukur,22.49678,88.61803,wbtc_routes;osm,coord: osm_fuzzy; osm_fuzzy node/10661224938 (fits 1/1 routes),osm_fuzzy,medium
bus_ghatbaor,Ghatbaor,,,kolbusopedia,"no coordinate found; wikidata wikidata/Q60615057 (fits 1/1 routes); wikidata coordinate 23.07413,88.82621 rejected: off-route on 1/1 routes",,
bus_ghatboar,Ghatboar,,,kolbusopedia,no coordinate found,,
bus_ghatur_more,Ghatur More,,,kolbusopedia,no coordinate found,,
bus_gheedah,Gheedah,,,kolbusopedia,no coordinate found,,
bus_ghola,Ghola,22.69650,88.40893,kolbusopedia;wikidata,coord: wikidata; wikidata wikidata/Q5556839 (fits 1/1 routes),wikidata,medium
bus_ghola_bazar,Ghola Bazar,,,kolbusopedia,no coordinate found; also spelled: Ghola bazar,,
bus_ghoradaha,Ghoradaha,22.67638,88.04957,kolbusopedia;wikidata,coord: wikidata; wikidata wikidata/Q60478237 (fits 1/1 routes),wikidata,medium
bus_ghoraras_beltala,Ghoraras Beltala,,,kolbusopedia,no coordinate found,,
bus_ghoshpur,Ghoshpur,,,kolbusopedia,no coordinate found,,
bus_ghusighata,Ghusighata,,,kolbusopedia,no coordinate found; also spelled: Ghushighata,,
bus_girish_park,Girish Park,22.58707,88.36347,kolbusopedia;wbtc_routes;osm,"coord: osm_place; osm_place node/1188948117 (fits 80/84 routes); also spelled: Girish park, Girishpark",osm_place,high
bus_goakhali,Goakhali,,,kolbusopedia,no coordinate found,,
bus_goakhali_more,Goakhali More,,,kolbusopedia,no coordinate found,,
bus_goalbagi,Goalbagi,23.15401,88.73999,kolbusopedia;wikidata,coord: wikidata; wikidata wikidata/Q60614992 (fits 1/1 routes),wikidata,medium
bus_goalbathan,Goalbathan,,,kolbusopedia,no coordinate found,,
bus_goaldaha,Goaldaha,,,kolbusopedia,no coordinate found,,
bus_gobardanga_bazar,Gobardanga Bazar,,,kolbusopedia,no coordinate found,,
bus_gobardanga_goipur,Gobardanga Goipur,,,kolbusopedia,no coordinate found,,
bus_gobinda_khatik_road,Gobinda Khatik Road,22.54825,88.38569,kolbusopedia;nominatim,coord: nominatim; nominatim way/112492260 (fits 1/1 routes),nominatim,medium
bus_gobindapur,Gobindapur,22.39108,88.41100,kolbusopedia;osm,coord: osm_place; osm_place node/10595879921 (fits 1/1 routes),osm_place,medium
bus_gobindapur_2,Gobindapur,22.88014,88.89420,kolbusopedia;wikidata,"coord: wikidata; split from bus_gobindapur: same name, but on 1 route(s) its neighbours place it 15 km or more from the osm_place point that fits 1 other routes; wikidata wikidata/Q60615355 (fits 1/1 routes)",wikidata,medium
bus_gobindopur,Gobindopur,22.39083,88.41117,kolbusopedia;wbtc_routes;wikidata,coord: wikidata; wikidata wikidata/Q20824065 (fits 5/5 routes),wikidata,high
bus_gobra_more,Gobra More,,,kolbusopedia,no coordinate found,,
bus_gocharan,Gocharan,22.27867,88.45634,kolbusopedia;osm,coord: osm_place; osm_place node/5768054614 (fits 1/1 routes),osm_place,medium
bus_godrej_waterside,Godrej Waterside,22.57339,88.43762,kolbusopedia;osm,coord: osm_any; osm_any way/193478074 (fits 3/3 routes),osm_any,high
bus_gohalberia,Gohalberia,22.31494,88.05950,kolbusopedia;wikidata,coord: wikidata; wikidata wikidata/Q60478807 (fits 1/1 routes),wikidata,medium
bus_gokna,Gokna,,,kolbusopedia,no coordinate found,,
bus_gokulpur,Gokulpur,22.78330,88.85000,kolbusopedia;wikidata,"coord: wikidata; nominatim node/10661028490 (fits 2/2 routes); nominatim coordinate 22.457,88.63364 rejected: off-route on 2/2 routes; wikidata wikidata/Q16466487 (fits 2/2 routes)",wikidata,high
bus_golabarai_ps,Golabarai PS,22.59326,88.34411,kolbusopedia;osm,coord: osm_fuzzy; osm_fuzzy way/360530316 via alias 'Golabarai Police Station' (fits 20/21 routes),osm_fuzzy,medium
bus_golabari,Golabari,,,kolbusopedia,"no coordinate found; osm_place node/10793507327 (only OSM feature with this name); osm_place coordinate 22.20775,88.62643 rejected: off-route on 5/5 routes",,
bus_golabari_more,Golabari More,,,kolbusopedia,no coordinate found,,
bus_golaknagar,Golaknagar,,,kolbusopedia,no coordinate found,,
bus_golf_green,Golf Green,22.49133,88.36184,kolbusopedia;wbtc_routes;osm,coord: osm_place; osm_place node/419272372 (fits 12/12 routes); also spelled: Golfgreen,osm_place,high
bus_golpark,Golpark,22.51558,88.36677,kolbusopedia;wbtc_routes;osm,coord: osm_stop; osm_stop node/651805056 (fits 45/45 routes),osm_stop,high
bus_gopalnagar,Gopalnagar,,,kolbusopedia;wbtc_routes,no coordinate found,,
bus_gopalpur,Gopalpur,,,kolbusopedia,"no coordinate found; wikidata wikidata/Q26792200 (fits 1/1 routes); wikidata coordinate 22.61722,88.74891 rejected: off-route on 1/1 routes",,
bus_gopalpur_house,Gopalpur House,,,kolbusopedia,no coordinate found,,
bus_gopalpur_more,Gopalpur More,,,kolbusopedia,no coordinate found,,
bus_goundia_raghunathpur,Goundia Raghunathpur,,,kolbusopedia,no coordinate found,,
bus_gourangapur,Gourangapur,22.73765,87.87685,kolbusopedia;wikidata,coord: wikidata; wikidata wikidata/Q60499336 (fits 1/1 routes),wikidata,medium
bus_gourhati,Gourhati,,,kolbusopedia,"no coordinate found; osm_any node/10575900152 (fits 1/1 routes); osm_any coordinate 22.87658,87.7909 rejected: off-route on 1/1 routes",,
bus_gourhati_more,Gourhati More,,,kolbusopedia,"no coordinate found; osm_any node/10575900152 (only OSM feature with this name); osm_any coordinate 22.87658,87.7909 rejected: off-route on 2/2 routes",,
bus_gouribari,Gouribari,22.59455,88.37826,kolbusopedia;wbtc_routes;nominatim,coord: nominatim; nominatim node/13240161770 (fits 9/10 routes),nominatim,high
bus_gouripur,Gouripur,,,kolbusopedia,"no coordinate found; osm_place node/10808854222 (only OSM feature with this name); osm_place coordinate 22.0736,88.25321 rejected: off-route on 13/13 routes",,
bus_gp_block,GP Block,22.56998,88.43411,kolbusopedia;osm,coord: osm_place; osm_place node/2032076839 (fits 1/1 routes),osm_place,medium
bus_gpo,GPO,22.57296,88.34775,kolbusopedia;wbtc_routes;nominatim,coord: nominatim; nominatim node/4209577083 (fits 32/33 routes),nominatim,high
bus_gray_st,Gray St,,,kolbusopedia;wbtc_routes,no coordinate found,,
bus_greenfield_city,Greenfield City,22.49532,88.27427,kolbusopedia;osm,coord: osm_landmark; osm_landmark way/940410193 (fits 2/2 routes),osm_landmark,high
bus_grey_st,Grey St,22.59469,88.37102,kolbusopedia;wbtc_routes;wikidata,coord: wikidata; wikidata wikidata/Q5608247 (fits 3/3 routes),wikidata,high
bus_gst_bhawan,GST Bhawan,,,kolbusopedia;wbtc_routes,no coordinate found,,
bus_gujarpur,Gujarpur,22.24611,88.03444,kolbusopedia;geonames,coord: geonames; geonames geonames/1349022 (fits 1/1 routes),geonames,medium
bus_guma,Guma,22.80862,88.60170,kolbusopedia;wbtc_routes;osm,"coord: osm_place; osm_place node/7156071803 (fits 3/3 routes); unique OSM town name: distance limits waived, detour and fold-back tests kept",osm_place,high
bus_guma_chowmatha,Guma Chowmatha,,,kolbusopedia,no coordinate found; also spelled: Guma chowmatha,,
bus_gurdah,Gurdah,,,kolbusopedia,no coordinate found,,
bus_gurjorpur,Gurjorpur,,,kolbusopedia,no coordinate found,,
bus_gurudaspur,Gurudaspur,,,kolbusopedia,"no coordinate found; osm_place node/10800984018 (fits 1/1 routes); osm_place coordinate 21.93089,88.3663 rejected: off-route on 1/1 routes",,
bus_gurudaspur_hospital_more,Gurudaspur Hospital More,,,kolbusopedia,no coordinate found,,
bus_gurusaday_road,Gurusaday Road,22.53617,88.36017,kolbusopedia;nominatim,coord: nominatim; nominatim way/27553098 (fits 11/11 routes),nominatim,high
bus_gustia_more,Gustia More,,,kolbusopedia,no coordinate found,,
bus_h_b_town,H.B. Town,,,kolbusopedia,no coordinate found,,
bus_h_m_g_college,H.M.G. College,,,kolbusopedia;wbtc_routes,no coordinate found; also spelled: HMG College,,
bus_h_m_ghosh_college,H M Ghosh College,,,kolbusopedia;wbtc_routes,no coordinate found,,
bus_habra,Habra,22.84047,88.66033,kolbusopedia;wbtc_routes;osm,"coord: osm_place; osm_place node/5662546609 (fits 13/13 routes); unique OSM town name: distance limits waived, detour and fold-back tests kept",osm_place,high
bus_habra_deshbandhu_park,Habra Deshbandhu Park,,,kolbusopedia,no coordinate found,,
bus_habra_manasabari,Habra Manasabari,,,kolbusopedia,no coordinate found,,
bus_habra_mansabari,Habra Mansabari,,,kolbusopedia,no coordinate found,,
bus_habra_rail_station,Habra Rail station,22.84087,88.65758,kolbusopedia;wbtc_routes;wikidata,coord: wikidata_fuzzy; wikidata_fuzzy wikidata/Q27964218 (fits 1/1 routes),wikidata_fuzzy,medium
bus_habra_station,Habra Station,22.84047,88.66033,kolbusopedia;osm,coord: osm_place; osm_place node/5662546609 (fits 6/7 routes); also spelled: Habra station,osm_place,high
bus_habra_wbtc_depot,Habra WBTC depot,,,kolbusopedia;wbtc_routes,no coordinate found,,
bus_hadipur_colony,Hadipur Colony,,,kolbusopedia,no coordinate found,,
bus_hagnagari,Hagnagari,,,kolbusopedia,no coordinate found,,
bus_haidarpur,Haidarpur,22.78286,88.75155,kolbusopedia;wikidata,coord: wikidata; wikidata wikidata/Q60616106 (fits 1/1 routes),wikidata,medium
bus_hajratala,Hajratala,,,kolbusopedia,no coordinate found,,
bus_hakimpur,Hakimpur,22.85266,88.95228,kolbusopedia;wikidata,coord: wikidata; wikidata wikidata/Q60615423 (fits 4/4 routes),wikidata,high
bus_halder_para,Halder Para,22.56673,88.27559,kolbusopedia;wbtc_routes;osm,coord: osm_fuzzy; osm_fuzzy node/7597502901 (fits 1/2 routes),osm_fuzzy,medium
bus_haldia,Haldia,22.04461,88.06546,kolbusopedia;osm,"coord: osm_place; osm_place node/5768201168 (fits 1/1 routes); unique OSM town name: distance limits waived, detour and fold-back tests kept",osm_place,medium
bus_haldia_township,Haldia Township,22.02591,88.06170,kolbusopedia;nominatim,coord: nominatim; nominatim way/339422576 (fits 1/1 routes),nominatim,medium
bus_haldiram,Haldiram,22.62775,88.43351,kolbusopedia;wbtc_routes;osm,coord: osm_stop; osm_stop node/2453444448 (fits 42/43 routes),osm_stop,high
bus_haldirams,Haldirams,22.62811,88.43284,kolbusopedia;osm,coord: osm_any; osm_any way/237452800 (fits 30/30 routes),osm_any,high
bus_halisahar,Halisahar,22.93225,88.42486,kolbusopedia;osm,"coord: osm_place; osm_place node/9633399170 (fits 1/1 routes); unique OSM town name: distance limits waived, detour and fold-back tests kept",osm_place,medium
bus_haltu,Haltu,22.51078,88.38187,kolbusopedia;osm,coord: osm_stop; osm_stop node/1327779115 (fits 2/2 routes),osm_stop,high
bus_haltu_bazar,Haltu Bazar,,,kolbusopedia,no coordinate found,,
bus_hamadama,Hamadama,,,kolbusopedia,no coordinate found,,
bus_hamidpur,Hamidpur,22.87472,88.47009,kolbusopedia;wikidata,coord: wikidata; wikidata wikidata/Q60615684 (fits 2/3 routes),wikidata,high
bus_hansia,Hansia,,,kolbusopedia,no coordinate found,,
bus_hanskhali,Hanskhali,,,kolbusopedia;wbtc_routes,"no coordinate found; osm_place node/7156415795 (only OSM feature with this name); osm_place coordinate 23.35666,88.60961 rejected: off-route on 6/6 routes",,
bus_hanskhali_pole,Hanskhali Pole,,,kolbusopedia,no coordinate found,,
bus_hanspukur,Hanspukur,22.45282,88.28938,kolbusopedia;wikidata,coord: wikidata; wikidata wikidata/Q61428939 (fits 3/3 routes),wikidata,high
bus_hantal,Hantal,22.63361,88.14286,kolbusopedia;nominatim,coord: nominatim; nominatim node/8133550056 (fits 1/1 routes),nominatim,medium
bus_hapania,Hapania,22.92377,88.64626,kolbusopedia;osm,coord: osm_place; osm_place node/9269060605 (fits 2/2 routes),osm_place,medium
bus_hapania_2,Hapania,22.92377,88.64626,kolbusopedia;osm,"coord: osm_place; split from bus_hapania: same name, but on 1 route(s) its neighbours place it 15 km or more from the osm_place point that fits 1 other routes; osm_place node/9269060605 (fits 1/1 routes)",osm_place,medium
bus_haraharitala,Haraharitala,22.41241,88.41831,kolbusopedia;osm,coord: osm_stop; osm_stop node/4478721664 (fits 1/1 routes),osm_stop,medium
bus_haridashpur,Haridashpur,,,kolbusopedia,"no coordinate found; osm_place node/3324506591 (only OSM feature with this name); osm_place coordinate 23.0383,88.8679 rejected: off-route on 1/1 routes",,
bus_haridevpur,Haridevpur,22.46530,88.33113,kolbusopedia;wbtc_routes;osm,coord: osm_place; osm_place node/10674274949 (fits 9/11 routes),osm_place,high
bus_haridevpur_2,Haridevpur,22.46530,88.33113,kolbusopedia;wbtc_routes;osm,"coord: osm_place; split from bus_haridevpur: same name, but on 1 route(s) its neighbours place it 15 km or more from the osm_place point that fits 5 other routes; osm_place node/10674274949 (fits 1/1 routes)",osm_place,medium
bus_harinavi,Harinavi,22.41252,88.41858,kolbusopedia;wbtc_routes;osm,coord: osm_place; osm_place node/10594614355 (fits 12/12 routes),osm_place,high
bus_harindanga,Harindanga,22.29872,88.18601,kolbusopedia;osm,coord: osm_place; osm_place node/10821497068 (fits 2/2 routes),osm_place,high
bus_haripara,Haripara,22.94785,88.65526,kolbusopedia;osm,coord: osm_place; osm_place node/10243763775 (fits 1/1 routes),osm_place,medium
bus_harishpur,Harishpur,,,kolbusopedia,no coordinate found; also spelled: Harispur,,
bus_haritala,Haritala,,,kolbusopedia;wbtc_routes,no coordinate found,,
bus_haroa,Haroa,22.60648,88.67829,kolbusopedia;osm,coord: osm_place; osm_place node/7155801869 (fits 1/1 routes),osm_place,medium
bus_haroa_bridge,Haroa Bridge,,,kolbusopedia,no coordinate found,,
bus_haroa_railgate,Haroa Railgate,,,kolbusopedia,no coordinate found,,
bus_haroa_upto_kholapota,Haroa (upto Kholapota),22.60648,88.67829,kolbusopedia;osm,coord: osm_place; osm_place node/7155801869 (fits 1/1 routes),osm_place,medium
bus_harop_bazar,Harop Bazar,,,kolbusopedia,no coordinate found,,
bus_hasnabad,Hasnabad,22.56641,88.91087,kolbusopedia;osm,coord: osm_stop; osm_stop node/5242637755 (fits 1/1 routes),osm_stop,high
bus_hasnabad_station,Hasnabad Station,22.56641,88.91087,kolbusopedia;osm,coord: osm_stop; osm_stop node/5242637755 (fits 1/1 routes),osm_stop,medium
bus_hastings,Hastings,22.54899,88.32850,kolbusopedia;wbtc_routes;osm,coord: osm_any; osm_any way/1172959662 (fits 91/94 routes),osm_any,high
bus_hathatgange,Hathatgange,,,kolbusopedia,"no coordinate found; also spelled: Hathatganj, Hathatgunge",,
bus_hatiara,Hatiara,22.61669,88.44942,kolbusopedia;nominatim,coord: nominatim; nominatim way/240754113 (fits 4/4 routes),nominatim,high
bus_hatibagan,Hatibagan,22.59496,88.37093,kolbusopedia;wbtc_routes;osm,coord: osm_any; osm_any node/8510219354 (fits 30/30 routes),osm_any,high
bus_hatishala,Hatishala,22.54363,88.52461,kolbusopedia;osm,coord: osm_place; osm_place node/10669320752 (fits 2/2 routes); also spelled: Hatisala,osm_place,high
bus_hatkhola_bazar,Hatkhola Bazar,,,kolbusopedia,no coordinate found,,
bus_hatthuba,Hatthuba,22.85191,88.65787,kolbusopedia;osm,coord: osm_place; osm_place node/9427944427 (fits 2/2 routes),osm_place,high
bus_hatugunge,Hatugunge,22.17660,88.25309,kolbusopedia;osm,coord: osm_place; osm_place node/10823586167 (fits 12/12 routes); also spelled: Hatuganj,osm_place,high
bus_hazra,Hazra,22.52272,88.34992,kolbusopedia;wbtc_routes;osm,coord: osm_place; osm_place node/1577087782 (fits 31/31 routes); name also used for a different place on other routes (see split ids),osm_place,high
bus_hazra_2,Hazra,,,kolbusopedia;wbtc_routes,no coordinate found; split from bus_hazra: same name used about 49.0 km away on other routes,,
bus_hazra_more,Hazra More,22.52272,88.34992,kolbusopedia;wbtc_routes;osm,coord: osm_place; osm_place node/1577087782 (fits 70/70 routes),osm_place,high
bus_hazra_xing,Hazra xing,22.52272,88.34992,kolbusopedia;wbtc_routes;nominatim,coord: nominatim; nominatim node/1577087782 (fits 9/9 routes); also spelled: Hazra Crossing,nominatim,high
bus_hedua_more,Hedua More,22.58792,88.36891,kolbusopedia;nominatim,coord: nominatim; nominatim way/102015159 (fits 13/13 routes),nominatim,high
bus_hela_battala,Hela Battala,,,kolbusopedia,"no coordinate found; osm_any node/570089580 (only OSM feature with this name); osm_any coordinate 22.72473,88.47899 rejected: off-route on 4/6 routes; also spelled: Helabattala",,
bus_hela_battala_more,Hela Battala More,,,kolbusopedia,no coordinate found,,
bus_helencha,Helencha,23.18673,88.85614,kolbusopedia;osm,coord: osm_any; osm_any node/5224113625 (fits 4/4 routes),osm_any,high
bus_heria,Heria,,,kolbusopedia,"no coordinate found; osm_place node/10824586968 (only OSM feature with this name); osm_place coordinate 22.31808,88.37634 rejected: off-route on 1/1 routes",,
bus_hestings,Hestings,22.54899,88.32850,kolbusopedia;wbtc_routes;osm,coord: osm_bn; osm_bn way/1172959662 (fits 2/3 routes),osm_bn,medium
bus_hide_road,Hide Road,22.51751,88.30361,kolbusopedia;wbtc_routes;osm,coord: osm_landmark; osm_landmark way/52097922 (fits 5/6 routes),osm_landmark,high
bus_high_court,High Court,22.56856,88.34353,kolbusopedia;osm,coord: osm_any; osm_any way/101966451 (fits 2/2 routes),osm_any,high
bus_highland_park,Highland Park,22.48419,88.39013,kolbusopedia;wbtc_routes;nominatim,coord: nominatim; nominatim way/757296285 (fits 8/8 routes); also spelled: Highland park,nominatim,high
bus_hiland_park,Hiland Park,22.48475,88.38863,kolbusopedia;wbtc_routes;osm,coord: osm_landmark; osm_landmark relation/19926627 (fits 38/38 routes); also spelled: Hiland park,osm_landmark,high
bus_hind_cinema,Hind Cinema,22.56489,88.35908,kolbusopedia;nominatim,coord: nominatim; nominatim way/986439971 (fits 4/4 routes),nominatim,high
bus_hindu_kabristan,Hindu Kabristan,,,kolbusopedia,no coordinate found,,
bus_hindu_kabristan_crossing_tiljala,Hindu Kabristan Crossing ( Tiljala ),,,kolbusopedia,no coordinate found,,
bus_hingalgunge,Hingalgunge,,,kolbusopedia,"no coordinate found; osm_place node/7154647118 (only OSM feature with this name); osm_place coordinate 22.47275,88.98711 rejected: off-route on 1/2 routes; also spelled: Hingalganj",,
bus_hiranmoypur,Hiranmoypur,,,kolbusopedia,"no coordinate found; osm_place node/10795499070 (only OSM feature with this name); osm_place coordinate 22.12747,88.67887 rejected: off-route on 1/1 routes",,
bus_hirghata,Hirghata,,,kolbusopedia,no coordinate found,,
bus_hoglashi_more,Hoglashi More,,,kolbusopedia,no coordinate found,,
bus_hoglasi,Hoglasi,,,kolbusopedia,no coordinate found,,
bus_home_town,Home Town,22.58299,88.45881,kolbusopedia;wbtc_routes;osm,"coord: osm_any; osm_any node/2464548306 (fits 3/3 routes); also spelled: HOMETOWN, Hometown",osm_any,high
bus_hospital_more,Hospital More,22.52527,88.34664,kolbusopedia;nominatim,"coord: nominatim; osm_stop node/3716824628 (only OSM feature with this name); osm_stop coordinate 22.86624,88.36923 rejected: off-route on 4/4 routes; nominatim node/2471894143 (fits 3/4 routes)",nominatim,high
bus_howrah,Howrah,22.58336,88.34035,kolbusopedia;wbtc_routes;osm,"coord: osm_place; osm_place node/11699268224 (fits 8/8 routes); unique OSM town name: distance limits waived, detour and fold-back tests kept",osm_place,high
bus_howrah_bridge,Howrah Bridge,22.58507,88.34689,kolbusopedia;wbtc_routes;osm,coord: osm_landmark; osm_landmark way/204283631 (fits 3/3 routes); also spelled: Howrah bridge,osm_landmark,high
bus_howrah_bridge_east,Howrah Bridge East,22.58507,88.34689,kolbusopedia;wbtc_routes;osm,coord: osm_landmark; osm_landmark way/204283631 (fits 10/10 routes); also spelled: Howrah Bridge (East),osm_landmark,high
bus_howrah_bridge_south,Howrah Bridge South,,,kolbusopedia;wbtc_routes,no coordinate found,,
bus_howrah_bus_stand_executive,Howrah bus stand (Executive),22.58618,88.34298,kolbusopedia;wbtc_routes;osm,coord: osm_stop; osm_stop node/4178789864 (fits 2/2 routes),osm_stop,high
bus_howrah_court,Howrah Court,22.58103,88.33655,kolbusopedia;nominatim,coord: nominatim; nominatim way/384341770 (fits 3/3 routes); also spelled: Howrah court,nominatim,high
bus_howrah_fire_station,Howrah Fire Station,,,kolbusopedia,no coordinate found,,
bus_howrah_maidan,Howrah Maidan,22.58292,88.33365,kolbusopedia;wbtc_routes;osm,coord: osm_place; osm_place node/11231291700 (fits 65/68 routes); also spelled: Howrah maidan,osm_place,high
bus_howrah_maidan_amtala_phari,Howrah Maidan (Amtala Phari),22.58292,88.33365,kolbusopedia;osm,coord: osm_place; osm_place node/11231291700 (fits 1/1 routes),osm_place,medium
bus_howrah_station,Howrah Station,22.58336,88.34035,kolbusopedia;wbtc_routes;osm,"coord: osm_place; osm_place node/11699268224 (fits 274/278 routes); also spelled: Howrah Stn, Howrah station",osm_place,high
bus_howrah_station_30_min_stop,Howrah Station (30 min stop),22.58336,88.34035,kolbusopedia;osm,coord: osm_place; osm_place node/11699268224 (fits 1/1 routes),osm_place,medium
bus_howrah_station_esplanade,Howrah Station/Esplanade,,,kolbusopedia,no coordinate found,,
bus_hridaypur,Hridaypur,22.71100,88.47000,kolbusopedia;wbtc_routes;osm,coord: osm_place; osm_place node/2378547439 (fits 16/16 routes),osm_place,high
bus_hridaypur_more,Hridaypur More,22.71100,88.47000,kolbusopedia;osm,coord: osm_place; osm_place node/2378547439 (fits 1/1 routes),osm_place,medium
bus_hudco,HUDCO,22.59002,88.39330,kolbusopedia;wbtc_routes;osm,coord: osm_stop; osm_stop node/9567534817 (fits 26/26 routes); also spelled: Hudco,osm_stop,high
bus_hudco_more,Hudco More,22.59002,88.39330,kolbusopedia;osm,coord: osm_stop; osm_stop node/9567534817 (fits 1/1 routes),osm_stop,medium
bus_hura,Hura,,,kolbusopedia,no coordinate found,,
bus_hyatt_regency,Hyatt Regency,22.57059,88.40513,kolbusopedia;wbtc_routes;osm,coord: osm_any; osm_any way/191558590 (fits 3/3 routes),osm_any,high
bus_i_t_c_infotech,I.T.C. Infotech,22.54744,88.51953,kolbusopedia;osm,coord: osm_any; osm_any way/1338052556 (fits 1/1 routes),osm_any,medium
bus_ibm,IBM,,,kolbusopedia,"no coordinate found; osm_any node/2461180963 (fits 2/2 routes); osm_any coordinate 22.57184,88.43455 rejected: off-route on 1/2 routes",,
bus_icchapur,Icchapur,,,kolbusopedia,"no coordinate found; osm_place node/1483066764 (only OSM feature with this name); osm_place coordinate 22.79933,88.37459 rejected: off-route on 2/2 routes; also spelled: Ichapur",,
bus_ichanagari,Ichanagari,22.68466,88.08355,wbtc_routes;wikidata,coord: wikidata; wikidata wikidata/Q60478306 (fits 1/1 routes),wikidata,medium
bus_ichapur_jaltank,Ichapur Jaltank,,,kolbusopedia,no coordinate found,,
bus_ichapur_more,Ichapur More,22.59264,88.30593,kolbusopedia;nominatim,coord: nominatim; nominatim way/667831221 (fits 6/8 routes),nominatim,high
bus_ichapur_more_2,Ichapur More,22.79933,88.37459,kolbusopedia;osm,"coord: osm_place; split from bus_ichapur_more: same name, but on bus_85 the nominatim point is an out-and-back spike 19.8 km off the line between well-placed neighbours; osm_place node/1483066764 (fits 1/1 routes)",osm_place,medium
bus_id_hospital,ID Hospital,22.56498,88.39727,kolbusopedia;osm,coord: osm_stop; osm_stop node/12761637272 (fits 2/2 routes),osm_stop,high
bus_iim_joka,IIM Joka,22.44318,88.30313,kolbusopedia;wbtc_routes;nominatim,coord: nominatim; nominatim way/287418429 (fits 9/9 routes),nominatim,high
bus_iimc_hospital,IIMC Hospital,,,kolbusopedia,no coordinate found,,
bus_ils_hospital,ILS hospital,,,kolbusopedia;wbtc_routes,no coordinate found; also spelled: ILS Hospital,,
bus_indian_statistical_institute,Indian Statistical Institute,22.64907,88.37659,kolbusopedia;nominatim,coord: nominatim; nominatim way/1422143372 (fits 1/1 routes),nominatim,medium
bus_indiranagar,Indiranagar,,,kolbusopedia,no coordinate found,,
bus_indralok_more,Indralok More,,,kolbusopedia,no coordinate found,,
bus_indranarayanpur,Indranarayanpur,,,kolbusopedia,"no coordinate found; osm_place node/10800955400 (fits 1/1 routes); osm_place coordinate 21.90628,88.38119 rejected: off-route on 1/1 routes",,
bus_infospace,Infospace,22.57505,88.48306,kolbusopedia;nominatim,coord: nominatim; nominatim way/511546890 (fits 1/1 routes),nominatim,medium
bus_islampur,Islampur,22.56429,88.06805,kolbusopedia;wikidata,coord: wikidata; wikidata wikidata/Q60478408 (fits 1/1 routes),wikidata,medium
bus_iswarigacha,Iswarigacha,,,kolbusopedia,no coordinate found; also spelled: Ishwarigacha,,
bus_j_k_island,J.K.Island,,,kolbusopedia;wbtc_routes,no coordinate found,,
bus_jadavpore,Jadavpore,22.49528,88.37294,wbtc_routes;osm,coord: osm_bn; osm_bn node/419275337 (fits 1/1 routes),osm_bn,medium
bus_jadavpur,Jadavpur,22.49528,88.37294,kolbusopedia;wbtc_routes;osm,coord: osm_place; osm_place node/5768054688 (fits 8/8 routes),osm_place,high
bus_jadavpur_8b,Jadavpur 8B,22.49565,88.37061,kolbusopedia;wbtc_routes;osm,coord: osm_stop; osm_stop node/651804657 (fits 38/38 routes),osm_stop,high
bus_jadavpur_ps,Jadavpur PS,22.49528,88.37294,kolbusopedia;wbtc_routes;osm,"coord: osm_place; osm_place node/5768054688 (fits 26/32 routes); also spelled: JADAVPUR P.S, Jadavpur P.S",osm_place,high
bus_jadavpur_thana,Jadavpur Thana,22.50296,88.36773,kolbusopedia;osm,coord: osm_stop; osm_stop node/419272419 (fits 1/1 routes),osm_stop,medium
bus_jadavpur_university,Jadavpur University,22.50021,88.36959,kolbusopedia;wbtc_routes;osm,coord: osm_landmark; osm_landmark way/1467292193 (fits 6/6 routes),osm_landmark,high
bus_jadu_babu_r_bajar,Jadu babu r bajar,,,kolbusopedia;wbtc_routes,no coordinate found,,
bus_jadurhati,Jadurhati,22.76929,88.76358,kolbusopedia;nominatim,coord: nominatim; nominatim way/520298214 (fits 3/4 routes),nominatim,high
bus_jafarpur,Jafarpur,22.77999,88.38518,kolbusopedia;nominatim,coord: nominatim; nominatim node/3151669727 (fits 1/1 routes),nominatim,medium
bus_jafarpur_barasat,Jafarpur(Barasat),,,kolbusopedia,"no coordinate found; osm_place node/3151669727 (fits 1/1 routes); osm_place coordinate 22.77999,88.38518 rejected: off-route on 1/1 routes",,
bus_jagadishpur,Jagadishpur,,,kolbusopedia,no coordinate found,,
bus_jagadishpur_hospital,Jagadishpur Hospital,,,kolbusopedia,no coordinate found,,
bus_jagannathpur,Jagannathpur,22.74725,88.44575,kolbusopedia;wbtc_routes;wikidata,coord: wikidata; wikidata wikidata/Q60615807 (fits 6/9 routes),wikidata,high
bus_jagat_cinema,Jagat Cinema,,,kolbusopedia;wbtc_routes,no coordinate found,,
bus_jagat_cinema_hall,Jagat Cinema Hall,,,kolbusopedia,no coordinate found,,
bus_jagatballavpur,Jagatballavpur,,,kolbusopedia;wbtc_routes,"no coordinate found; osm_place node/7155885041 (fits 2/2 routes); osm_place coordinate 22.68435,88.10658 rejected: off-route on 1/2 routes",,
bus_jagatdal,Jagatdal,22.85000,88.38333,kolbusopedia;geonames,coord: geonames; geonames geonames/1269585 (fits 1/1 routes),geonames,medium
bus_jagulgachi,Jagulgachi,,,kolbusopedia,"no coordinate found; osm_place node/10661232022 (only OSM feature with this name); osm_place coordinate 22.48512,88.6153 rejected: off-route on 1/1 routes",,
bus_jaguli,Jaguli,22.92726,88.54616,kolbusopedia;wikidata,coord: wikidata; wikidata wikidata/Q60611602 (fits 4/6 routes),wikidata,high
bus_jaguli_2,Jaguli,,,kolbusopedia,"no coordinate found; split from bus_jaguli: same name, but on 2 route(s) its neighbours place it 15 km or more from the wikidata point that fits 4 other routes",,
bus_jaguli_anandapur,Jaguli Anandapur,,,kolbusopedia,no coordinate found,,
bus_jaguli_more,Jaguli More,22.92726,88.54616,kolbusopedia;wikidata,coord: wikidata; wikidata wikidata/Q60611602 (fits 1/1 routes),wikidata,medium
bus_jainpur,Jainpur,,,kolbusopedia;wbtc_routes,no coordinate found,,
bus_jala_biswanathpur,Jala Biswanathpur,22.55593,88.10873,kolbusopedia;wikidata,coord: wikidata; wikidata wikidata/Q60478485 (fits 4/4 routes),wikidata,high
bus_jalaberia,Jalaberia,,,kolbusopedia,no coordinate found,,
bus_jalan_complex,Jalan Complex,,,kolbusopedia,no coordinate found; also spelled: Jalan complex,,
bus_jalan_complex_1,Jalan Complex 1,,,kolbusopedia,no coordinate found,,
bus_jalan_gate,Jalan Gate,,,kolbusopedia,no coordinate found,,
bus_jaleswar,Jaleswar,22.93093,88.70676,kolbusopedia;osm,coord: osm_place; osm_place node/9320776988 (fits 1/1 routes),osm_place,medium
bus_jalilpur,Jalilpur,22.36178,88.32784,kolbusopedia;osm,coord: osm_place; osm_place node/10690416298 (fits 1/1 routes),osm_place,medium
bus_jalkol,Jalkol,,,kolbusopedia;wbtc_routes,no coordinate found,,
bus_jamalpur_more,Jamalpur More,,,kolbusopedia,no coordinate found,,
bus_jamberia_bridge,Jamberia Bridge,,,kolbusopedia,no coordinate found,,
bus_jamdani,Jamdani,22.89975,88.76580,kolbusopedia;wikidata,coord: wikidata; wikidata wikidata/Q60615228 (fits 1/1 routes),wikidata,medium
bus_james_long_crossing,James long Crossing,22.47772,88.31306,kolbusopedia;wbtc_routes;nominatim,coord: nominatim; nominatim way/500060506 (fits 4/4 routes),nominatim,high
bus_jamirgachi,Jamirgachi,22.55456,88.62617,kolbusopedia;osm,coord: osm_place; osm_place node/10669401553 (fits 1/1 routes),osm_place,medium
bus_jamtala,Jamtala,22.09321,88.57399,kolbusopedia;osm,coord: osm_place; osm_place node/10793054044 (fits 2/2 routes),osm_place,high
bus_jamtala_boropole,Jamtala Boropole,,,kolbusopedia,no coordinate found,,
bus_janakalyan,Janakalyan,22.48462,88.31266,kolbusopedia;wbtc_routes;osm,coord: osm_landmark; osm_landmark node/10083642479 (fits 4/4 routes),osm_landmark,high
bus_jangalpur,Jangalpur,,,kolbusopedia,"no coordinate found; osm_any way/1485374707 (only OSM feature with this name); osm_any coordinate 22.59639,88.21821 rejected: off-route on 1/2 routes",,
bus_jangipara,Jangipara,22.72482,88.07838,kolbusopedia;osm,coord: osm_any; osm_any way/118252470 (fits 2/2 routes),osm_any,high
bus_japani_gate,Japani Gate,,,kolbusopedia,no coordinate found; also spelled: Japanigate,,
bus_jashoda_more,Jashoda More,,,kolbusopedia,no coordinate found,,
bus_jatragachi,Jatragachi,22.59865,88.46634,kolbusopedia;wbtc_routes;wikidata,coord: wikidata; wikidata wikidata/Q107404885 (fits 10/10 routes),wikidata,high
bus_jayanti,Jayanti,,,kolbusopedia,"no coordinate found; osm_any node/2167534766 (only OSM feature with this name); osm_any coordinate 22.76085,88.367 rejected: off-route on 1/1 routes",,
bus_jaygram,Jaygram,,,kolbusopedia,"no coordinate found; wikidata wikidata/Q60616479 (fits 2/2 routes); wikidata coordinate 22.48795,88.73632 rejected: off-route on 2/2 routes",,
bus_jaynagar_post_office,Jaynagar Post office,22.17744,88.42273,kolbusopedia;nominatim,coord: nominatim; nominatim way/1052364531 (fits 1/1 routes),nominatim,medium
bus_jayrambati,Jayrambati,22.92387,87.61055,kolbusopedia;osm,coord: osm_any; osm_any node/10733353117 (fits 1/1 routes),osm_any,medium
bus_jdavpur,Jdavpur,22.49528,88.37294,wbtc_routes;osm,coord: osm_bn; osm_bn node/419275337 (fits 1/1 routes),osm_bn,medium
bus_jeevan_deep,Jeevan Deep,,,kolbusopedia;wbtc_routes,"no coordinate found; osm_any node/11222957247 (only OSM feature with this name); osm_any coordinate 22.76828,88.54117 rejected: off-route on 3/3 routes; also spelled: Jivandeep",,
bus_jhargram,Jhargram,,,kolbusopedia,no coordinate found,,
bus_jharkhali,Jharkhali,22.04971,88.66874,kolbusopedia;osm,coord: osm_place; osm_place node/10807993055 (fits 1/1 routes),osm_place,medium
bus_jhautala,Jhautala,22.53677,88.36560,kolbusopedia;nominatim,coord: nominatim; nominatim way/655500636 (fits 1/1 routes),nominatim,medium
bus_jhawdanga,Jhawdanga,,,kolbusopedia,no coordinate found,,
bus_jhikira,Jhikira,22.62358,87.91954,kolbusopedia;wikidata,coord: wikidata; wikidata wikidata/Q60478096 (fits 1/2 routes),wikidata,high
bus_jhikra_battala,Jhikra Battala,22.88700,88.64743,kolbusopedia;osm,coord: osm_place; osm_place node/9269672413 (fits 1/1 routes),osm_place,medium
bus_jhikra_bazar,Jhikra Bazar,,,kolbusopedia,no coordinate found,,
bus_jhilpar,Jhilpar,,,kolbusopedia;wbtc_routes,no coordinate found,,
bus_jhinjhira_bazar,Jhinjhira Bazar,22.51723,88.29781,kolbusopedia;wbtc_routes;osm,"coord: osm_stop; osm_stop node/6528585885 (fits 27/27 routes); also spelled: Jinjira Bajar, Jinjira Bazar",osm_stop,high
bus_jingira_bazar,Jingira Bazar,,,kolbusopedia;wbtc_routes,no coordinate found; also spelled: Jingirabazar,,
bus_jitpur,Jitpur,,,kolbusopedia,no coordinate found,,
bus_jodhpur_park,Jodhpur Park,22.50561,88.36367,kolbusopedia;wbtc_routes;osm,coord: osm_place; osm_place node/419275145 (fits 8/8 routes),osm_place,high
bus_jogesh_chandra_college,Jogesh Chandra College,22.50130,88.35030,kolbusopedia;wbtc_routes;nominatim,coord: nominatim; nominatim way/359466010 (fits 4/4 routes),nominatim,high
bus_jogi_battala,Jogi Battala,,,kolbusopedia;wbtc_routes,no coordinate found,,
bus_joka,Joka,22.45285,88.30217,kolbusopedia;wbtc_routes;osm,coord: osm_place; osm_place node/9914301355 (fits 3/4 routes),osm_place,high
bus_joka_bridge,Joka Bridge,,,kolbusopedia,no coordinate found,,
bus_joka_esi,Joka ESI,,,kolbusopedia;wbtc_routes,no coordinate found,,
bus_joka_esi_hospital,Joka ESI hospital,,,kolbusopedia;wbtc_routes,no coordinate found,,
bus_joka_khalpole,Joka Khalpole,,,kolbusopedia;wbtc_routes,no coordinate found,,
bus_joka_tram_depot,Joka tram Depot,,,kolbusopedia;wbtc_routes,"no coordinate found; also spelled: Joka Tram Depot, Joka tram depot",,
bus_jora_girja,Jora Girja,22.55495,88.36478,kolbusopedia;osm,coord: osm_stop; osm_stop node/1983542778 (fits 1/1 routes),osm_stop,medium
bus_jorabagan,Jorabagan,22.59176,88.35658,kolbusopedia;nominatim,coord: nominatim; nominatim relation/9310770 (fits 20/20 routes),nominatim,high
bus_jorabattala,Jorabattala,,,kolbusopedia,no coordinate found,,
bus_joramandir,Joramandir,22.61324,88.42970,kolbusopedia;wbtc_routes;osm,coord: osm_stop; osm_stop node/2452822588 (fits 4/5 routes); also spelled: Jora Mandir,osm_stop,high
bus_joygacchi_more,Joygacchi More,22.84371,88.67127,kolbusopedia;osm,coord: osm_place; osm_place node/10058559718 (fits 1/1 routes),osm_place,medium
bus_joygachhi,Joygachhi,22.84371,88.67127,kolbusopedia;osm,coord: osm_place; osm_place node/10058559718 (fits 4/6 routes); also spelled: Joygachi,osm_place,high
bus_joygram,Joygram,,,kolbusopedia,no coordinate found,,
bus_joynagar,Joynagar,22.17520,88.42008,kolbusopedia;wikidata,coord: wikidata; wikidata wikidata/Q2330643 (fits 2/2 routes),wikidata,high
bus_joypul_bazar,Joypul Bazar,,,kolbusopedia,no coordinate found; also spelled: Joypul bazar,,
bus_joypur,Joypur,,,kolbusopedia;wbtc_routes,no coordinate found; name also used for a different place on other routes (see split ids),,
bus_joypur_2,Joypur,22.58294,87.92767,kolbusopedia;wbtc_routes;nominatim,coord: nominatim; split from bus_joypur: same name used about 84.8 km away on other routes; nominatim way/771263509 (fits 1/1 routes),nominatim,medium
bus_joypur_bill,Joypur Bill,,,kolbusopedia,no coordinate found; also spelled: Joypur bill,,
bus_joypur_ps,Joypur PS,,,kolbusopedia,no coordinate found,,
bus_jujursha,Jujursha,,,kolbusopedia,no coordinate found,,
bus_julpia,Julpia,22.35841,88.35628,kolbusopedia;osm,coord: osm_place; osm_place node/10690428792 (fits 2/3 routes),osm_place,high
bus_jyangra,Jyangra,22.61765,88.43464,kolbusopedia;nominatim,coord: nominatim; nominatim node/2452822470 (fits 4/4 routes),nominatim,high
bus_jyangra_chowmatha,Jyangra chowmatha,22.61765,88.43464,kolbusopedia;osm,coord: osm_fuzzy; osm_fuzzy node/2452822470 (fits 1/1 routes),osm_fuzzy,medium
bus_jyotishpur,Jyotishpur,,,kolbusopedia,"no coordinate found; osm_place node/10795405579 (only OSM feature with this name); osm_place coordinate 22.13125,88.71116 rejected: off-route on 1/1 routes",,
bus_kabardanga,Kabardanga,,,kolbusopedia;wbtc_routes,no coordinate found,,
bus_kachari_bazar,Kachari Bazar,22.36627,88.42816,kolbusopedia;wbtc_routes;osm,coord: osm_any; osm_any way/498685104 (fits 3/3 routes),osm_any,high
bus_kachhi_sarab,Kachhi sarab,,,kolbusopedia;wbtc_routes,no coordinate found,,
bus_kachua_more,Kachua More,,,kolbusopedia,no coordinate found,,
bus_kachuberia,Kachuberia,,,kolbusopedia,no coordinate found,,
bus_kadambagachi,Kadambagachi,22.70908,88.53991,kolbusopedia;nominatim,coord: nominatim; nominatim node/7199742898 (fits 6/9 routes); also spelled: Kadambagacchi,nominatim,high
bus_kadamtala,Kadamtala,,,kolbusopedia;wbtc_routes,no coordinate found,,
bus_kadapara,Kadapara,,,kolbusopedia,no coordinate found,,
bus_kahankia,Kahankia,22.94214,88.84667,kolbusopedia;wikidata,coord: wikidata; wikidata wikidata/Q60615297 (fits 1/1 routes),wikidata,medium
bus_kaijuri_bazar,Kaijuri Bazar,,,kolbusopedia,no coordinate found,,
bus_kaikhali,Kaikhali,22.63442,88.43462,kolbusopedia;wbtc_routes;osm,coord: osm_stop; osm_stop node/2453083698 (fits 73/73 routes),osm_stop,high
bus_kajiberia,Kajiberia,,,kolbusopedia,no coordinate found,,
bus_kajla,Kajla,22.87762,88.65169,kolbusopedia;osm,coord: osm_place; osm_place node/9428004933 (fits 1/1 routes),osm_place,medium
bus_kajoler_more,Kajoler More,,,kolbusopedia,no coordinate found,,
bus_kakdip,Kakdip,,,kolbusopedia,no coordinate found,,
bus_kakdwip,Kakdwip,21.88129,88.19400,kolbusopedia;osm,"coord: osm_place; osm_place node/11252554866 (fits 2/3 routes); unique OSM town name: distance limits waived, detour and fold-back tests kept",osm_place,high
bus_kakdwip_bus_stand,Kakdwip Bus Stand,,,kolbusopedia,"no coordinate found; nominatim way/1140754074 (fits 4/4 routes); nominatim coordinate 21.87603,88.18528 rejected: off-route on 4/4 routes",,
bus_kakdwip_station_bamuner_more,Kakdwip Station (Bamuner More),,,kolbusopedia,"no coordinate found; osm_stop node/11263922473 (fits 4/4 routes); osm_stop coordinate 21.87076,88.18578 rejected: off-route on 4/4 routes",,
bus_kalaberia,Kalaberia,22.61984,88.49766,kolbusopedia;wikidata,coord: wikidata; wikidata wikidata/Q60616409 (fits 5/5 routes),wikidata,high
bus_kalagachia,Kalagachia,22.24110,88.18801,kolbusopedia;osm,coord: osm_place; osm_place node/10828854382 (fits 7/7 routes),osm_place,high
bus_kalambagan_market,Kalambagan market,,,kolbusopedia,no coordinate found,,
bus_kalatala,Kalatala,22.57447,88.01702,kolbusopedia;nominatim,coord: nominatim; nominatim way/291865905 (fits 6/6 routes),nominatim,high
bus_kalatalahat,Kalatalahat,22.22883,88.18945,kolbusopedia;wikidata,coord: wikidata; wikidata wikidata/Q61436746 (fits 1/1 routes),wikidata,medium
bus_kalibabu_bazar,Kalibabu Bazar,,,kolbusopedia,no coordinate found,,
bus_kalidanga,Kalidanga,22.18226,88.71663,kolbusopedia;osm,coord: osm_place; osm_place node/10794690262 (fits 1/1 routes),osm_place,medium
bus_kalighat,Kalighat,22.51700,88.34622,kolbusopedia;wbtc_routes;osm,coord: osm_stop; osm_stop node/11971706969 (fits 87/87 routes),osm_stop,high
bus_kalikapur,Kalikapur,22.50264,88.40070,kolbusopedia;wbtc_routes;osm,coord: osm_route; OSM node/11971705750 on route relation; also spelled: KALIKAPUR,osm_route,high
bus_kalikapur_2,Kalikapur,,,kolbusopedia;wbtc_routes,"no coordinate found; split from bus_kalikapur: same name, but on 1 route(s) its neighbours place it 15 km or more from the osm_route point that fits 40 other routes",,
bus_kalikapur_avishikta,Kalikapur Avishikta,,,kolbusopedia,no coordinate found,,
bus_kalinagar_more,Kalinagar More,22.43834,88.11503,kolbusopedia;wikidata,coord: wikidata; wikidata wikidata/Q60478600 (fits 1/1 routes),wikidata,medium
bus_kalindi,Kalindi,22.60943,88.40055,kolbusopedia;osm,coord: osm_stop; osm_stop node/5080788786 (fits 1/1 routes),osm_stop,medium
bus_kalindi_more,Kalindi More,22.60943,88.40055,kolbusopedia;osm,coord: osm_stop; osm_stop node/5080788786 (fits 23/23 routes),osm_stop,high
bus_kalipark,Kalipark,,,kolbusopedia,no coordinate found; also spelled: Kali Park,,
bus_kalipur_more,Kalipur More,,,kolbusopedia,no coordinate found,,
bus_kalitala,Kalitala,,,kolbusopedia,no coordinate found,,
bus_kalitala_bazar,Kalitala bazar,,,wbtc_routes,no coordinate found,,
bus_kalitala_housing,Kalitala Housing,,,kolbusopedia,no coordinate found,,
bus_kalitola,Kalitola,,,kolbusopedia,no coordinate found,,
bus_kaltala,Kaltala,,,kolbusopedia,no coordinate found,,
bus_kalupur,Kalupur,23.02261,88.80357,kolbusopedia;wikidata,coord: wikidata; wikidata wikidata/Q60615081 (fits 3/4 routes),wikidata,high
bus_kalur_more,Kalur More,,,kolbusopedia,no coordinate found,,
bus_kalyan_nagar,Kalyan Nagar,22.71853,88.38922,kolbusopedia;nominatim,coord: nominatim; nominatim way/1148440305 (fits 2/2 routes),nominatim,high
bus_kalyangarh,Kalyangarh,22.83874,88.62460,kolbusopedia;nominatim,coord: nominatim; nominatim node/5662550941 (fits 3/3 routes),nominatim,high
bus_kalyangarh_more,Kalyangarh More,22.83874,88.62460,kolbusopedia;nominatim,coord: nominatim; nominatim node/5662550941 (fits 2/2 routes),nominatim,high
bus_kalyani_jagulia,Kalyani (Jagulia),,,kolbusopedia,"no coordinate found; osm_place node/1602432297 (fits 1/1 routes); osm_place coordinate 22.97497,88.43459 rejected: off-route on 1/1 routes",,
bus_kalyanpur,Kalyanpur,,,kolbusopedia,no coordinate found,,
bus_kalyanpur_panchayat,Kalyanpur Panchayat,,,kolbusopedia,no coordinate found,,
bus_kamal_talkies,Kamal Talkies,,,kolbusopedia,no coordinate found,,
bus_kamalgazi,Kamalgazi,22.44678,88.39026,kolbusopedia;wbtc_routes;osm,coord: osm_stop; osm_stop node/6395690486 (fits 21/21 routes),osm_stop,high
bus_kamalpur,Kamalpur,22.26523,87.98214,kolbusopedia;wikidata,coord: wikidata; wikidata wikidata/Q60478747 (fits 2/2 routes),wikidata,high
bus_kamardanga,Kamardanga,,,kolbusopedia,no coordinate found,,
bus_kamarhati,Kamarhati,22.68102,88.37153,kolbusopedia;wbtc_routes;osm,"coord: osm_place; osm_place node/9266694049 (fits 23/28 routes); unique OSM town name: distance limits waived, detour and fold-back tests kept",osm_place,high
bus_kamarhati_rathtala,Kamarhati Rathtala,,,kolbusopedia,no coordinate found,,
bus_kamdebpur,Kamdebpur,22.81082,88.51105,kolbusopedia;wikidata,coord: wikidata; wikidata wikidata/Q61429795 (fits 3/4 routes),wikidata,high
bus_kamdebpur_2,Kamdebpur,22.81082,88.51105,kolbusopedia;wikidata,"coord: wikidata; split from bus_kamdebpur: same name, but on 1 route(s) its neighbours place it 15 km or more from the wikidata point that fits 3 other routes; wikidata wikidata/Q61429795 (fits 1/1 routes)",wikidata,medium
bus_kamduni_more,Kamduni More,,,kolbusopedia,"no coordinate found; wikidata wikidata/Q60615929 (fits 1/1 routes); wikidata coordinate 22.64015,88.52329 rejected: off-route on 1/1 routes",,
bus_kamina_more,Kamina More,22.50151,88.01506,kolbusopedia;wikidata,coord: wikidata; wikidata wikidata/Q60478500 (fits 1/1 routes),wikidata,medium
bus_kampa_more,Kampa More,22.93344,88.45708,kolbusopedia;osm,coord: osm_stop; osm_stop node/8179760524 (fits 1/1 routes),osm_stop,medium
bus_kanchantala,Kanchantala,,,kolbusopedia,no coordinate found,,
bus_kanchiara,Kanchiara,,,kolbusopedia,no coordinate found,,
bus_kanchkal,Kanchkal,,,kolbusopedia,no coordinate found,,
bus_kanchrapara,Kanchrapara,22.94624,88.45138,kolbusopedia;osm,"coord: osm_place; osm_place node/5088208928 (fits 2/2 routes); unique OSM town name: distance limits waived, detour and fold-back tests kept",osm_place,high
bus_kankinara,Kankinara,22.86397,88.40128,kolbusopedia;geonames,"coord: geonames; osm_place node/7630434488 (only OSM feature with this name); osm_place coordinate 22.86675,88.40559 rejected: off-route on 2/2 routes; geonames geonames/1268025 (fits 2/2 routes)",geonames,medium
bus_kankpul_more,Kankpul More,22.85672,88.62874,kolbusopedia;nominatim,coord: nominatim; nominatim way/1020562665 (fits 1/1 routes),nominatim,medium
bus_kankpul_school,Kankpul School,,,kolbusopedia,no coordinate found,,
bus_kankugachi,Kankugachi,,,kolbusopedia;wbtc_routes,no coordinate found,,
bus_kankurgachi,Kankurgachi,22.58021,88.39043,kolbusopedia;wbtc_routes;osm,coord: osm_stop; osm_stop node/13612096538 (fits 48/53 routes),osm_stop,high
bus_kanmari_bazar,Kanmari Bazar,,,kolbusopedia,no coordinate found,,
bus_kanmari_more,Kanmari More,,,kolbusopedia,no coordinate found,,
bus_kantala,Kantala,,,kolbusopedia;wbtc_routes,no coordinate found,,
bus_kantaltala,Kantaltala,,,kolbusopedia,"no coordinate found; osm_place node/10243773905 (only OSM feature with this name); osm_place coordinate 22.94246,88.64472 rejected: off-route on 1/1 routes",,
bus_kantamari,Kantamari,,,kolbusopedia,no coordinate found,,
bus_kantatala,Kantatala,,,kolbusopedia;wbtc_routes,no coordinate found,,
bus_kanthalberia,Kanthalberia,22.30423,88.69611,kolbusopedia;nominatim,coord: nominatim; nominatim node/7199853180 (fits 6/6 routes),nominatim,high
bus_kanthalberia_hospital_more,Kanthalberia Hospital More,,,kolbusopedia,no coordinate found,,
bus_kanthalia,Kanthalia,,,kolbusopedia,no coordinate found,,
bus_kanthalibar,Kanthalibar,,,kolbusopedia,no coordinate found,,
bus_kanthi,Kanthi,21.78846,87.73391,kolbusopedia;osm,"coord: osm_place; osm_place node/981983722 (only OSM feature with this name); unique OSM town name: distance limits waived, detour and fold-back tests kept",osm_place,high
bus_kanunamoyee,Kanunamoyee,,,wbtc_routes,no coordinate found,,
bus_kapathat,Kapathat,,,kolbusopedia,no coordinate found,,
bus_kapileshwar,Kapileshwar,,,kolbusopedia,no coordinate found,,
bus_kapileswarpur,Kapileswarpur,22.87235,88.83084,kolbusopedia;wikidata,coord: wikidata; wikidata wikidata/Q60615370 (fits 1/1 routes),wikidata,medium
bus_karaidanga,Karaidanga,,,kolbusopedia;wbtc_routes,no coordinate found,,
bus_karanjali,Karanjali,22.03121,88.24723,kolbusopedia;osm,coord: osm_place; osm_place node/10808942526 (fits 7/7 routes),osm_place,high
bus_karatberia,Karatberia,22.49775,88.06488,kolbusopedia;wikidata,coord: wikidata_fuzzy; wikidata_fuzzy wikidata/Q60478517 (fits 1/1 routes),wikidata_fuzzy,medium
bus_karbala,Karbala,22.53905,88.26775,kolbusopedia;wbtc_routes;nominatim,coord: nominatim; nominatim way/432746887 (fits 2/2 routes),nominatim,high
bus_karbala_more,Karbala More,,,kolbusopedia,no coordinate found,,
bus_karidanga,Karidanga,,,wbtc_routes,no coordinate found,,
bus_karigari_bhawan,Karigari Bhawan,22.55929,88.49154,kolbusopedia;osm,"coord: osm_any; osm_any way/514278916 (fits 5/5 routes); also spelled: Karigari Bhaban, Karigari Bhavan",osm_any,high
bus_karimpur,Karimpur,,,kolbusopedia,no coordinate found,,
bus_kartickpur,Kartickpur,,,kolbusopedia,no coordinate found,,
bus_kartikpur,Kartikpur,,,kolbusopedia,no coordinate found,,
bus_karunamoyee,Karunamoyee,22.58599,88.42091,kolbusopedia;wbtc_routes;osm,coord: osm_stop; osm_stop node/2460767454 (fits 37/44 routes),osm_stop,high
bus_karunamoyee_2,Karunamoyee,,,kolbusopedia;wbtc_routes,"no coordinate found; split from bus_karunamoyee: same name, but on bus_ac4b the osm_stop point is an out-and-back spike 12.8 km off the line between well-placed neighbours",,
bus_karunamoyee_3,Karunamoyee,,,kolbusopedia;wbtc_routes,"no coordinate found; split from bus_karunamoyee: same name, but on bus_m7b the osm_stop point is an out-and-back spike 12.8 km off the line between well-placed neighbours",,
bus_karunamoyee_unnayan_bhavan,Karunamoyee. Unnayan Bhavan,,,kolbusopedia;wbtc_routes,no coordinate found,,
bus_kasba,Kasba,,,kolbusopedia;wbtc_routes,no coordinate found,,
bus_kasba_post_office,Kasba Post Office,,,kolbusopedia,no coordinate found,,
bus_kasba_ps,Kasba PS,22.53097,88.39273,kolbusopedia;wbtc_routes;osm,coord: osm_any; osm_any way/149250571 (fits 9/15 routes),osm_any,high
bus_kasba_rathtala,Kasba Rathtala,,,kolbusopedia,no coordinate found,,
bus_kasba_thana,Kasba Thana,22.51959,88.37698,kolbusopedia;nominatim,coord: nominatim; nominatim node/10241822509 (fits 1/1 routes),nominatim,medium
bus_kashimpur,Kashimpur,,,kolbusopedia,no coordinate found,,
bus_kashinagar,Kashinagar,,,kolbusopedia,"no coordinate found; wikidata wikidata/Q61438671 (fits 2/2 routes); wikidata coordinate 22.08597,88.42355 rejected: off-route on 1/2 routes",,
bus_kashipur,Kashipur,22.56678,88.59343,kolbusopedia;wikidata,"coord: wikidata; osm_place node/10811929386 (fits 1/1 routes); osm_place coordinate 22.12379,88.33028 rejected: off-route on 1/1 routes; geonames geonames/1349036 (fits 1/1 routes); geonames coordinate 22.14926,88.13108 rejected: off-route on 1/1 routes; wikidata wikidata/Q61418121 (fits 1/1 routes)",wikidata,medium
bus_kashtodanga,Kashtodanga,22.96983,88.62935,kolbusopedia;osm,coord: osm_place; osm_place node/9387429233 (fits 1/1 routes),osm_place,medium
bus_katakhal,Katakhal,,,kolbusopedia,no coordinate found,,
bus_katalia,Katalia,,,kolbusopedia,no coordinate found,,
bus_katatala,Katatala,,,wbtc_routes,no coordinate found,,
bus_kathgola,Kathgola,,,kolbusopedia,no coordinate found,,
bus_kathilabar,Kathilabar,22.29277,88.01194,kolbusopedia;wikidata,coord: wikidata; wikidata wikidata/Q60478740 (fits 1/1 routes),wikidata,medium
bus_katiahat,Katiahat,,,kolbusopedia,no coordinate found,,
bus_katiahat_bazar,Katiahat Bazar,,,kolbusopedia,no coordinate found,,
bus_katlamari,Katlamari,,,kolbusopedia,no coordinate found,,
bus_katlia_more,Katlia More,22.61617,88.25384,kolbusopedia;nominatim,coord: nominatim; nominatim node/8128289701 (fits 5/5 routes),nominatim,high
bus_kaukepara,Kaukepara,22.69680,88.70074,kolbusopedia;wikidata,coord: wikidata; wikidata wikidata/Q60616021 (fits 1/1 routes),wikidata,medium
bus_kautala,Kautala,,,kolbusopedia,"no coordinate found; osm_place node/10819915729 (fits 1/1 routes); osm_place coordinate 22.06075,88.39408 rejected: off-route on 1/1 routes",,
bus_kayosa_bazar,Kayosa Bazar,,,kolbusopedia,no coordinate found,,
bus_kayrapur,Kayrapur,,,kolbusopedia,"no coordinate found; osm_place node/3149266052 (fits 1/1 routes); osm_place coordinate 22.79199,88.39235 rejected: off-route on 1/1 routes",,
bus_kazibari,Kazibari,,,kolbusopedia;wbtc_routes,no coordinate found,,
bus_kazibari_more,Kazibari More,,,wbtc_routes,no coordinate found,,
bus_kazipara,Kazipara,22.72265,88.50837,kolbusopedia;osm,coord: osm_place; osm_place node/310996032 (only OSM feature with this name),osm_place,high
bus_kazipara_2,Kazipara,,,kolbusopedia,"no coordinate found; split from bus_kazipara: same name, but on 1 route(s) its neighbours place it 15 km or more from the osm_place point that fits 2 other routes",,
bus_kazipara_depot,Kazipara Depot,,,kolbusopedia,no coordinate found,,
bus_kazipara_more,Kazipara More,,,kolbusopedia,no coordinate found,,
bus_kazipara_railgate,Kazipara Railgate,,,kolbusopedia,no coordinate found,,
bus_kbkc,KBKC,,,kolbusopedia;wbtc_routes,no coordinate found,,
bus_kedar_ashram,Kedar Ashram,,,kolbusopedia,no coordinate found,,
bus_kefayetkati,Kefayetkati,,,kolbusopedia,"no coordinate found; wikidata wikidata/Q60616150 (fits 1/1 routes); wikidata coordinate 22.72276,88.8654 rejected: off-route on 1/1 routes",,
bus_kemia_more,Kemia More,,,kolbusopedia,no coordinate found,,
bus_kendua,Kendua,22.47675,88.38102,kolbusopedia;nominatim,coord: nominatim; nominatim node/11300039718 (fits 2/2 routes),nominatim,high
bus_kendua_bazar,Kendua Bazar,,,kolbusopedia,no coordinate found,,
bus_keorapukur,Keorapukur,22.46466,88.33533,kolbusopedia;osm,coord: osm_fuzzy; osm_fuzzy node/8989489802 (fits 8/8 routes),osm_fuzzy,medium
bus_kestopur,Kestopur,22.60382,88.42428,kolbusopedia;wbtc_routes;osm,coord: osm_stop; osm_stop node/2453444462 (fits 90/90 routes); also spelled: Keshtopur,osm_stop,high
bus_kestopur_bazar,Kestopur Bazar,,,kolbusopedia,no coordinate found,,
bus_kestor_more,Kestor More,,,kolbusopedia;wbtc_routes,no coordinate found,,
bus_keutia,Keutia,22.82444,88.43142,kolbusopedia;wikidata,coord: wikidata; wikidata wikidata/Q60615772 (fits 1/1 routes),wikidata,medium
bus_khadinan,Khadinan,22.47355,87.97695,kolbusopedia;wikidata,coord: wikidata; wikidata wikidata/Q60652195 (fits 1/1 routes),wikidata,medium
bus_khalisani,Khalisani,22.51251,88.13012,kolbusopedia;nominatim,coord: nominatim; nominatim node/4402145589 (fits 1/1 routes),nominatim,medium
bus_khalna_bazar,Khalna Bazar,,,kolbusopedia,no coordinate found,,
bus_khalor,Khalor,22.45805,87.97420,kolbusopedia;wikidata,coord: wikidata; wikidata wikidata/Q2135459 (fits 1/1 routes),wikidata,medium
bus_khalore_more,Khalore More,22.45807,87.97285,kolbusopedia;nominatim,coord: nominatim; nominatim way/914719916 (fits 3/3 routes),nominatim,high
bus_khalpol,Khalpol,,,kolbusopedia,no coordinate found,,
bus_khandalia,Khandalia,22.25895,88.10776,kolbusopedia;osm,coord: osm_place; osm_place node/10828813115 (fits 1/1 routes),osm_place,medium
bus_khanna,Khanna,,,kolbusopedia;wbtc_routes,no coordinate found,,
bus_khanna_cinema,Khanna Cinema,,,kolbusopedia,no coordinate found,,
bus_kharagpur_chowrangee,Kharagpur Chowrangee,,,kolbusopedia,no coordinate found,,
bus_kharampur,Kharampur,22.52765,88.84047,kolbusopedia;wikidata,coord: wikidata; wikidata wikidata/Q60616581 (fits 1/1 routes),wikidata,medium
bus_khardah,Khardah,22.72529,88.37282,kolbusopedia;osm,coord: osm_any; osm_any way/535333466 (fits 4/4 routes),osm_any,high
bus_khardaha,Khardaha,22.71570,88.38158,kolbusopedia;wbtc_routes;osm,"coord: osm_place; osm_place node/2876929392 (fits 5/5 routes); unique OSM town name: distance limits waived, detour and fold-back tests kept",osm_place,high
bus_khardaha_municipality,khardaha Municipality,,,kolbusopedia;wbtc_routes,no coordinate found,,
bus_khardha,Khardha,,,kolbusopedia;wbtc_routes,no coordinate found,,
bus_khardha_bazar,Khardha Bazar,,,kolbusopedia;wbtc_routes,no coordinate found,,
bus_khargram,Khargram,,,kolbusopedia,no coordinate found,,
bus_kharibari,Kharibari,22.64630,88.55204,kolbusopedia;osm,coord: osm_place; osm_place node/12129001889 (fits 4/4 routes),osm_place,high
bus_khariberia,Khariberia,22.39792,88.27737,kolbusopedia;wbtc_routes;osm,coord: osm_place; osm_place node/10690542584 (fits 16/16 routes),osm_place,high
bus_kharuberia,Kharuberia,,,kolbusopedia,no coordinate found,,
bus_khashmallik,Khashmallik,22.37798,88.42135,kolbusopedia;osm,coord: osm_place; osm_place node/10601959230 (fits 1/1 routes),osm_place,medium
bus_khasmallick,Khasmallick,,,kolbusopedia;wbtc_routes,no coordinate found,,
bus_khasnan,Khasnan,22.53982,87.99696,kolbusopedia;wikidata,coord: wikidata; wikidata wikidata/Q60478188 (fits 1/1 routes),wikidata,medium
bus_khaspur,Khaspur,,,kolbusopedia,no coordinate found,,
bus_khatpool,Khatpool,,,kolbusopedia,no coordinate found,,
bus_khatura_bazar,Khatura Bazar,,,kolbusopedia,no coordinate found,,
bus_khejurdaha,Khejurdaha,22.56618,87.92506,kolbusopedia;wikidata,coord: wikidata_fuzzy; wikidata_fuzzy wikidata/Q60478130 (fits 1/1 routes),wikidata_fuzzy,medium
bus_khejurtala,Khejurtala,,,kolbusopedia,no coordinate found,,
bus_kheriberia,Kheriberia,,,wbtc_routes,no coordinate found,,
bus_khiddirpor,Khiddirpor,22.53538,88.32061,wbtc_routes;osm,coord: osm_bn; osm_bn node/1562324630 (fits 1/1 routes),osm_bn,medium
bus_khiddirpur,Khiddirpur,22.53762,88.31582,kolbusopedia;wbtc_routes;osm,coord: osm_place; osm_place node/4284367432 (fits 2/4 routes); also spelled: Khidirpur,osm_place,high
bus_khiderpur,Khiderpur,22.53538,88.32061,kolbusopedia;wbtc_routes;osm,coord: osm_bn; osm_bn node/1562324630 (fits 18/18 routes); also spelled: Khidderpur,osm_bn,medium
bus_khiderpur_tram_depot,Khiderpur Tram Depot,,,kolbusopedia;wbtc_routes,no coordinate found,,
bus_khidirpore,Khidirpore,22.53538,88.32061,kolbusopedia;wbtc_routes;osm,coord: osm_bn; osm_bn node/1562324630 (fits 3/3 routes),osm_bn,medium
bus_khila,Khila,22.67159,88.00495,kolbusopedia;nominatim,coord: nominatim; nominatim way/972623782 (fits 1/1 routes),nominatim,medium
bus_khilkapur,Khilkapur,22.76249,88.48790,kolbusopedia;wikidata,coord: wikidata; wikidata wikidata/Q60615801 (fits 3/4 routes),wikidata,high
bus_kholakhali_hat,Kholakhali Hat,,,kolbusopedia,no coordinate found,,
bus_kholapota,Kholapota,22.68170,88.81060,kolbusopedia;osm,coord: osm_place; osm_place node/7155823639 (fits 5/6 routes),osm_place,high
bus_khorop,Khorop,,,kolbusopedia,no coordinate found,,
bus_khosdelpur,Khosdelpur,22.81590,88.61496,kolbusopedia;wikidata,coord: wikidata_fuzzy; wikidata_fuzzy wikidata/Q60615628 (fits 5/5 routes),wikidata_fuzzy,medium
bus_khotirbazar,Khotirbazar,,,kolbusopedia,no coordinate found,,
bus_khudiram_park_sarsuna,Khudiram Park (Sarsuna),,,wbtc_routes,no coordinate found,,
bus_khulna,Khulna,,,kolbusopedia,"no coordinate found; wikidata wikidata/Q23002063 (fits 1/1 routes); wikidata coordinate 22.34753,88.91378 rejected: off-route on 1/1 routes",,
bus_kidderpore,Kidderpore,22.53538,88.32061,kolbusopedia;wbtc_routes;osm,"coord: osm_place; osm_place node/1562324630 (fits 58/59 routes); also spelled: Khidderpore, Khiderpore",osm_place,high
bus_kilkhana,Kilkhana,,,kolbusopedia,no coordinate found,,
bus_kirtonkhola_sashan_bazar,Kirtonkhola Sashan Bazar,,,kolbusopedia,no coordinate found,,
bus_kishorimohonpur,Kishorimohonpur,,,kolbusopedia,no coordinate found,,
bus_kokapur,Kokapur,22.75418,88.44280,kolbusopedia;wbtc_routes;wikidata,coord: wikidata; wikidata wikidata/Q17067632 (fits 5/5 routes),wikidata,high
bus_kolaghat,Kolaghat,22.43446,87.88136,kolbusopedia;osm,"coord: osm_place; osm_place node/981983511 (fits 12/13 routes); unique OSM town name: distance limits waived, detour and fold-back tests kept",osm_place,high
bus_kolashim_bazar,Kolashim Bazar,,,kolbusopedia,no coordinate found; also spelled: Kolashim bazar,,
bus_kolia_more,Kolia More,,,kolbusopedia,"no coordinate found; wikidata wikidata/Q61335500 (fits 1/1 routes); wikidata coordinate 22.25264,88.11706 rejected: off-route on 1/1 routes",,
bus_kolkata_leather_complex,Kolkata Leather Complex,22.49703,88.51676,kolbusopedia;osm,coord: osm_any; osm_any way/421284603 (fits 3/4 routes),osm_any,high
bus_kolkata_station,Kolkata Station,22.60151,88.38221,kolbusopedia;wbtc_routes;osm,coord: osm_stop; osm_stop node/4175410289 (fits 7/7 routes); also spelled: Kolkata Stn,osm_stop,high
bus_kona,Kona,22.61847,88.29688,kolbusopedia;osm,coord: osm_place; osm_place node/3706024736 (fits 1/1 routes),osm_place,medium
bus_kona_express,Kona Express,22.58597,88.28261,kolbusopedia;wbtc_routes;osm,coord: stop_variant; stop_variant stop/bus_kona_expressway (fits 2/2 routes),stop_variant,medium
bus_kona_expressway,Kona Expressway,22.58597,88.28261,kolbusopedia;osm,coord: osm_landmark; osm_landmark way/1506771478 (fits 1/1 routes),osm_landmark,medium
bus_kona_expressway_crossing_nibra,Kona Expressway Crossing (Nibra),,,kolbusopedia,"no coordinate found; also spelled: Kona Expressway Xing (Nibra), Kona expressway crossing (Nibra)",,
bus_kona_expressway_more,Kona Expressway More,22.58597,88.28261,kolbusopedia;osm,coord: osm_landmark; osm_landmark way/1506771478 (fits 1/1 routes),osm_landmark,medium
bus_kona_high_road,Kona high road,,,kolbusopedia,no coordinate found,,
bus_kona_more,Kona More,,,kolbusopedia,no coordinate found,,
bus_kona_xing,Kona Xing,22.61792,88.30429,kolbusopedia;nominatim,coord: nominatim; nominatim node/3706024736 (fits 1/1 routes),nominatim,medium
bus_korapara,Korapara,,,kolbusopedia,no coordinate found,,
bus_kotoputa,Kotoputa,,,kolbusopedia,no coordinate found,,
bus_kowgachi,Kowgachi,,,kolbusopedia,no coordinate found,,
bus_krishnachandrapur,Krishnachandrapur,,,kolbusopedia,"no coordinate found; osm_place node/10790576405 (fits 1/2 routes); osm_place coordinate 22.11911,88.42948 rejected: off-route on 1/2 routes",,
bus_krishnamati,Krishnamati,22.65432,88.53038,kolbusopedia;wikidata,coord: wikidata; wikidata wikidata/Q60615922 (fits 2/2 routes),wikidata,high
bus_krishnanagar,Krishnanagar,23.40585,88.49589,kolbusopedia;osm,"coord: osm_place; wikidata wikidata/Q6437459 (fits 4/5 routes); wikidata coordinate 22.8633,88.72497 replaced by the only OSM town or city with this name; osm_place town Krishnanagar (only OSM town or city with this name); unique OSM town name: distance limits waived, detour and fold-back tests kept",osm_place,high
bus_krishnanagar_2,Krishnanagar,,,kolbusopedia,"no coordinate found; split from bus_krishnanagar: same name, but on 2 route(s) its neighbours place it 15 km or more from the osm_place point that fits 3 other routes",,
bus_kudghat,Kudghat,22.48137,88.34582,kolbusopedia;wbtc_routes;osm,coord: osm_stop; osm_stop node/3157361872 (fits 7/8 routes); name also used for a different place on other routes (see split ids),osm_stop,high
bus_kudghat_2,Kudghat,,,kolbusopedia;wbtc_routes,no coordinate found; split from bus_kudghat: same name used about 15.5 km away on other routes,,
bus_kulepairi,Kulepairi,22.52800,87.92965,kolbusopedia;wikidata,coord: wikidata; wikidata wikidata/Q60478619 (fits 1/1 routes),wikidata,medium
bus_kulgachia,Kulgachia,22.47209,88.02060,kolbusopedia;osm,coord: osm_place; osm_place node/6186391878 (fits 1/1 routes),osm_place,high
bus_kuli,Kuli,,,kolbusopedia,no coordinate found,,
bus_kuliagarh,Kuliagarh,,,kolbusopedia,no coordinate found,,
bus_kulpi,Kulpi,22.07284,88.24470,kolbusopedia;osm,coord: osm_place; osm_place node/2482140770 (fits 10/11 routes),osm_place,high
bus_kulpukur,Kulpukur,,,kolbusopedia,no coordinate found,,
bus_kultali,Kultali,22.08644,88.59412,kolbusopedia;osm,coord: osm_place; osm_place node/7154436573 (only OSM feature with this name),osm_place,high
bus_kultali_2,Kultali,,,kolbusopedia,"no coordinate found; split from bus_kultali: same name, but on 3 route(s) its neighbours place it 15 km or more from the osm_place point that fits 2 other routes",,
bus_kultali_bazar,Kultali Bazar,,,kolbusopedia,no coordinate found,,
bus_kumarchak,Kumarchak,,,kolbusopedia,no coordinate found,,
bus_kumirmari_bazar,Kumirmari Bazar,,,kolbusopedia,no coordinate found,,
bus_kumorpally,Kumorpally,,,kolbusopedia,no coordinate found,,
bus_kundghat,Kundghat,,,kolbusopedia;wbtc_routes,no coordinate found,,
bus_kundubari,Kundubari,,,kolbusopedia,no coordinate found,,
bus_kurchi,Kurchi,,,kolbusopedia,no coordinate found,,
bus_kushangra,Kushangra,22.51514,88.71214,kolbusopedia;wikidata,coord: wikidata; wikidata wikidata/Q60616482 (fits 3/3 routes),wikidata,high
bus_kustia_more,Kustia More,22.52341,88.37968,kolbusopedia;osm,coord: osm_place; osm_place node/1326048103 (fits 6/6 routes),osm_place,high
bus_kwic,KWIC,,,wbtc_routes,no coordinate found,,
bus_laboni,Laboni,22.58297,88.40562,kolbusopedia;wbtc_routes;osm,coord: osm_stop; osm_stop node/2460843429 (fits 5/5 routes); also spelled: Labony,osm_stop,high
bus_labony_estate,Labony Estate,,,kolbusopedia,no coordinate found,,
bus_ladhurka,Ladhurka,,,kolbusopedia,no coordinate found,,
bus_lake_gardens,Lake Gardens,22.50690,88.35502,kolbusopedia;wbtc_routes;osm,coord: osm_place; osm_place node/6955697648 (fits 14/19 routes); also spelled: LAKE GARDENS,osm_place,high
bus_lake_mall,Lake Mall,22.51646,88.34885,kolbusopedia;wbtc_routes;osm,coord: osm_landmark; osm_landmark way/542099210 (fits 10/10 routes),osm_landmark,high
bus_lake_road,Lake Road,22.51093,88.36612,kolbusopedia;nominatim,coord: nominatim; nominatim way/118351837 (fits 1/1 routes),nominatim,medium
bus_lake_town_jaya_cinema,Lake Town (Jaya Cinema),22.59942,88.40640,wbtc_routes;osm,coord: osm_stop; osm_stop node/12129049529 (fits 1/1 routes),osm_stop,medium
bus_lake_town_jessore_road,Lake Town Jessore Road,22.60959,88.39805,kolbusopedia;nominatim,coord: nominatim; nominatim way/190651555 (fits 1/1 routes),nominatim,medium
bus_lake_town_xing,Lake Town Xing,22.60573,88.40296,kolbusopedia;wbtc_routes;nominatim,coord: nominatim; nominatim node/2012850135 (fits 2/2 routes),nominatim,high
bus_laketown,Laketown,22.59942,88.40640,kolbusopedia;wbtc_routes;osm,coord: osm_stop; osm_stop node/12129049529 (fits 97/99 routes); also spelled: Lake Town,osm_stop,high
bus_laketown_vip,Laketown(VIP),22.60975,88.40264,kolbusopedia;osm,"coord: osm_stop; osm_stop node/5080788784 (fits 7/7 routes); also spelled: Lake Town VIP, Laketown VIP",osm_stop,high
bus_lakshmi_more,Lakshmi More,21.83988,88.45040,kolbusopedia;nominatim,coord: nominatim; nominatim node/10801043247 (fits 1/1 routes),nominatim,medium
bus_lakshmikantapur_station,Lakshmikantapur Station,,,kolbusopedia,no coordinate found,,
bus_lal_bazar,Lal bazar,,,kolbusopedia;wbtc_routes,"no coordinate found; also spelled: LalBazar, Lalbazar",,
bus_lalbaba_college,Lalbaba College,22.63649,88.35177,kolbusopedia;osm,coord: osm_any; osm_any way/358149914 (fits 2/2 routes),osm_any,high
bus_lalbari,Lalbari,,,kolbusopedia,no coordinate found,,
bus_lalkuthi,Lalkuthi,22.76680,88.36905,kolbusopedia;wbtc_routes;nominatim,coord: nominatim; nominatim node/1618893475 (fits 4/7 routes); also spelled: Lal Kuthi,nominatim,high
bus_lalpur,Lalpur,,,kolbusopedia,"no coordinate found; osm_place node/10790522485 (fits 2/2 routes); osm_place coordinate 22.13321,88.42282 rejected: off-route on 1/2 routes",,
bus_langalberia,Langalberia,22.38272,88.40036,kolbusopedia;osm,coord: osm_fuzzy; osm_fuzzy node/10595889025 (fits 1/1 routes),osm_fuzzy,medium
bus_langalpota,Langalpota,22.62449,88.50655,kolbusopedia;geonames,coord: stop_variant; stop_variant stop/bus_langolpota (fits 1/1 routes),stop_variant,medium
bus_langolpota,Langolpota,22.62449,88.50655,kolbusopedia;geonames,coord: geonames; geonames geonames/9036614 (fits 4/4 routes),geonames,medium
bus_lansdowne,Lansdowne,22.52591,88.35254,kolbusopedia;nominatim,coord: nominatim; nominatim way/1192799745 (fits 15/15 routes),nominatim,high
bus_lansdowne_crossing,Lansdowne Crossing,22.51419,88.35289,kolbusopedia;nominatim,coord: nominatim; nominatim way/1523449017 (fits 1/1 routes),nominatim,medium
bus_lauhati,Lauhati,22.61000,88.51528,kolbusopedia;wikidata,coord: wikidata; wikidata wikidata/Q137392743 (fits 5/6 routes),wikidata,high
bus_laxmi_bazar,Laxmi Bazar,,,kolbusopedia,no coordinate found,,
bus_layalka,Layalka,22.48554,88.36961,kolbusopedia;nominatim,coord: nominatim; nominatim way/120724210 (fits 2/2 routes),nominatim,high
bus_leather_complex,Leather Complex,22.49711,88.51590,kolbusopedia;wbtc_routes;nominatim,coord: nominatim; nominatim way/421284603 (fits 7/10 routes),nominatim,high
bus_lebukhali,Lebukhali,,,kolbusopedia,"no coordinate found; osm_place node/10795371057 (only OSM feature with this name); osm_place coordinate 22.27444,88.73631 rejected: off-route on 2/2 routes",,
bus_lebutala,Lebutala,,,kolbusopedia,"no coordinate found; osm_place node/5746250306 (only OSM feature with this name); osm_place coordinate 22.6667,88.63994 rejected: off-route on 1/1 routes",,
bus_leninnagar,Leninnagar,,,kolbusopedia,"no coordinate found; osm_place node/3129550609 (only OSM feature with this name); osm_place coordinate 22.81686,88.36759 rejected: off-route on 7/7 routes",,
bus_library_more,Library More,,,kolbusopedia,no coordinate found,,
bus_liluah,Liluah,22.62090,88.33940,kolbusopedia;wbtc_routes;osm,coord: osm_place; osm_place node/664468000 (fits 1/2 routes),osm_place,medium
bus_liluah_station,Liluah Station,,,kolbusopedia,"no coordinate found; osm_place node/664468000 (fits 2/2 routes); osm_place coordinate 22.6209,88.3394 rejected: off-route on 1/2 routes",,
bus_lock_gate,Lock Gate,,,wbtc_routes,no coordinate found,,
bus_lohapoll,Lohapoll,,,wbtc_routes,no coordinate found,,
bus_lokenath_mandir,Lokenath Mandir,,,kolbusopedia,no coordinate found; also spelled: Lokenath mandir,,
bus_lords_more,Lords More,22.50158,88.35866,kolbusopedia;wbtc_routes;osm,coord: osm_any; osm_any node/2435785981 (fits 9/9 routes),osm_any,high
bus_m_g_road,M.G. Road,22.57974,88.35682,kolbusopedia;wbtc_routes;wikidata,"coord: wikidata; wikidata wikidata/Q6733522 (fits 87/88 routes); also spelled: M.G Road, M.G. road, M.G.Road, MG Rd, MG Road",wikidata,high
bus_m_g_road_crossing,M.G Road crossing,,,kolbusopedia;wbtc_routes,"no coordinate found; also spelled: M.G Road Crossing, M.G. Road Xing, M.G.Road Xing",,
bus_m_l_gupta_road,M.L.Gupta Road,,,kolbusopedia,no coordinate found,,
bus_m_r_bangur_hospital,M.R Bangur Hospital,22.49923,88.34645,kolbusopedia;wbtc_routes;osm,coord: osm_landmark; osm_landmark way/118667313 (fits 6/6 routes),osm_landmark,high
bus_machhalandapur,Machhalandapur,22.85635,88.74689,kolbusopedia;osm,coord: stop_variant; stop_variant stop/bus_machhlandapur (fits 1/1 routes),stop_variant,medium
bus_machhlandapur,Machhlandapur,,,kolbusopedia,"no coordinate found; osm_place node/8999697069 (fits 2/2 routes); unique OSM town name: distance limits waived, detour and fold-back tests kept; osm_place coordinate 22.85635,88.74689 rejected: off-route on 1/2 routes",,
bus_machhlandapur_station,Machhlandapur Station,,,kolbusopedia,"no coordinate found; osm_place node/8999697069 (fits 1/2 routes); osm_place coordinate 22.85635,88.74689 rejected: off-route on 1/2 routes",,
bus_madartala,Madartala,22.62773,88.73857,kolbusopedia;wikidata,coord: wikidata; wikidata wikidata/Q60616385 (fits 2/2 routes),wikidata,high
bus_madhabpur,Madhabpur,,,kolbusopedia,no coordinate found,,
bus_madhabpur_more,Madhabpur More,22.04659,88.56576,kolbusopedia;osm,coord: osm_place; osm_place node/10793000952 (fits 1/1 routes),osm_place,medium
bus_madhusankati,Madhusankati,,,kolbusopedia,no coordinate found,,
bus_madhyamgram,Madhyamgram,22.69888,88.46769,kolbusopedia;wbtc_routes;osm,"coord: osm_place; osm_place node/9299718241 (fits 24/28 routes); unique OSM town name: distance limits waived, detour and fold-back tests kept",osm_place,high
bus_madhyamgram_chowmatha,Madhyamgram Chowmatha,22.69239,88.46541,kolbusopedia;wbtc_routes;osm,coord: osm_landmark; osm_landmark node/570084754 via alias 'Madhyamgram Choumatha' (fits 18/20 routes); also spelled: Madhyamgram chowmatha,osm_landmark,high
bus_madhyamgram_chowrasta,Madhyamgram Chowrasta,,,wbtc_routes,no coordinate found,,
bus_madhyamgram_chowrasta_xing,Madhyamgram Chowrasta Xing,,,kolbusopedia;wbtc_routes,no coordinate found,,
bus_madirtala,Madirtala,,,wbtc_routes,no coordinate found,,
bus_magra_bazar,Magra Bazar,,,kolbusopedia,no coordinate found,,
bus_magurkhali,Magurkhali,22.84700,88.58518,kolbusopedia;wikidata,coord: wikidata; wikidata wikidata/Q60615596 (fits 1/1 routes),wikidata,medium
bus_magurkhali_bridge,Magurkhali Bridge,,,wbtc_routes,no coordinate found,,
bus_mahabirtala,Mahabirtala,,,kolbusopedia;wbtc_routes,no coordinate found; also spelled: MAHABIRTALA,,
bus_mahamayatala,Mahamayatala,,,kolbusopedia,no coordinate found,,
bus_mahishali_jagadishpur_more,Mahishali Jagadishpur More,,,kolbusopedia,no coordinate found,,
bus_mahishbathan,Mahishbathan,22.57869,88.45492,kolbusopedia;wbtc_routes;wikidata,"coord: wikidata; wikidata wikidata/Q60616401 (fits 9/11 routes); also spelled: Mahisbatan, Mahisbathan",wikidata,high
bus_mahishgari,Mahishgari,,,kolbusopedia,no coordinate found,,
bus_mahishrekha,Mahishrekha,,,kolbusopedia,no coordinate found,,
bus_mahjerhat,Mahjerhat,,,kolbusopedia,no coordinate found,,
bus_maidan,Maidan,22.55001,88.34513,kolbusopedia;wbtc_routes;osm,coord: osm_place; osm_place node/6134509064 (fits 47/47 routes),osm_place,high
bus_maidan_metro,Maidan Metro,22.54944,88.34889,kolbusopedia;wbtc_routes;wikidata,coord: wikidata; wikidata wikidata/Q6735340 (fits 74/74 routes),wikidata,high
bus_maipith,Maipith,,,kolbusopedia,"no coordinate found; osm_place node/10793125187 (only OSM feature with this name); osm_place coordinate 21.91894,88.54912 rejected: off-route on 1/1 routes",,
bus_maipith_bazar,Maipith Bazar,,,kolbusopedia,no coordinate found,,
bus_maipith_coastal,Maipith Coastal,,,kolbusopedia,no coordinate found,,
bus_maiti_para,Maiti Para,,,kolbusopedia;wbtc_routes,"no coordinate found; also spelled: Maiti para, Maitypara",,
bus_maitrobagan,Maitrobagan,,,kolbusopedia,no coordinate found,,
bus_majherhat,Majherhat,22.51910,88.32289,kolbusopedia;wbtc_routes;osm,coord: osm_place; osm_place node/6186215510 (fits 64/64 routes); also spelled: Majerhat,osm_place,high
bus_majlishpur,Majlishpur,22.62008,88.58868,kolbusopedia;wikidata,coord: wikidata; wikidata wikidata/Q60615946 (fits 1/1 routes),wikidata,medium
bus_makardah,Makardah,,,kolbusopedia,no coordinate found,,
bus_makardaha,Makardaha,22.62869,88.23668,kolbusopedia;wbtc_routes;osm,coord: osm_place; osm_place node/3706067006 (fits 8/9 routes),osm_place,high
bus_makrampur,Makrampur,,,kolbusopedia,"no coordinate found; osm_place node/10595924794 (only OSM feature with this name); osm_place coordinate 22.41908,88.52023 rejected: off-route on 1/1 routes",,
bus_malancha,Malancha,22.50823,88.76886,kolbusopedia;wbtc_routes;wikidata,coord: wikidata; wikidata wikidata/Q55621859 (fits 16/23 routes); name also used for a different place on other routes (see split ids),wikidata,high
bus_malancha_2,Malancha,,,kolbusopedia;wbtc_routes,no coordinate found; split from bus_malancha: same name used about 40.6 km away on other routes,,
bus_malancha_cinema,Malancha Cinema,,,kolbusopedia,no coordinate found,,
bus_malancha_phari,Malancha Phari,,,kolbusopedia,no coordinate found,,
bus_malangapara,Malangapara,22.81899,88.85837,kolbusopedia;nominatim,coord: nominatim; nominatim node/13871486201 (fits 2/3 routes),nominatim,high
bus_malapara,Malapara,,,kolbusopedia,no coordinate found,,
bus_malatipur,Malatipur,22.65168,88.76260,kolbusopedia;osm,coord: osm_place; osm_place node/5746249430 (fits 2/2 routes),osm_place,high
bus_malipanchghara,Malipanchghara,,,kolbusopedia,no coordinate found,,
bus_malipota,Malipota,,,kolbusopedia,no coordinate found,,
bus_mallick_bazar,Mallick Bazar,22.54680,88.36140,kolbusopedia;osm,coord: osm_place; osm_place node/3406900467 (fits 31/32 routes); also spelled: Mallickbazar,osm_place,high
bus_mallick_fatak,Mallick Fatak,,,kolbusopedia,no coordinate found,,
bus_mallickbari,Mallickbari,,,kolbusopedia,"no coordinate found; osm_any way/823960680 (only OSM feature with this name); osm_any coordinate 22.68072,88.36615 rejected: off-route on 1/1 routes",,
bus_mallickpur,Mallickpur,,,kolbusopedia,no coordinate found,,
bus_mallickpur_tematha,Mallickpur Tematha,,,kolbusopedia,no coordinate found,,
bus_mallikbagan,Mallikbagan,,,kolbusopedia,no coordinate found; also spelled: Malikbagan,,
bus_mallikbazar,Mallikbazar,22.54680,88.36140,kolbusopedia;osm,coord: osm_bn; osm_bn node/3406900467 (fits 1/1 routes),osm_bn,medium
bus_malncha,Malncha,,,kolbusopedia;wbtc_routes,no coordinate found,,
bus_mamudpur,Mamudpur,,,kolbusopedia,no coordinate found,,
bus_manasabari_bazar,Manasabari Bazar,,,kolbusopedia,no coordinate found,,
bus_manashatala,Manashatala,,,kolbusopedia,no coordinate found,,
bus_mandabtala,Mandabtala,22.14753,88.31528,kolbusopedia;osm,coord: osm_place; osm_place node/10811646800 (fits 1/1 routes),osm_place,medium
bus_mandalerhat,Mandalerhat,,,kolbusopedia,no coordinate found,,
bus_mandalganthi,Mandalganthi,22.74216,88.51545,kolbusopedia;wikidata,coord: wikidata; wikidata wikidata/Q60615833 (fits 1/1 routes),wikidata,medium
bus_mandalpur,Mandalpur,,,kolbusopedia,no coordinate found,,
bus_mandir_gate,Mandir Gate,,,kolbusopedia,no coordinate found,,
bus_mandirbazar,Mandirbazar,22.16330,88.32580,kolbusopedia;wikidata,"coord: wikidata; osm_place node/7154427177 (fits 2/2 routes); osm_place coordinate 22.16215,88.31967 rejected: off-route on 1/2 routes; wikidata wikidata/Q85638339 (fits 2/2 routes)",wikidata,high
bus_mandirtala,Mandirtala,22.56994,88.31765,kolbusopedia;wbtc_routes;osm,coord: osm_any; osm_any node/3888681031 (fits 5/6 routes),osm_any,high
bus_mani_square,Mani Square,22.57784,88.40057,kolbusopedia;wbtc_routes;nominatim,coord: nominatim; nominatim way/191129904 (fits 24/24 routes); also spelled: Mani square,nominatim,high
bus_manicktala,Manicktala,22.58415,88.37890,kolbusopedia;wbtc_routes;osm,coord: osm_landmark; osm_landmark node/2168547540 (fits 21/22 routes),osm_landmark,high
bus_manigaon,Manigaon,,,kolbusopedia,no coordinate found,,
bus_manikpir,Manikpir,,,kolbusopedia,no coordinate found,,
bus_manikpir_bazar,Manikpir Bazar,,,kolbusopedia,no coordinate found; also spelled: Manikpir bazar,,
bus_manikpir_more,Manikpir More,,,kolbusopedia,no coordinate found,,
bus_manikpur,Manikpur,,,kolbusopedia,no coordinate found,,
bus_maniktala,Maniktala,22.58809,88.38528,kolbusopedia;wbtc_routes;osm,coord: osm_place; osm_place node/1307115411 (fits 54/65 routes),osm_place,high
bus_mankur_more,Mankur More,22.46848,87.97180,kolbusopedia;nominatim,coord: nominatim; nominatim way/1156034211 (fits 2/2 routes),nominatim,high
bus_manoharpukur,Manoharpukur,22.51983,88.35010,kolbusopedia;osm,coord: osm_place; osm_place node/1589754222 (fits 1/1 routes),osm_place,medium
bus_manton,Manton,22.49486,88.31661,kolbusopedia;wbtc_routes;osm,coord: osm_stop; osm_stop node/11971705760 (fits 16/16 routes),osm_stop,high
bus_marine_college,MARINE COLLEGE,,,wbtc_routes,no coordinate found,,
bus_mashat_market,Mashat Market,,,kolbusopedia,no coordinate found,,
bus_masjidbati,Masjidbati,22.17605,88.76270,kolbusopedia;wikidata,coord: wikidata; wikidata wikidata/Q61422387 (fits 1/1 routes),wikidata,medium
bus_matapara,Matapara,,,kolbusopedia,no coordinate found,,
bus_matgaran,Matgaran,22.17660,88.73414,kolbusopedia;osm,coord: osm_place; osm_place node/10794699054 (fits 1/1 routes),osm_place,medium
bus_matharani_more,Matharani More,,,kolbusopedia,no coordinate found,,
bus_mathbari,Mathbari,22.47694,88.76111,kolbusopedia;geonames,coord: geonames; geonames geonames/1349324 (fits 4/6 routes),geonames,medium
bus_mathkal,Mathkal,22.65199,88.40223,kolbusopedia;wbtc_routes;nominatim,coord: nominatim; nominatim node/12743629101 (fits 11/11 routes),nominatim,high
bus_mathkol,Mathkol,,,kolbusopedia,no coordinate found,,
bus_mathpukur,Mathpukur,22.54867,88.40052,kolbusopedia;wbtc_routes;osm,coord: osm_stop; osm_stop node/2461251724 (fits 13/13 routes),osm_stop,high
bus_mathrangi,Mathrangi,22.76195,88.42942,kolbusopedia;wbtc_routes;wikidata,coord: wikidata_fuzzy; wikidata_fuzzy wikidata/Q61434929 (fits 4/4 routes),wikidata_fuzzy,medium
bus_mathrangi_more,Mathrangi More,,,kolbusopedia,no coordinate found,,
bus_mathurapur_station,Mathurapur Station,22.42691,88.44419,kolbusopedia;osm,"coord: osm_place; osm_place node/569633075 (fits 1/1 routes); osm_place coordinate 22.12027,88.39433 rejected: off-route on 2/2 routes; nominatim node/5768054601 (fits 2/2 routes); nominatim coordinate 22.14054,88.39057 rejected: off-route on 1/2 routes; osm_place node/10595953710 (fits 2/2 routes); also spelled: Mathurapur station",osm_place,high
bus_matia_bridge,Matia Bridge,,,kolbusopedia,no coordinate found,,
bus_matiabruz,Matiabruz,22.54357,88.26793,kolbusopedia;osm,coord: stop_variant; stop_variant stop/bus_metiabruz (fits 3/4 routes),stop_variant,medium
bus_matikumra,Matikumra,22.91316,88.73352,kolbusopedia;wikidata,coord: wikidata_fuzzy; wikidata_fuzzy wikidata/Q60615226 (fits 1/1 routes),wikidata_fuzzy,medium
bus_matla_bridge,Matla Bridge,22.30559,88.67934,kolbusopedia;nominatim,coord: nominatim; nominatim way/1000403817 (fits 5/5 routes),nominatim,high
bus_mayapur,Mayapur,,,kolbusopedia,"no coordinate found; osm_place town Mayapur (only OSM town or city with this name); unique OSM town name: distance limits waived, detour and fold-back tests kept; osm_place coordinate 23.42278,88.38788 rejected: off-route on 1/1 routes",,
bus_mayo_road,Mayo Road,22.55861,88.34907,kolbusopedia;wbtc_routes;nominatim,coord: nominatim; nominatim way/135461217 (fits 16/16 routes); also spelled: Mayo Rd,nominatim,high
bus_mayo_road_crossing,Mayo Road crossing,22.55861,88.34907,kolbusopedia;wbtc_routes;nominatim,coord: nominatim; nominatim way/135461217 (fits 4/4 routes),nominatim,high
bus_mayramahal,Mayramahal,,,kolbusopedia,no coordinate found,,
bus_mayukh_bhaban,Mayukh Bhaban,22.59054,88.41876,kolbusopedia;wbtc_routes;osm,coord: osm_any; osm_any way/357520942 (fits 3/3 routes); also spelled: Mayukh Bhawan,osm_any,high
bus_mazompur,Mazompur,22.60442,88.65112,kolbusopedia;wikidata,coord: wikidata_fuzzy; wikidata_fuzzy wikidata/Q60616324 (fits 1/1 routes),wikidata_fuzzy,medium
bus_mecheda,Mecheda,,,kolbusopedia,"no coordinate found; osm_any way/944754356 (fits 13/13 routes); osm_any coordinate 22.41358,87.85698 rejected: off-route on 11/13 routes",,
bus_mechogram,Mechogram,,,kolbusopedia,no coordinate found,,
bus_medica_hospital,Medica Hospital,22.49410,88.40100,kolbusopedia;wbtc_routes;nominatim,coord: nominatim; nominatim way/224927481 (fits 18/18 routes),nominatim,high
bus_medical_college,Medical College,22.57222,88.36144,kolbusopedia;wbtc_routes;osm,coord: osm_landmark; osm_landmark node/1189036837 via alias 'Calcutta Medical College & Hospital' (fits 25/25 routes),osm_landmark,high
bus_meherani,Meherani,23.18749,88.94621,kolbusopedia;wikidata,coord: wikidata; wikidata wikidata/Q60614959 (fits 1/1 routes),wikidata,medium
bus_menton,Menton,,,wbtc_routes,no coordinate found,,
bus_metekhali,Metekhali,,,kolbusopedia,no coordinate found,,
bus_metiabruj,Metiabruj,22.54357,88.26793,kolbusopedia;wbtc_routes;osm,coord: stop_variant; stop_variant stop/bus_metiabruz (fits 1/2 routes),stop_variant,medium
bus_metiabruz,Metiabruz,22.54357,88.26793,kolbusopedia;osm,coord: osm_place; osm_place node/10692982851 (fits 6/8 routes),osm_place,high
bus_metiabruz_rail_line_more,Metiabruz Rail line more,,,kolbusopedia;wbtc_routes,no coordinate found,,
bus_metiabruz_super_speciality_hospital,Metiabruz Super speciality hospital,,,kolbusopedia;wbtc_routes,no coordinate found,,
bus_metiakhali_bazar,Metiakhali Bazar,,,kolbusopedia,no coordinate found,,
bus_metro_cash_and_carry,Metro cash and carry,22.49676,88.39894,kolbusopedia;osm,coord: osm_stop; osm_stop node/11971705724 (fits 3/3 routes); also spelled: Metro Cash & Carry,osm_stop,high
bus_metropolitan,Metropolitan,22.55239,88.40640,kolbusopedia;osm,coord: osm_stop; osm_stop node/2461216050 (fits 3/3 routes),osm_stop,high
bus_mg_road_metro,MG Road Metro,22.58086,88.36140,kolbusopedia;wikidata,coord: wikidata; wikidata wikidata/Q6733523 (fits 2/2 routes),wikidata,high
bus_michael_nagar,Michael Nagar,22.67640,88.44200,kolbusopedia;wbtc_routes;wikidata,coord: wikidata; wikidata wikidata/Q133322011 (fits 16/18 routes); also spelled: Michaelnagar,wikidata,high
bus_mickel_nagar,Mickel Nagar,,,kolbusopedia;wbtc_routes,no coordinate found; also spelled: Mickelnagar,,
bus_middle_rd,Middle Rd,,,wbtc_routes,no coordinate found,,
bus_midnapore_town,Midnapore Town,,,kolbusopedia,no coordinate found,,
bus_milan_more,Milan More,22.73506,88.35609,kolbusopedia;nominatim,coord: nominatim; nominatim way/1528993861 (fits 3/5 routes),nominatim,high
bus_milk_colony,Milk Colony,,,kolbusopedia,no coordinate found,,
bus_minakhan,Minakhan,22.50994,88.72816,kolbusopedia;wbtc_routes;osm,coord: osm_place; osm_place node/7155801870 (only OSM feature with this name),osm_place,high
bus_mint,Mint,22.51597,88.32295,wbtc_routes;osm,coord: osm_stop; osm_stop node/2075106755 (fits 1/1 routes),osm_stop,medium
bus_minto_park,Minto Park,22.54181,88.35472,kolbusopedia;wbtc_routes;osm,coord: osm_landmark; osm_landmark way/111639732 (fits 65/65 routes); also spelled: Minto park,osm_landmark,high
bus_mirhati,Mirhati,,,kolbusopedia,"no coordinate found; osm_place node/9679511540 (only OSM feature with this name); osm_place coordinate 22.77528,88.49735 rejected: off-route on 1/1 routes",,
bus_mirhati_more,Mirhati More,22.77528,88.49735,kolbusopedia;osm,coord: osm_place; osm_place node/9679511540 (fits 3/3 routes),osm_place,high
bus_mission_pally,Mission Pally,22.43973,88.41805,kolbusopedia;nominatim,coord: nominatim; nominatim way/797568205 (fits 1/1 routes),nominatim,medium
bus_mission_row_xing,Mission Row Xing,22.56962,88.35327,wbtc_routes;nominatim,coord: nominatim; nominatim way/360501152 (fits 1/1 routes),nominatim,medium
bus_mistry_gate,Mistry Gate,,,kolbusopedia;wbtc_routes,no coordinate found,,
bus_mitekhali,Mitekhali,,,kolbusopedia,no coordinate found,,
bus_mithpukuria,Mithpukuria,22.63020,88.58687,kolbusopedia;wikidata,coord: wikidata; wikidata wikidata/Q60615945 (fits 1/1 routes),wikidata,medium
bus_mittirchak,Mittirchak,,,kolbusopedia,no coordinate found,,
bus_mohani_more,Mohani More,,,kolbusopedia,no coordinate found; also spelled: Mohani more,,
bus_mohanpur,Mohanpur,,,kolbusopedia;wbtc_routes,no coordinate found,,
bus_mohirampur,Mohirampur,22.31859,88.13225,kolbusopedia;osm,coord: osm_fuzzy; osm_fuzzy node/10821113455 (fits 1/1 routes),osm_fuzzy,medium
bus_mollarchak,Mollarchak,22.14678,88.47083,kolbusopedia;osm,coord: osm_fuzzy; osm_fuzzy node/10592295165 (fits 2/2 routes),osm_fuzzy,medium
bus_mollargate,Mollargate,,,kolbusopedia;wbtc_routes,no coordinate found; also spelled: Mollar Gate,,
bus_mominpore,Mominpore,22.52705,88.32610,kolbusopedia;wbtc_routes;osm,coord: osm_stop; osm_stop node/1274128863 (fits 63/63 routes),osm_stop,high
bus_mominpur,Mominpur,22.52459,88.32188,kolbusopedia;wbtc_routes;osm,coord: osm_place; osm_place node/1562324608 (fits 26/26 routes); also spelled: MOMINPUR,osm_place,high
bus_momonpore,Momonpore,,,kolbusopedia;wbtc_routes,no coordinate found,,
bus_mondolpara,Mondolpara,22.99306,88.78663,kolbusopedia;wikidata,coord: wikidata_fuzzy; wikidata_fuzzy wikidata/Q60615247 (fits 1/1 routes),wikidata_fuzzy,medium
bus_mondongathi,Mondongathi,,,kolbusopedia,no coordinate found,,
bus_mondonkathi,Mondonkathi,,,kolbusopedia,no coordinate found,,
bus_mondonpara,Mondonpara,,,kolbusopedia,no coordinate found,,
bus_mondourie,Mondourie,,,kolbusopedia,no coordinate found,,
bus_moninpor,Moninpor,,,wbtc_routes,no coordinate found,,
bus_moonbeam,Moonbeam,22.63012,88.46740,kolbusopedia;nominatim,coord: nominatim; nominatim way/238828993 (fits 4/4 routes),nominatim,high
bus_morshal,Morshal,,,kolbusopedia,no coordinate found,,
bus_mosat,Mosat,,,kolbusopedia,no coordinate found,,
bus_motigunge,Motigunge,,,kolbusopedia,no coordinate found,,
bus_moubesia,Moubesia,22.42537,88.09806,kolbusopedia;nominatim,coord: nominatim; nominatim node/8127645115 (fits 1/1 routes),nominatim,medium
bus_moulai,Moulai,,,kolbusopedia,no coordinate found,,
bus_moulali,Moulali,,,kolbusopedia;wbtc_routes,no coordinate found; also spelled: MOULALI,,
bus_moulali_more,Moulali More,,,kolbusopedia;wbtc_routes,no coordinate found,,
bus_mourigram,Mourigram,,,kolbusopedia,"no coordinate found; osm_place node/1499489039 (only OSM feature with this name); osm_place coordinate 22.58027,88.25603 rejected: off-route on 5/6 routes",,
bus_moyna,Moyna,,,kolbusopedia,no coordinate found,,
bus_moyna_checkpost,Moyna Checkpost,,,kolbusopedia,no coordinate found,,
bus_moynagarh,Moynagarh,,,kolbusopedia,no coordinate found,,
bus_muchibazar,Muchibazar,,,kolbusopedia;wbtc_routes,no coordinate found,,
bus_muchighata,Muchighata,,,kolbusopedia,no coordinate found,,
bus_muchipara,Muchipara,22.48727,88.33209,kolbusopedia;osm,coord: osm_any; osm_any node/6152945567 (fits 2/2 routes),osm_any,high
bus_muchipara_xing,Muchipara Xing,,,wbtc_routes,no coordinate found,,
bus_mudiali,Mudiali,22.51008,88.34654,kolbusopedia;wbtc_routes;nominatim,coord: nominatim; nominatim node/10083307830 (fits 2/2 routes),nominatim,high
bus_mudiali_more,Mudiali More,,,kolbusopedia,no coordinate found,,
bus_muduali,Muduali,,,kolbusopedia;wbtc_routes,no coordinate found,,
bus_mugkalyan,Mugkalyan,22.41260,87.97740,kolbusopedia;nominatim,coord: nominatim; nominatim node/7199853382 (fits 4/4 routes),nominatim,high
bus_mukundapur,Mukundapur,22.49206,88.39677,kolbusopedia;wbtc_routes;osm,coord: osm_route; OSM node/11971705746 on route relation,osm_route,high
bus_mullickbazar,Mullickbazar,22.54680,88.36140,kolbusopedia;osm,coord: stop_variant; stop_variant stop/bus_mallick_bazar (fits 1/1 routes),stop_variant,medium
bus_municipality,Municipality,,,kolbusopedia;wbtc_routes,"no coordinate found; osm_any node/4567623237 (only OSM feature with this name); osm_any coordinate 22.49908,88.2277 rejected: off-route on 2/2 routes",,
bus_munshibazar,Munshibazar,,,kolbusopedia,no coordinate found,,
bus_munshirhat,Munshirhat,22.64903,88.09545,kolbusopedia;osm,coord: osm_place; osm_place node/1420381941 (fits 3/3 routes); also spelled: Munsirhat,osm_place,high
bus_muragacha,Muragacha,22.69450,88.41658,kolbusopedia;wikidata,coord: wikidata; wikidata wikidata/Q61436318 (fits 4/4 routes); also spelled: Muragachha,wikidata,high
bus_murarisha_chowmatha,Murarisha Chowmatha,,,kolbusopedia,no coordinate found,,
bus_murarishah_chowmatha,Murarishah Chowmatha,,,kolbusopedia,no coordinate found,,
bus_muthurapur,Muthurapur,,,kolbusopedia,"no coordinate found; wikidata wikidata/Q60615778 (fits 1/1 routes); wikidata coordinate 22.79567,88.40225 rejected: off-route on 1/1 routes",,
bus_n_s_h_m_campus,N.S.H.M. Campus,,,kolbusopedia,no coordinate found,,
bus_nababharati,Nababharati,,,kolbusopedia,no coordinate found,,
bus_nabadiganta,Nabadiganta,22.57664,88.43897,kolbusopedia;osm,coord: osm_stop; osm_stop node/12076417115 (fits 1/1 routes),osm_stop,medium
bus_nabadiganta_bus_terminus,Nabadiganta Bus Terminus,22.57664,88.43897,kolbusopedia;osm,coord: osm_stop; osm_stop node/12076417115 (fits 2/2 routes),osm_stop,high
bus_nabagram,Nabagram,22.33225,88.07632,kolbusopedia;wikidata,coord: wikidata; wikidata wikidata/Q60478801 (fits 1/1 routes),wikidata,medium
bus_nabanna,Nabanna,22.56757,88.31370,kolbusopedia;wbtc_routes;osm,coord: osm_any; osm_any node/7595143913 (fits 9/11 routes),osm_any,high
bus_nabanna_bus_terminus,Nabanna Bus Terminus,22.56757,88.31370,kolbusopedia;wbtc_routes;osm,coord: osm_any; osm_any node/7595143913 (fits 10/10 routes),osm_any,high
bus_nabatkati,Nabatkati,22.80410,88.94170,kolbusopedia;wikidata,coord: wikidata; wikidata wikidata/Q60615435 (fits 1/1 routes),wikidata,medium
bus_nachinda,Nachinda,21.87380,87.75216,kolbusopedia;osm,coord: osm_place; osm_place node/6815864144 (fits 1/1 routes),osm_place,medium
bus_nadial,Nadial,22.55535,88.26331,kolbusopedia;wbtc_routes;nominatim,coord: nominatim; nominatim way/428916418 (fits 2/2 routes),nominatim,high
bus_nafargange,Nafargange,22.10147,88.66353,kolbusopedia;wikidata,"coord: wikidata_fuzzy; osm_place node/10794729332 (only OSM feature with this name); osm_place coordinate 22.10879,88.65419 rejected: off-route on 1/1 routes; wikidata_fuzzy wikidata/Q61434761 (fits 1/1 routes)",wikidata_fuzzy,medium
bus_nagar_kachua,Nagar Kachua,22.71490,88.70916,kolbusopedia;wikidata,coord: wikidata; wikidata wikidata/Q60616235 (fits 1/1 routes),wikidata,medium
bus_nagarukhra,Nagarukhra,22.92278,88.65071,kolbusopedia;osm,"coord: osm_landmark; osm_place node/9182612241 (fits 2/2 routes); unique OSM town name: distance limits waived, detour and fold-back tests kept; osm_place coordinate 22.93724,88.63959 rejected: off-route on 1/2 routes; osm_landmark relation/20259291 (fits 2/2 routes)",osm_landmark,high
bus_nagarukhra_more,Nagarukhra More,22.84451,88.65994,kolbusopedia;osm,coord: osm_landmark; osm_landmark node/570071603 (fits 1/1 routes),osm_landmark,medium
bus_nagerbazar,Nagerbazar,22.62281,88.41413,kolbusopedia;wbtc_routes;osm,coord: osm_route; OSM node/1554595779 on route relation; also spelled: Nager Bazar,osm_route,high
bus_nahata,Nahata,,,kolbusopedia,no coordinate found,,
bus_naihati,Naihati,22.88661,88.42420,kolbusopedia;osm,"coord: osm_place; osm_place node/570090082 (fits 4/4 routes); unique OSM town name: distance limits waived, detour and fold-back tests kept",osm_place,high
bus_naihati_bus_terminus,Naihati Bus terminus,22.88661,88.42420,kolbusopedia;wbtc_routes;osm,coord: osm_place; osm_place node/570090082 (fits 2/3 routes),osm_place,high
bus_naihati_station,Naihati Station,22.88661,88.42420,kolbusopedia;osm,coord: osm_place; osm_place node/570090082 (fits 2/3 routes),osm_place,high
bus_nainan,Nainan,,,kolbusopedia,"no coordinate found; osm_place node/10828759292 (fits 1/1 routes); osm_place coordinate 22.26664,88.09373 rejected: off-route on 1/1 routes",,
bus_najirpur,Najirpur,,,kolbusopedia,no coordinate found,,
bus_najrul_tirtha,Najrul Tirtha,22.58199,88.44849,kolbusopedia;wikidata,coord: wikidata; wikidata wikidata/Q17118225 (fits 2/2 routes),wikidata,high
bus_nakpul,Nakpul,,,kolbusopedia,no coordinate found,,
bus_nakpul_bazar,Nakpul Bazar,,,kolbusopedia,no coordinate found,,
bus_naktala,Naktala,22.47387,88.36197,kolbusopedia;wbtc_routes;osm,coord: osm_stop; osm_stop node/6541624085 (fits 15/16 routes),osm_stop,high
bus_naktala_garia,Naktala ( Garia ),22.47387,88.36197,kolbusopedia;osm,coord: osm_stop; osm_stop node/6541624085 (fits 1/1 routes),osm_stop,medium
bus_nalmuri,Nalmuri,22.49102,88.59746,kolbusopedia;wbtc_routes;osm,coord: osm_place; osm_place node/10661661590 (only OSM feature with this name),osm_place,high
bus_namkhana,Namkhana,21.75847,88.23426,kolbusopedia;osm,coord: osm_place; osm_place node/245699652 (fits 3/3 routes),osm_place,high
bus_namkhana_station,Namkhana Station,21.77177,88.23899,kolbusopedia;osm,coord: osm_place; osm_place node/1865955434 (fits 1/1 routes),osm_place,medium
bus_nandakumar,Nandakumar,,,kolbusopedia,"no coordinate found; osm_place node/2083264431 (fits 13/13 routes); osm_place coordinate 22.19426,87.92588 rejected: off-route on 11/13 routes",,
bus_nandi_bagan,Nandi Bagan,22.50935,88.38532,kolbusopedia;wikidata,coord: wikidata; wikidata wikidata/Q61438908 (fits 1/1 routes),wikidata,medium
bus_nandibari,Nandibari,,,kolbusopedia,no coordinate found,,
bus_nanu_babur_bazar,Nanu Babur Bazar,,,kolbusopedia;wbtc_routes,no coordinate found,,
bus_narayana_hospital,Narayana Hospital,,,kolbusopedia,"no coordinate found; osm_stop node/7592867220 (fits 13/14 routes); osm_stop coordinate 22.56772,88.2704 rejected: off-route on 12/14 routes",,
bus_narayanpur,Narayanpur,,,kolbusopedia,no coordinate found,,
bus_narayanpur_more,Narayanpur More,,,wbtc_routes,no coordinate found,,
bus_narayantala,Narayantala,22.27070,88.68751,kolbusopedia;wikidata,"coord: wikidata; osm_place node/10795416560 (fits 1/1 routes); osm_place coordinate 22.26794,88.69616 rejected: off-route on 3/3 routes; wikidata wikidata/Q60626088 (fits 3/3 routes)",wikidata,high
bus_narendrapur,Narendrapur,22.43911,88.39675,kolbusopedia;wbtc_routes;osm,coord: osm_place; osm_place node/10594604929 (fits 9/9 routes),osm_place,high
bus_narendrapur_ramkrishna_mission,Narendrapur Ramkrishna Mission,,,kolbusopedia;wbtc_routes,no coordinate found; also spelled: Narendrapur Ramkrishna mission,,
bus_narikelabar,Narikelabar,22.29324,88.03280,kolbusopedia;wikidata,coord: wikidata; wikidata wikidata/Q60478739 (fits 1/1 routes),wikidata,medium
bus_narit,Narit,,,kolbusopedia,no coordinate found,,
bus_narit_more,Narit More,,,kolbusopedia,no coordinate found,,
bus_narkelbagan,Narkelbagan,22.57858,88.47167,kolbusopedia;wbtc_routes;osm,"coord: osm_landmark; osm_landmark node/2453010683 (fits 61/65 routes); also spelled: NARKELBAGAN, Narkel Bagan",osm_landmark,high
bus_narkelbagan_biswa_bangla,Narkelbagan (Biswa Bangla),22.57858,88.47167,kolbusopedia;wbtc_routes;osm,coord: osm_landmark; osm_landmark node/2453010683 (fits 4/4 routes),osm_landmark,high
bus_narkelbagn,Narkelbagn,22.57858,88.47167,kolbusopedia;wbtc_routes;osm,coord: stop_variant; stop_variant stop/bus_narkelbagan (fits 1/1 routes),stop_variant,medium
bus_naskarpara,Naskarpara,,,kolbusopedia,no coordinate found,,
bus_nataberia,Nataberia,23.17317,88.73400,kolbusopedia;nominatim,coord: nominatim; nominatim node/7199743027 (fits 1/1 routes),nominatim,medium
bus_natagachi,Natagachi,,,kolbusopedia,"no coordinate found; osm_place node/10595645571 (fits 1/1 routes); osm_place coordinate 22.42866,88.48024 rejected: off-route on 1/1 routes",,
bus_natagarh,Natagarh,,,kolbusopedia,no coordinate found,,
bus_natun_rasta,Natun Rasta,,,kolbusopedia,no coordinate found,,
bus_natun_rastar_more,Natun Rastar More,,,kolbusopedia,no coordinate found,,
bus_natunhat,Natunhat,,,kolbusopedia,no coordinate found,,
bus_natunpukur,Natunpukur,,,kolbusopedia,no coordinate found,,
bus_nature_park,Nature Park,,,kolbusopedia;wbtc_routes,"no coordinate found; osm_any node/1588194355 (only OSM feature with this name); osm_any coordinate 22.98856,88.47953 rejected: off-route on 11/11 routes",,
bus_nawabpur,Nawabpur,22.62105,88.47242,kolbusopedia;wbtc_routes;wikidata,coord: wikidata; wikidata wikidata/Q61434890 (fits 10/10 routes); also spelled: Nababpur,wikidata,high
bus_nayabad,Nayabad,22.48549,88.41736,kolbusopedia;wbtc_routes;geonames,coord: geonames; geonames geonames/9036264 (fits 4/5 routes),geonames,medium
bus_nazat,Nazat,22.46820,88.82500,kolbusopedia;nominatim,coord: nominatim; nominatim node/7199853363 (fits 3/3 routes),nominatim,high
bus_nazirgunge,Nazirgunge,,,kolbusopedia,"no coordinate found; osm_stop node/7597502637 (only OSM feature with this name); osm_stop coordinate 22.55698,88.28199 rejected: off-route on 3/4 routes; also spelled: Nazir Gange",,
bus_nazrul_tirtha,Nazrul Tirtha,22.58195,88.44851,kolbusopedia;osm,coord: osm_landmark; osm_landmark node/2464357889 (fits 3/3 routes),osm_landmark,high
bus_neelgunge,Neelgunge,22.76161,88.42930,kolbusopedia;wbtc_routes;osm,coord: osm_place; osm_place node/11335820909 (fits 5/5 routes); also spelled: Nilgunge,osm_place,high
bus_neilgunj,Neilgunj,,,kolbusopedia;wbtc_routes,"no coordinate found; stop_variant stop/bus_neelgunge (fits 1/1 routes); stop_variant coordinate 22.76161,88.4293 rejected: off-route on 1/1 routes",,
bus_nepalgunge,Nepalgunge,,,kolbusopedia,no coordinate found,,
bus_netaji_nagar,Netaji Nagar,22.48083,88.36000,kolbusopedia;wbtc_routes;wikidata,coord: wikidata; wikidata wikidata/Q17048291 (fits 22/22 routes),wikidata,high
bus_new_alipore,New Alipore,22.51053,88.33543,kolbusopedia;wbtc_routes;osm,coord: osm_place; osm_place node/6955697629 (fits 24/24 routes); also spelled: NEWALIPORE,osm_place,high
bus_new_alipore_petrol_pump,New Alipore Petrol pump,22.50903,88.33284,kolbusopedia;wbtc_routes;osm,coord: osm_stop; osm_stop node/11971705766 (fits 7/7 routes); also spelled: New Alipore Petrol Pump,osm_stop,high
bus_new_barrackpore,New Barrackpore,22.68642,88.44463,kolbusopedia;wbtc_routes;osm,"coord: osm_place; osm_place node/2378518670 (fits 12/12 routes); unique OSM town name: distance limits waived, detour and fold-back tests kept",osm_place,high
bus_new_barrackpur_b_t_college,New Barrackpur B.T. College,,,kolbusopedia;wbtc_routes,no coordinate found,,
bus_new_bus_stand,New Bus stand,,,kolbusopedia;wbtc_routes,no coordinate found,,
bus_new_garia_metro,New garia metro,22.49086,88.39586,kolbusopedia;nominatim,coord: nominatim; nominatim way/1210496763 (fits 1/1 routes),nominatim,medium
bus_new_karola,New Karola,,,kolbusopedia,no coordinate found,,
bus_new_kolora,New Kolora,,,kolbusopedia,no coordinate found,,
bus_new_market,New Market,22.55957,88.35395,kolbusopedia;osm,coord: osm_landmark; osm_landmark node/2814549255 (fits 3/3 routes),osm_landmark,high
bus_new_town_bus_depot,New Town Bus Depot,22.58266,88.45392,osm,"coord: osm_route; OSM node/3157361873, stop added from OSM-only route",osm_route,high
bus_newtown,Newtown,22.58161,88.45273,kolbusopedia;wbtc_routes;osm,"coord: osm_stop; osm_stop node/5044212195 (fits 64/65 routes); also spelled: NEWTOWN, New Town",osm_stop,high
bus_newtown_bus_stand,Newtown Bus Stand,22.57868,88.47486,kolbusopedia;wbtc_routes;nominatim,"coord: nominatim; nominatim way/1111940095 (fits 10/17 routes); also spelled: New Town Bus Stand, New town bus stand, Newtown Bus stand, Newtown bus stand",nominatim,high
bus_newtown_bus_terminus,Newtown Bus Terminus,22.58161,88.45273,kolbusopedia;osm,coord: osm_stop; osm_stop node/5044212195 (fits 2/2 routes),osm_stop,high
bus_nh6,NH6,,,wbtc_routes,no coordinate found,,
bus_nibra,Nibra,,,kolbusopedia,no coordinate found,,
bus_nibra_crossing,Nibra Crossing,,,kolbusopedia,no coordinate found,,
bus_nibra_more,Nibra More,,,kolbusopedia,no coordinate found,,
bus_nicco_park,Nicco Park,22.57215,88.42083,kolbusopedia;wbtc_routes;osm,"coord: osm_stop; osm_stop node/2461169194 (fits 22/24 routes); also spelled: NICCO PARK, NICCO Park, Nicco park",osm_stop,high
bus_nilgaunj,Nilgaunj,22.76161,88.42930,kolbusopedia;wbtc_routes;osm,coord: osm_bn; osm_bn node/11335820909 (fits 2/3 routes),osm_bn,medium
bus_nilgaunj_depot,Nilgaunj Depot,,,kolbusopedia;wbtc_routes,no coordinate found,,
bus_nilgunge_bazar,Nilgunge Bazar,,,wbtc_routes,no coordinate found,,
bus_nilgunge_depot,Nilgunge Depot,,,kolbusopedia;wbtc_routes,no coordinate found; also spelled: Nilgunj Depot,,
bus_nilgunge_hat,Nilgunge Hat,,,kolbusopedia,no coordinate found,,
bus_nilgunge_hut,Nilgunge Hut,,,kolbusopedia,no coordinate found,,
bus_nilgunge_road,Nilgunge Road,22.74825,88.41973,kolbusopedia;osm,coord: osm_landmark; osm_landmark way/397777335 (fits 1/1 routes),osm_landmark,medium
bus_nima_terasta,Nima Terasta,,,kolbusopedia,no coordinate found,,
bus_nimchabari,Nimchabari,,,wbtc_routes,no coordinate found,,
bus_nimchi,Nimchi,22.54285,88.79742,kolbusopedia;wikidata,coord: wikidata; wikidata wikidata/Q60616503 (fits 1/1 routes),wikidata,medium
bus_nimchi_bazar,Nimchi Bazar,,,kolbusopedia,no coordinate found,,
bus_nimdighi,Nimdighi,,,kolbusopedia,no coordinate found; also spelled: Neemdighi,,
bus_nimpith,Nimpith,22.15721,88.43978,kolbusopedia;osm,coord: osm_place; osm_place node/7154436574 (fits 1/1 routes),osm_place,high
bus_nimta,Nimta,22.66721,88.38648,kolbusopedia;wbtc_routes;nominatim,coord: nominatim; nominatim way/215409878 (fits 3/4 routes),nominatim,high
bus_nimta_bazar,Nimta Bazar,22.65366,88.39735,kolbusopedia;nominatim,coord: nominatim; nominatim node/12743632301 (fits 2/3 routes),nominatim,high
bus_nimtala,Nimtala,,,kolbusopedia,"no coordinate found; osm_place node/8871440542 (fits 2/3 routes); osm_place coordinate 22.98157,88.65995 rejected: off-route on 3/3 routes",,
bus_nimtala_ghat,Nimtala Ghat,22.59355,88.35171,kolbusopedia;osm,coord: osm_any; osm_any node/1189457743 (fits 2/2 routes),osm_any,high
bus_nimtala_ghat_st,Nimtala Ghat St,22.59231,88.35656,wbtc_routes;nominatim,coord: nominatim; nominatim way/1127839390 (fits 1/1 routes),nominatim,medium
bus_nimtouri,Nimtouri,,,kolbusopedia,no coordinate found,,
bus_nirdeshkhali,Nirdeshkhali,,,kolbusopedia,no coordinate found,,
bus_nirman,Nirman,22.84229,88.88141,kolbusopedia;wikidata,coord: wikidata; wikidata wikidata/Q60615409 (fits 4/4 routes),wikidata,high
bus_nischintapur,Nischintapur,21.97343,88.21424,kolbusopedia;osm,coord: osm_place; osm_place node/1865957614 (fits 1/2 routes),osm_place,medium
bus_nischintipur,Nischintipur,21.97343,88.21424,kolbusopedia;osm,coord: osm_bn; osm_bn node/1865957614 (fits 3/3 routes),osm_bn,medium
bus_nityanandakati,Nityanandakati,22.82058,88.94503,kolbusopedia;wikidata,coord: wikidata; wikidata wikidata/Q60615427 (fits 1/1 routes),wikidata,medium
bus_noapara,Noapara,,,kolbusopedia,no coordinate found,,
bus_nodakhali,Nodakhali,22.39447,88.17761,kolbusopedia;wikidata,coord: wikidata; wikidata wikidata/Q60623153 (fits 2/2 routes),wikidata,high
bus_nonachandanpukur,Nonachandanpukur,22.76661,88.37740,kolbusopedia;nominatim,coord: nominatim; nominatim node/9019229456 (fits 2/3 routes),nominatim,high
bus_nonapukur,Nonapukur,22.55043,88.36286,kolbusopedia;osm,coord: osm_stop; osm_stop node/4170884119 (fits 1/1 routes),osm_stop,medium
bus_noongola,Noongola,,,kolbusopedia,no coordinate found,,
bus_noorpur,Noorpur,,,kolbusopedia,no coordinate found,,
bus_norghat,Norghat,,,kolbusopedia,no coordinate found,,
bus_norja_more,Norja More,,,kolbusopedia,no coordinate found,,
bus_north_gate,North Gate,,,kolbusopedia;wbtc_routes,no coordinate found,,
bus_notun_rastar_more,Notun Rastar More,22.58432,88.30782,kolbusopedia;osm,coord: osm_fuzzy; osm_fuzzy node/8247079607 (fits 1/1 routes),osm_fuzzy,medium
bus_noul_bazar,Noul Bazar,,,kolbusopedia,no coordinate found,,
bus_novotel,Novotel,22.57958,88.46158,kolbusopedia;osm,coord: osm_any; osm_any node/2464548358 (fits 1/1 routes),osm_any,medium
bus_nrs_hospital,NRS Hospital,22.56490,88.36844,kolbusopedia;wbtc_routes;osm,coord: osm_stop; osm_stop node/13607194259 (fits 6/6 routes),osm_stop,high
bus_nunchapota,Nunchapota,,,kolbusopedia,no coordinate found,,
bus_nungi,Nungi,22.49730,88.22140,wbtc_routes;wikidata,coord: wikidata; wikidata wikidata/Q6468093 (fits 1/1 routes),wikidata,medium
bus_nungi_more,Nungi More,22.49730,88.22140,kolbusopedia;wbtc_routes;wikidata,coord: wikidata; wikidata wikidata/Q6468093 (fits 4/4 routes); also spelled: Nungimore,wikidata,high
bus_nuntia,Nuntia,,,kolbusopedia,no coordinate found,,
bus_nuntia_more,Nuntia More,,,kolbusopedia,no coordinate found,,
bus_nutan_para,Nutan para,22.48454,88.30628,kolbusopedia;wbtc_routes;osm,coord: osm_fuzzy; osm_fuzzy node/11971705756 (fits 2/2 routes),osm_fuzzy,medium
bus_old_dakghar,Old Dakghar,,,kolbusopedia,no coordinate found,,
bus_om_dayal,Om Dayal,,,kolbusopedia,no coordinate found,,
bus_ongc_more,ONGC More,,,kolbusopedia,no coordinate found,,
bus_p_a_sha_connector,P.A Sha Connector,,,kolbusopedia,no coordinate found,,
bus_p_a_sha_rd,P A Sha Rd,,,wbtc_routes,no coordinate found,,
bus_p_t_s_danersekh_lane,P.T.S. Danersekh Lane,,,wbtc_routes,no coordinate found,,
bus_p_t_s_more,P.T.S. More,22.53835,88.33646,kolbusopedia;wbtc_routes;osm,coord: osm_landmark; osm_landmark way/122925156 via alias 'Kolkata Police Training School' (fits 37/38 routes); also spelled: PTS More,osm_landmark,high
bus_pabnapara,Pabnapara,,,kolbusopedia,no coordinate found,,
bus_padmalavpur,Padmalavpur,,,kolbusopedia,"no coordinate found; geonames geonames/1348678 (fits 1/1 routes); geonames coordinate 22.83722,88.47361 rejected: off-route on 1/1 routes",,
bus_padmapukur,Padmapukur,,,kolbusopedia;wbtc_routes,no coordinate found; name also used for a different place on other routes (see split ids),,
bus_padmapukur_2,Padmapukur,,,kolbusopedia;wbtc_routes,no coordinate found; split from bus_padmapukur: same name used about 18.7 km away on other routes,,
bus_padmapukur_more,Padmapukur More,,,kolbusopedia;wbtc_routes,no coordinate found,,
bus_padmerhat_hospital,Padmerhat Hospital,22.24487,88.44739,kolbusopedia;nominatim,coord: nominatim; nominatim node/7199853222 (fits 1/1 routes),nominatim,medium
bus_paechar_more_owl_more,Paechar More (Owl More),22.60540,88.46925,kolbusopedia;osm,coord: osm_bn; osm_bn node/11127999745 (fits 1/1 routes),osm_bn,medium
bus_paglahat,Paglahat,,,kolbusopedia;wbtc_routes,no coordinate found,,
bus_paglarhat,Paglarhat,,,kolbusopedia;wbtc_routes,no coordinate found,,
bus_paharpur,Paharpur,22.51667,88.28333,kolbusopedia;wbtc_routes;geonames,coord: geonames; geonames geonames/1260869 (fits 4/4 routes),geonames,medium
bus_paikpara,Paikpara,22.61605,88.37910,kolbusopedia;wbtc_routes;osm,coord: osm_stop; osm_stop node/8855449577 (fits 2/2 routes),osm_stop,high
bus_pailan,Pailan,22.42930,88.30690,kolbusopedia;wbtc_routes;wikidata,coord: wikidata; wikidata wikidata/Q104867798 (fits 23/29 routes),wikidata,high
bus_pakapole,Pakapole,,,kolbusopedia,no coordinate found,,
bus_pakdaha,Pakdaha,22.67679,88.57142,kolbusopedia;wikidata,coord: wikidata; wikidata wikidata/Q60615902 (fits 1/1 routes),wikidata,medium
bus_palashipara,Palashipara,,,kolbusopedia,no coordinate found,,
bus_palbazar,Palbazar,,,kolbusopedia,no coordinate found,,
bus_palbazar_jadavpur_station,Palbazar (Jadavpur Station),,,kolbusopedia,no coordinate found,,
bus_pallagram,Pallagram,,,kolbusopedia,no coordinate found,,
bus_palmer_bazar,Palmer Bazar,22.56282,88.37800,kolbusopedia;nominatim,coord: nominatim; nominatim way/112492263 (fits 10/11 routes),nominatim,high
bus_palta,Palta,22.78255,88.37134,kolbusopedia;osm,coord: osm_place; osm_place node/1616546521 (fits 1/1 routes),osm_place,medium
bus_palta_bazar,Palta Bazar,,,kolbusopedia,no coordinate found,,
bus_paltadanga,Paltadanga,22.67279,88.58409,kolbusopedia;wikidata,coord: wikidata; wikidata wikidata/Q60615904 (fits 1/1 routes),wikidata,medium
bus_paltapara,Paltapara,22.80546,88.39334,kolbusopedia;wbtc_routes;osm,coord: osm_place; osm_place node/3147415690 (fits 2/3 routes),osm_place,high
bus_panagarh,Panagarh,,,kolbusopedia,"no coordinate found; osm_any node/7575839180 (only OSM feature with this name); osm_any coordinate 23.44306,87.45861 rejected: off-route on 1/1 routes",,
bus_panchanan_gram,Panchanan Gram,22.52812,88.39493,wbtc_routes;osm,coord: osm_fuzzy; osm_fuzzy node/11971705718 (fits 1/1 routes),osm_fuzzy,medium
bus_panchanantala,Panchanantala,,,wbtc_routes,"no coordinate found; osm_any node/13168809117 (only OSM feature with this name); osm_any coordinate 22.92863,88.2534 rejected: off-route on 1/1 routes",,
bus_panchasayar,Panchasayar,22.47605,88.39708,kolbusopedia;wbtc_routes;osm,coord: osm_place; osm_place node/10594566481 (fits 2/2 routes),osm_place,high
bus_panchkari_more,Panchkari More,,,kolbusopedia,no coordinate found,,
bus_panchla,Panchla,22.54130,88.14730,kolbusopedia;osm,coord: osm_place; osm_place node/7155946980 (fits 8/8 routes),osm_place,high
bus_panchpara_gram_panchayat,Panchpara gram Panchayat,,,kolbusopedia,no coordinate found,,
bus_panchpota,Panchpota,22.91817,88.85630,kolbusopedia;geonames,coord: geonames; geonames geonames/9036203 (fits 1/1 routes),geonames,medium
bus_panchpota_school_more,Panchpota School More,,,kolbusopedia,no coordinate found; also spelled: Panchpota school More,,
bus_panchur_college,Panchur College,22.53418,88.27066,kolbusopedia;wbtc_routes;wikidata,coord: wikidata; wikidata wikidata/Q30644720 (fits 2/2 routes),wikidata,high
bus_paniarah,Paniarah,,,kolbusopedia,no coordinate found,,
bus_panihati,Panihati,22.70883,88.37411,kolbusopedia;wbtc_routes;osm,"coord: osm_any; osm_any way/535333465 (fits 10/13 routes); osm_any coordinate 22.70883,88.37411 replaced by the only OSM town or city with this name; osm_place town Panihati (only OSM town or city with this name); unique OSM town name: distance limits waived, detour and fold-back tests kept; osm_place coordinate 22.69503,88.40736 rejected: off-route on 11/13 routes; osm_any way/535333465 (fits 9/13 routes)",osm_any,high
bus_panikhali,Panikhali,,,kolbusopedia,no coordinate found,,
bus_panpur_more,Panpur More,,,kolbusopedia;wbtc_routes,no coordinate found; also spelled: Panpur more,,
bus_panshkura_bazar,Panshkura Bazar,,,kolbusopedia,no coordinate found,,
bus_pantihal,pantihal,22.65890,88.11346,kolbusopedia;osm,coord: osm_place; osm_place node/1420381949 (fits 1/1 routes),osm_place,medium
bus_par_hasnabad,Par Hasnabad,,,kolbusopedia,no coordinate found,,
bus_pardankuni,Pardankuni,,,kolbusopedia,no coordinate found,,
bus_paribesh_bhavan,Paribesh Bhavan,22.56147,88.40880,osm,"coord: osm_route; OSM node/2234881819, stop added from OSM-only route",osm_route,high
bus_park_circus,Park Circus,22.53933,88.37106,kolbusopedia;wbtc_routes;osm,coord: osm_place; osm_place node/10676698126 (fits 46/47 routes); also spelled: Park circus,osm_place,high
bus_park_circus_4_number,Park Circus 4 number,,,kolbusopedia;wbtc_routes,no coordinate found; also spelled: Park circus 4 number,,
bus_park_circus_4_number_bridge,Park Circus 4 number bridge,,,kolbusopedia;wbtc_routes,no coordinate found,,
bus_park_circus_7_point,Park Circus 7 Point,22.54332,88.36613,kolbusopedia;wbtc_routes;osm,coord: osm_landmark; osm_landmark node/302474014 (fits 9/9 routes); also spelled: Park circus 7 point,osm_landmark,high
bus_park_circus_7_point_crossing,Park Circus 7 Point crossing,22.54332,88.36613,kolbusopedia;nominatim,coord: nominatim; nominatim node/12168014436 (fits 2/2 routes); also spelled: Park Circus 7 point crossing,nominatim,high
bus_park_circus_ruby_hospital,Park Circus (Ruby Hospital),22.53933,88.37106,kolbusopedia;osm,coord: osm_place; osm_place node/10676698126 (fits 2/2 routes),osm_place,high
bus_park_circus_station,Park Circus Station,22.54078,88.37388,kolbusopedia;wbtc_routes;nominatim,coord: nominatim; nominatim node/1274128857 (fits 7/7 routes); also spelled: Park Circus station,nominatim,high
bus_park_circus_tram_depot,Park Circus tram Depot,22.54191,88.36667,kolbusopedia;wbtc_routes;osm,coord: osm_any; osm_any way/117122231 (fits 2/2 routes),osm_any,high
bus_park_circus_wbtc_depot,Park Circus WBTC Depot,,,kolbusopedia,no coordinate found,,
bus_park_circus_zeeshan,Park Circus Zeeshan,,,kolbusopedia,no coordinate found,,
bus_park_street,Park Street,22.55489,88.35022,kolbusopedia;wbtc_routes;osm,"coord: osm_stop; osm_stop node/7055897015 (fits 137/138 routes); also spelled: Park street, Parkstreet",osm_stop,high
bus_parnashree,Parnashree,22.50902,88.29914,kolbusopedia;wbtc_routes;nominatim,"coord: nominatim; nominatim node/10084831378 (fits 13/13 routes); also spelled: Parnashri, Parnasree",nominatim,high
bus_parthapur,Parthapur,,,kolbusopedia,no coordinate found,,
bus_paschim_chowbhaga,Paschim Chowbhaga,,,kolbusopedia,no coordinate found,,
bus_paschim_gazipur,Paschim Gazipur,,,kolbusopedia,no coordinate found,,
bus_paschim_tajpur,Paschim Tajpur,22.76260,88.18823,kolbusopedia;osm,coord: osm_any; osm_any way/791297063 (fits 1/1 routes),osm_any,medium
bus_pateswari_mandir,Pateswari Mandir,,,kolbusopedia,no coordinate found,,
bus_patharberia_more,Patharberia More,,,kolbusopedia,"no coordinate found; osm_place node/10808025284 (fits 1/1 routes); osm_place coordinate 22.03777,88.31037 rejected: off-route on 1/1 routes",,
bus_patharghata,Patharghata,22.56848,88.52481,kolbusopedia;geonames,coord: geonames; geonames geonames/9036269 (fits 1/2 routes),geonames,medium
bus_patharpratima,Patharpratima,,,kolbusopedia,"no coordinate found; osm_place node/2478627733 (fits 3/3 routes); osm_place coordinate 21.79208,88.3555 rejected: off-route on 3/3 routes",,
bus_pathshimuliya_bazar,Pathshimuliya bazar,,,kolbusopedia,no coordinate found,,
bus_patinan,Patinan,22.47629,87.94202,kolbusopedia;nominatim,coord: nominatim; nominatim node/8128007795 (fits 1/1 routes),nominatim,medium
bus_patipukur,Patipukur,22.60655,88.39525,kolbusopedia;wbtc_routes;osm,coord: osm_place; osm_place node/8999697038 (fits 26/26 routes),osm_place,high
bus_patkelpota,Patkelpota,,,kolbusopedia,no coordinate found,,
bus_patshimulia,Patshimulia,23.14501,88.85118,kolbusopedia;wikidata,coord: wikidata; wikidata wikidata/Q60615035 (fits 2/2 routes),wikidata,high
bus_patuli,Patuli,22.47190,88.38977,kolbusopedia;wbtc_routes;osm,coord: osm_stop; osm_stop node/2498418663 (fits 47/47 routes),osm_stop,high
bus_patuli_more,Patuli More,22.47190,88.38977,kolbusopedia;osm,coord: osm_stop; osm_stop node/2498418663 (fits 6/6 routes),osm_stop,high
bus_payragacha,Payragacha,22.61250,88.62540,kolbusopedia;wikidata,coord: wikidata; wikidata wikidata/Q60616315 (fits 1/1 routes),wikidata,medium
bus_payragachi,Payragachi,22.85860,88.70161,kolbusopedia;wikidata,coord: wikidata; wikidata wikidata/Q60615513 (fits 1/1 routes),wikidata,medium
bus_peerless,Peerless,22.48098,88.39376,kolbusopedia;wbtc_routes;nominatim,coord: nominatim; nominatim node/2192928421 (fits 2/2 routes),nominatim,high
bus_peerless_hosital,Peerless Hosital,,,kolbusopedia;wbtc_routes,no coordinate found,,
bus_peerless_hospital,Peerless Hospital,22.48098,88.39376,kolbusopedia;wbtc_routes;nominatim,"coord: nominatim; nominatim node/2192928421 (fits 18/18 routes); also spelled: Peerless Hosp, Peerless hospital",nominatim,high
bus_petkulchand_bazar,Petkulchand Bazar,,,kolbusopedia,no coordinate found,,
bus_pg_hospital,PG Hospital,22.53995,88.34235,kolbusopedia;wbtc_routes;osm,"coord: osm_landmark; osm_landmark way/52097642 (fits 16/16 routes); also spelled: P. G. Hospital, P.G Hospital, P.G. Hospital",osm_landmark,high
bus_philips,Philips,,,wbtc_routes,no coordinate found,,
bus_philips_more,Philips More,,,kolbusopedia;wbtc_routes,no coordinate found; also spelled: Phillips More,,
bus_phoolbagan,Phoolbagan,22.57209,88.38964,kolbusopedia;wbtc_routes;osm,"coord: osm_stop; osm_stop node/13612096527 (fits 16/20 routes); also spelled: Fulbagan, Phool Bagan",osm_stop,high
bus_phooltala,Phooltala,,,kolbusopedia,no coordinate found,,
bus_phuleshwar,Phuleshwar,,,kolbusopedia,"no coordinate found; osm_place node/665114595 (fits 1/2 routes); osm_place coordinate 22.47744,88.11564 rejected: off-route on 2/2 routes",,
bus_phulia,Phulia,23.23205,88.49675,kolbusopedia;osm,"coord: osm_place; osm_place node/3895161753 (only OSM feature with this name); unique OSM town name: distance limits waived, detour and fold-back tests kept",osm_place,medium
bus_picnic_garden,Picnic Garden,22.53069,88.38179,kolbusopedia;wikidata,coord: wikidata; wikidata wikidata/Q7190977 (fits 8/8 routes),wikidata,high
bus_pifa,Pifa,22.60184,88.83638,kolbusopedia;wikidata,coord: wikidata; wikidata wikidata/Q60616171 (fits 1/1 routes),wikidata,medium
bus_pifa_bazar,Pifa Bazar,,,kolbusopedia,no coordinate found,,
bus_pilan,Pilan,,,wbtc_routes,no coordinate found,,
bus_pilkhana_more,Pilkhana More,22.59429,88.33867,kolbusopedia;wikidata,coord: wikidata; wikidata wikidata/Q7194077 (fits 23/24 routes),wikidata,high
bus_pirgacha,Pirgacha,22.71253,88.51886,kolbusopedia;wikidata,coord: wikidata; wikidata wikidata/Q60615836 (fits 1/1 routes),wikidata,medium
bus_pirnagar,Pirnagar,,,kolbusopedia,no coordinate found,,
bus_pirtala,Pirtala,,,kolbusopedia,no coordinate found,,
bus_pitambara,Pitambara,22.25673,88.16962,kolbusopedia;osm,coord: osm_place; osm_place node/10828808474 (fits 2/2 routes),osm_place,high
bus_piyara,Piyara,22.61817,88.68338,kolbusopedia;wikidata,coord: wikidata; wikidata wikidata/Q60616374 (fits 1/1 routes),wikidata,medium
bus_pk_st,Pk St,22.55064,88.35587,wbtc_routes;nominatim,coord: nominatim; nominatim node/5421528503 (fits 1/1 routes),nominatim,medium
bus_pnb,PNB,22.59139,88.39979,kolbusopedia;wbtc_routes;osm,coord: osm_stop; osm_stop node/2456244816 (fits 14/15 routes),osm_stop,high
bus_pnb_island,PNB island,22.59149,88.39968,kolbusopedia;osm,coord: osm_landmark; osm_landmark way/153582009 (fits 1/1 routes),osm_landmark,medium
bus_pnb_more,PNB More,22.58386,88.40435,kolbusopedia;nominatim,coord: nominatim; nominatim way/159615920 (fits 3/3 routes); also spelled: P.N.B. More,nominatim,high
bus_podra,Podra,,,wbtc_routes,"no coordinate found; osm_place node/7593363709 (only OSM feature with this name); osm_place coordinate 22.56442,88.2697 rejected: off-route on 1/1 routes",,
bus_podra_bazar,Podra Bazar,,,kolbusopedia,no coordinate found,,
bus_polerhat,Polerhat,,,kolbusopedia,no coordinate found,,
bus_polerhat_more,Polerhat more,,,kolbusopedia,no coordinate found,,
bus_police_camp,Police Camp,,,wbtc_routes,no coordinate found,,
bus_police_phari,Police Phari,,,kolbusopedia,no coordinate found,,
bus_post_office,Post Office,,,kolbusopedia,"no coordinate found; osm_stop node/4267858525 (fits 1/1 routes); osm_stop coordinate 22.51954,88.37621 rejected: off-route on 1/1 routes",,
bus_posta_bazar,Posta Bazar,,,kolbusopedia,no coordinate found,,
bus_power_house,Power House,,,kolbusopedia,"no coordinate found; osm_any way/1245869652 (only OSM feature with this name); osm_any coordinate 22.97997,88.44797 rejected: off-route on 1/1 routes",,
bus_prabartak_jute_mill,Prabartak Jute Mill,,,kolbusopedia,no coordinate found,,
bus_prachi_cinema_hall,Prachi Cinema Hall,22.56488,88.36826,kolbusopedia;osm,coord: osm_landmark; osm_landmark node/2266850249 (fits 1/1 routes),osm_landmark,medium
bus_prafulla_nagar,Prafulla Nagar,,,kolbusopedia,no coordinate found; also spelled: Prafullanagar,,
bus_pramodnagar,Pramodnagar,,,kolbusopedia,no coordinate found; also spelled: Pramod Nagar,,
bus_pramodnagar_mathkal,Pramodnagar Mathkal,,,kolbusopedia,no coordinate found,,
bus_prasadpur,Prasadpur,,,kolbusopedia,no coordinate found,,
bus_prince_anwar_sha_connector,Prince Anwar Sha connector,,,kolbusopedia;wbtc_routes,no coordinate found,,
bus_prince_anwar_shah_connector,Prince Anwar Shah Connector,,,kolbusopedia;wbtc_routes,no coordinate found,,
bus_prince_anwar_shah_road,Prince Anwar Shah Road,22.50135,88.34493,osm,"coord: osm_route; OSM node/1591425421, stop added from OSM-only route",osm_route,high
bus_princep_ghat,Princep Ghat,22.55667,88.33120,kolbusopedia;wbtc_routes;nominatim,coord: nominatim; nominatim node/7040422488 (fits 16/16 routes),nominatim,high
bus_priyor_more,Priyor More,,,kolbusopedia,no coordinate found,,
bus_pts,PTS,22.53835,88.33646,kolbusopedia;wbtc_routes;osm,"coord: osm_landmark; osm_landmark way/122925156 via alias 'Kolkata Police Training School' (fits 56/56 routes); also spelled: P. T. S, P.T.S",osm_landmark,high
bus_pujali_cesc_plant,Pujali CESC Plant,,,wbtc_routes,no coordinate found,,
bus_pukuria_hat,Pukuria Hat,,,kolbusopedia,no coordinate found,,
bus_pumlia_bazar,Pumlia Bazar,,,kolbusopedia,no coordinate found,,
bus_purandarpur,Purandarpur,22.90986,88.88033,kolbusopedia;wikidata,coord: wikidata_fuzzy; wikidata_fuzzy wikidata/Q60615312 (fits 1/1 routes),wikidata_fuzzy,medium
bus_purandarur,Purandarur,,,kolbusopedia,no coordinate found,,
bus_purash,Purash,22.68147,88.03822,kolbusopedia;wikidata,coord: wikidata; wikidata wikidata/Q60478228 (fits 1/1 routes),wikidata,medium
bus_puratan_bazar,Puratan Bazar,,,kolbusopedia;wbtc_routes,no coordinate found,,
bus_puratan_bongaon,Puratan Bongaon,,,kolbusopedia,no coordinate found,,
bus_purbachal_13no_tank,Purbachal 13no. Tank,,,kolbusopedia,no coordinate found,,
bus_purbanchal,Purbanchal,,,kolbusopedia,no coordinate found,,
bus_purpat,Purpat,,,kolbusopedia,no coordinate found,,
bus_purshura,Purshura,22.84082,87.96618,kolbusopedia;osm,coord: osm_place; osm_place node/7152314387 (fits 1/1 routes),osm_place,medium
bus_purta_bhawan,Purta Bhawan,22.59102,88.41834,kolbusopedia;wbtc_routes;osm,coord: osm_any; osm_any way/153790970 (fits 11/12 routes),osm_any,high
bus_purulia,Purulia,,,kolbusopedia,no coordinate found,,
bus_quality,Quality,,,kolbusopedia;wbtc_routes,no coordinate found,,
bus_quest_mall,Quest Mall,22.53905,88.36573,kolbusopedia;osm,coord: osm_landmark; osm_landmark way/637085324 (fits 16/16 routes),osm_landmark,high
bus_r_b_ave,R.B.Ave,,,wbtc_routes,no coordinate found; also spelled: RB Avenue,,
bus_r_g_kar_hospital,R.G.Kar Hospital,22.60448,88.37841,kolbusopedia;wbtc_routes;nominatim,"coord: nominatim; nominatim way/116334765 (fits 31/31 routes); also spelled: R.G Kar Hospital, R.G.KAR Hospital, RG Kar Hospital",nominatim,high
bus_r_n_chowdhury_road,R.N.Chowdhury Road,,,kolbusopedia,no coordinate found,,
bus_r_n_mukherjee_street,R.N Mukherjee Street,,,kolbusopedia;wbtc_routes,no coordinate found,,
bus_r_s_software,R.S Software,22.57686,88.43493,kolbusopedia;wbtc_routes;osm,coord: osm_stop; osm_stop node/5044212198 (fits 9/9 routes); also spelled: R.S. Software,osm_stop,high
bus_rabindra_bharati_university,Rabindra Bharati University,22.62708,88.38052,kolbusopedia;osm,coord: osm_landmark; osm_landmark way/440244175 (fits 1/1 routes),osm_landmark,medium
bus_rabindra_nagar,Rabindra Nagar,,,kolbusopedia,no coordinate found,,
bus_rabindra_sadan,Rabindra Sadan,22.54149,88.34735,kolbusopedia;wbtc_routes;osm,"coord: osm_place; osm_place node/5421542551 (fits 131/133 routes); also spelled: RABINDRA SADAN, Rabindrasadan",osm_place,high
bus_rabindra_sadan_diamond_park,Rabindra Sadan (Diamond Park),22.54149,88.34735,kolbusopedia;osm,coord: osm_place; osm_place node/5421542551 (fits 2/2 routes),osm_place,high
bus_rabindra_sadan_exide_more,Rabindra Sadan ( Exide More),22.54149,88.34735,kolbusopedia;osm,"coord: osm_place; osm_place node/5421542551 (fits 3/3 routes); also spelled: Rabindra Sadan (Exide More), Rabindra Sadan (Exide more)",osm_place,high
bus_rabindra_sadan_kidderpore,Rabindra Sadan (Kidderpore),22.54149,88.34735,kolbusopedia;osm,coord: osm_place; osm_place node/5421542551 (fits 2/2 routes),osm_place,high
bus_rabindra_sadan_parnasree,Rabindra Sadan (Parnasree),22.54149,88.34735,kolbusopedia;osm,coord: osm_place; osm_place node/5421542551 (fits 2/2 routes),osm_place,high
bus_rabindra_sarobar_stadium,Rabindra Sarobar Stadium,22.51165,88.35225,kolbusopedia;wbtc_routes;osm,coord: osm_landmark; osm_landmark way/175564239 (fits 4/4 routes),osm_landmark,high
bus_rabindra_sarovar,Rabindra Sarovar,22.50722,88.34549,kolbusopedia;wbtc_routes;osm,coord: osm_place; osm_place node/5421538365 (fits 45/45 routes); also spelled: Rabindra Sarobar,osm_place,high
bus_rabindra_tirtha,Rabindra Tirtha,22.57925,88.47321,kolbusopedia;wbtc_routes;osm,coord: osm_landmark; osm_landmark node/10960407340 (fits 3/3 routes),osm_landmark,high
bus_rabinrasadan,Rabinrasadan,,,kolbusopedia;wbtc_routes,no coordinate found,,
bus_rabinrasadan_exide,Rabinrasadan (Exide),,,kolbusopedia,no coordinate found,,
bus_radha_chemical_more,Radha Chemical More,,,kolbusopedia,no coordinate found,,
bus_radhadashi,Radhadashi,,,kolbusopedia,no coordinate found,,
bus_radhanagar,Radhanagar,22.72651,87.86604,kolbusopedia;wikidata,coord: wikidata; name also used for a different place on other routes (see split ids); wikidata wikidata/Q7280218 (fits 1/1 routes),wikidata,medium
bus_radhanagar_2,Radhanagar,22.12890,88.22316,kolbusopedia;osm,coord: osm_place; split from bus_radhanagar: same name used about 74.9 km away on other routes; osm_place node/10808988298 (fits 1/1 routes),osm_place,medium
bus_radhapur,Radhapur,22.24509,87.99754,kolbusopedia;nominatim,coord: nominatim; nominatim way/1222073876 (fits 1/1 routes),nominatim,medium
bus_rafipur,Rafipur,22.82207,88.50677,kolbusopedia;wikidata,coord: wikidata; wikidata wikidata/Q60615698 (fits 1/1 routes),wikidata,medium
bus_raghabkati,Raghabkati,22.85499,88.87529,kolbusopedia;wikidata,coord: wikidata; wikidata wikidata/Q60615360 (fits 1/1 routes),wikidata,medium
bus_raghunathpur,Raghunathpur,22.61883,88.43243,kolbusopedia;wbtc_routes;osm,coord: osm_stop; osm_stop node/2452822579 (fits 2/2 routes),osm_stop,medium
bus_raghunathpur_2,Raghunathpur,,,kolbusopedia;wbtc_routes,"no coordinate found; split from bus_raghunathpur: same name, but on 1 route(s) its neighbours place it 15 km or more from the osm_stop point that fits 1 other routes",,
bus_rahana_bazar,Rahana Bazar,,,kolbusopedia,no coordinate found,,
bus_rahara_bazar,Rahara Bazar,22.72390,88.38681,kolbusopedia;nominatim,coord: nominatim; nominatim node/6395618886 (fits 1/1 routes),nominatim,medium
bus_raichak,Raichak,22.20907,88.12354,kolbusopedia;osm,coord: osm_place; osm_place node/982004548 (fits 2/2 routes),osm_place,high
bus_raichak_more,Raichak More,,,kolbusopedia,no coordinate found,,
bus_raidighi,Raidighi,22.48461,88.29590,kolbusopedia;wbtc_routes;osm,coord: osm_stop; osm_stop node/11971705753 (fits 2/2 routes),osm_stop,high
bus_raigachhi,Raigachhi,22.63793,88.47475,kolbusopedia;wikidata,coord: wikidata; wikidata wikidata/Q61432088 (fits 1/1 routes),wikidata,medium
bus_raipur,Raipur,22.40693,88.14974,kolbusopedia;geonames,coord: geonames; geonames geonames/1348873 (fits 1/1 routes),geonames,medium
bus_raj_bhawan,Raj Bhawan,22.56728,88.34736,kolbusopedia;wbtc_routes;osm,coord: osm_any; osm_any node/5295797822 (fits 6/6 routes),osm_any,high
bus_raja_rammohan_roy_rd,Raja Rammohan Roy Rd,22.48811,88.32418,wbtc_routes;nominatim,coord: nominatim; nominatim way/563355792 (fits 1/1 routes),nominatim,medium
bus_rajabagan,Rajabagan,22.55342,88.26956,kolbusopedia;wikidata,coord: wikidata; wikidata wikidata/Q19895643 (fits 2/2 routes),wikidata,high
bus_rajabazar,Rajabazar,22.57351,88.37256,kolbusopedia;wbtc_routes;osm,coord: osm_any; osm_any node/2133670739 (fits 58/60 routes); also spelled: Rajabajar,osm_any,high
bus_rajabazar_dankuni,Rajabazar (Dankuni),22.57351,88.37256,kolbusopedia;osm,coord: osm_any; osm_any node/2133670739 (fits 1/1 routes),osm_any,medium
bus_rajabazar_saltlake,Rajabazar (Saltlake),22.57351,88.37256,kolbusopedia;osm,coord: osm_any; osm_any node/2133670739 (fits 5/6 routes),osm_any,high
bus_rajabazar_science_college,Rajabazar Science College,22.57911,88.37285,kolbusopedia;nominatim,coord: nominatim; nominatim way/287860151 (fits 1/1 routes),nominatim,medium
bus_rajabazar_tram_depot,Rajabazar Tram Depot,22.57421,88.37380,kolbusopedia;wbtc_routes;osm,coord: osm_landmark; osm_landmark way/105741945 (fits 10/10 routes); also spelled: Rajabajar Tram Depot,osm_landmark,high
bus_rajapur,Rajapur,,,kolbusopedia;wbtc_routes,no coordinate found,,
bus_rajarhat,Rajarhat,22.62770,88.48810,kolbusopedia;wbtc_routes;osm,coord: osm_stop; osm_stop node/2288704426 (fits 2/2 routes),osm_stop,medium
bus_rajarhat_2,Rajarhat,,,kolbusopedia;wbtc_routes,"no coordinate found; split from bus_rajarhat: same name, but on 1 route(s) its neighbours place it 15 km or more from the osm_stop point that fits 1 other routes",,
bus_rajarhat_bazar,Rajarhat bazar,,,kolbusopedia,no coordinate found,,
bus_rajarhat_bishnupur,Rajarhat Bishnupur,,,kolbusopedia,no coordinate found,,
bus_rajarhat_chowmatha,Rajarhat Chowmatha,22.62669,88.48898,kolbusopedia;osm,coord: osm_stop; osm_stop node/7578419904 (fits 13/13 routes); also spelled: Rajarhat chowmatha,osm_stop,high
bus_rajballavpara,Rajballavpara,,,kolbusopedia,no coordinate found,,
bus_rajbari,Rajbari,,,kolbusopedia,"no coordinate found; osm_any node/5242277891 (only OSM feature with this name); osm_any coordinate 22.58612,88.92852 rejected: off-route on 1/1 routes",,
bus_rajberia,Rajberia,22.86440,88.62208,kolbusopedia;nominatim,coord: nominatim; nominatim way/1004686921 (fits 1/1 routes),nominatim,medium
bus_rajchandrapur,Rajchandrapur,22.65291,88.32131,kolbusopedia;wbtc_routes;osm,coord: osm_place; osm_place node/8999697061 (fits 11/11 routes),osm_place,high
bus_rajchandrapur_ballyhalt,Rajchandrapur (Ballyhalt),22.65291,88.32131,kolbusopedia;wbtc_routes;osm,coord: osm_place; osm_place node/8999697061 (fits 6/6 routes),osm_place,high
bus_rajdanga,Rajdanga,22.51437,88.39281,kolbusopedia;osm,coord: osm_stop; osm_stop node/12076417087 (fits 1/1 routes),osm_stop,medium
bus_rajendrapur,Rajendrapur,22.89782,88.44084,kolbusopedia;wbtc_routes;wikidata,coord: wikidata; wikidata wikidata/Q60615756 (fits 2/3 routes),wikidata,high
bus_rajgunge,Rajgunge,,,kolbusopedia,no coordinate found,,
bus_rajpur,Rajpur,22.42299,88.41120,kolbusopedia;wbtc_routes;osm,coord: osm_place; osm_place node/10697776299 (fits 7/7 routes),osm_place,high
bus_rajpur_bazar,Rajpur Bazar,22.42279,88.41062,kolbusopedia;osm,coord: osm_landmark; osm_landmark way/451016702 (fits 4/4 routes),osm_landmark,high
bus_rambati,Rambati,,,kolbusopedia,"no coordinate found; osm_place node/10816664515 (only OSM feature with this name); osm_place coordinate 22.1388,88.38195 rejected: off-route on 1/1 routes",,
bus_ramchandrapur,Ramchandrapur,22.43601,88.38462,kolbusopedia;osm,coord: osm_fuzzy; osm_fuzzy node/10595986311 (fits 1/1 routes),osm_fuzzy,medium
bus_ramchandrapur_bazar,Ramchandrapur Bazar,,,kolbusopedia,"no coordinate found; osm_any node/9031216924 (only OSM feature with this name); osm_any coordinate 22.79321,88.83457 rejected: off-route on 1/1 routes",,
bus_ramdhari,Ramdhari,22.33947,88.56712,kolbusopedia;osm,coord: osm_place; osm_place node/10600978125 (fits 1/1 routes),osm_place,medium
bus_ramganga,Ramganga,,,kolbusopedia,"no coordinate found; osm_place node/10801058623 (fits 2/2 routes); osm_place coordinate 21.80981,88.37653 rejected: off-route on 2/2 routes",,
bus_ramganga_bdo_office,Ramganga BDO Office,,,kolbusopedia,no coordinate found,,
bus_ramgarh,Ramgarh,22.47609,88.37469,kolbusopedia;wbtc_routes;nominatim,coord: nominatim; nominatim way/723330098 (fits 21/21 routes),nominatim,high
bus_ramkrishna_math,Ramkrishna Math,,,kolbusopedia;wbtc_routes,no coordinate found,,
bus_ramkrishna_mission,Ramkrishna Mission,,,wbtc_routes,"no coordinate found; osm_any way/1137453138 (only OSM feature with this name); osm_any coordinate 22.28898,87.92292 rejected: off-route on 2/2 routes",,
bus_ramkrishna_talkies,Ramkrishna Talkies,,,kolbusopedia,no coordinate found,,
bus_ramlal_bazar,Ramlal Bazar,22.50753,88.38515,kolbusopedia;nominatim,coord: nominatim; nominatim node/10083371977 (fits 2/2 routes),nominatim,high
bus_ramnagar,Ramnagar,,,kolbusopedia;wbtc_routes,no coordinate found,,
bus_ramnagar_more,Ramnagar More,,,kolbusopedia;wbtc_routes,no coordinate found,,
bus_ramnarayanpur,Ramnarayanpur,22.11437,88.31828,kolbusopedia;osm,coord: osm_place; osm_place node/10811897725 (fits 1/1 routes),osm_place,medium
bus_rampur,Rampur,,,kolbusopedia;wbtc_routes,no coordinate found,,
bus_rampur_quarter,Rampur Quarter,,,kolbusopedia,no coordinate found,,
bus_rampurhat,Rampurhat,,,kolbusopedia,no coordinate found,,
bus_ramrajatala,Ramrajatala,22.58866,88.29667,kolbusopedia;osm,coord: osm_place; osm_place node/664455694 (fits 1/1 routes),osm_place,medium
bus_ranabelia_ghat,Ranabelia ghat,,,wbtc_routes,no coordinate found,,
bus_ranaghat,Ranaghat,23.17381,88.56368,kolbusopedia;osm,"coord: osm_place; osm_place node/570082923 (only OSM feature with this name); unique OSM town name: distance limits waived, detour and fold-back tests kept",osm_place,high
bus_ranaghat_2,Ranaghat,,,kolbusopedia,"no coordinate found; split from bus_ranaghat: same name, but on 2 route(s) its neighbours place it 15 km or more from the osm_place point that fits 3 other routes",,
bus_rangapur,Rangapur,22.75601,88.43615,kolbusopedia;wbtc_routes;geonames,coord: geonames; geonames geonames/9036438 (fits 5/5 routes),geonames,medium
bus_raniganj,Raniganj,23.24163,87.86595,kolbusopedia;nominatim,coord: nominatim; nominatim node/10278623488 (fits 1/1 routes),nominatim,medium
bus_ranihati,Ranihati,22.56599,88.13962,kolbusopedia;nominatim,coord: nominatim; nominatim way/76846508 (fits 30/32 routes),nominatim,high
bus_ranikuthi,Ranikuthi,22.48420,88.35430,kolbusopedia;wbtc_routes;wikidata,coord: wikidata; wikidata wikidata/Q7293054 (fits 23/23 routes); also spelled: Ranikhuti,wikidata,high
bus_ranindra_sarani,Ranindra Sarani,,,kolbusopedia;wbtc_routes,no coordinate found,,
bus_rasapunja,Rasapunja,22.43806,88.26754,kolbusopedia;osm,coord: osm_place; osm_place node/10674296810 (fits 3/3 routes),osm_place,high
bus_rash_behari_avenue,Rash Behari Avenue,22.51679,88.34578,kolbusopedia;osm,coord: osm_any; osm_any node/2721308238 (fits 1/1 routes),osm_any,medium
bus_rashbehari,Rashbehari,22.51717,88.34556,kolbusopedia;wbtc_routes;osm,coord: osm_stop; osm_stop node/1983446893 (fits 84/84 routes); also spelled: Rasbehari,osm_stop,high
bus_rashbehari_avn,Rashbehari Avn,,,wbtc_routes,no coordinate found,,
bus_rashbehari_crossing_kalighat,Rashbehari Crossing ( Kalighat ),22.51717,88.34556,kolbusopedia;nominatim,coord: nominatim; nominatim node/1983446893 (fits 1/1 routes),nominatim,medium
bus_rashbehari_xing,Rashbehari Xing,22.51717,88.34556,kolbusopedia;wbtc_routes;nominatim,coord: nominatim; nominatim node/1983446893 (fits 12/12 routes),nominatim,high
bus_rashbihari,Rashbihari,22.51717,88.34556,kolbusopedia;wbtc_routes;osm,coord: stop_variant; stop_variant stop/bus_rashbehari (fits 14/14 routes),stop_variant,medium
bus_rashbihari_crossing,Rashbihari Crossing,22.51717,88.34556,kolbusopedia;wbtc_routes;nominatim,coord: stop_variant; stop_variant stop/bus_rashbehari_crossing_kalighat (fits 17/17 routes); also spelled: Rashbihari crossing,stop_variant,medium
bus_rashmoni_bazar,Rashmoni Bazar,22.56366,88.39219,kolbusopedia;wbtc_routes;osm,coord: osm_stop; osm_stop node/12761637267 (fits 4/5 routes),osm_stop,high
bus_rashmoni_more,Rashmoni More,,,kolbusopedia,no coordinate found,,
bus_rathtala,Rathtala,,,kolbusopedia;wbtc_routes,"no coordinate found; osm_any node/5071717810 (only OSM feature with this name); osm_any coordinate 23.18035,88.57263 rejected: off-route on 15/15 routes",,
bus_rathtala_more,Rathtala More,,,kolbusopedia,no coordinate found,,
bus_ratneshwarpur,Ratneshwarpur,,,kolbusopedia,"no coordinate found; nominatim node/10811909097 (fits 1/1 routes); nominatim coordinate 22.17482,88.3385 rejected: off-route on 1/1 routes",,
bus_reckjuani,Reckjuani,22.63180,88.48320,kolbusopedia;osm,coord: osm_stop; osm_stop node/2288913453 via alias 'Rajarhat Rekjoani' (fits 13/13 routes),osm_stop,high
bus_regentpark,Regentpark,22.48845,88.35601,wbtc_routes;osm,coord: osm_place; osm_place node/1350661685 (fits 1/1 routes),osm_place,medium
bus_rg_kar,RG Kar,,,kolbusopedia,no coordinate found,,
bus_ring_road,Ring Road,22.56725,88.43631,kolbusopedia;osm,coord: osm_stop; osm_stop node/11975930338 (fits 1/1 routes),osm_stop,medium
bus_ripon_street,Ripon Street,22.55036,88.35989,kolbusopedia;osm,coord: osm_place; osm_place node/1275706810 (fits 1/1 routes),osm_place,medium
bus_rishra,Rishra,22.72471,88.34344,kolbusopedia;osm,coord: osm_place; osm_place node/664469184 (fits 1/1 routes),osm_place,medium
bus_rowland_road_xing,Rowland Road Xing,,,kolbusopedia,no coordinate found,,
bus_roy_bahadur_road,Roy Bahadur Road,,,wbtc_routes,no coordinate found,,
bus_rubber_factory,Rubber Factory,,,kolbusopedia,no coordinate found,,
bus_ruby,Ruby,22.51364,88.40157,kolbusopedia;wbtc_routes;osm,coord: osm_stop; osm_stop node/4195415967 (fits 23/24 routes); also spelled: RUBY,osm_stop,high
bus_ruby_crossing,Ruby Crossing,22.51352,88.40158,kolbusopedia;wbtc_routes;osm,coord: osm_any; osm_any node/6152927098 (fits 50/50 routes),osm_any,high
bus_ruby_hospital,Ruby Hospital,22.51301,88.40218,kolbusopedia;wbtc_routes;osm,coord: osm_stop; osm_stop node/1865813499 (fits 35/36 routes); also spelled: Ruby hospital,osm_stop,high
bus_rudrapur,Rudrapur,,,kolbusopedia,"no coordinate found; geonames geonames/1349227 (fits 2/2 routes); geonames coordinate 22.76875,88.76805 rejected: off-route on 1/2 routes",,
bus_ruiya_purbapara,Ruiya Purbapara,,,kolbusopedia,no coordinate found,,
bus_rupmari_bazar,Rupmari Bazar,,,kolbusopedia,no coordinate found,,
bus_s_c_mallick_square,S.C.Mallick Square,,,wbtc_routes,no coordinate found,,
bus_s_city,S.CITY,,,wbtc_routes,no coordinate found,,
bus_s_d_f_more,S.D.F. More,22.56881,88.43062,kolbusopedia;wbtc_routes;osm,"coord: osm_landmark; osm_landmark node/12190036332 (fits 20/22 routes); also spelled: S.D.F More, SDF More",osm_landmark,high
bus_s_k_mallick_rd,S.K.Mallick Rd,,,kolbusopedia;wbtc_routes,no coordinate found,,
bus_s_m_nagar,S.M. Nagar,,,kolbusopedia,no coordinate found; also spelled: S.M.Nagar,,
bus_s_n_banarjee_rd,S.N.Banarjee Rd,,,wbtc_routes,no coordinate found,,
bus_sabedabagan,Sabedabagan,22.65305,88.37314,kolbusopedia;nominatim,coord: nominatim; nominatim way/215402613 (fits 2/2 routes),nominatim,medium
bus_sadarpur,Sadarpur,,,kolbusopedia,no coordinate found,,
bus_saduli,Saduli,22.55490,88.56978,kolbusopedia;osm,coord: osm_place; osm_place node/10669328973 (fits 1/1 routes),osm_place,medium
bus_safuipara,Safuipara,22.50236,88.38438,kolbusopedia;nominatim,coord: nominatim; nominatim way/779824138 (fits 2/2 routes),nominatim,high
bus_sahararhat,Sahararhat,,,kolbusopedia,no coordinate found,,
bus_saheb_colony,Saheb Colony,,,kolbusopedia;wbtc_routes,"no coordinate found; osm_any node/570088775 (fits 4/5 routes); osm_any coordinate 22.88532,88.43429 rejected: off-route on 3/4 routes",,
bus_saheb_colony_2,Saheb Colony,22.88532,88.43429,kolbusopedia;wbtc_routes;osm,"coord: osm_any; split from bus_saheb_colony: same name, but on 1 route(s) its neighbours place it 15 km or more from the osm_any point that fits 1 other routes; osm_any node/570088775 (fits 1/1 routes)",osm_any,medium
bus_saheb_colony_more,Saheb Colony More,22.88532,88.43429,kolbusopedia;osm,coord: osm_any; osm_any node/570088775 (fits 1/1 routes),osm_any,medium
bus_sahebbagan,Sahebbagan,,,kolbusopedia,"no coordinate found; osm_any way/1550765734 (only OSM feature with this name); osm_any coordinate 22.70377,88.36614 rejected: off-route on 2/2 routes",,
bus_sahebbagan_gate,Sahebbagan Gate,,,kolbusopedia,no coordinate found,,
bus_saheed_nagar,Saheed Nagar,,,kolbusopedia,no coordinate found; also spelled: Sahidnagar,,
bus_sahitya_parishad,Sahitya Parishad,22.59119,88.37248,kolbusopedia;nominatim,coord: nominatim; nominatim way/104227910 (fits 2/2 routes),nominatim,high
bus_saihati,Saihati,,,kolbusopedia,"no coordinate found; osm_place node/10661695195 (only OSM feature with this name); osm_place coordinate 22.47344,88.60471 rejected: off-route on 1/1 routes",,
bus_sajirhat,Sajirhat,22.69626,88.44007,kolbusopedia;nominatim,coord: nominatim; nominatim relation/14582692 (fits 4/4 routes),nominatim,high
bus_sajnaberia,Sajnaberia,22.44138,88.33118,kolbusopedia;osm,coord: osm_place; osm_place node/10676419283 (fits 2/2 routes),osm_place,high
bus_sakher_bazar,Sakher Bazar,22.47485,88.30996,kolbusopedia;wbtc_routes;osm,"coord: osm_place; osm_place node/10296539474 (fits 53/54 routes); also spelled: Sakherbajar, Sakherbazar",osm_place,high
bus_sakherbazar_behala,Sakherbazar (Behala),22.47485,88.30996,kolbusopedia;osm,coord: osm_place; osm_place node/10296539474 (fits 2/2 routes),osm_place,high
bus_sakherbzar,Sakherbzar,22.47488,88.30993,kolbusopedia;wbtc_routes;osm,coord: osm_bn; osm_bn node/10296539473 (fits 2/2 routes),osm_bn,medium
bus_salap,Salap,,,kolbusopedia;wbtc_routes,no coordinate found,,
bus_salap_more,Salap More,,,kolbusopedia;wbtc_routes,no coordinate found,,
bus_sales_tax,Sales Tax,22.56606,88.38000,kolbusopedia;wbtc_routes;osm,coord: osm_stop; osm_stop node/12761560751 (fits 6/6 routes); also spelled: Sales tax,osm_stop,high
bus_salkia_chowrasta,Salkia Chowrasta,,,kolbusopedia;wbtc_routes,no coordinate found; also spelled: Salkia Chowrastha,,
bus_saltlake,Saltlake,22.59042,88.41692,kolbusopedia;wbtc_routes;osm,"coord: osm_place; osm_place node/11962929957 (fits 4/5 routes); unique OSM town name: distance limits waived, detour and fold-back tests kept; also spelled: Salt Lake",osm_place,high
bus_saltlake_12no_tank,Saltlake 12no. Tank,,,kolbusopedia,no coordinate found,,
bus_saltlake_13no_tank,Saltlake 13no. Tank,,,kolbusopedia,no coordinate found,,
bus_saltlake_14no_tank,Saltlake 14no. Tank,,,kolbusopedia,no coordinate found,,
bus_saltlake_16no_tank,Saltlake 16no. Tank,,,kolbusopedia,no coordinate found,,
bus_saltlake_206,Saltlake 206,22.59042,88.41692,kolbusopedia;osm,"coord: osm_place; osm_place node/11962929957 (fits 1/2 routes); unique OSM town name: distance limits waived, detour and fold-back tests kept",osm_place,medium
bus_saltlake_4no_tank,Saltlake 4no. Tank,,,kolbusopedia,no coordinate found,,
bus_saltlake_7no_tank,Saltlake 7no. Tank,,,kolbusopedia,no coordinate found,,
bus_saltlake_9no_tank,Saltlake 9no. Tank,,,kolbusopedia,no coordinate found,,
bus_saltlake_c_a_block,Saltlake C.A. Block,,,kolbusopedia,no coordinate found,,
bus_saltlake_ee_block_bus_stop,Saltlake EE Block Bus Stop,22.58224,88.42421,osm,"coord: osm_route; OSM node/2460737275, stop added from OSM-only route",osm_route,high
bus_saltlake_gate,Saltlake Gate,22.58986,88.39680,kolbusopedia;wbtc_routes;osm,coord: osm_stop; osm_stop node/2456244815 (fits 23/23 routes); also spelled: Saltlake gate,osm_stop,high
bus_saltlake_karunamoyee,Saltlake Karunamoyee,22.58599,88.42091,kolbusopedia;wbtc_routes;osm,coord: osm_stop; osm_stop node/2460767454 via alias 'Karunamoyee' (fits 37/39 routes),osm_stop,high
bus_saltlake_p_n_b,Saltlake P.N.B,,,kolbusopedia,no coordinate found,,
bus_saltlake_stadium,Saltlake Stadium,22.56899,88.41152,kolbusopedia;wbtc_routes;osm,coord: osm_stop; osm_stop node/11971705714 (fits 20/20 routes),osm_stop,high
bus_salua,Salua,22.63861,88.44583,kolbusopedia;geonames,coord: geonames; geonames geonames/1348767 (fits 1/1 routes),geonames,medium
bus_salua_bazar,Salua Bazar,,,kolbusopedia,no coordinate found,,
bus_samshernagar,Samshernagar,,,kolbusopedia,no coordinate found,,
bus_sandhipur,Sandhipur,22.56968,88.17101,kolbusopedia;wikidata,coord: wikidata; wikidata wikidata/Q60478463 (fits 1/1 routes),wikidata,medium
bus_sangrampur,Sangrampur,22.67565,88.88129,kolbusopedia;wikidata,coord: wikidata; wikidata wikidata/Q60616197 (fits 3/3 routes),wikidata,high
bus_sankizahan,Sankizahan,22.05007,88.58807,kolbusopedia;osm,coord: osm_place; osm_place node/10793025814 (fits 2/2 routes),osm_place,high
bus_sankrail,Sankrail,,,kolbusopedia,no coordinate found,,
bus_sankrail_bharat_co_op,Sankrail Bharat Co-Op,,,wbtc_routes,no coordinate found,,
bus_sankrail_station,Sankrail Station,,,kolbusopedia;wbtc_routes,no coordinate found,,
bus_sanpukur_bazar,Sanpukur Bazar,,,kolbusopedia,no coordinate found,,
bus_santoshpur,Santoshpur,22.49605,88.38223,kolbusopedia;wbtc_routes;osm,coord: osm_place; osm_place node/3636402008 (fits 13/17 routes),osm_place,high
bus_santoshpur_2,Santoshpur,22.77584,88.49991,kolbusopedia;wbtc_routes;osm,"coord: osm_landmark; split from bus_santoshpur: same name, but on 1 route(s) its neighbours place it 15 km or more from the osm_place point that fits 7 other routes; osm_landmark node/9409531885 (fits 1/1 routes)",osm_landmark,medium
bus_santoshpur_rail_station,Santoshpur Rail Station,22.52408,88.27106,kolbusopedia;wbtc_routes;wikidata,coord: wikidata_fuzzy; wikidata_fuzzy wikidata/Q57206023 (fits 2/2 routes),wikidata_fuzzy,medium
bus_santoshpur_station,Santoshpur Station,22.52406,88.27107,kolbusopedia;osm,coord: osm_place; osm_place node/2430763548 (fits 4/5 routes),osm_place,high
bus_santragachi,Santragachi,22.58547,88.28294,kolbusopedia;wbtc_routes;osm,coord: osm_stop; osm_stop node/2464905500 (fits 25/35 routes),osm_stop,high
bus_santragachi_bus_terminus,Santragachi Bus Terminus,22.58547,88.28294,kolbusopedia;wbtc_routes;osm,coord: osm_stop; osm_stop node/2464905500 (fits 3/3 routes); also spelled: Santragachi bus terminus,osm_stop,high
bus_santragachi_newtown_version,Santragachi (Newtown Version),22.58547,88.28294,kolbusopedia;osm,coord: osm_stop; osm_stop node/2464905500 (fits 1/1 routes),osm_stop,medium
bus_santragachi_station,Santragachi Station,22.58547,88.28294,kolbusopedia;osm,"coord: osm_stop; osm_stop node/2464905500 (fits 6/6 routes); also spelled: Santragachhi Station, Santragachhi station",osm_stop,high
bus_saptapally_more,Saptapally More,,,kolbusopedia,no coordinate found; also spelled: Saptapally more,,
bus_sapuipara,Sapuipara,,,kolbusopedia;wbtc_routes,no coordinate found; also spelled: SAPUIPARA,,
bus_sarada_park,Sarada Park,,,kolbusopedia,no coordinate found,,
bus_sarapul,Sarapul,22.83787,88.86875,kolbusopedia;nominatim,coord: nominatim; nominatim node/7199742845 (fits 3/4 routes),nominatim,high
bus_sarasberia,Sarasberia,,,kolbusopedia,"no coordinate found; osm_place node/10816353363 (fits 1/1 routes); osm_place coordinate 21.9954,88.32213 rejected: off-route on 1/1 routes",,
bus_saraswati_press,Saraswati Press,,,kolbusopedia,no coordinate found,,
bus_sarat_colony,Sarat Colony,,,kolbusopedia,no coordinate found,,
bus_sarberia,Sarberia,,,kolbusopedia,no coordinate found; name also used for a different place on other routes (see split ids),,
bus_sarberia_2,Sarberia,22.26432,88.44576,kolbusopedia;osm,coord: osm_place; split from bus_sarberia: same name used about 39.6 km away on other routes; osm_place node/10582113631 (fits 1/1 routes),osm_place,medium
bus_sarisha,Sarisha,22.24587,88.18883,kolbusopedia;osm,coord: osm_place; osm_place node/7154423735 (fits 6/6 routes),osm_place,high
bus_sarisha_246_more,Sarisha 246 more,22.24587,88.18883,kolbusopedia;nominatim,coord: nominatim; nominatim node/7154423735 (fits 1/1 routes),nominatim,medium
bus_sarisha_more,Sarisha More,22.24587,88.18883,kolbusopedia;osm,coord: osm_place; osm_place node/7154423735 (fits 11/11 routes),osm_place,high
bus_sarkar_bazar,Sarkar Bazar,22.56501,88.38539,kolbusopedia;osm,"coord: osm_stop; osm_stop node/13605749839 (fits 5/5 routes); also spelled: Sarkar bazar, Sarkarbazar",osm_stop,high
bus_sarkarpool,Sarkarpool,,,kolbusopedia,no coordinate found,,
bus_sarsuna,Sarsuna,22.47032,88.28110,kolbusopedia;wbtc_routes;osm,coord: osm_place; osm_place node/10674115241 (fits 6/7 routes),osm_place,high
bus_sarsuna_bus_terminus,Sarsuna Bus terminus,22.47032,88.28110,kolbusopedia;wbtc_routes;osm,coord: osm_place; osm_place node/10674115241 (fits 2/2 routes),osm_place,high
bus_sasati,Sasati,,,kolbusopedia,no coordinate found,,
bus_sasthir_more,Sasthir More,,,wbtc_routes,no coordinate found,,
bus_satabharat,Satabharat,,,kolbusopedia,no coordinate found,,
bus_satulia_bridge,Satulia Bridge,,,kolbusopedia,no coordinate found,,
bus_satya_narayan_park,Satya Narayan Park,,,kolbusopedia;wbtc_routes,no coordinate found; also spelled: Satyanarayan Park,,
bus_satyabala,Satyabala,,,kolbusopedia,no coordinate found,,
bus_sc_city_chingrihata,Sc. City - Chingrihata,,,wbtc_routes,no coordinate found,,
bus_science_city,Science City,22.53967,88.39757,kolbusopedia;wbtc_routes;osm,coord: osm_route; OSM node/11971705716 on route relation; also spelled: Science city,osm_route,high
bus_science_city_chowbagha,Science City/Chowbagha,,,kolbusopedia,no coordinate found,,
bus_science_city_milan_mela_ground_stoppage,Science City Milan Mela Ground Stoppage,,,kolbusopedia,no coordinate found,,
bus_sdf,SDF,22.56910,88.43070,kolbusopedia;wbtc_routes;osm,coord: osm_route; OSM node/12076417083 on route relation; also spelled: S. D. F,osm_route,high
bus_sdg,SDG,,,wbtc_routes,no coordinate found,,
bus_sealdah,Sealdah,22.57002,88.36941,kolbusopedia;wbtc_routes;osm,coord: osm_stop; osm_stop node/12761560747 (fits 24/24 routes); also spelled: SEALDAH,osm_stop,high
bus_sealdah_court,Sealdah Court,22.56555,88.36968,kolbusopedia;wbtc_routes;osm,coord: osm_stop; osm_stop node/12761560748 (fits 13/14 routes),osm_stop,high
bus_sealdah_rajabajar,Sealdah(Rajabajar),22.56695,88.36976,kolbusopedia;wbtc_routes;osm,coord: osm_stop; osm_stop node/12761560748 (fits 2/2 routes),osm_stop,high
bus_sealdah_rajabazar_t_d,Sealdah (Rajabazar T.D. ),22.56623,88.36861,wbtc_routes;wikidata,coord: wikidata; wikidata wikidata/Q52162031 (fits 1/1 routes),wikidata,medium
bus_sealdah_station,Sealdah Station,22.56542,88.36994,kolbusopedia;wbtc_routes;osm,"coord: osm_stop; osm_stop node/12761560748 (fits 110/113 routes); also spelled: Sealdah Stn, Sealdah station",osm_stop,high
bus_sealdah_station_moulali_more,Sealdah Station Moulali More,,,kolbusopedia,no coordinate found,,
bus_sealdha,Sealdha,,,wbtc_routes,no coordinate found,,
bus_sec5,Sec5,,,kolbusopedia;wbtc_routes,no coordinate found,,
bus_sec_v,Sec V,22.57545,88.43226,kolbusopedia;nominatim,coord: nominatim; nominatim node/10792425145 (fits 1/1 routes),nominatim,medium
bus_sech_bhawan,Sech Bhawan,22.59122,88.41528,kolbusopedia;osm,coord: osm_any; osm_any way/158144610 (fits 1/1 routes),osm_any,medium
bus_sector_5,Sector 5,22.58035,88.42963,wbtc_routes;nominatim,coord: nominatim; nominatim node/7976140073 (fits 1/1 routes),nominatim,medium
bus_sector_v,Sector V,22.57390,88.43875,kolbusopedia;osm,coord: osm_stop; osm_stop node/11982377441 (fits 7/7 routes),osm_stop,high
bus_sector_v_saltlake,Sector V (Saltlake),22.57371,88.43863,kolbusopedia;osm,coord: osm_stop; osm_stop node/11975930339 (fits 13/14 routes),osm_stop,high
bus_sehagori,Sehagori,22.56938,88.00536,kolbusopedia;nominatim,coord: nominatim; nominatim way/397947593 (fits 3/3 routes),nominatim,high
bus_sehagori_more,Sehagori More,,,kolbusopedia,no coordinate found,,
bus_sendanga,Sendanga,,,kolbusopedia,no coordinate found,,
bus_senerdanga,Senerdanga,,,kolbusopedia,no coordinate found,,
bus_serampore,Serampore,22.75479,88.33999,kolbusopedia;osm,"coord: osm_place; osm_place node/664459003 (fits 1/1 routes); unique OSM town name: distance limits waived, detour and fold-back tests kept",osm_place,medium
bus_seva_hospital,Seva Hospital,22.59100,88.41082,wbtc_routes;osm,coord: osm_landmark; osm_landmark node/2460827352 (fits 1/1 routes),osm_landmark,medium
bus_sevayatan,Sevayatan,,,kolbusopedia,no coordinate found,,
bus_shahidullah_college,Shahidullah College,,,kolbusopedia,no coordinate found,,
bus_shaktigarh,Shaktigarh,,,kolbusopedia,no coordinate found,,
bus_shakuntala_park,Shakuntala Park,22.48508,88.28958,kolbusopedia;wbtc_routes;osm,coord: osm_route; OSM node/12076417103 on route relation; also spelled: Sakuntala Park,osm_route,high
bus_shalimar,Shalimar,22.56084,88.31134,kolbusopedia;osm,coord: osm_stop; osm_stop node/3888647070 (fits 1/1 routes),osm_stop,medium
bus_shalimar_station,Shalimar Station,22.56235,88.31004,kolbusopedia;osm,coord: osm_stop; osm_stop node/7597562768 (fits 2/2 routes),osm_stop,high
bus_shamali,Shamali,22.41688,88.26316,kolbusopedia;osm,coord: osm_place; osm_place node/10657589029 (fits 3/3 routes),osm_place,high
bus_shamukpota,Shamukpota,,,kolbusopedia,"no coordinate found; osm_place node/10595940005 (only OSM feature with this name); osm_place coordinate 22.44665,88.49608 rejected: off-route on 3/3 routes",,
bus_shanpur,Shanpur,,,kolbusopedia,no coordinate found,,
bus_shanpur_more,Shanpur More,,,kolbusopedia,no coordinate found,,
bus_shantipur,Shantipur,23.24640,88.44370,kolbusopedia;osm,"coord: osm_place; osm_place town Shantipur (only OSM town or city with this name); unique OSM town name: distance limits waived, detour and fold-back tests kept",osm_place,medium
bus_shantipur_bypass,Shantipur Bypass,,,kolbusopedia,no coordinate found,,
bus_shaoraberia,Shaoraberia,,,kolbusopedia,no coordinate found,,
bus_shaoraberia_more,Shaoraberia More,22.61796,87.95406,kolbusopedia;wikidata,coord: wikidata; wikidata wikidata/Q60478148 (fits 1/1 routes),wikidata,medium
bus_shapooji_housing,Shapooji Housing,,,kolbusopedia;wbtc_routes,no coordinate found; also spelled: Shapooji housing,,
bus_shapooji_housing_sukho_brishti,Shapooji Housing (Sukho Brishti),,,kolbusopedia;wbtc_routes,no coordinate found,,
bus_shapoorji,Shapoorji,22.56633,88.51408,kolbusopedia;wbtc_routes;nominatim,"coord: nominatim; nominatim node/5205641022 (fits 5/5 routes); also spelled: SAPURJI, Sapoorji",nominatim,high
bus_shasan_bazar,Shasan Bazar,,,kolbusopedia,no coordinate found,,
bus_shasati_more,Shasati More,,,kolbusopedia,no coordinate found,,
bus_sheakhala,Sheakhala,22.76655,88.17084,kolbusopedia;osm,coord: osm_any; osm_any node/12567318283 (only OSM feature with this name),osm_any,high
bus_sheakhala_2,Sheakhala,,,kolbusopedia,"no coordinate found; split from bus_sheakhala: same name, but on 1 route(s) its neighbours place it 15 km or more from the osm_any point that fits 3 other routes",,
bus_sherpur_kalibari,Sherpur Kalibari,22.83273,88.62794,kolbusopedia;osm,coord: osm_landmark; osm_landmark node/5259198279 (fits 2/2 routes),osm_landmark,high
bus_shiakhala,Shiakhala,,,kolbusopedia,no coordinate found,,
bus_shibalaya,Shibalaya,,,kolbusopedia,"no coordinate found; osm_place node/11286428224 (only OSM feature with this name); unique OSM town name: distance limits waived, detour and fold-back tests kept; osm_place coordinate 22.77327,88.51805 rejected: off-route on 1/1 routes",,
bus_shiberhana,Shiberhana,,,kolbusopedia,no coordinate found,,
bus_shibganj_bazar,Shibganj Bazar,,,kolbusopedia,no coordinate found,,
bus_shibgunge,Shibgunge,22.26019,88.07068,kolbusopedia;wikidata,"coord: wikidata_fuzzy; osm_place node/10794478994 (only OSM feature with this name); osm_place coordinate 22.16735,88.70996 rejected: off-route on 1/1 routes; wikidata_fuzzy wikidata/Q60478767 (fits 1/1 routes)",wikidata_fuzzy,medium
bus_shibpur_bazar,Shibpur Bazar,22.56576,88.32322,kolbusopedia;osm,coord: osm_stop; osm_stop node/3809532793 (fits 15/15 routes),osm_stop,high
bus_shibpur_td,Shibpur TD,,,kolbusopedia,no coordinate found,,
bus_shibpur_toll_plaza,Shibpur Toll Plaza,,,kolbusopedia,no coordinate found,,
bus_shibrampur,Shibrampur,22.48288,88.27196,kolbusopedia;wbtc_routes;osm,coord: osm_place; osm_place node/10674141401 (fits 7/7 routes),osm_place,high
bus_shibtala,Shibtala,,,kolbusopedia,no coordinate found,,
bus_shibtala_math,Shibtala Math,22.54505,88.37805,wbtc_routes;osm,coord: osm_landmark; osm_landmark node/5485056643 (fits 1/1 routes),osm_landmark,medium
bus_shikharpur,Shikharpur,22.59878,88.52866,kolbusopedia;wikidata,"coord: wikidata; osm_place node/10799812507 (only OSM feature with this name); osm_place coordinate 21.80965,88.16221 rejected: off-route on 6/6 routes; wikidata wikidata/Q60616426 (fits 4/6 routes)",wikidata,high
bus_shikra_more,Shikra More,22.86867,88.51089,kolbusopedia;wikidata,coord: wikidata; wikidata wikidata/Q60615678 (fits 1/1 routes),wikidata,medium
bus_shilpara,Shilpara,,,kolbusopedia;wbtc_routes,no coordinate found; also spelled: Silpara,,
bus_shimulpur_senbari,Shimulpur Senbari,,,kolbusopedia,no coordinate found,,
bus_shimultala,Shimultala,22.44428,88.40983,kolbusopedia;osm,coord: osm_place; osm_place node/11183897898 (fits 2/2 routes),osm_place,medium
bus_shimultala_2,Shimultala,,,kolbusopedia,"no coordinate found; split from bus_shimultala: same name, but on 1 route(s) its neighbours place it 15 km or more from the osm_place point that fits 1 other routes",,
bus_shipping_corporation,Shipping Corporation,,,kolbusopedia;wbtc_routes,no coordinate found,,
bus_shirakol,Shirakol,22.34237,88.26072,kolbusopedia;osm,coord: osm_place; osm_place node/10790441056 (fits 4/4 routes),osm_place,high
bus_shirakole,Shirakole,22.31698,88.26833,kolbusopedia;nominatim,coord: nominatim; nominatim node/7199853201 (fits 14/14 routes); also spelled: Shirakhole,nominatim,high
bus_shirishtala,Shirishtala,,,kolbusopedia,no coordinate found,,
bus_shishumangal_hospital,Shishumangal Hospital,,,kolbusopedia,no coordinate found,,
bus_shonepur,Shonepur,22.54503,88.59955,kolbusopedia;wikidata,coord: wikidata; wikidata wikidata/Q61436866 (fits 2/2 routes),wikidata,high
bus_shrikole_more,Shrikole More,,,kolbusopedia,no coordinate found,,
bus_shrikrishnapur,Shrikrishnapur,,,kolbusopedia,no coordinate found,,
bus_shripur_mallikpur,Shripur Mallikpur,,,kolbusopedia,no coordinate found,,
bus_shyamasree,Shyamasree,,,kolbusopedia,no coordinate found,,
bus_shyambazar,Shyambazar,22.59966,88.37099,kolbusopedia;wbtc_routes;osm,coord: osm_place; osm_place node/1213003047 (fits 123/125 routes); also spelled: SHYAMBAZAR,osm_place,high
bus_shyambazar_5_point,Shyambazar 5 point,,,kolbusopedia,no coordinate found,,
bus_shyamnagar,Shyamnagar,,,kolbusopedia,no coordinate found,,
bus_shyampur,Shyampur,22.30191,88.03133,kolbusopedia;osm,coord: osm_place; osm_place node/570049656 (fits 4/6 routes),osm_place,high
bus_sibanagar,Sibanagar,,,kolbusopedia,no coordinate found,,
bus_sibanipith,sibanipith,,,kolbusopedia;wbtc_routes,"no coordinate found; also spelled: Shibanipith, Sibanipith",,
bus_siddhiberia,Siddhiberia,,,kolbusopedia,no coordinate found,,
bus_sindrani,Sindrani,23.21981,88.73822,kolbusopedia;nominatim,coord: nominatim; nominatim node/7199717053 (fits 2/2 routes),nominatim,high
bus_singa,Singa,22.91215,88.64797,kolbusopedia;wikidata,coord: wikidata; wikidata wikidata/Q60611631 (fits 1/1 routes),wikidata,medium
bus_singhabari,Singhabari,22.50120,88.40022,kolbusopedia;osm,coord: osm_stop; osm_stop node/11971705723 (fits 1/1 routes),osm_stop,medium
bus_sinthee_more,Sinthee More,22.63193,88.37787,kolbusopedia;wbtc_routes;nominatim,"coord: nominatim; nominatim way/1354580402 (fits 38/38 routes); also spelled: Sinthi More, Sinthi more, SinthiMore",nominatim,high
bus_sinthi,Sinthi,22.63099,88.38023,kolbusopedia;wbtc_routes;nominatim,coord: nominatim; nominatim way/358000225 (fits 19/20 routes); also spelled: Sinthee,nominatim,high
bus_sinthir_more,Sinthir More,,,kolbusopedia,no coordinate found,,
bus_sirishbagan,Sirishbagan,22.56746,88.48194,kolbusopedia;osm,coord: osm_stop; osm_stop node/5044212190 (fits 1/1 routes),osm_stop,medium
bus_siriti_more,Siriti More,,,kolbusopedia,no coordinate found,,
bus_sishu_mangal,Sishu Mangal,22.52358,88.35210,kolbusopedia;osm,coord: osm_stop; osm_stop node/1983446896 (fits 20/20 routes); also spelled: Shishu Mangal,osm_stop,high
bus_sishu_mangal_kasba,Sishu Mangal (Kasba),22.52358,88.35210,kolbusopedia;osm,coord: osm_stop; osm_stop node/1983446896 (fits 2/2 routes),osm_stop,high
bus_sitalia,Sitalia,,,kolbusopedia,"no coordinate found; wikidata wikidata/Q60616548 (fits 1/1 routes); wikidata coordinate 22.32274,88.93074 rejected: off-route on 1/1 routes",,
bus_sitapur,Sitapur,,,kolbusopedia,no coordinate found,,
bus_situri,Situri,,,kolbusopedia,"no coordinate found; osm_place node/10661140035 (only OSM feature with this name); osm_place coordinate 22.44684,88.5901 rejected: off-route on 1/1 routes",,
bus_sobedatala,Sobedatala,,,kolbusopedia,no coordinate found,,
bus_sodepur,Sodepur,22.69718,88.38056,kolbusopedia;wbtc_routes;osm,coord: osm_place; osm_place node/1765884857 (fits 7/11 routes),osm_place,high
bus_sodepur_girja,Sodepur Girja,,,kolbusopedia,no coordinate found,,
bus_sodepur_station,Sodepur Station,22.69718,88.38056,kolbusopedia;osm,coord: osm_place; osm_place node/1765884857 (fits 6/6 routes); also spelled: Sodepur station,osm_place,high
bus_sodepur_traffic_more,Sodepur Traffic more,,,kolbusopedia,"no coordinate found; osm_stop node/4440995392 (fits 1/1 routes); osm_stop coordinate 22.70078,88.37482 rejected: off-route on 1/1 routes",,
bus_sodpur_traffic_more,Sodpur Traffic More,22.70078,88.37482,kolbusopedia;osm,coord: stop_variant; stop_variant stop/bus_sodepur_traffic_more (fits 1/1 routes),stop_variant,medium
bus_sonakhali,Sonakhali,22.20472,88.71627,kolbusopedia;osm,coord: osm_stop; osm_stop node/4450335795 (fits 1/1 routes),osm_stop,medium
bus_sonakhali_bus_stand,Sonakhali Bus Stand,22.22173,88.69286,kolbusopedia;nominatim,coord: nominatim; nominatim node/10795498238 (fits 3/4 routes),nominatim,high
bus_sonamukhi_bazar,Sonamukhi Bazar,,,wbtc_routes,no coordinate found,,
bus_sonarpur,Sonarpur,22.42572,88.45417,kolbusopedia;wikidata,"coord: wikidata_fuzzy; wikidata wikidata/Q261988 (fits 1/1 routes); wikidata coordinate 22.44087,88.42464 rejected: off-route on 1/1 routes; geonames geonames/1255783 (fits 1/1 routes); geonames coordinate 22.4382,88.43205 rejected: off-route on 1/1 routes; wikidata_fuzzy wikidata/Q61412356 (fits 1/1 routes)",wikidata_fuzzy,medium
bus_sonarpur_station,Sonarpur Station,22.44319,88.43034,kolbusopedia;nominatim,coord: nominatim; nominatim node/10146620696 (fits 2/2 routes),nominatim,high
bus_sondalia_bablatala,Sondalia Bablatala,,,kolbusopedia,no coordinate found,,
bus_sondalia_station,Sondalia Station,22.68182,88.58230,kolbusopedia;osm,coord: osm_place; osm_place node/3320346690 (fits 1/1 routes),osm_place,medium
bus_sonpukur,Sonpukur,,,kolbusopedia,no coordinate found,,
bus_south_bishnupur,South Bishnupur,,,kolbusopedia,"no coordinate found; nominatim way/1031922849 (fits 2/2 routes); nominatim coordinate 22.13641,88.42221 rejected: off-route on 1/2 routes",,
bus_south_calcutta_girls_college,South Calcutta Girls' College,22.52903,88.35298,kolbusopedia;wikidata,coord: wikidata; wikidata wikidata/Q7566466 (fits 1/1 routes),wikidata,medium
bus_south_city,South City,22.50081,88.36149,kolbusopedia;wbtc_routes;nominatim,coord: nominatim; nominatim way/120180056 (fits 25/25 routes),nominatim,high
bus_southern_avenue,Southern Avenue,22.51227,88.35603,kolbusopedia;wbtc_routes;wikidata,coord: wikidata; wikidata wikidata/Q7569656 (fits 9/9 routes),wikidata,high
bus_sova_bajar_metro,Sova Bajar Metro,,,kolbusopedia;wbtc_routes,no coordinate found,,
bus_sovabazar,Sovabazar,22.59403,88.36251,kolbusopedia;wbtc_routes;osm,"coord: osm_place; osm_place node/1189512262 (fits 67/68 routes); also spelled: Shobhabazar, Sova Bajar, Sova Bazar, Sova bajar",osm_place,high
bus_sreebhumi,Sreebhumi,22.59811,88.40361,kolbusopedia;osm,coord: osm_stop; osm_stop node/2455116015 (fits 58/58 routes); also spelled: Shreebhumi,osm_stop,high
bus_sreepally,Sreepally,,,kolbusopedia,no coordinate found,,
bus_srichanda,Srichanda,22.28438,88.27179,kolbusopedia;osm,coord: osm_place; osm_place node/10823703722 (fits 1/1 routes),osm_place,medium
bus_srinathpur,Srinathpur,22.89246,88.87446,kolbusopedia;wikidata,coord: wikidata; wikidata wikidata/Q60615348 (fits 1/1 routes),wikidata,medium
bus_stadium_island,Stadium Island,22.57090,88.41206,kolbusopedia;wbtc_routes;osm,coord: osm_any; osm_any way/153690591 (fits 33/33 routes),osm_any,high
bus_stand_road,Stand Road,,,wbtc_routes,no coordinate found,,
bus_state_garage,State Garage,22.51476,88.30562,kolbusopedia;wbtc_routes;nominatim,coord: nominatim; nominatim way/329667709 (fits 8/8 routes),nominatim,high
bus_state_university,State University,22.98223,88.43917,wbtc_routes;nominatim,coord: nominatim; nominatim node/11558490139 (fits 1/1 routes),nominatim,medium
bus_strand_road,Strand Road,22.57756,88.34767,kolbusopedia;wbtc_routes;nominatim,coord: nominatim; nominatim way/102027267 (fits 2/2 routes),nominatim,high
bus_subarnapur,Subarnapur,22.75511,88.67155,kolbusopedia;wikidata,coord: wikidata; wikidata wikidata/Q60615998 (fits 1/1 routes),wikidata,medium
bus_subhash_colony,Subhash Colony,,,kolbusopedia;wbtc_routes,no coordinate found,,
bus_subhash_nagar,Subhash Nagar,22.74937,88.43737,kolbusopedia;wikidata,"coord: wikidata; osm_any way/535333471 (only OSM feature with this name); osm_any coordinate 22.7195,88.37434 rejected: off-route on 2/2 routes; wikidata wikidata/Q61411215 (fits 2/2 routes); also spelled: Subhasnagar",wikidata,high
bus_subhash_sarobar,Subhash Sarobar,22.56836,88.40088,kolbusopedia;osm,coord: osm_any; osm_any relation/49602 (fits 2/2 routes),osm_any,high
bus_subidpur,Subidpur,,,kolbusopedia,no coordinate found,,
bus_subod_mallick_squre,Subod Mallick Squre,22.56386,88.35969,wbtc_routes;osm,coord: stop_variant; stop_variant stop/bus_subodh_mullick_square (fits 1/1 routes),stop_variant,medium
bus_subodh_mullick_square,Subodh Mullick Square,22.56386,88.35969,wbtc_routes;osm,coord: osm_landmark; osm_landmark node/10082130647 (fits 1/1 routes),osm_landmark,medium
bus_sujapur,Sujapur,22.30927,88.13747,kolbusopedia;osm,coord: osm_place; osm_place node/10821158213 (fits 1/1 routes),osm_place,medium
bus_sukanta_nagar,Sukanta Nagar,22.55963,88.41507,kolbusopedia;wbtc_routes;osm,"coord: osm_bn; osm_bn node/2469278861 (fits 9/15 routes); also spelled: SUKANTA NAGAR, Sukanta nagar, Sukantanagar",osm_bn,medium
bus_sukanta_nagar_2,Sukanta Nagar,,,kolbusopedia;wbtc_routes,"no coordinate found; split from bus_sukanta_nagar: same name, but on bus_ac37 the osm_bn point is an out-and-back spike 11.6 km off the line between well-placed neighbours",,
bus_sukanta_nagar_3,Sukanta Nagar,,,kolbusopedia;wbtc_routes,"no coordinate found; split from bus_sukanta_nagar: same name, but on bus_s_37 the osm_bn point is an out-and-back spike 11.6 km off the line between well-placed neighbours",,
bus_sukanta_nagar_4,Sukanta Nagar,22.70606,88.46330,kolbusopedia;wbtc_routes;nominatim,"coord: nominatim; split from bus_sukanta_nagar: same name, but on bus_dn17 the osm_bn point is an out-and-back spike 13.3 km off the line between well-placed neighbours; nominatim way/797923386 (fits 1/1 routes)",nominatim,medium
bus_sukanta_nagar_5,Sukanta Nagar,,,kolbusopedia;wbtc_routes,"no coordinate found; split from bus_sukanta_nagar: same name, but on bus_ac36 the osm_bn point is an out-and-back spike 11.6 km off the line between well-placed neighbours",,
bus_sukanta_park,Sukanta Park,,,kolbusopedia;wbtc_routes,no coordinate found,,
bus_sukanta_setu,Sukanta Setu,22.49123,88.37231,wbtc_routes;osm,coord: osm_stop; osm_stop node/651804431 (fits 1/1 routes),osm_stop,medium
bus_sukchar_manument,Sukchar Manument,,,kolbusopedia;wbtc_routes,no coordinate found,,
bus_sukea_street,Sukea Street,22.58178,88.37403,kolbusopedia;nominatim,coord: stop_variant; stop_variant stop/bus_sukiya_street (fits 2/2 routes),stop_variant,medium
bus_sukhchar,Sukhchar,,,kolbusopedia;wbtc_routes,no coordinate found,,
bus_sukhobrishti,Sukhobrishti,22.57004,88.51084,kolbusopedia;osm,coord: osm_landmark; osm_landmark way/317129003 (fits 1/1 routes),osm_landmark,medium
bus_sukhobrishti_more,Sukhobrishti More,22.57004,88.51084,kolbusopedia;osm,coord: osm_landmark; osm_landmark way/317129003 (fits 2/2 routes),osm_landmark,high
bus_sukiya_street,Sukiya Street,22.58178,88.37403,kolbusopedia;nominatim,coord: nominatim; nominatim way/105738792 (fits 1/1 routes),nominatim,medium
bus_sulekha,Sulekha,22.49133,88.37266,kolbusopedia;wbtc_routes;osm,coord: osm_route; OSM node/11971705738 on route relation,osm_route,high
bus_sunderban_chowmatha,Sunderban Chowmatha,,,kolbusopedia,no coordinate found,,
bus_sundia,Sundia,,,kolbusopedia,"no coordinate found; osm_place node/10661083765 (only OSM feature with this name); osm_place coordinate 22.43773,88.53786 rejected: off-route on 1/1 routes",,
bus_surkikal,Surkikal,,,kolbusopedia,no coordinate found,,
bus_surulia,Surulia,,,kolbusopedia,no coordinate found,,
bus_suryapur,Suryapur,,,wbtc_routes,no coordinate found,,
bus_suryasen_nagar,Suryasen Nagar,,,kolbusopedia,no coordinate found,,
bus_suryasen_street,Suryasen Street,,,kolbusopedia;wbtc_routes,no coordinate found,,
bus_sushrut_eye_hospital,Sushrut Eye hospital,22.57576,88.41792,kolbusopedia;wbtc_routes;osm,coord: osm_stop; osm_stop node/12076417086 via alias 'Sushrut' (fits 15/15 routes); also spelled: Susrut Eye Hospital,osm_stop,high
bus_sushrut_hospital,Sushrut Hospital,,,kolbusopedia,"no coordinate found; osm_any way/345727360 (only OSM feature with this name); osm_any coordinate 22.96794,88.46557 rejected: off-route on 7/7 routes; also spelled: Susrut Hospital",,
bus_sutahata,Sutahata,22.12139,88.10960,kolbusopedia;osm,coord: osm_place; osm_place node/7154169082 (fits 1/1 routes),osm_place,medium
bus_sutia,Sutia,22.90778,88.82318,kolbusopedia;wikidata,coord: wikidata; wikidata wikidata/Q60615288 (fits 1/1 routes),wikidata,medium
bus_swabhumi,Swabhumi,22.57086,88.40115,kolbusopedia;wbtc_routes;osm,coord: osm_stop; osm_stop node/12761637275 (fits 19/19 routes),osm_stop,high
bus_swapnobhor,Swapnobhor,22.58006,88.46291,kolbusopedia;osm,coord: osm_any; osm_any way/535333506 (fits 1/1 routes),osm_any,medium
bus_swarupnagar,Swarupnagar,22.82435,88.85612,kolbusopedia;wikidata,"coord: wikidata; osm_place node/660596523 (only OSM feature with this name); osm_place coordinate 22.81884,88.85538 rejected: off-route on 2/4 routes; wikidata wikidata/Q55634479 (fits 3/4 routes)",wikidata,high
bus_swarupnagar_2,Swarupnagar,22.69382,88.73103,kolbusopedia;wikidata,"coord: wikidata; split from bus_swarupnagar: same name, but on 1 route(s) its neighbours place it 15 km or more from the osm_place point that fits 2 other routes; wikidata wikidata/Q60616238 (fits 1/1 routes)",wikidata,medium
bus_swarupnagar_bdo_office,Swarupnagar BDO Office,,,kolbusopedia,no coordinate found,,
bus_swastha_bhavan,SWASTHA BHAVAN,,,wbtc_routes,no coordinate found; also spelled: Swastha Bhawan,,
bus_swasthya_bhawan,Swasthya Bhawan,22.57084,88.42639,kolbusopedia;wbtc_routes;osm,coord: osm_route; OSM node/12076417084 on route relation,osm_route,high
bus_t_depot,T.DEPOT,22.53348,88.31060,wbtc_routes;nominatim,coord: nominatim; nominatim way/126952592 (fits 1/1 routes),nominatim,medium
bus_t_t_xing,T.T.XING,,,wbtc_routes,no coordinate found,,
bus_tahelarampur_bazar,Tahelarampur bazar,,,wbtc_routes,no coordinate found,,
bus_taki,Taki,22.58594,88.92673,kolbusopedia;osm,"coord: osm_place; osm_place town Taki (only OSM town or city with this name); unique OSM town name: distance limits waived, detour and fold-back tests kept",osm_place,medium
bus_taki_chowrangee,Taki Chowrangee,,,kolbusopedia,no coordinate found,,
bus_tala_bridge,Tala bridge,22.60871,88.37570,kolbusopedia;wikidata,coord: wikidata; wikidata wikidata/Q84347413 (fits 1/1 routes),wikidata,medium
bus_taldi,Taldi,22.34426,88.61041,kolbusopedia;osm,coord: osm_place; osm_place node/5768054761 (fits 1/1 routes),osm_place,medium
bus_talikhola,Talikhola,,,kolbusopedia,"no coordinate found; osm_stop node/5224113726 (only OSM feature with this name); osm_stop coordinate 23.19542,88.85081 rejected: off-route on 1/1 routes",,
bus_talpukur,Talpukur,22.74878,88.37894,kolbusopedia;wbtc_routes;nominatim,coord: nominatim; nominatim way/311987607 (fits 3/4 routes),nominatim,high
bus_tangra,Tangra,22.55651,88.37959,kolbusopedia;nominatim,coord: nominatim; nominatim node/1283776497 (fits 2/3 routes),nominatim,high
bus_tangra_more,Tangra More,22.55651,88.37959,kolbusopedia;nominatim,coord: nominatim; nominatim node/1283776497 (fits 6/6 routes),nominatim,high
bus_tank_10,Tank 10,22.58221,88.42409,kolbusopedia;wbtc_routes;nominatim,coord: nominatim; nominatim way/223468438 (fits 6/6 routes),nominatim,high
bus_tank_4,Tank 4,22.59714,88.40932,kolbusopedia;nominatim,coord: nominatim; nominatim way/237747240 (fits 1/1 routes),nominatim,medium
bus_tank_no_10,Tank No.10,22.58218,88.42397,kolbusopedia;wbtc_routes;osm,coord: osm_any; osm_any way/223468438 (fits 6/6 routes); also spelled: Tank no. 10,osm_any,high
bus_tank_no_4,Tank no. 4,22.59719,88.40929,kolbusopedia;wbtc_routes;osm,coord: osm_stop; osm_stop node/2456249739 (fits 2/2 routes),osm_stop,high
bus_tantipara,Tantipara,,,kolbusopedia,no coordinate found,,
bus_tantirhat,Tantirhat,,,kolbusopedia,no coordinate found,,
bus_taragunia,Taragunia,22.71600,88.79840,kolbusopedia;nominatim,coord: nominatim; nominatim way/972247762 (fits 1/1 routes),nominatim,medium
bus_taranipur,Taranipur,,,kolbusopedia,"no coordinate found; wikidata wikidata/Q60610241 (fits 1/1 routes); wikidata coordinate 22.88018,88.87175 rejected: off-route on 1/1 routes",,
bus_tarapith,Tarapith,,,kolbusopedia,no coordinate found,,
bus_taratala,Taratala,22.51325,88.32255,kolbusopedia;wbtc_routes;osm,coord: osm_route; OSM node/12076417101 on route relation,osm_route,high
bus_taratala_depot,Taratala Depot,,,kolbusopedia;wbtc_routes,no coordinate found,,
bus_taratala_more,Taratala More,22.51318,88.32252,wbtc_routes;osm,coord: osm_stop; osm_stop node/1272967204 (fits 1/1 routes),osm_stop,medium
bus_taratala_xing,Taratala Xing,22.50770,88.32036,kolbusopedia;wbtc_routes;nominatim,coord: nominatim; nominatim node/10296539476 (fits 10/10 routes),nominatim,high
bus_tata_cancer_hospital,Tata Cancer Hospital,22.57635,88.47911,kolbusopedia;wbtc_routes;osm,coord: osm_stop; osm_stop node/5044212193 via alias 'Tata Medical' (fits 24/25 routes),osm_stop,high
bus_tata_medical,Tata Medical,22.57635,88.47911,kolbusopedia;osm,coord: osm_stop; osm_stop node/5044212193 (fits 3/3 routes); also spelled: TATA Medical,osm_stop,high
bus_tata_medical_center,Tata Medical Center,22.57719,88.47950,kolbusopedia;wikidata,coord: wikidata; wikidata wikidata/Q25714780 (fits 1/1 routes),wikidata,medium
bus_tcs_gitanjali,TCS Gitanjali,,,kolbusopedia;wbtc_routes,no coordinate found,,
bus_tcs_gitanjani_park,TCS Gitanjani Park,,,kolbusopedia,no coordinate found,,
bus_tea_board,Tea board,,,kolbusopedia;wbtc_routes,no coordinate found; also spelled: Tea Board,,
bus_techno_india,Techno India,22.57683,88.42935,kolbusopedia;wbtc_routes;osm,coord: osm_route; OSM node/12076417085 on route relation,osm_route,high
bus_technopolis,Technopolis,22.58038,88.43801,kolbusopedia;wbtc_routes;osm,coord: osm_stop; osm_stop node/1702530312 (fits 55/56 routes); also spelled: Technopolish,osm_stop,high
bus_techonopolis,Techonopolis,22.58038,88.43801,kolbusopedia;wbtc_routes;osm,coord: stop_variant; stop_variant stop/bus_technopolis (fits 10/10 routes); also spelled: TECHONOPOLIS,stop_variant,medium
bus_tegharia,Tegharia,22.62140,88.43277,kolbusopedia;wbtc_routes;osm,coord: osm_stop; osm_stop node/2452822582 (fits 7/7 routes),osm_stop,high
bus_teghoria,Teghoria,22.63012,88.43385,kolbusopedia;wbtc_routes;osm,coord: osm_any; osm_any way/535333437 (fits 26/26 routes),osm_any,high
bus_tehatta,Tehatta,,,kolbusopedia,no coordinate found,,
bus_telecom,Telecom,,,wbtc_routes,no coordinate found,,
bus_tematha,Tematha,,,kolbusopedia,no coordinate found,,
bus_tentulia,Tentulia,22.78952,88.85588,kolbusopedia;wikidata,coord: wikidata; wikidata wikidata/Q61434185 (fits 3/4 routes),wikidata,high
bus_tentulia_bazar,Tentulia Bazar,,,kolbusopedia,no coordinate found,,
bus_tentultala,Tentultala,,,kolbusopedia,no coordinate found,,
bus_thakdari,Thakdari,22.58593,88.43704,kolbusopedia;osm,coord: osm_landmark; osm_landmark way/1023290430 (fits 2/2 routes),osm_landmark,high
bus_thakuranichak_kalitala,Thakuranichak Kalitala,,,kolbusopedia,no coordinate found,,
bus_thakurpukur,Thakurpukur,22.46345,88.31153,kolbusopedia;wbtc_routes;osm,coord: osm_place; osm_place node/10296539469 (fits 32/32 routes),osm_place,high
bus_thakurpukur_3a,Thakurpukur 3A,22.46254,88.31553,kolbusopedia;wbtc_routes;nominatim,coord: nominatim; nominatim node/7154718362 (fits 15/15 routes),nominatim,high
bus_thakurpukur_3a_bus_stand,Thakurpukur 3A Bus Stand,22.46254,88.31553,wbtc_routes;nominatim,coord: nominatim; nominatim node/7154718362 (fits 1/1 routes),nominatim,medium
bus_thakurpukur_3a_bus_stand_joka,Thakurpukur 3A bus stand (Joka),22.46254,88.31553,kolbusopedia;wbtc_routes;nominatim,coord: stop_variant; stop_variant stop/bus_thakurpukur_3a_bus_stand (fits 2/2 routes),stop_variant,medium
bus_thakurpukur_3a_joka,Thakurpukur 3A (Joka),22.46254,88.31553,kolbusopedia;wbtc_routes;nominatim,coord: stop_variant; stop_variant stop/bus_thakurpukur_3a (fits 2/2 routes),stop_variant,medium
bus_thakurpukur_bazar,Thakurpukur Bazar,22.46323,88.30675,kolbusopedia;wbtc_routes;osm,coord: osm_landmark; osm_landmark node/12946143564 (fits 18/18 routes),osm_landmark,high
bus_thakurpukur_bazar_thakurpukur_3a,Thakurpukur Bazar Thakurpukur 3A,,,kolbusopedia;wbtc_routes,no coordinate found,,
bus_thakurpukur_cancer_hospital,Thakurpukur cancer hospital,22.45902,88.31950,kolbusopedia;wbtc_routes;osm,coord: osm_landmark; osm_landmark node/6420585685 (fits 1/1 routes),osm_landmark,medium
bus_thaliya,Thaliya,,,kolbusopedia,no coordinate found,,
bus_thanapara,Thanapara,,,kolbusopedia,no coordinate found,,
bus_the_westin,The Westin,22.59596,88.47348,kolbusopedia;osm,coord: osm_any; osm_any node/10960407362 (fits 1/1 routes),osm_any,medium
bus_tikiapara,Tikiapara,22.59858,88.32403,kolbusopedia;wbtc_routes;osm,coord: osm_place; osm_place node/3860624901 (fits 22/24 routes),osm_place,high
bus_titagarh,Titagarh,22.74152,88.37689,kolbusopedia;wbtc_routes;osm,"coord: osm_place; osm_place node/310988176 (fits 8/8 routes); unique OSM town name: distance limits waived, detour and fold-back tests kept",osm_place,high
bus_titagarh_bajar,Titagarh Bajar,,,kolbusopedia;wbtc_routes,no coordinate found,,
bus_titagarh_p_s,Titagarh P.S,22.74152,88.37689,kolbusopedia;wbtc_routes;osm,coord: osm_place; osm_place node/310988176 (fits 5/6 routes),osm_place,high
bus_tobin_road,Tobin Road,22.63834,88.37591,kolbusopedia;wbtc_routes;nominatim,"coord: nominatim; nominatim way/215442288 (fits 42/43 routes); also spelled: Tobin Rd, Tobin road",nominatim,high
bus_toll_plaza,Toll Plaza,,,kolbusopedia;wbtc_routes,no coordinate found,,
bus_toll_tax,Toll Tax,,,kolbusopedia;wbtc_routes,no coordinate found; also spelled: Toll tax,,
bus_tollygunge,Tollygunge,22.50775,88.34772,kolbusopedia;wbtc_routes;osm,coord: osm_place; osm_place node/6955697644 (fits 38/38 routes),osm_place,high
bus_tollygunge_metro,Tollygunge Metro,22.49469,88.34548,kolbusopedia;wbtc_routes;osm,"coord: osm_stop; osm_stop node/2211350535 (fits 17/19 routes); also spelled: Tolligunge Metro, Tollygunj Metro",osm_stop,high
bus_tollygunge_metro_stn,Tollygunge Metro Stn,,,wbtc_routes,no coordinate found,,
bus_tollygunge_phari,Tollygunge Phari,,,kolbusopedia;wbtc_routes,"no coordinate found; also spelled: Tollygunj Phari, Tollygunj phari",,
bus_tollygunj_karunamoyee,Tollygunj Karunamoyee,,,kolbusopedia;wbtc_routes,no coordinate found; also spelled: Tollygunge Karunamoyee,,
bus_tollygunj_tram_depot,Tollygunj Tram Depot,22.49398,88.34617,kolbusopedia;wbtc_routes;osm,coord: osm_stop; osm_stop node/12293455201 (fits 5/5 routes); also spelled: Tollygunge Tram Depot,osm_stop,high
bus_tona,Tona,22.70006,88.60558,kolbusopedia;wikidata,"coord: wikidata; osm_place node/10669490833 (fits 1/1 routes); osm_place coordinate 22.61207,88.56413 rejected: off-route on 1/1 routes; wikidata wikidata/Q60615893 (fits 1/1 routes)",wikidata,medium
bus_topsia,Topsia,22.54180,88.38696,kolbusopedia;wbtc_routes;osm,coord: osm_stop; osm_stop node/9910998317 (fits 33/34 routes),osm_stop,high
bus_topsia_more,Topsia More,22.54180,88.38696,kolbusopedia;wbtc_routes;osm,coord: osm_stop; osm_stop node/9910998317 (fits 17/17 routes),osm_stop,high
bus_topsia_road_xing,Topsia Road Xing,22.53642,88.38230,wbtc_routes;nominatim,coord: nominatim; nominatim way/198339483 (fits 2/2 routes); also spelled: Topsia Rd. Xing,nominatim,high
bus_trimohani,Trimohani,,,kolbusopedia,no coordinate found,,
bus_trimohini,Trimohini,,,kolbusopedia,no coordinate found,,
bus_tulshiberia,Tulshiberia,22.51806,88.02054,kolbusopedia;wikidata,coord: wikidata; wikidata wikidata/Q60478498 (fits 1/1 routes),wikidata,medium
bus_tulsighata,Tulsighata,22.15663,88.45736,kolbusopedia;osm,coord: osm_place; osm_place node/10592188245 (fits 2/2 routes),osm_place,high
bus_u_e_m_campus,U.E.M. Campus,,,kolbusopedia,no coordinate found,,
bus_udainarayanpur,Udainarayanpur,,,kolbusopedia,"no coordinate found; osm_place node/7154870031 (only OSM feature with this name); osm_place coordinate 22.72131,87.98244 rejected: off-route on 1/2 routes; also spelled: Udaynarayanpur",,
bus_udanarayanpur,Udanarayanpur,22.71694,87.97500,kolbusopedia;wikidata,coord: wikidata; wikidata wikidata/Q7877033 (fits 1/1 routes),wikidata,medium
bus_udang_bazar,Udang Bazar,,,kolbusopedia,no coordinate found,,
bus_udaynaryanpur,Udaynaryanpur,22.72131,87.98244,kolbusopedia;osm,coord: osm_bn; osm_bn node/7154870031 (fits 1/1 routes),osm_bn,medium
bus_ukiler_hat,Ukiler Hat,21.82473,88.23020,kolbusopedia;osm,coord: osm_place; osm_place node/7940596100 (fits 1/1 routes); also spelled: Ukilerhat,osm_place,high
bus_ultadanga,Ultadanga,22.59613,88.38528,kolbusopedia;wbtc_routes;osm,coord: osm_place; osm_place node/1310971686 (fits 105/106 routes),osm_place,high
bus_ultadanga_15_no_bus_stand,Ultadanga 15 No. Bus Stand,,,wbtc_routes,no coordinate found; also spelled: Ultadanga 15 No.Bus Stand,,
bus_ultadanga_hudco,Ultadanga HUDCO,22.59002,88.39330,kolbusopedia;wbtc_routes;osm,coord: osm_stop; osm_stop node/9567534817 via alias 'Hudco' (fits 21/21 routes),osm_stop,high
bus_ultadanga_salt_lake_ultadanga,Ultadanga - Salt Lake-Ultadanga,22.58787,88.39769,wbtc_routes;nominatim,coord: nominatim; nominatim way/153686901 (fits 2/2 routes),nominatim,high
bus_ultadanga_station,Ultadanga station,22.59613,88.38528,kolbusopedia;osm,coord: osm_place; osm_place node/1310971686 (fits 3/3 routes); also spelled: Ultadanga Station,osm_place,high
bus_ultodanga,Ultodanga,22.59613,88.38528,kolbusopedia;osm,coord: osm_bn; osm_bn node/1310971686 (fits 5/5 routes),osm_bn,medium
bus_uluberia,Uluberia,22.47113,88.09748,kolbusopedia;osm,"coord: osm_place; osm_place node/665114593 (fits 5/5 routes); unique OSM town name: distance limits waived, detour and fold-back tests kept",osm_place,high
bus_uluberia_checkpost,Uluberia Checkpost,,,kolbusopedia,no coordinate found,,
bus_uluberia_station,Uluberia Station,22.47807,88.08016,kolbusopedia;osm,"coord: osm_any; osm_place node/665114593 (fits 2/3 routes); osm_place coordinate 22.47113,88.09748 rejected: off-route on 2/3 routes; osm_any way/148897776 (fits 2/3 routes)",osm_any,high
bus_unitech,Unitech,22.57505,88.48306,kolbusopedia;wbtc_routes;nominatim,coord: nominatim; nominatim way/511546890 (fits 10/10 routes); also spelled: UNITECH,nominatim,high
bus_unitech_ecospace,Unitech/ Ecospace,,,kolbusopedia,no coordinate found,,
bus_unitech_gate_1,Unitech Gate 1,22.57445,88.47996,kolbusopedia;wbtc_routes;osm,coord: osm_stop; osm_stop node/5044212192 (fits 11/12 routes),osm_stop,high
bus_unitech_gate_2,Unitech Gate 2,22.57505,88.48306,kolbusopedia;wbtc_routes;nominatim,coord: nominatim; nominatim way/511546890 (fits 24/25 routes),nominatim,high
bus_unitech_gate_no_1,Unitech Gate No. 1,22.57505,88.48306,kolbusopedia;nominatim,coord: nominatim; nominatim way/511546890 (fits 1/1 routes),nominatim,medium
bus_unnayan_bhawan,Unnayan Bhawan,22.58890,88.42090,wbtc_routes;osm,coord: osm_any; osm_any way/165384181 (fits 2/2 routes),osm_any,high
bus_unsani,Unsani,,,kolbusopedia,no coordinate found,,
bus_usthi,Usthi,,,kolbusopedia,"no coordinate found; osm_place node/7154423733 (fits 2/2 routes); osm_place coordinate 22.23226,88.27288 rejected: off-route on 1/2 routes; also spelled: Usti",,
bus_uttar_chandipur,Uttar Chandipur,22.14996,88.25464,kolbusopedia;osm,coord: osm_place; osm_place node/10808876685 (fits 5/5 routes),osm_place,high
bus_uttar_durgapur,Uttar Durgapur,22.18765,88.42948,kolbusopedia;osm,coord: osm_place; osm_place node/10582258394 (fits 1/1 routes),osm_place,medium
bus_uttar_panchannagram,Uttar Panchannagram,22.53067,88.39542,kolbusopedia;wbtc_routes;osm,coord: osm_route; OSM node/11971705717 on route relation,osm_route,high
bus_uttar_panchannangram,Uttar Panchannangram,22.53067,88.39542,kolbusopedia;osm,coord: stop_variant; stop_variant stop/bus_uttar_panchannagram (fits 1/1 routes),stop_variant,medium
bus_uttar_ramkrishnapur,Uttar Ramkrishnapur,22.14607,88.22606,kolbusopedia;osm,coord: osm_place; osm_place node/10809007935 (fits 1/1 routes),osm_place,medium
bus_uttar_sonakhali,Uttar Sonakhali,22.23927,88.69328,kolbusopedia;osm,coord: osm_place; osm_place node/10795579098 (fits 4/5 routes),osm_place,high
bus_uttarbhag,Uttarbhag,22.36369,88.52033,kolbusopedia;nominatim,coord: nominatim; nominatim way/481759765 (fits 1/1 routes),nominatim,medium
bus_uttarpara,Uttarpara,22.66705,88.34115,kolbusopedia;osm,coord: osm_place; osm_place node/310993110 (fits 1/1 routes),osm_place,medium
bus_v_i_p_bazer,V. I. P. Bazer,22.52474,88.39620,kolbusopedia;osm,coord: osm_bn; osm_bn node/13088485706 (fits 1/1 routes),osm_bn,medium
bus_vaishali,Vaishali,,,kolbusopedia,no coordinate found,,
bus_vandergacha,Vandergacha,,,kolbusopedia,"no coordinate found; also spelled: Bhandergacha, Vandergachha",,
bus_vedic_village,Vedic Village,22.60519,88.52875,kolbusopedia;osm,coord: osm_any; osm_any node/10652497027 (only OSM feature with this name); also spelled: Vedic village,osm_any,medium
bus_vedic_village_2,Vedic Village,22.60519,88.52875,kolbusopedia;osm,"coord: osm_any; split from bus_vedic_village: same name, but on 3 route(s) its neighbours place it 15 km or more from the osm_any point that fits 1 other routes; osm_any node/10652497027 (fits 2/3 routes)",osm_any,high
bus_vidhya_sagar_satu,Vidhya Sagar Satu,22.55694,88.32778,wbtc_routes;wikidata,coord: wikidata; wikidata wikidata/Q1145433 (fits 1/1 routes),wikidata,medium
bus_vidyasagar_island,Vidyasagar Island,,,wbtc_routes,no coordinate found,,
bus_vidyasagar_setu,Vidyasagar Setu,22.55694,88.32778,kolbusopedia;wbtc_routes;wikidata,coord: wikidata; wikidata wikidata/Q1145433 (fits 15/15 routes); also spelled: Vidyasaagar Setu,wikidata,high
bus_vip_bazar,VIP Bazar,22.52609,88.39567,kolbusopedia;wbtc_routes;osm,"coord: osm_route; OSM node/423615236 on route relation; also spelled: V.I.P. Bazar, Vip Bazar",osm_route,high
bus_vip_road,VIP Road,22.63098,88.43441,kolbusopedia;osm,coord: osm_any; osm_any way/535333496 (fits 2/3 routes),osm_any,high
bus_vivekananda_bridge,Vivekananda Bridge,22.65297,88.35386,kolbusopedia;wbtc_routes;nominatim,coord: nominatim; nominatim way/1095307808 (fits 1/2 routes),nominatim,medium
bus_vivekananda_road,Vivekananda Road,22.58448,88.37710,kolbusopedia;wbtc_routes;osm,coord: osm_landmark; osm_landmark way/1124391494 (fits 36/38 routes); also spelled: Vivekananda Rd,osm_landmark,high
bus_w_b_state_university_barasat,W. B. State University (Barasat),,,wbtc_routes,no coordinate found,,
bus_water_gate,Water Gate,,,wbtc_routes,no coordinate found,,
bus_watgangemore,Watgangemore,22.54233,88.32186,wbtc_routes;osm,coord: osm_place; osm_place node/1559365154 (fits 1/1 routes),osm_place,medium
bus_webel,Webel,22.57197,88.43228,kolbusopedia;osm,coord: osm_stop; osm_stop node/2148899078 (fits 1/1 routes),osm_stop,medium
bus_welington_sq,Welington Sq,,,kolbusopedia;wbtc_routes,no coordinate found,,
bus_wellington,Wellington,22.56386,88.35969,kolbusopedia;wbtc_routes;osm,coord: osm_landmark; osm_landmark node/10082130647 via alias 'Subodh Mullick Square' (fits 71/71 routes),osm_landmark,high
bus_westin,Westin,22.59599,88.47347,kolbusopedia;wbtc_routes;nominatim,coord: nominatim; nominatim way/511546894 (fits 15/15 routes),nominatim,high
bus_wipro,Wipro,22.57900,88.42670,kolbusopedia;wbtc_routes;osm,"coord: osm_route; OSM node/2460737277 on route relation; also spelled: W.I.P.R.O, WIPRO",osm_route,high
bus_wipro_more,Wipro More,22.57895,88.42662,kolbusopedia;wbtc_routes;osm,coord: osm_stop; osm_stop node/2460737277 (fits 21/23 routes),osm_stop,high
bus_wireless_gate,Wireless Gate,,,kolbusopedia,no coordinate found,,
bus_wireless_more,Wireless More,,,kolbusopedia;wbtc_routes,no coordinate found,,
bus_yogendranath_high_school,Yogendranath High School,,,kolbusopedia,no coordinate found,,
bus_zeeshan_crossing,Zeeshan Crossing,22.54133,88.36590,kolbusopedia;nominatim,coord: nominatim; nominatim node/2561264392 (fits 1/1 routes),nominatim,medium
